severity,drawing_number,drawing_id,year,anomaly_type,scope,db_value,raw_best_value,root_cause_class,root_cause_reason,evidence_sources
ERROR,,,,visible_number_gap,baltbet-main,missing number 3843,,C,no SQLite drawing row; no network verification in this audit,
ERROR,,,,visible_number_gap,baltbet-main,missing number 3844,,C,no SQLite drawing row; no network verification in this audit,
ERROR,2759,202,2020,finished_results_incomplete,events.result,"resolved=0,void=0,missing=15,invalid=0",,C,no local RAW/API snapshot is available,
WARN,2759,202,2020,raw_snapshot_absent,raw_provenance,SQLite rows exist,0,C,no local saved TotoBrief detail snapshot was found,
WARN,2759,202,2020,immutable_result_snapshot_absent,drawing_result_snapshots,0,,C,no immutable result snapshot and no local RAW result evidence,
ERROR,2760,203,2020,finished_results_incomplete,events.result,"resolved=0,void=0,missing=15,invalid=0",,C,no local RAW/API snapshot is available,
WARN,2760,203,2020,raw_snapshot_absent,raw_provenance,SQLite rows exist,0,C,no local saved TotoBrief detail snapshot was found,
WARN,2760,203,2020,immutable_result_snapshot_absent,drawing_result_snapshots,0,,C,no immutable result snapshot and no local RAW result evidence,
ERROR,2761,204,2020,finished_results_incomplete,events.result,"resolved=0,void=0,missing=15,invalid=0",,C,no local RAW/API snapshot is available,
WARN,2761,204,2020,raw_snapshot_absent,raw_provenance,SQLite rows exist,0,C,no local saved TotoBrief detail snapshot was found,
WARN,2761,204,2020,immutable_result_snapshot_absent,drawing_result_snapshots,0,,C,no immutable result snapshot and no local RAW result evidence,
ERROR,2762,205,2020,finished_results_incomplete,events.result,"resolved=0,void=0,missing=15,invalid=0",,C,no local RAW/API snapshot is available,
WARN,2762,205,2020,raw_snapshot_absent,raw_provenance,SQLite rows exist,0,C,no local saved TotoBrief detail snapshot was found,
WARN,2762,205,2020,immutable_result_snapshot_absent,drawing_result_snapshots,0,,C,no immutable result snapshot and no local RAW result evidence,
ERROR,2763,206,2020,finished_results_incomplete,events.result,"resolved=0,void=0,missing=15,invalid=0",,C,no local RAW/API snapshot is available,
WARN,2763,206,2020,raw_snapshot_absent,raw_provenance,SQLite rows exist,0,C,no local saved TotoBrief detail snapshot was found,
WARN,2763,206,2020,immutable_result_snapshot_absent,drawing_result_snapshots,0,,C,no immutable result snapshot and no local RAW result evidence,
WARN,2764,207,2020,raw_snapshot_absent,raw_provenance,SQLite rows exist,0,C,no local saved TotoBrief detail snapshot was found,
WARN,2764,207,2020,immutable_result_snapshot_absent,drawing_result_snapshots,0,,C,no immutable result snapshot and no local RAW result evidence,
WARN,2765,208,2020,raw_snapshot_absent,raw_provenance,SQLite rows exist,0,C,no local saved TotoBrief detail snapshot was found,
WARN,2765,208,2020,immutable_result_snapshot_absent,drawing_result_snapshots,0,,C,no immutable result snapshot and no local RAW result evidence,
WARN,2766,209,2020,raw_snapshot_absent,raw_provenance,SQLite rows exist,0,C,no local saved TotoBrief detail snapshot was found,
WARN,2766,209,2020,immutable_result_snapshot_absent,drawing_result_snapshots,0,,C,no immutable result snapshot and no local RAW result evidence,
WARN,2767,210,2020,raw_snapshot_absent,raw_provenance,SQLite rows exist,0,C,no local saved TotoBrief detail snapshot was found,
WARN,2767,210,2020,immutable_result_snapshot_absent,drawing_result_snapshots,0,,C,no immutable result snapshot and no local RAW result evidence,
WARN,2768,211,2020,raw_snapshot_absent,raw_provenance,SQLite rows exist,0,C,no local saved TotoBrief detail snapshot was found,
WARN,2768,211,2020,immutable_result_snapshot_absent,drawing_result_snapshots,0,,C,no immutable result snapshot and no local RAW result evidence,
ERROR,2769,212,2020,finished_results_incomplete,events.result,"resolved=14,void=0,missing=1,invalid=0",,C,no local RAW/API snapshot is available,
WARN,2769,212,2020,raw_snapshot_absent,raw_provenance,SQLite rows exist,0,C,no local saved TotoBrief detail snapshot was found,
WARN,2769,212,2020,immutable_result_snapshot_absent,drawing_result_snapshots,0,,C,no immutable result snapshot and no local RAW result evidence,
WARN,2770,213,2020,raw_snapshot_absent,raw_provenance,SQLite rows exist,0,C,no local saved TotoBrief detail snapshot was found,
WARN,2770,213,2020,immutable_result_snapshot_absent,drawing_result_snapshots,0,,C,no immutable result snapshot and no local RAW result evidence,
WARN,2771,214,2020,raw_snapshot_absent,raw_provenance,SQLite rows exist,0,C,no local saved TotoBrief detail snapshot was found,
WARN,2771,214,2020,immutable_result_snapshot_absent,drawing_result_snapshots,0,,C,no immutable result snapshot and no local RAW result evidence,
WARN,2772,215,2020,raw_snapshot_absent,raw_provenance,SQLite rows exist,0,C,no local saved TotoBrief detail snapshot was found,
WARN,2772,215,2020,immutable_result_snapshot_absent,drawing_result_snapshots,0,,C,no immutable result snapshot and no local RAW result evidence,
ERROR,2773,216,2020,finished_results_incomplete,events.result,"resolved=14,void=0,missing=1,invalid=0",,C,no local RAW/API snapshot is available,
WARN,2773,216,2020,raw_snapshot_absent,raw_provenance,SQLite rows exist,0,C,no local saved TotoBrief detail snapshot was found,
WARN,2773,216,2020,immutable_result_snapshot_absent,drawing_result_snapshots,0,,C,no immutable result snapshot and no local RAW result evidence,
WARN,2774,217,2020,raw_snapshot_absent,raw_provenance,SQLite rows exist,0,C,no local saved TotoBrief detail snapshot was found,
WARN,2774,217,2020,immutable_result_snapshot_absent,drawing_result_snapshots,0,,C,no immutable result snapshot and no local RAW result evidence,
WARN,2775,218,2020,raw_snapshot_absent,raw_provenance,SQLite rows exist,0,C,no local saved TotoBrief detail snapshot was found,
WARN,2775,218,2020,immutable_result_snapshot_absent,drawing_result_snapshots,0,,C,no immutable result snapshot and no local RAW result evidence,
WARN,2776,219,2020,raw_snapshot_absent,raw_provenance,SQLite rows exist,0,C,no local saved TotoBrief detail snapshot was found,
WARN,2776,219,2020,immutable_result_snapshot_absent,drawing_result_snapshots,0,,C,no immutable result snapshot and no local RAW result evidence,
ERROR,2777,220,2020,finished_results_incomplete,events.result,"resolved=14,void=0,missing=1,invalid=0",,C,no local RAW/API snapshot is available,
WARN,2777,220,2020,raw_snapshot_absent,raw_provenance,SQLite rows exist,0,C,no local saved TotoBrief detail snapshot was found,
WARN,2777,220,2020,immutable_result_snapshot_absent,drawing_result_snapshots,0,,C,no immutable result snapshot and no local RAW result evidence,
WARN,2778,221,2020,raw_snapshot_absent,raw_provenance,SQLite rows exist,0,C,no local saved TotoBrief detail snapshot was found,
WARN,2778,221,2020,immutable_result_snapshot_absent,drawing_result_snapshots,0,,C,no immutable result snapshot and no local RAW result evidence,
WARN,2779,222,2020,raw_snapshot_absent,raw_provenance,SQLite rows exist,0,C,no local saved TotoBrief detail snapshot was found,
WARN,2779,222,2020,immutable_result_snapshot_absent,drawing_result_snapshots,0,,C,no immutable result snapshot and no local RAW result evidence,
WARN,2780,223,2020,raw_snapshot_absent,raw_provenance,SQLite rows exist,0,C,no local saved TotoBrief detail snapshot was found,
WARN,2780,223,2020,immutable_result_snapshot_absent,drawing_result_snapshots,0,,C,no immutable result snapshot and no local RAW result evidence,
WARN,2781,224,2020,raw_snapshot_absent,raw_provenance,SQLite rows exist,0,C,no local saved TotoBrief detail snapshot was found,
WARN,2781,224,2020,immutable_result_snapshot_absent,drawing_result_snapshots,0,,C,no immutable result snapshot and no local RAW result evidence,
WARN,2782,225,2020,raw_snapshot_absent,raw_provenance,SQLite rows exist,0,C,no local saved TotoBrief detail snapshot was found,
WARN,2782,225,2020,immutable_result_snapshot_absent,drawing_result_snapshots,0,,C,no immutable result snapshot and no local RAW result evidence,
WARN,2783,226,2020,raw_snapshot_absent,raw_provenance,SQLite rows exist,0,C,no local saved TotoBrief detail snapshot was found,
WARN,2783,226,2020,immutable_result_snapshot_absent,drawing_result_snapshots,0,,C,no immutable result snapshot and no local RAW result evidence,
WARN,2784,227,2020,raw_snapshot_absent,raw_provenance,SQLite rows exist,0,C,no local saved TotoBrief detail snapshot was found,
WARN,2784,227,2020,immutable_result_snapshot_absent,drawing_result_snapshots,0,,C,no immutable result snapshot and no local RAW result evidence,
WARN,2785,228,2020,raw_snapshot_absent,raw_provenance,SQLite rows exist,0,C,no local saved TotoBrief detail snapshot was found,
WARN,2785,228,2020,immutable_result_snapshot_absent,drawing_result_snapshots,0,,C,no immutable result snapshot and no local RAW result evidence,
WARN,2786,229,2020,raw_snapshot_absent,raw_provenance,SQLite rows exist,0,C,no local saved TotoBrief detail snapshot was found,
WARN,2786,229,2020,immutable_result_snapshot_absent,drawing_result_snapshots,0,,C,no immutable result snapshot and no local RAW result evidence,
WARN,2787,230,2020,raw_snapshot_absent,raw_provenance,SQLite rows exist,0,C,no local saved TotoBrief detail snapshot was found,
WARN,2787,230,2020,immutable_result_snapshot_absent,drawing_result_snapshots,0,,C,no immutable result snapshot and no local RAW result evidence,
WARN,2788,231,2020,raw_snapshot_absent,raw_provenance,SQLite rows exist,0,C,no local saved TotoBrief detail snapshot was found,
WARN,2788,231,2020,immutable_result_snapshot_absent,drawing_result_snapshots,0,,C,no immutable result snapshot and no local RAW result evidence,
WARN,2789,232,2020,raw_snapshot_absent,raw_provenance,SQLite rows exist,0,C,no local saved TotoBrief detail snapshot was found,
WARN,2789,232,2020,immutable_result_snapshot_absent,drawing_result_snapshots,0,,C,no immutable result snapshot and no local RAW result evidence,
ERROR,2790,233,2020,finished_results_incomplete,events.result,"resolved=14,void=0,missing=1,invalid=0",,C,no local RAW/API snapshot is available,
WARN,2790,233,2020,raw_snapshot_absent,raw_provenance,SQLite rows exist,0,C,no local saved TotoBrief detail snapshot was found,
WARN,2790,233,2020,immutable_result_snapshot_absent,drawing_result_snapshots,0,,C,no immutable result snapshot and no local RAW result evidence,
WARN,2791,234,2020,raw_snapshot_absent,raw_provenance,SQLite rows exist,0,C,no local saved TotoBrief detail snapshot was found,
WARN,2791,234,2020,immutable_result_snapshot_absent,drawing_result_snapshots,0,,C,no immutable result snapshot and no local RAW result evidence,
WARN,2792,235,2020,raw_snapshot_absent,raw_provenance,SQLite rows exist,0,C,no local saved TotoBrief detail snapshot was found,
WARN,2792,235,2020,immutable_result_snapshot_absent,drawing_result_snapshots,0,,C,no immutable result snapshot and no local RAW result evidence,
WARN,2793,236,2020,raw_snapshot_absent,raw_provenance,SQLite rows exist,0,C,no local saved TotoBrief detail snapshot was found,
WARN,2793,236,2020,immutable_result_snapshot_absent,drawing_result_snapshots,0,,C,no immutable result snapshot and no local RAW result evidence,
WARN,2794,237,2020,raw_snapshot_absent,raw_provenance,SQLite rows exist,0,C,no local saved TotoBrief detail snapshot was found,
WARN,2794,237,2020,immutable_result_snapshot_absent,drawing_result_snapshots,0,,C,no immutable result snapshot and no local RAW result evidence,
WARN,2795,238,2020,raw_snapshot_absent,raw_provenance,SQLite rows exist,0,C,no local saved TotoBrief detail snapshot was found,
WARN,2795,238,2020,immutable_result_snapshot_absent,drawing_result_snapshots,0,,C,no immutable result snapshot and no local RAW result evidence,
WARN,2796,239,2020,raw_snapshot_absent,raw_provenance,SQLite rows exist,0,C,no local saved TotoBrief detail snapshot was found,
WARN,2796,239,2020,immutable_result_snapshot_absent,drawing_result_snapshots,0,,C,no immutable result snapshot and no local RAW result evidence,
WARN,2797,240,2020,raw_snapshot_absent,raw_provenance,SQLite rows exist,0,C,no local saved TotoBrief detail snapshot was found,
WARN,2797,240,2020,immutable_result_snapshot_absent,drawing_result_snapshots,0,,C,no immutable result snapshot and no local RAW result evidence,
WARN,2798,241,2020,raw_snapshot_absent,raw_provenance,SQLite rows exist,0,C,no local saved TotoBrief detail snapshot was found,
WARN,2798,241,2020,immutable_result_snapshot_absent,drawing_result_snapshots,0,,C,no immutable result snapshot and no local RAW result evidence,
WARN,2799,242,2020,raw_snapshot_absent,raw_provenance,SQLite rows exist,0,C,no local saved TotoBrief detail snapshot was found,
WARN,2799,242,2020,immutable_result_snapshot_absent,drawing_result_snapshots,0,,C,no immutable result snapshot and no local RAW result evidence,
WARN,2800,243,2020,raw_snapshot_absent,raw_provenance,SQLite rows exist,0,C,no local saved TotoBrief detail snapshot was found,
WARN,2800,243,2020,immutable_result_snapshot_absent,drawing_result_snapshots,0,,C,no immutable result snapshot and no local RAW result evidence,
ERROR,2801,244,2020,finished_results_incomplete,events.result,"resolved=14,void=0,missing=1,invalid=0",,C,no local RAW/API snapshot is available,
WARN,2801,244,2020,raw_snapshot_absent,raw_provenance,SQLite rows exist,0,C,no local saved TotoBrief detail snapshot was found,
WARN,2801,244,2020,immutable_result_snapshot_absent,drawing_result_snapshots,0,,C,no immutable result snapshot and no local RAW result evidence,
WARN,2802,245,2020,raw_snapshot_absent,raw_provenance,SQLite rows exist,0,C,no local saved TotoBrief detail snapshot was found,
WARN,2802,245,2020,immutable_result_snapshot_absent,drawing_result_snapshots,0,,C,no immutable result snapshot and no local RAW result evidence,
ERROR,2803,246,2020,finished_results_incomplete,events.result,"resolved=14,void=0,missing=1,invalid=0",,C,no local RAW/API snapshot is available,
WARN,2803,246,2020,raw_snapshot_absent,raw_provenance,SQLite rows exist,0,C,no local saved TotoBrief detail snapshot was found,
WARN,2803,246,2020,immutable_result_snapshot_absent,drawing_result_snapshots,0,,C,no immutable result snapshot and no local RAW result evidence,
WARN,2804,247,2020,raw_snapshot_absent,raw_provenance,SQLite rows exist,0,C,no local saved TotoBrief detail snapshot was found,
WARN,2804,247,2020,immutable_result_snapshot_absent,drawing_result_snapshots,0,,C,no immutable result snapshot and no local RAW result evidence,
WARN,2805,248,2020,raw_snapshot_absent,raw_provenance,SQLite rows exist,0,C,no local saved TotoBrief detail snapshot was found,
WARN,2805,248,2020,immutable_result_snapshot_absent,drawing_result_snapshots,0,,C,no immutable result snapshot and no local RAW result evidence,
WARN,2806,249,2020,raw_snapshot_absent,raw_provenance,SQLite rows exist,0,C,no local saved TotoBrief detail snapshot was found,
WARN,2806,249,2020,immutable_result_snapshot_absent,drawing_result_snapshots,0,,C,no immutable result snapshot and no local RAW result evidence,
ERROR,2807,250,2020,finished_results_incomplete,events.result,"resolved=14,void=0,missing=1,invalid=0",,C,no local RAW/API snapshot is available,
WARN,2807,250,2020,raw_snapshot_absent,raw_provenance,SQLite rows exist,0,C,no local saved TotoBrief detail snapshot was found,
WARN,2807,250,2020,immutable_result_snapshot_absent,drawing_result_snapshots,0,,C,no immutable result snapshot and no local RAW result evidence,
ERROR,2808,251,2020,finished_results_incomplete,events.result,"resolved=13,void=0,missing=2,invalid=0",,C,no local RAW/API snapshot is available,
WARN,2808,251,2020,raw_snapshot_absent,raw_provenance,SQLite rows exist,0,C,no local saved TotoBrief detail snapshot was found,
WARN,2808,251,2020,immutable_result_snapshot_absent,drawing_result_snapshots,0,,C,no immutable result snapshot and no local RAW result evidence,
ERROR,2809,252,2020,finished_results_incomplete,events.result,"resolved=14,void=0,missing=1,invalid=0",,C,no local RAW/API snapshot is available,
WARN,2809,252,2020,raw_snapshot_absent,raw_provenance,SQLite rows exist,0,C,no local saved TotoBrief detail snapshot was found,
WARN,2809,252,2020,immutable_result_snapshot_absent,drawing_result_snapshots,0,,C,no immutable result snapshot and no local RAW result evidence,
WARN,2810,253,2020,raw_snapshot_absent,raw_provenance,SQLite rows exist,0,C,no local saved TotoBrief detail snapshot was found,
WARN,2810,253,2020,immutable_result_snapshot_absent,drawing_result_snapshots,0,,C,no immutable result snapshot and no local RAW result evidence,
WARN,2811,254,2020,raw_snapshot_absent,raw_provenance,SQLite rows exist,0,C,no local saved TotoBrief detail snapshot was found,
WARN,2811,254,2020,immutable_result_snapshot_absent,drawing_result_snapshots,0,,C,no immutable result snapshot and no local RAW result evidence,
WARN,2812,255,2020,raw_snapshot_absent,raw_provenance,SQLite rows exist,0,C,no local saved TotoBrief detail snapshot was found,
WARN,2812,255,2020,immutable_result_snapshot_absent,drawing_result_snapshots,0,,C,no immutable result snapshot and no local RAW result evidence,
WARN,2813,256,2020,raw_snapshot_absent,raw_provenance,SQLite rows exist,0,C,no local saved TotoBrief detail snapshot was found,
WARN,2813,256,2020,immutable_result_snapshot_absent,drawing_result_snapshots,0,,C,no immutable result snapshot and no local RAW result evidence,
ERROR,2814,257,2020,finished_results_incomplete,events.result,"resolved=14,void=0,missing=1,invalid=0",,C,no local RAW/API snapshot is available,
WARN,2814,257,2020,raw_snapshot_absent,raw_provenance,SQLite rows exist,0,C,no local saved TotoBrief detail snapshot was found,
WARN,2814,257,2020,immutable_result_snapshot_absent,drawing_result_snapshots,0,,C,no immutable result snapshot and no local RAW result evidence,
WARN,2815,258,2020,raw_snapshot_absent,raw_provenance,SQLite rows exist,0,C,no local saved TotoBrief detail snapshot was found,
WARN,2815,258,2020,immutable_result_snapshot_absent,drawing_result_snapshots,0,,C,no immutable result snapshot and no local RAW result evidence,
ERROR,2816,259,2020,finished_results_incomplete,events.result,"resolved=12,void=0,missing=3,invalid=0",,C,no local RAW/API snapshot is available,
WARN,2816,259,2020,raw_snapshot_absent,raw_provenance,SQLite rows exist,0,C,no local saved TotoBrief detail snapshot was found,
WARN,2816,259,2020,immutable_result_snapshot_absent,drawing_result_snapshots,0,,C,no immutable result snapshot and no local RAW result evidence,
ERROR,2817,260,2020,finished_results_incomplete,events.result,"resolved=14,void=0,missing=1,invalid=0",,C,no local RAW/API snapshot is available,
WARN,2817,260,2020,raw_snapshot_absent,raw_provenance,SQLite rows exist,0,C,no local saved TotoBrief detail snapshot was found,
WARN,2817,260,2020,immutable_result_snapshot_absent,drawing_result_snapshots,0,,C,no immutable result snapshot and no local RAW result evidence,
WARN,2818,261,2020,raw_snapshot_absent,raw_provenance,SQLite rows exist,0,C,no local saved TotoBrief detail snapshot was found,
WARN,2818,261,2020,immutable_result_snapshot_absent,drawing_result_snapshots,0,,C,no immutable result snapshot and no local RAW result evidence,
WARN,2819,262,2020,raw_snapshot_absent,raw_provenance,SQLite rows exist,0,C,no local saved TotoBrief detail snapshot was found,
WARN,2819,262,2020,immutable_result_snapshot_absent,drawing_result_snapshots,0,,C,no immutable result snapshot and no local RAW result evidence,
ERROR,2820,263,2020,finished_results_incomplete,events.result,"resolved=14,void=0,missing=1,invalid=0",,C,no local RAW/API snapshot is available,
WARN,2820,263,2020,raw_snapshot_absent,raw_provenance,SQLite rows exist,0,C,no local saved TotoBrief detail snapshot was found,
WARN,2820,263,2020,immutable_result_snapshot_absent,drawing_result_snapshots,0,,C,no immutable result snapshot and no local RAW result evidence,
WARN,2821,264,2020,raw_snapshot_absent,raw_provenance,SQLite rows exist,0,C,no local saved TotoBrief detail snapshot was found,
WARN,2821,264,2020,immutable_result_snapshot_absent,drawing_result_snapshots,0,,C,no immutable result snapshot and no local RAW result evidence,
WARN,2822,265,2020,raw_snapshot_absent,raw_provenance,SQLite rows exist,0,C,no local saved TotoBrief detail snapshot was found,
WARN,2822,265,2020,immutable_result_snapshot_absent,drawing_result_snapshots,0,,C,no immutable result snapshot and no local RAW result evidence,
WARN,2823,266,2020,raw_snapshot_absent,raw_provenance,SQLite rows exist,0,C,no local saved TotoBrief detail snapshot was found,
WARN,2823,266,2020,immutable_result_snapshot_absent,drawing_result_snapshots,0,,C,no immutable result snapshot and no local RAW result evidence,
WARN,2824,267,2020,raw_snapshot_absent,raw_provenance,SQLite rows exist,0,C,no local saved TotoBrief detail snapshot was found,
WARN,2824,267,2020,immutable_result_snapshot_absent,drawing_result_snapshots,0,,C,no immutable result snapshot and no local RAW result evidence,
WARN,2825,268,2020,raw_snapshot_absent,raw_provenance,SQLite rows exist,0,C,no local saved TotoBrief detail snapshot was found,
WARN,2825,268,2020,immutable_result_snapshot_absent,drawing_result_snapshots,0,,C,no immutable result snapshot and no local RAW result evidence,
WARN,2826,269,2020,raw_snapshot_absent,raw_provenance,SQLite rows exist,0,C,no local saved TotoBrief detail snapshot was found,
WARN,2826,269,2020,immutable_result_snapshot_absent,drawing_result_snapshots,0,,C,no immutable result snapshot and no local RAW result evidence,
WARN,2827,270,2020,raw_snapshot_absent,raw_provenance,SQLite rows exist,0,C,no local saved TotoBrief detail snapshot was found,
WARN,2827,270,2020,immutable_result_snapshot_absent,drawing_result_snapshots,0,,C,no immutable result snapshot and no local RAW result evidence,
ERROR,2828,271,2020,finished_results_incomplete,events.result,"resolved=14,void=0,missing=1,invalid=0",,C,no local RAW/API snapshot is available,
WARN,2828,271,2020,raw_snapshot_absent,raw_provenance,SQLite rows exist,0,C,no local saved TotoBrief detail snapshot was found,
WARN,2828,271,2020,immutable_result_snapshot_absent,drawing_result_snapshots,0,,C,no immutable result snapshot and no local RAW result evidence,
ERROR,2829,272,2020,finished_results_incomplete,events.result,"resolved=14,void=0,missing=1,invalid=0",,C,no local RAW/API snapshot is available,
WARN,2829,272,2020,raw_snapshot_absent,raw_provenance,SQLite rows exist,0,C,no local saved TotoBrief detail snapshot was found,
WARN,2829,272,2020,immutable_result_snapshot_absent,drawing_result_snapshots,0,,C,no immutable result snapshot and no local RAW result evidence,
WARN,2830,273,2020,raw_snapshot_absent,raw_provenance,SQLite rows exist,0,C,no local saved TotoBrief detail snapshot was found,
WARN,2830,273,2020,immutable_result_snapshot_absent,drawing_result_snapshots,0,,C,no immutable result snapshot and no local RAW result evidence,
WARN,2831,274,2020,raw_snapshot_absent,raw_provenance,SQLite rows exist,0,C,no local saved TotoBrief detail snapshot was found,
WARN,2831,274,2020,immutable_result_snapshot_absent,drawing_result_snapshots,0,,C,no immutable result snapshot and no local RAW result evidence,
WARN,2832,275,2020,raw_snapshot_absent,raw_provenance,SQLite rows exist,0,C,no local saved TotoBrief detail snapshot was found,
WARN,2832,275,2020,immutable_result_snapshot_absent,drawing_result_snapshots,0,,C,no immutable result snapshot and no local RAW result evidence,
WARN,2833,276,2020,raw_snapshot_absent,raw_provenance,SQLite rows exist,0,C,no local saved TotoBrief detail snapshot was found,
WARN,2833,276,2020,immutable_result_snapshot_absent,drawing_result_snapshots,0,,C,no immutable result snapshot and no local RAW result evidence,
ERROR,2834,277,2020,finished_results_incomplete,events.result,"resolved=14,void=0,missing=1,invalid=0",,C,no local RAW/API snapshot is available,
WARN,2834,277,2020,raw_snapshot_absent,raw_provenance,SQLite rows exist,0,C,no local saved TotoBrief detail snapshot was found,
WARN,2834,277,2020,immutable_result_snapshot_absent,drawing_result_snapshots,0,,C,no immutable result snapshot and no local RAW result evidence,
WARN,2835,278,2020,raw_snapshot_absent,raw_provenance,SQLite rows exist,0,C,no local saved TotoBrief detail snapshot was found,
WARN,2835,278,2020,immutable_result_snapshot_absent,drawing_result_snapshots,0,,C,no immutable result snapshot and no local RAW result evidence,
WARN,2836,279,2020,raw_snapshot_absent,raw_provenance,SQLite rows exist,0,C,no local saved TotoBrief detail snapshot was found,
WARN,2836,279,2020,immutable_result_snapshot_absent,drawing_result_snapshots,0,,C,no immutable result snapshot and no local RAW result evidence,
WARN,2837,280,2020,raw_snapshot_absent,raw_provenance,SQLite rows exist,0,C,no local saved TotoBrief detail snapshot was found,
WARN,2837,280,2020,immutable_result_snapshot_absent,drawing_result_snapshots,0,,C,no immutable result snapshot and no local RAW result evidence,
WARN,2838,281,2020,raw_snapshot_absent,raw_provenance,SQLite rows exist,0,C,no local saved TotoBrief detail snapshot was found,
WARN,2838,281,2020,immutable_result_snapshot_absent,drawing_result_snapshots,0,,C,no immutable result snapshot and no local RAW result evidence,
WARN,2839,282,2020,raw_snapshot_absent,raw_provenance,SQLite rows exist,0,C,no local saved TotoBrief detail snapshot was found,
WARN,2839,282,2020,immutable_result_snapshot_absent,drawing_result_snapshots,0,,C,no immutable result snapshot and no local RAW result evidence,
WARN,2840,283,2020,raw_snapshot_absent,raw_provenance,SQLite rows exist,0,C,no local saved TotoBrief detail snapshot was found,
WARN,2840,283,2020,immutable_result_snapshot_absent,drawing_result_snapshots,0,,C,no immutable result snapshot and no local RAW result evidence,
WARN,2841,284,2020,raw_snapshot_absent,raw_provenance,SQLite rows exist,0,C,no local saved TotoBrief detail snapshot was found,
WARN,2841,284,2020,immutable_result_snapshot_absent,drawing_result_snapshots,0,,C,no immutable result snapshot and no local RAW result evidence,
WARN,2842,285,2020,raw_snapshot_absent,raw_provenance,SQLite rows exist,0,C,no local saved TotoBrief detail snapshot was found,
WARN,2842,285,2020,immutable_result_snapshot_absent,drawing_result_snapshots,0,,C,no immutable result snapshot and no local RAW result evidence,
WARN,2843,286,2020,raw_snapshot_absent,raw_provenance,SQLite rows exist,0,C,no local saved TotoBrief detail snapshot was found,
WARN,2843,286,2020,immutable_result_snapshot_absent,drawing_result_snapshots,0,,C,no immutable result snapshot and no local RAW result evidence,
WARN,2844,287,2020,raw_snapshot_absent,raw_provenance,SQLite rows exist,0,C,no local saved TotoBrief detail snapshot was found,
WARN,2844,287,2020,immutable_result_snapshot_absent,drawing_result_snapshots,0,,C,no immutable result snapshot and no local RAW result evidence,
ERROR,2845,288,2020,finished_results_incomplete,events.result,"resolved=14,void=0,missing=1,invalid=0",,C,no local RAW/API snapshot is available,
WARN,2845,288,2020,raw_snapshot_absent,raw_provenance,SQLite rows exist,0,C,no local saved TotoBrief detail snapshot was found,
WARN,2845,288,2020,immutable_result_snapshot_absent,drawing_result_snapshots,0,,C,no immutable result snapshot and no local RAW result evidence,
WARN,2846,289,2020,raw_snapshot_absent,raw_provenance,SQLite rows exist,0,C,no local saved TotoBrief detail snapshot was found,
WARN,2846,289,2020,immutable_result_snapshot_absent,drawing_result_snapshots,0,,C,no immutable result snapshot and no local RAW result evidence,
ERROR,2847,290,2020,finished_results_incomplete,events.result,"resolved=14,void=0,missing=1,invalid=0",,C,no local RAW/API snapshot is available,
WARN,2847,290,2020,raw_snapshot_absent,raw_provenance,SQLite rows exist,0,C,no local saved TotoBrief detail snapshot was found,
WARN,2847,290,2020,immutable_result_snapshot_absent,drawing_result_snapshots,0,,C,no immutable result snapshot and no local RAW result evidence,
WARN,2848,291,2020,raw_snapshot_absent,raw_provenance,SQLite rows exist,0,C,no local saved TotoBrief detail snapshot was found,
WARN,2848,291,2020,immutable_result_snapshot_absent,drawing_result_snapshots,0,,C,no immutable result snapshot and no local RAW result evidence,
ERROR,2849,292,2020,finished_results_incomplete,events.result,"resolved=14,void=0,missing=1,invalid=0",,C,no local RAW/API snapshot is available,
WARN,2849,292,2020,raw_snapshot_absent,raw_provenance,SQLite rows exist,0,C,no local saved TotoBrief detail snapshot was found,
WARN,2849,292,2020,immutable_result_snapshot_absent,drawing_result_snapshots,0,,C,no immutable result snapshot and no local RAW result evidence,
ERROR,2850,293,2020,finished_results_incomplete,events.result,"resolved=14,void=0,missing=1,invalid=0",,C,no local RAW/API snapshot is available,
WARN,2850,293,2020,raw_snapshot_absent,raw_provenance,SQLite rows exist,0,C,no local saved TotoBrief detail snapshot was found,
WARN,2850,293,2020,immutable_result_snapshot_absent,drawing_result_snapshots,0,,C,no immutable result snapshot and no local RAW result evidence,
WARN,2851,294,2020,raw_snapshot_absent,raw_provenance,SQLite rows exist,0,C,no local saved TotoBrief detail snapshot was found,
WARN,2851,294,2020,immutable_result_snapshot_absent,drawing_result_snapshots,0,,C,no immutable result snapshot and no local RAW result evidence,
ERROR,2852,295,2020,finished_results_incomplete,events.result,"resolved=13,void=0,missing=2,invalid=0",,C,no local RAW/API snapshot is available,
WARN,2852,295,2020,raw_snapshot_absent,raw_provenance,SQLite rows exist,0,C,no local saved TotoBrief detail snapshot was found,
WARN,2852,295,2020,immutable_result_snapshot_absent,drawing_result_snapshots,0,,C,no immutable result snapshot and no local RAW result evidence,
ERROR,2853,296,2020,finished_results_incomplete,events.result,"resolved=14,void=0,missing=1,invalid=0",,C,no local RAW/API snapshot is available,
WARN,2853,296,2020,raw_snapshot_absent,raw_provenance,SQLite rows exist,0,C,no local saved TotoBrief detail snapshot was found,
WARN,2853,296,2020,immutable_result_snapshot_absent,drawing_result_snapshots,0,,C,no immutable result snapshot and no local RAW result evidence,
WARN,2854,297,2020,raw_snapshot_absent,raw_provenance,SQLite rows exist,0,C,no local saved TotoBrief detail snapshot was found,
WARN,2854,297,2020,immutable_result_snapshot_absent,drawing_result_snapshots,0,,C,no immutable result snapshot and no local RAW result evidence,
WARN,2855,298,2020,raw_snapshot_absent,raw_provenance,SQLite rows exist,0,C,no local saved TotoBrief detail snapshot was found,
WARN,2855,298,2020,immutable_result_snapshot_absent,drawing_result_snapshots,0,,C,no immutable result snapshot and no local RAW result evidence,
ERROR,2856,299,2020,finished_results_incomplete,events.result,"resolved=14,void=0,missing=1,invalid=0",,C,no local RAW/API snapshot is available,
WARN,2856,299,2020,raw_snapshot_absent,raw_provenance,SQLite rows exist,0,C,no local saved TotoBrief detail snapshot was found,
WARN,2856,299,2020,immutable_result_snapshot_absent,drawing_result_snapshots,0,,C,no immutable result snapshot and no local RAW result evidence,
ERROR,2857,300,2020,finished_results_incomplete,events.result,"resolved=14,void=0,missing=1,invalid=0",,C,no local RAW/API snapshot is available,
WARN,2857,300,2020,raw_snapshot_absent,raw_provenance,SQLite rows exist,0,C,no local saved TotoBrief detail snapshot was found,
WARN,2857,300,2020,immutable_result_snapshot_absent,drawing_result_snapshots,0,,C,no immutable result snapshot and no local RAW result evidence,
WARN,2858,301,2020,raw_snapshot_absent,raw_provenance,SQLite rows exist,0,C,no local saved TotoBrief detail snapshot was found,
WARN,2858,301,2020,immutable_result_snapshot_absent,drawing_result_snapshots,0,,C,no immutable result snapshot and no local RAW result evidence,
WARN,2859,302,2020,raw_snapshot_absent,raw_provenance,SQLite rows exist,0,C,no local saved TotoBrief detail snapshot was found,
WARN,2859,302,2020,immutable_result_snapshot_absent,drawing_result_snapshots,0,,C,no immutable result snapshot and no local RAW result evidence,
WARN,2860,303,2020,raw_snapshot_absent,raw_provenance,SQLite rows exist,0,C,no local saved TotoBrief detail snapshot was found,
WARN,2860,303,2020,immutable_result_snapshot_absent,drawing_result_snapshots,0,,C,no immutable result snapshot and no local RAW result evidence,
WARN,2861,304,2020,raw_snapshot_absent,raw_provenance,SQLite rows exist,0,C,no local saved TotoBrief detail snapshot was found,
WARN,2861,304,2020,immutable_result_snapshot_absent,drawing_result_snapshots,0,,C,no immutable result snapshot and no local RAW result evidence,
WARN,2862,305,2020,raw_snapshot_absent,raw_provenance,SQLite rows exist,0,C,no local saved TotoBrief detail snapshot was found,
WARN,2862,305,2020,immutable_result_snapshot_absent,drawing_result_snapshots,0,,C,no immutable result snapshot and no local RAW result evidence,
WARN,2863,306,2020,raw_snapshot_absent,raw_provenance,SQLite rows exist,0,C,no local saved TotoBrief detail snapshot was found,
WARN,2863,306,2020,immutable_result_snapshot_absent,drawing_result_snapshots,0,,C,no immutable result snapshot and no local RAW result evidence,
ERROR,2864,307,2020,finished_results_incomplete,events.result,"resolved=14,void=0,missing=1,invalid=0",,C,no local RAW/API snapshot is available,
WARN,2864,307,2020,raw_snapshot_absent,raw_provenance,SQLite rows exist,0,C,no local saved TotoBrief detail snapshot was found,
WARN,2864,307,2020,immutable_result_snapshot_absent,drawing_result_snapshots,0,,C,no immutable result snapshot and no local RAW result evidence,
WARN,2865,308,2020,raw_snapshot_absent,raw_provenance,SQLite rows exist,0,C,no local saved TotoBrief detail snapshot was found,
WARN,2865,308,2020,immutable_result_snapshot_absent,drawing_result_snapshots,0,,C,no immutable result snapshot and no local RAW result evidence,
ERROR,2866,309,2020,finished_results_incomplete,events.result,"resolved=14,void=0,missing=1,invalid=0",,C,no local RAW/API snapshot is available,
WARN,2866,309,2020,raw_snapshot_absent,raw_provenance,SQLite rows exist,0,C,no local saved TotoBrief detail snapshot was found,
WARN,2866,309,2020,immutable_result_snapshot_absent,drawing_result_snapshots,0,,C,no immutable result snapshot and no local RAW result evidence,
WARN,2867,310,2020,raw_snapshot_absent,raw_provenance,SQLite rows exist,0,C,no local saved TotoBrief detail snapshot was found,
WARN,2867,310,2020,immutable_result_snapshot_absent,drawing_result_snapshots,0,,C,no immutable result snapshot and no local RAW result evidence,
ERROR,2868,311,2020,finished_results_incomplete,events.result,"resolved=13,void=0,missing=2,invalid=0",,C,no local RAW/API snapshot is available,
WARN,2868,311,2020,raw_snapshot_absent,raw_provenance,SQLite rows exist,0,C,no local saved TotoBrief detail snapshot was found,
WARN,2868,311,2020,immutable_result_snapshot_absent,drawing_result_snapshots,0,,C,no immutable result snapshot and no local RAW result evidence,
WARN,2869,312,2020,raw_snapshot_absent,raw_provenance,SQLite rows exist,0,C,no local saved TotoBrief detail snapshot was found,
WARN,2869,312,2020,immutable_result_snapshot_absent,drawing_result_snapshots,0,,C,no immutable result snapshot and no local RAW result evidence,
ERROR,2870,313,2020,finished_results_incomplete,events.result,"resolved=12,void=0,missing=3,invalid=0",,C,no local RAW/API snapshot is available,
WARN,2870,313,2020,raw_snapshot_absent,raw_provenance,SQLite rows exist,0,C,no local saved TotoBrief detail snapshot was found,
WARN,2870,313,2020,immutable_result_snapshot_absent,drawing_result_snapshots,0,,C,no immutable result snapshot and no local RAW result evidence,
WARN,2871,314,2020,raw_snapshot_absent,raw_provenance,SQLite rows exist,0,C,no local saved TotoBrief detail snapshot was found,
WARN,2871,314,2020,immutable_result_snapshot_absent,drawing_result_snapshots,0,,C,no immutable result snapshot and no local RAW result evidence,
ERROR,2872,315,2020,finished_results_incomplete,events.result,"resolved=14,void=0,missing=1,invalid=0",,C,no local RAW/API snapshot is available,
WARN,2872,315,2020,raw_snapshot_absent,raw_provenance,SQLite rows exist,0,C,no local saved TotoBrief detail snapshot was found,
WARN,2872,315,2020,immutable_result_snapshot_absent,drawing_result_snapshots,0,,C,no immutable result snapshot and no local RAW result evidence,
WARN,2873,316,2020,raw_snapshot_absent,raw_provenance,SQLite rows exist,0,C,no local saved TotoBrief detail snapshot was found,
WARN,2873,316,2020,immutable_result_snapshot_absent,drawing_result_snapshots,0,,C,no immutable result snapshot and no local RAW result evidence,
ERROR,2874,317,2020,finished_results_incomplete,events.result,"resolved=14,void=0,missing=1,invalid=0",,C,no local RAW/API snapshot is available,
WARN,2874,317,2020,raw_snapshot_absent,raw_provenance,SQLite rows exist,0,C,no local saved TotoBrief detail snapshot was found,
WARN,2874,317,2020,immutable_result_snapshot_absent,drawing_result_snapshots,0,,C,no immutable result snapshot and no local RAW result evidence,
ERROR,2875,318,2020,finished_results_incomplete,events.result,"resolved=14,void=0,missing=1,invalid=0",,C,no local RAW/API snapshot is available,
WARN,2875,318,2020,raw_snapshot_absent,raw_provenance,SQLite rows exist,0,C,no local saved TotoBrief detail snapshot was found,
WARN,2875,318,2020,immutable_result_snapshot_absent,drawing_result_snapshots,0,,C,no immutable result snapshot and no local RAW result evidence,
WARN,2876,319,2020,raw_snapshot_absent,raw_provenance,SQLite rows exist,0,C,no local saved TotoBrief detail snapshot was found,
WARN,2876,319,2020,immutable_result_snapshot_absent,drawing_result_snapshots,0,,C,no immutable result snapshot and no local RAW result evidence,
WARN,2877,320,2020,raw_snapshot_absent,raw_provenance,SQLite rows exist,0,C,no local saved TotoBrief detail snapshot was found,
WARN,2877,320,2020,immutable_result_snapshot_absent,drawing_result_snapshots,0,,C,no immutable result snapshot and no local RAW result evidence,
WARN,2878,321,2020,raw_snapshot_absent,raw_provenance,SQLite rows exist,0,C,no local saved TotoBrief detail snapshot was found,
WARN,2878,321,2020,immutable_result_snapshot_absent,drawing_result_snapshots,0,,C,no immutable result snapshot and no local RAW result evidence,
WARN,2879,322,2020,raw_snapshot_absent,raw_provenance,SQLite rows exist,0,C,no local saved TotoBrief detail snapshot was found,
WARN,2879,322,2020,immutable_result_snapshot_absent,drawing_result_snapshots,0,,C,no immutable result snapshot and no local RAW result evidence,
ERROR,2880,323,2020,finished_results_incomplete,events.result,"resolved=14,void=0,missing=1,invalid=0",,C,no local RAW/API snapshot is available,
WARN,2880,323,2020,raw_snapshot_absent,raw_provenance,SQLite rows exist,0,C,no local saved TotoBrief detail snapshot was found,
WARN,2880,323,2020,immutable_result_snapshot_absent,drawing_result_snapshots,0,,C,no immutable result snapshot and no local RAW result evidence,
WARN,2881,324,2020,raw_snapshot_absent,raw_provenance,SQLite rows exist,0,C,no local saved TotoBrief detail snapshot was found,
WARN,2881,324,2020,immutable_result_snapshot_absent,drawing_result_snapshots,0,,C,no immutable result snapshot and no local RAW result evidence,
WARN,2882,325,2020,raw_snapshot_absent,raw_provenance,SQLite rows exist,0,C,no local saved TotoBrief detail snapshot was found,
WARN,2882,325,2020,immutable_result_snapshot_absent,drawing_result_snapshots,0,,C,no immutable result snapshot and no local RAW result evidence,
WARN,2883,326,2020,raw_snapshot_absent,raw_provenance,SQLite rows exist,0,C,no local saved TotoBrief detail snapshot was found,
WARN,2883,326,2020,immutable_result_snapshot_absent,drawing_result_snapshots,0,,C,no immutable result snapshot and no local RAW result evidence,
WARN,2884,327,2020,raw_snapshot_absent,raw_provenance,SQLite rows exist,0,C,no local saved TotoBrief detail snapshot was found,
WARN,2884,327,2020,immutable_result_snapshot_absent,drawing_result_snapshots,0,,C,no immutable result snapshot and no local RAW result evidence,
WARN,2885,328,2020,raw_snapshot_absent,raw_provenance,SQLite rows exist,0,C,no local saved TotoBrief detail snapshot was found,
WARN,2885,328,2020,immutable_result_snapshot_absent,drawing_result_snapshots,0,,C,no immutable result snapshot and no local RAW result evidence,
WARN,2886,329,2020,raw_snapshot_absent,raw_provenance,SQLite rows exist,0,C,no local saved TotoBrief detail snapshot was found,
WARN,2886,329,2020,immutable_result_snapshot_absent,drawing_result_snapshots,0,,C,no immutable result snapshot and no local RAW result evidence,
ERROR,2887,330,2020,finished_results_incomplete,events.result,"resolved=14,void=0,missing=1,invalid=0",,C,no local RAW/API snapshot is available,
WARN,2887,330,2020,raw_snapshot_absent,raw_provenance,SQLite rows exist,0,C,no local saved TotoBrief detail snapshot was found,
WARN,2887,330,2020,immutable_result_snapshot_absent,drawing_result_snapshots,0,,C,no immutable result snapshot and no local RAW result evidence,
WARN,2888,331,2020,raw_snapshot_absent,raw_provenance,SQLite rows exist,0,C,no local saved TotoBrief detail snapshot was found,
WARN,2888,331,2020,immutable_result_snapshot_absent,drawing_result_snapshots,0,,C,no immutable result snapshot and no local RAW result evidence,
WARN,2889,332,2020,raw_snapshot_absent,raw_provenance,SQLite rows exist,0,C,no local saved TotoBrief detail snapshot was found,
WARN,2889,332,2020,immutable_result_snapshot_absent,drawing_result_snapshots,0,,C,no immutable result snapshot and no local RAW result evidence,
WARN,2890,333,2020,raw_snapshot_absent,raw_provenance,SQLite rows exist,0,C,no local saved TotoBrief detail snapshot was found,
WARN,2890,333,2020,immutable_result_snapshot_absent,drawing_result_snapshots,0,,C,no immutable result snapshot and no local RAW result evidence,
WARN,2891,334,2020,raw_snapshot_absent,raw_provenance,SQLite rows exist,0,C,no local saved TotoBrief detail snapshot was found,
WARN,2891,334,2020,immutable_result_snapshot_absent,drawing_result_snapshots,0,,C,no immutable result snapshot and no local RAW result evidence,
ERROR,2892,335,2020,finished_results_incomplete,events.result,"resolved=14,void=0,missing=1,invalid=0",,C,no local RAW/API snapshot is available,
WARN,2892,335,2020,raw_snapshot_absent,raw_provenance,SQLite rows exist,0,C,no local saved TotoBrief detail snapshot was found,
WARN,2892,335,2020,immutable_result_snapshot_absent,drawing_result_snapshots,0,,C,no immutable result snapshot and no local RAW result evidence,
WARN,2893,336,2020,raw_snapshot_absent,raw_provenance,SQLite rows exist,0,C,no local saved TotoBrief detail snapshot was found,
WARN,2893,336,2020,immutable_result_snapshot_absent,drawing_result_snapshots,0,,C,no immutable result snapshot and no local RAW result evidence,
WARN,2894,337,2020,raw_snapshot_absent,raw_provenance,SQLite rows exist,0,C,no local saved TotoBrief detail snapshot was found,
WARN,2894,337,2020,immutable_result_snapshot_absent,drawing_result_snapshots,0,,C,no immutable result snapshot and no local RAW result evidence,
WARN,2895,338,2020,raw_snapshot_absent,raw_provenance,SQLite rows exist,0,C,no local saved TotoBrief detail snapshot was found,
WARN,2895,338,2020,immutable_result_snapshot_absent,drawing_result_snapshots,0,,C,no immutable result snapshot and no local RAW result evidence,
WARN,2896,339,2020,raw_snapshot_absent,raw_provenance,SQLite rows exist,0,C,no local saved TotoBrief detail snapshot was found,
WARN,2896,339,2020,immutable_result_snapshot_absent,drawing_result_snapshots,0,,C,no immutable result snapshot and no local RAW result evidence,
WARN,2897,340,2020,raw_snapshot_absent,raw_provenance,SQLite rows exist,0,C,no local saved TotoBrief detail snapshot was found,
WARN,2897,340,2020,immutable_result_snapshot_absent,drawing_result_snapshots,0,,C,no immutable result snapshot and no local RAW result evidence,
WARN,2898,341,2020,raw_snapshot_absent,raw_provenance,SQLite rows exist,0,C,no local saved TotoBrief detail snapshot was found,
WARN,2898,341,2020,immutable_result_snapshot_absent,drawing_result_snapshots,0,,C,no immutable result snapshot and no local RAW result evidence,
WARN,2899,342,2020,raw_snapshot_absent,raw_provenance,SQLite rows exist,0,C,no local saved TotoBrief detail snapshot was found,
WARN,2899,342,2020,immutable_result_snapshot_absent,drawing_result_snapshots,0,,C,no immutable result snapshot and no local RAW result evidence,
WARN,2900,343,2020,raw_snapshot_absent,raw_provenance,SQLite rows exist,0,C,no local saved TotoBrief detail snapshot was found,
WARN,2900,343,2020,immutable_result_snapshot_absent,drawing_result_snapshots,0,,C,no immutable result snapshot and no local RAW result evidence,
WARN,2901,344,2020,raw_snapshot_absent,raw_provenance,SQLite rows exist,0,C,no local saved TotoBrief detail snapshot was found,
WARN,2901,344,2020,immutable_result_snapshot_absent,drawing_result_snapshots,0,,C,no immutable result snapshot and no local RAW result evidence,
WARN,2902,345,2020,raw_snapshot_absent,raw_provenance,SQLite rows exist,0,C,no local saved TotoBrief detail snapshot was found,
WARN,2902,345,2020,immutable_result_snapshot_absent,drawing_result_snapshots,0,,C,no immutable result snapshot and no local RAW result evidence,
ERROR,2903,346,2020,finished_results_incomplete,events.result,"resolved=14,void=0,missing=1,invalid=0",,C,no local RAW/API snapshot is available,
WARN,2903,346,2020,raw_snapshot_absent,raw_provenance,SQLite rows exist,0,C,no local saved TotoBrief detail snapshot was found,
WARN,2903,346,2020,immutable_result_snapshot_absent,drawing_result_snapshots,0,,C,no immutable result snapshot and no local RAW result evidence,
ERROR,2904,347,2020,finished_results_incomplete,events.result,"resolved=14,void=0,missing=1,invalid=0",,C,no local RAW/API snapshot is available,
WARN,2904,347,2020,raw_snapshot_absent,raw_provenance,SQLite rows exist,0,C,no local saved TotoBrief detail snapshot was found,
WARN,2904,347,2020,immutable_result_snapshot_absent,drawing_result_snapshots,0,,C,no immutable result snapshot and no local RAW result evidence,
WARN,2905,348,2020,raw_snapshot_absent,raw_provenance,SQLite rows exist,0,C,no local saved TotoBrief detail snapshot was found,
WARN,2905,348,2020,immutable_result_snapshot_absent,drawing_result_snapshots,0,,C,no immutable result snapshot and no local RAW result evidence,
WARN,2906,349,2020,raw_snapshot_absent,raw_provenance,SQLite rows exist,0,C,no local saved TotoBrief detail snapshot was found,
WARN,2906,349,2020,immutable_result_snapshot_absent,drawing_result_snapshots,0,,C,no immutable result snapshot and no local RAW result evidence,
ERROR,2907,350,2020,finished_results_incomplete,events.result,"resolved=14,void=0,missing=1,invalid=0",,C,no local RAW/API snapshot is available,
WARN,2907,350,2020,raw_snapshot_absent,raw_provenance,SQLite rows exist,0,C,no local saved TotoBrief detail snapshot was found,
WARN,2907,350,2020,immutable_result_snapshot_absent,drawing_result_snapshots,0,,C,no immutable result snapshot and no local RAW result evidence,
WARN,2908,351,2020,raw_snapshot_absent,raw_provenance,SQLite rows exist,0,C,no local saved TotoBrief detail snapshot was found,
WARN,2908,351,2020,immutable_result_snapshot_absent,drawing_result_snapshots,0,,C,no immutable result snapshot and no local RAW result evidence,
WARN,2909,352,2020,raw_snapshot_absent,raw_provenance,SQLite rows exist,0,C,no local saved TotoBrief detail snapshot was found,
WARN,2909,352,2020,immutable_result_snapshot_absent,drawing_result_snapshots,0,,C,no immutable result snapshot and no local RAW result evidence,
ERROR,2910,353,2020,finished_results_incomplete,events.result,"resolved=13,void=0,missing=2,invalid=0",,C,no local RAW/API snapshot is available,
WARN,2910,353,2020,raw_snapshot_absent,raw_provenance,SQLite rows exist,0,C,no local saved TotoBrief detail snapshot was found,
WARN,2910,353,2020,immutable_result_snapshot_absent,drawing_result_snapshots,0,,C,no immutable result snapshot and no local RAW result evidence,
ERROR,2911,354,2020,finished_results_incomplete,events.result,"resolved=14,void=0,missing=1,invalid=0",,C,no local RAW/API snapshot is available,
WARN,2911,354,2020,raw_snapshot_absent,raw_provenance,SQLite rows exist,0,C,no local saved TotoBrief detail snapshot was found,
WARN,2911,354,2020,immutable_result_snapshot_absent,drawing_result_snapshots,0,,C,no immutable result snapshot and no local RAW result evidence,
WARN,2912,355,2020,raw_snapshot_absent,raw_provenance,SQLite rows exist,0,C,no local saved TotoBrief detail snapshot was found,
WARN,2912,355,2020,immutable_result_snapshot_absent,drawing_result_snapshots,0,,C,no immutable result snapshot and no local RAW result evidence,
WARN,2913,356,2020,raw_snapshot_absent,raw_provenance,SQLite rows exist,0,C,no local saved TotoBrief detail snapshot was found,
WARN,2913,356,2020,immutable_result_snapshot_absent,drawing_result_snapshots,0,,C,no immutable result snapshot and no local RAW result evidence,
WARN,2914,357,2020,raw_snapshot_absent,raw_provenance,SQLite rows exist,0,C,no local saved TotoBrief detail snapshot was found,
WARN,2914,357,2020,immutable_result_snapshot_absent,drawing_result_snapshots,0,,C,no immutable result snapshot and no local RAW result evidence,
WARN,2915,358,2020,raw_snapshot_absent,raw_provenance,SQLite rows exist,0,C,no local saved TotoBrief detail snapshot was found,
WARN,2915,358,2020,immutable_result_snapshot_absent,drawing_result_snapshots,0,,C,no immutable result snapshot and no local RAW result evidence,
WARN,2916,359,2020,raw_snapshot_absent,raw_provenance,SQLite rows exist,0,C,no local saved TotoBrief detail snapshot was found,
WARN,2916,359,2020,immutable_result_snapshot_absent,drawing_result_snapshots,0,,C,no immutable result snapshot and no local RAW result evidence,
WARN,2917,360,2020,raw_snapshot_absent,raw_provenance,SQLite rows exist,0,C,no local saved TotoBrief detail snapshot was found,
WARN,2917,360,2020,immutable_result_snapshot_absent,drawing_result_snapshots,0,,C,no immutable result snapshot and no local RAW result evidence,
WARN,2918,361,2020,raw_snapshot_absent,raw_provenance,SQLite rows exist,0,C,no local saved TotoBrief detail snapshot was found,
WARN,2918,361,2020,immutable_result_snapshot_absent,drawing_result_snapshots,0,,C,no immutable result snapshot and no local RAW result evidence,
WARN,2919,362,2020,raw_snapshot_absent,raw_provenance,SQLite rows exist,0,C,no local saved TotoBrief detail snapshot was found,
WARN,2919,362,2020,immutable_result_snapshot_absent,drawing_result_snapshots,0,,C,no immutable result snapshot and no local RAW result evidence,
WARN,2920,363,2020,raw_snapshot_absent,raw_provenance,SQLite rows exist,0,C,no local saved TotoBrief detail snapshot was found,
WARN,2920,363,2020,immutable_result_snapshot_absent,drawing_result_snapshots,0,,C,no immutable result snapshot and no local RAW result evidence,
WARN,2921,364,2020,raw_snapshot_absent,raw_provenance,SQLite rows exist,0,C,no local saved TotoBrief detail snapshot was found,
WARN,2921,364,2020,immutable_result_snapshot_absent,drawing_result_snapshots,0,,C,no immutable result snapshot and no local RAW result evidence,
WARN,2922,365,2020,raw_snapshot_absent,raw_provenance,SQLite rows exist,0,C,no local saved TotoBrief detail snapshot was found,
WARN,2922,365,2020,immutable_result_snapshot_absent,drawing_result_snapshots,0,,C,no immutable result snapshot and no local RAW result evidence,
ERROR,2923,366,2020,finished_results_incomplete,events.result,"resolved=14,void=0,missing=1,invalid=0",,C,no local RAW/API snapshot is available,
WARN,2923,366,2020,raw_snapshot_absent,raw_provenance,SQLite rows exist,0,C,no local saved TotoBrief detail snapshot was found,
WARN,2923,366,2020,immutable_result_snapshot_absent,drawing_result_snapshots,0,,C,no immutable result snapshot and no local RAW result evidence,
ERROR,2924,367,2020,finished_results_incomplete,events.result,"resolved=14,void=0,missing=1,invalid=0",,C,no local RAW/API snapshot is available,
WARN,2924,367,2020,raw_snapshot_absent,raw_provenance,SQLite rows exist,0,C,no local saved TotoBrief detail snapshot was found,
WARN,2924,367,2020,immutable_result_snapshot_absent,drawing_result_snapshots,0,,C,no immutable result snapshot and no local RAW result evidence,
WARN,2925,368,2020,raw_snapshot_absent,raw_provenance,SQLite rows exist,0,C,no local saved TotoBrief detail snapshot was found,
WARN,2925,368,2020,immutable_result_snapshot_absent,drawing_result_snapshots,0,,C,no immutable result snapshot and no local RAW result evidence,
ERROR,2926,369,2020,finished_results_incomplete,events.result,"resolved=14,void=0,missing=1,invalid=0",,C,no local RAW/API snapshot is available,
WARN,2926,369,2020,raw_snapshot_absent,raw_provenance,SQLite rows exist,0,C,no local saved TotoBrief detail snapshot was found,
WARN,2926,369,2020,immutable_result_snapshot_absent,drawing_result_snapshots,0,,C,no immutable result snapshot and no local RAW result evidence,
ERROR,2927,370,2020,finished_results_incomplete,events.result,"resolved=14,void=0,missing=1,invalid=0",,C,no local RAW/API snapshot is available,
WARN,2927,370,2020,raw_snapshot_absent,raw_provenance,SQLite rows exist,0,C,no local saved TotoBrief detail snapshot was found,
WARN,2927,370,2020,immutable_result_snapshot_absent,drawing_result_snapshots,0,,C,no immutable result snapshot and no local RAW result evidence,
WARN,2928,371,2020,raw_snapshot_absent,raw_provenance,SQLite rows exist,0,C,no local saved TotoBrief detail snapshot was found,
WARN,2928,371,2020,immutable_result_snapshot_absent,drawing_result_snapshots,0,,C,no immutable result snapshot and no local RAW result evidence,
ERROR,2929,372,2020,finished_results_incomplete,events.result,"resolved=13,void=0,missing=2,invalid=0",,C,no local RAW/API snapshot is available,
WARN,2929,372,2020,raw_snapshot_absent,raw_provenance,SQLite rows exist,0,C,no local saved TotoBrief detail snapshot was found,
WARN,2929,372,2020,immutable_result_snapshot_absent,drawing_result_snapshots,0,,C,no immutable result snapshot and no local RAW result evidence,
WARN,2930,373,2020,raw_snapshot_absent,raw_provenance,SQLite rows exist,0,C,no local saved TotoBrief detail snapshot was found,
WARN,2930,373,2020,immutable_result_snapshot_absent,drawing_result_snapshots,0,,C,no immutable result snapshot and no local RAW result evidence,
ERROR,2931,374,2020,finished_results_incomplete,events.result,"resolved=14,void=0,missing=1,invalid=0",,C,no local RAW/API snapshot is available,
WARN,2931,374,2020,raw_snapshot_absent,raw_provenance,SQLite rows exist,0,C,no local saved TotoBrief detail snapshot was found,
WARN,2931,374,2020,immutable_result_snapshot_absent,drawing_result_snapshots,0,,C,no immutable result snapshot and no local RAW result evidence,
ERROR,2932,375,2020,finished_results_incomplete,events.result,"resolved=14,void=0,missing=1,invalid=0",,C,no local RAW/API snapshot is available,
WARN,2932,375,2020,raw_snapshot_absent,raw_provenance,SQLite rows exist,0,C,no local saved TotoBrief detail snapshot was found,
WARN,2932,375,2020,immutable_result_snapshot_absent,drawing_result_snapshots,0,,C,no immutable result snapshot and no local RAW result evidence,
ERROR,2933,376,2021,finished_results_incomplete,events.result,"resolved=8,void=0,missing=7,invalid=0",,C,no local RAW/API snapshot is available,
WARN,2933,376,2021,raw_snapshot_absent,raw_provenance,SQLite rows exist,0,C,no local saved TotoBrief detail snapshot was found,
WARN,2933,376,2021,immutable_result_snapshot_absent,drawing_result_snapshots,0,,C,no immutable result snapshot and no local RAW result evidence,
WARN,2934,377,2021,raw_snapshot_absent,raw_provenance,SQLite rows exist,0,C,no local saved TotoBrief detail snapshot was found,
WARN,2934,377,2021,immutable_result_snapshot_absent,drawing_result_snapshots,0,,C,no immutable result snapshot and no local RAW result evidence,
WARN,2935,378,2021,raw_snapshot_absent,raw_provenance,SQLite rows exist,0,C,no local saved TotoBrief detail snapshot was found,
WARN,2935,378,2021,immutable_result_snapshot_absent,drawing_result_snapshots,0,,C,no immutable result snapshot and no local RAW result evidence,
ERROR,2936,379,2021,finished_results_incomplete,events.result,"resolved=14,void=0,missing=1,invalid=0",,C,no local RAW/API snapshot is available,
WARN,2936,379,2021,raw_snapshot_absent,raw_provenance,SQLite rows exist,0,C,no local saved TotoBrief detail snapshot was found,
WARN,2936,379,2021,immutable_result_snapshot_absent,drawing_result_snapshots,0,,C,no immutable result snapshot and no local RAW result evidence,
WARN,2937,380,2021,raw_snapshot_absent,raw_provenance,SQLite rows exist,0,C,no local saved TotoBrief detail snapshot was found,
WARN,2937,380,2021,immutable_result_snapshot_absent,drawing_result_snapshots,0,,C,no immutable result snapshot and no local RAW result evidence,
ERROR,2938,381,2021,finished_results_incomplete,events.result,"resolved=14,void=0,missing=1,invalid=0",,C,no local RAW/API snapshot is available,
WARN,2938,381,2021,raw_snapshot_absent,raw_provenance,SQLite rows exist,0,C,no local saved TotoBrief detail snapshot was found,
WARN,2938,381,2021,immutable_result_snapshot_absent,drawing_result_snapshots,0,,C,no immutable result snapshot and no local RAW result evidence,
WARN,2939,382,2021,raw_snapshot_absent,raw_provenance,SQLite rows exist,0,C,no local saved TotoBrief detail snapshot was found,
WARN,2939,382,2021,immutable_result_snapshot_absent,drawing_result_snapshots,0,,C,no immutable result snapshot and no local RAW result evidence,
ERROR,2940,383,2021,finished_results_incomplete,events.result,"resolved=13,void=0,missing=2,invalid=0",,C,no local RAW/API snapshot is available,
WARN,2940,383,2021,raw_snapshot_absent,raw_provenance,SQLite rows exist,0,C,no local saved TotoBrief detail snapshot was found,
WARN,2940,383,2021,immutable_result_snapshot_absent,drawing_result_snapshots,0,,C,no immutable result snapshot and no local RAW result evidence,
ERROR,2941,384,2021,finished_results_incomplete,events.result,"resolved=13,void=0,missing=2,invalid=0",,C,no local RAW/API snapshot is available,
WARN,2941,384,2021,raw_snapshot_absent,raw_provenance,SQLite rows exist,0,C,no local saved TotoBrief detail snapshot was found,
WARN,2941,384,2021,immutable_result_snapshot_absent,drawing_result_snapshots,0,,C,no immutable result snapshot and no local RAW result evidence,
WARN,2942,385,2021,raw_snapshot_absent,raw_provenance,SQLite rows exist,0,C,no local saved TotoBrief detail snapshot was found,
WARN,2942,385,2021,immutable_result_snapshot_absent,drawing_result_snapshots,0,,C,no immutable result snapshot and no local RAW result evidence,
ERROR,2943,386,2021,finished_results_incomplete,events.result,"resolved=12,void=0,missing=3,invalid=0",,C,no local RAW/API snapshot is available,
WARN,2943,386,2021,raw_snapshot_absent,raw_provenance,SQLite rows exist,0,C,no local saved TotoBrief detail snapshot was found,
WARN,2943,386,2021,immutable_result_snapshot_absent,drawing_result_snapshots,0,,C,no immutable result snapshot and no local RAW result evidence,
ERROR,2944,387,2021,finished_results_incomplete,events.result,"resolved=14,void=0,missing=1,invalid=0",,C,no local RAW/API snapshot is available,
WARN,2944,387,2021,raw_snapshot_absent,raw_provenance,SQLite rows exist,0,C,no local saved TotoBrief detail snapshot was found,
WARN,2944,387,2021,immutable_result_snapshot_absent,drawing_result_snapshots,0,,C,no immutable result snapshot and no local RAW result evidence,
ERROR,2945,388,2021,finished_results_incomplete,events.result,"resolved=14,void=0,missing=1,invalid=0",,C,no local RAW/API snapshot is available,
WARN,2945,388,2021,raw_snapshot_absent,raw_provenance,SQLite rows exist,0,C,no local saved TotoBrief detail snapshot was found,
WARN,2945,388,2021,immutable_result_snapshot_absent,drawing_result_snapshots,0,,C,no immutable result snapshot and no local RAW result evidence,
WARN,2946,389,2021,raw_snapshot_absent,raw_provenance,SQLite rows exist,0,C,no local saved TotoBrief detail snapshot was found,
WARN,2946,389,2021,immutable_result_snapshot_absent,drawing_result_snapshots,0,,C,no immutable result snapshot and no local RAW result evidence,
WARN,2947,390,2021,raw_snapshot_absent,raw_provenance,SQLite rows exist,0,C,no local saved TotoBrief detail snapshot was found,
WARN,2947,390,2021,immutable_result_snapshot_absent,drawing_result_snapshots,0,,C,no immutable result snapshot and no local RAW result evidence,
WARN,2948,391,2021,raw_snapshot_absent,raw_provenance,SQLite rows exist,0,C,no local saved TotoBrief detail snapshot was found,
WARN,2948,391,2021,immutable_result_snapshot_absent,drawing_result_snapshots,0,,C,no immutable result snapshot and no local RAW result evidence,
ERROR,2949,392,2021,finished_results_incomplete,events.result,"resolved=14,void=0,missing=1,invalid=0",,C,no local RAW/API snapshot is available,
WARN,2949,392,2021,raw_snapshot_absent,raw_provenance,SQLite rows exist,0,C,no local saved TotoBrief detail snapshot was found,
WARN,2949,392,2021,immutable_result_snapshot_absent,drawing_result_snapshots,0,,C,no immutable result snapshot and no local RAW result evidence,
ERROR,2950,393,2021,finished_results_incomplete,events.result,"resolved=12,void=0,missing=3,invalid=0",,C,no local RAW/API snapshot is available,
WARN,2950,393,2021,raw_snapshot_absent,raw_provenance,SQLite rows exist,0,C,no local saved TotoBrief detail snapshot was found,
WARN,2950,393,2021,immutable_result_snapshot_absent,drawing_result_snapshots,0,,C,no immutable result snapshot and no local RAW result evidence,
WARN,2951,394,2021,raw_snapshot_absent,raw_provenance,SQLite rows exist,0,C,no local saved TotoBrief detail snapshot was found,
WARN,2951,394,2021,immutable_result_snapshot_absent,drawing_result_snapshots,0,,C,no immutable result snapshot and no local RAW result evidence,
WARN,2952,395,2021,raw_snapshot_absent,raw_provenance,SQLite rows exist,0,C,no local saved TotoBrief detail snapshot was found,
WARN,2952,395,2021,immutable_result_snapshot_absent,drawing_result_snapshots,0,,C,no immutable result snapshot and no local RAW result evidence,
WARN,2953,396,2021,raw_snapshot_absent,raw_provenance,SQLite rows exist,0,C,no local saved TotoBrief detail snapshot was found,
WARN,2953,396,2021,immutable_result_snapshot_absent,drawing_result_snapshots,0,,C,no immutable result snapshot and no local RAW result evidence,
ERROR,2954,397,2021,finished_results_incomplete,events.result,"resolved=13,void=0,missing=2,invalid=0",,C,no local RAW/API snapshot is available,
WARN,2954,397,2021,raw_snapshot_absent,raw_provenance,SQLite rows exist,0,C,no local saved TotoBrief detail snapshot was found,
WARN,2954,397,2021,immutable_result_snapshot_absent,drawing_result_snapshots,0,,C,no immutable result snapshot and no local RAW result evidence,
WARN,2955,398,2021,raw_snapshot_absent,raw_provenance,SQLite rows exist,0,C,no local saved TotoBrief detail snapshot was found,
WARN,2955,398,2021,immutable_result_snapshot_absent,drawing_result_snapshots,0,,C,no immutable result snapshot and no local RAW result evidence,
WARN,2956,399,2021,raw_snapshot_absent,raw_provenance,SQLite rows exist,0,C,no local saved TotoBrief detail snapshot was found,
WARN,2956,399,2021,immutable_result_snapshot_absent,drawing_result_snapshots,0,,C,no immutable result snapshot and no local RAW result evidence,
WARN,2957,400,2021,raw_snapshot_absent,raw_provenance,SQLite rows exist,0,C,no local saved TotoBrief detail snapshot was found,
WARN,2957,400,2021,immutable_result_snapshot_absent,drawing_result_snapshots,0,,C,no immutable result snapshot and no local RAW result evidence,
WARN,2958,401,2021,raw_snapshot_absent,raw_provenance,SQLite rows exist,0,C,no local saved TotoBrief detail snapshot was found,
WARN,2958,401,2021,immutable_result_snapshot_absent,drawing_result_snapshots,0,,C,no immutable result snapshot and no local RAW result evidence,
WARN,2959,2477,2021,raw_snapshot_absent,raw_provenance,SQLite rows exist,0,C,no local saved TotoBrief detail snapshot was found,
WARN,2959,2477,2021,immutable_result_snapshot_absent,drawing_result_snapshots,0,,C,no immutable result snapshot and no local RAW result evidence,
ERROR,2960,2481,2021,finished_results_incomplete,events.result,"resolved=13,void=0,missing=2,invalid=0",,C,no local RAW/API snapshot is available,
WARN,2960,2481,2021,raw_snapshot_absent,raw_provenance,SQLite rows exist,0,C,no local saved TotoBrief detail snapshot was found,
WARN,2960,2481,2021,immutable_result_snapshot_absent,drawing_result_snapshots,0,,C,no immutable result snapshot and no local RAW result evidence,
ERROR,2961,2485,2021,finished_results_incomplete,events.result,"resolved=14,void=0,missing=1,invalid=0",,C,no local RAW/API snapshot is available,
WARN,2961,2485,2021,raw_snapshot_absent,raw_provenance,SQLite rows exist,0,C,no local saved TotoBrief detail snapshot was found,
WARN,2961,2485,2021,immutable_result_snapshot_absent,drawing_result_snapshots,0,,C,no immutable result snapshot and no local RAW result evidence,
WARN,2962,2490,2021,raw_snapshot_absent,raw_provenance,SQLite rows exist,0,C,no local saved TotoBrief detail snapshot was found,
WARN,2962,2490,2021,immutable_result_snapshot_absent,drawing_result_snapshots,0,,C,no immutable result snapshot and no local RAW result evidence,
WARN,2963,2495,2021,raw_snapshot_absent,raw_provenance,SQLite rows exist,0,C,no local saved TotoBrief detail snapshot was found,
WARN,2963,2495,2021,immutable_result_snapshot_absent,drawing_result_snapshots,0,,C,no immutable result snapshot and no local RAW result evidence,
WARN,2964,2499,2021,raw_snapshot_absent,raw_provenance,SQLite rows exist,0,C,no local saved TotoBrief detail snapshot was found,
WARN,2964,2499,2021,immutable_result_snapshot_absent,drawing_result_snapshots,0,,C,no immutable result snapshot and no local RAW result evidence,
ERROR,2965,2503,2021,finished_results_incomplete,events.result,"resolved=14,void=0,missing=1,invalid=0",,C,no local RAW/API snapshot is available,
WARN,2965,2503,2021,raw_snapshot_absent,raw_provenance,SQLite rows exist,0,C,no local saved TotoBrief detail snapshot was found,
WARN,2965,2503,2021,immutable_result_snapshot_absent,drawing_result_snapshots,0,,C,no immutable result snapshot and no local RAW result evidence,
WARN,2966,2508,2021,raw_snapshot_absent,raw_provenance,SQLite rows exist,0,C,no local saved TotoBrief detail snapshot was found,
WARN,2966,2508,2021,immutable_result_snapshot_absent,drawing_result_snapshots,0,,C,no immutable result snapshot and no local RAW result evidence,
ERROR,2967,2510,2021,finished_results_incomplete,events.result,"resolved=14,void=0,missing=1,invalid=0",,C,no local RAW/API snapshot is available,
WARN,2967,2510,2021,raw_snapshot_absent,raw_provenance,SQLite rows exist,0,C,no local saved TotoBrief detail snapshot was found,
WARN,2967,2510,2021,immutable_result_snapshot_absent,drawing_result_snapshots,0,,C,no immutable result snapshot and no local RAW result evidence,
ERROR,2968,2516,2021,finished_results_incomplete,events.result,"resolved=14,void=0,missing=1,invalid=0",,C,no local RAW/API snapshot is available,
WARN,2968,2516,2021,raw_snapshot_absent,raw_provenance,SQLite rows exist,0,C,no local saved TotoBrief detail snapshot was found,
WARN,2968,2516,2021,immutable_result_snapshot_absent,drawing_result_snapshots,0,,C,no immutable result snapshot and no local RAW result evidence,
ERROR,2969,2520,2021,finished_results_incomplete,events.result,"resolved=14,void=0,missing=1,invalid=0",,C,no local RAW/API snapshot is available,
WARN,2969,2520,2021,raw_snapshot_absent,raw_provenance,SQLite rows exist,0,C,no local saved TotoBrief detail snapshot was found,
WARN,2969,2520,2021,immutable_result_snapshot_absent,drawing_result_snapshots,0,,C,no immutable result snapshot and no local RAW result evidence,
ERROR,2970,2523,2021,finished_results_incomplete,events.result,"resolved=13,void=0,missing=2,invalid=0",,C,no local RAW/API snapshot is available,
WARN,2970,2523,2021,raw_snapshot_absent,raw_provenance,SQLite rows exist,0,C,no local saved TotoBrief detail snapshot was found,
WARN,2970,2523,2021,immutable_result_snapshot_absent,drawing_result_snapshots,0,,C,no immutable result snapshot and no local RAW result evidence,
ERROR,2971,2527,2021,finished_results_incomplete,events.result,"resolved=13,void=0,missing=2,invalid=0",,C,no local RAW/API snapshot is available,
WARN,2971,2527,2021,raw_snapshot_absent,raw_provenance,SQLite rows exist,0,C,no local saved TotoBrief detail snapshot was found,
WARN,2971,2527,2021,immutable_result_snapshot_absent,drawing_result_snapshots,0,,C,no immutable result snapshot and no local RAW result evidence,
ERROR,2972,2531,2021,finished_results_incomplete,events.result,"resolved=14,void=0,missing=1,invalid=0",,C,no local RAW/API snapshot is available,
WARN,2972,2531,2021,raw_snapshot_absent,raw_provenance,SQLite rows exist,0,C,no local saved TotoBrief detail snapshot was found,
WARN,2972,2531,2021,immutable_result_snapshot_absent,drawing_result_snapshots,0,,C,no immutable result snapshot and no local RAW result evidence,
ERROR,2973,2534,2021,finished_results_incomplete,events.result,"resolved=14,void=0,missing=1,invalid=0",,C,no local RAW/API snapshot is available,
WARN,2973,2534,2021,raw_snapshot_absent,raw_provenance,SQLite rows exist,0,C,no local saved TotoBrief detail snapshot was found,
WARN,2973,2534,2021,immutable_result_snapshot_absent,drawing_result_snapshots,0,,C,no immutable result snapshot and no local RAW result evidence,
WARN,2974,2539,2021,raw_snapshot_absent,raw_provenance,SQLite rows exist,0,C,no local saved TotoBrief detail snapshot was found,
WARN,2974,2539,2021,immutable_result_snapshot_absent,drawing_result_snapshots,0,,C,no immutable result snapshot and no local RAW result evidence,
ERROR,2975,2543,2021,finished_results_incomplete,events.result,"resolved=13,void=0,missing=2,invalid=0",,C,no local RAW/API snapshot is available,
WARN,2975,2543,2021,raw_snapshot_absent,raw_provenance,SQLite rows exist,0,C,no local saved TotoBrief detail snapshot was found,
WARN,2975,2543,2021,immutable_result_snapshot_absent,drawing_result_snapshots,0,,C,no immutable result snapshot and no local RAW result evidence,
WARN,2976,2548,2021,raw_snapshot_absent,raw_provenance,SQLite rows exist,0,C,no local saved TotoBrief detail snapshot was found,
WARN,2976,2548,2021,immutable_result_snapshot_absent,drawing_result_snapshots,0,,C,no immutable result snapshot and no local RAW result evidence,
WARN,2977,2554,2021,raw_snapshot_absent,raw_provenance,SQLite rows exist,0,C,no local saved TotoBrief detail snapshot was found,
WARN,2977,2554,2021,immutable_result_snapshot_absent,drawing_result_snapshots,0,,C,no immutable result snapshot and no local RAW result evidence,
WARN,2978,2556,2021,raw_snapshot_absent,raw_provenance,SQLite rows exist,0,C,no local saved TotoBrief detail snapshot was found,
WARN,2978,2556,2021,immutable_result_snapshot_absent,drawing_result_snapshots,0,,C,no immutable result snapshot and no local RAW result evidence,
ERROR,2979,2561,2021,finished_results_incomplete,events.result,"resolved=14,void=0,missing=1,invalid=0",,C,no local RAW/API snapshot is available,
WARN,2979,2561,2021,raw_snapshot_absent,raw_provenance,SQLite rows exist,0,C,no local saved TotoBrief detail snapshot was found,
WARN,2979,2561,2021,immutable_result_snapshot_absent,drawing_result_snapshots,0,,C,no immutable result snapshot and no local RAW result evidence,
WARN,2980,2564,2021,raw_snapshot_absent,raw_provenance,SQLite rows exist,0,C,no local saved TotoBrief detail snapshot was found,
WARN,2980,2564,2021,immutable_result_snapshot_absent,drawing_result_snapshots,0,,C,no immutable result snapshot and no local RAW result evidence,
WARN,2981,2568,2021,raw_snapshot_absent,raw_provenance,SQLite rows exist,0,C,no local saved TotoBrief detail snapshot was found,
WARN,2981,2568,2021,immutable_result_snapshot_absent,drawing_result_snapshots,0,,C,no immutable result snapshot and no local RAW result evidence,
ERROR,2982,2572,2021,pool_quotes_incomplete,quotes.pool,0/15,,C,no local RAW/API snapshot is available,
WARN,2982,2572,2021,raw_snapshot_absent,raw_provenance,SQLite rows exist,0,C,no local saved TotoBrief detail snapshot was found,
WARN,2982,2572,2021,immutable_result_snapshot_absent,drawing_result_snapshots,0,,C,no immutable result snapshot and no local RAW result evidence,
WARN,2983,2579,2021,raw_snapshot_absent,raw_provenance,SQLite rows exist,0,C,no local saved TotoBrief detail snapshot was found,
WARN,2983,2579,2021,immutable_result_snapshot_absent,drawing_result_snapshots,0,,C,no immutable result snapshot and no local RAW result evidence,
WARN,2984,2583,2021,raw_snapshot_absent,raw_provenance,SQLite rows exist,0,C,no local saved TotoBrief detail snapshot was found,
WARN,2984,2583,2021,immutable_result_snapshot_absent,drawing_result_snapshots,0,,C,no immutable result snapshot and no local RAW result evidence,
ERROR,2985,2585,2021,finished_results_incomplete,events.result,"resolved=14,void=0,missing=1,invalid=0",,C,no local RAW/API snapshot is available,
WARN,2985,2585,2021,raw_snapshot_absent,raw_provenance,SQLite rows exist,0,C,no local saved TotoBrief detail snapshot was found,
WARN,2985,2585,2021,immutable_result_snapshot_absent,drawing_result_snapshots,0,,C,no immutable result snapshot and no local RAW result evidence,
WARN,2986,2588,2021,raw_snapshot_absent,raw_provenance,SQLite rows exist,0,C,no local saved TotoBrief detail snapshot was found,
WARN,2986,2588,2021,immutable_result_snapshot_absent,drawing_result_snapshots,0,,C,no immutable result snapshot and no local RAW result evidence,
ERROR,2987,2592,2021,pool_quotes_incomplete,quotes.pool,0/15,,C,no local RAW/API snapshot is available,
WARN,2987,2592,2021,raw_snapshot_absent,raw_provenance,SQLite rows exist,0,C,no local saved TotoBrief detail snapshot was found,
WARN,2987,2592,2021,immutable_result_snapshot_absent,drawing_result_snapshots,0,,C,no immutable result snapshot and no local RAW result evidence,
WARN,2988,2597,2021,raw_snapshot_absent,raw_provenance,SQLite rows exist,0,C,no local saved TotoBrief detail snapshot was found,
WARN,2988,2597,2021,immutable_result_snapshot_absent,drawing_result_snapshots,0,,C,no immutable result snapshot and no local RAW result evidence,
WARN,2989,2601,2021,raw_snapshot_absent,raw_provenance,SQLite rows exist,0,C,no local saved TotoBrief detail snapshot was found,
WARN,2989,2601,2021,immutable_result_snapshot_absent,drawing_result_snapshots,0,,C,no immutable result snapshot and no local RAW result evidence,
WARN,2990,2606,2021,raw_snapshot_absent,raw_provenance,SQLite rows exist,0,C,no local saved TotoBrief detail snapshot was found,
WARN,2990,2606,2021,immutable_result_snapshot_absent,drawing_result_snapshots,0,,C,no immutable result snapshot and no local RAW result evidence,
WARN,2991,2612,2021,raw_snapshot_absent,raw_provenance,SQLite rows exist,0,C,no local saved TotoBrief detail snapshot was found,
WARN,2991,2612,2021,immutable_result_snapshot_absent,drawing_result_snapshots,0,,C,no immutable result snapshot and no local RAW result evidence,
WARN,2992,2615,2021,raw_snapshot_absent,raw_provenance,SQLite rows exist,0,C,no local saved TotoBrief detail snapshot was found,
WARN,2992,2615,2021,immutable_result_snapshot_absent,drawing_result_snapshots,0,,C,no immutable result snapshot and no local RAW result evidence,
WARN,2993,2619,2021,raw_snapshot_absent,raw_provenance,SQLite rows exist,0,C,no local saved TotoBrief detail snapshot was found,
WARN,2993,2619,2021,immutable_result_snapshot_absent,drawing_result_snapshots,0,,C,no immutable result snapshot and no local RAW result evidence,
ERROR,2994,2623,2021,finished_results_incomplete,events.result,"resolved=14,void=0,missing=1,invalid=0",,C,no local RAW/API snapshot is available,
WARN,2994,2623,2021,raw_snapshot_absent,raw_provenance,SQLite rows exist,0,C,no local saved TotoBrief detail snapshot was found,
WARN,2994,2623,2021,immutable_result_snapshot_absent,drawing_result_snapshots,0,,C,no immutable result snapshot and no local RAW result evidence,
WARN,2995,2626,2021,raw_snapshot_absent,raw_provenance,SQLite rows exist,0,C,no local saved TotoBrief detail snapshot was found,
WARN,2995,2626,2021,immutable_result_snapshot_absent,drawing_result_snapshots,0,,C,no immutable result snapshot and no local RAW result evidence,
WARN,2996,2631,2021,raw_snapshot_absent,raw_provenance,SQLite rows exist,0,C,no local saved TotoBrief detail snapshot was found,
WARN,2996,2631,2021,immutable_result_snapshot_absent,drawing_result_snapshots,0,,C,no immutable result snapshot and no local RAW result evidence,
WARN,2997,2636,2021,raw_snapshot_absent,raw_provenance,SQLite rows exist,0,C,no local saved TotoBrief detail snapshot was found,
WARN,2997,2636,2021,immutable_result_snapshot_absent,drawing_result_snapshots,0,,C,no immutable result snapshot and no local RAW result evidence,
WARN,2998,2639,2021,raw_snapshot_absent,raw_provenance,SQLite rows exist,0,C,no local saved TotoBrief detail snapshot was found,
WARN,2998,2639,2021,immutable_result_snapshot_absent,drawing_result_snapshots,0,,C,no immutable result snapshot and no local RAW result evidence,
WARN,2999,2643,2021,raw_snapshot_absent,raw_provenance,SQLite rows exist,0,C,no local saved TotoBrief detail snapshot was found,
WARN,2999,2643,2021,immutable_result_snapshot_absent,drawing_result_snapshots,0,,C,no immutable result snapshot and no local RAW result evidence,
WARN,3000,2648,2021,raw_snapshot_absent,raw_provenance,SQLite rows exist,0,C,no local saved TotoBrief detail snapshot was found,
WARN,3000,2648,2021,immutable_result_snapshot_absent,drawing_result_snapshots,0,,C,no immutable result snapshot and no local RAW result evidence,
ERROR,3001,2650,2021,finished_results_incomplete,events.result,"resolved=14,void=0,missing=1,invalid=0",,C,no local RAW/API snapshot is available,
WARN,3001,2650,2021,raw_snapshot_absent,raw_provenance,SQLite rows exist,0,C,no local saved TotoBrief detail snapshot was found,
WARN,3001,2650,2021,immutable_result_snapshot_absent,drawing_result_snapshots,0,,C,no immutable result snapshot and no local RAW result evidence,
ERROR,3002,2656,2021,finished_results_incomplete,events.result,"resolved=14,void=0,missing=1,invalid=0",,C,no local RAW/API snapshot is available,
WARN,3002,2656,2021,raw_snapshot_absent,raw_provenance,SQLite rows exist,0,C,no local saved TotoBrief detail snapshot was found,
WARN,3002,2656,2021,immutable_result_snapshot_absent,drawing_result_snapshots,0,,C,no immutable result snapshot and no local RAW result evidence,
ERROR,3003,2659,2021,finished_results_incomplete,events.result,"resolved=14,void=0,missing=1,invalid=0",,C,no local RAW/API snapshot is available,
WARN,3003,2659,2021,raw_snapshot_absent,raw_provenance,SQLite rows exist,0,C,no local saved TotoBrief detail snapshot was found,
WARN,3003,2659,2021,immutable_result_snapshot_absent,drawing_result_snapshots,0,,C,no immutable result snapshot and no local RAW result evidence,
WARN,3004,2665,2021,raw_snapshot_absent,raw_provenance,SQLite rows exist,0,C,no local saved TotoBrief detail snapshot was found,
WARN,3004,2665,2021,immutable_result_snapshot_absent,drawing_result_snapshots,0,,C,no immutable result snapshot and no local RAW result evidence,
ERROR,3005,2669,2021,pool_quotes_incomplete,quotes.pool,0/15,,C,no local RAW/API snapshot is available,
WARN,3005,2669,2021,raw_snapshot_absent,raw_provenance,SQLite rows exist,0,C,no local saved TotoBrief detail snapshot was found,
WARN,3005,2669,2021,immutable_result_snapshot_absent,drawing_result_snapshots,0,,C,no immutable result snapshot and no local RAW result evidence,
WARN,3006,2672,2021,raw_snapshot_absent,raw_provenance,SQLite rows exist,0,C,no local saved TotoBrief detail snapshot was found,
WARN,3006,2672,2021,immutable_result_snapshot_absent,drawing_result_snapshots,0,,C,no immutable result snapshot and no local RAW result evidence,
WARN,3007,2677,2021,raw_snapshot_absent,raw_provenance,SQLite rows exist,0,C,no local saved TotoBrief detail snapshot was found,
WARN,3007,2677,2021,immutable_result_snapshot_absent,drawing_result_snapshots,0,,C,no immutable result snapshot and no local RAW result evidence,
WARN,3008,2680,2021,raw_snapshot_absent,raw_provenance,SQLite rows exist,0,C,no local saved TotoBrief detail snapshot was found,
WARN,3008,2680,2021,immutable_result_snapshot_absent,drawing_result_snapshots,0,,C,no immutable result snapshot and no local RAW result evidence,
ERROR,3009,2684,2021,finished_results_incomplete,events.result,"resolved=13,void=0,missing=2,invalid=0",,C,no local RAW/API snapshot is available,
WARN,3009,2684,2021,raw_snapshot_absent,raw_provenance,SQLite rows exist,0,C,no local saved TotoBrief detail snapshot was found,
WARN,3009,2684,2021,immutable_result_snapshot_absent,drawing_result_snapshots,0,,C,no immutable result snapshot and no local RAW result evidence,
WARN,3010,2688,2021,raw_snapshot_absent,raw_provenance,SQLite rows exist,0,C,no local saved TotoBrief detail snapshot was found,
WARN,3010,2688,2021,immutable_result_snapshot_absent,drawing_result_snapshots,0,,C,no immutable result snapshot and no local RAW result evidence,
WARN,3011,2695,2021,raw_snapshot_absent,raw_provenance,SQLite rows exist,0,C,no local saved TotoBrief detail snapshot was found,
WARN,3011,2695,2021,immutable_result_snapshot_absent,drawing_result_snapshots,0,,C,no immutable result snapshot and no local RAW result evidence,
ERROR,3012,2699,2021,pool_quotes_incomplete,quotes.pool,0/15,,C,no local RAW/API snapshot is available,
ERROR,3012,2699,2021,finished_results_incomplete,events.result,"resolved=14,void=0,missing=1,invalid=0",,C,no local RAW/API snapshot is available,
WARN,3012,2699,2021,raw_snapshot_absent,raw_provenance,SQLite rows exist,0,C,no local saved TotoBrief detail snapshot was found,
WARN,3012,2699,2021,immutable_result_snapshot_absent,drawing_result_snapshots,0,,C,no immutable result snapshot and no local RAW result evidence,
WARN,3013,2702,2021,raw_snapshot_absent,raw_provenance,SQLite rows exist,0,C,no local saved TotoBrief detail snapshot was found,
WARN,3013,2702,2021,immutable_result_snapshot_absent,drawing_result_snapshots,0,,C,no immutable result snapshot and no local RAW result evidence,
ERROR,3014,2707,2021,finished_results_incomplete,events.result,"resolved=14,void=0,missing=1,invalid=0",,C,no local RAW/API snapshot is available,
WARN,3014,2707,2021,raw_snapshot_absent,raw_provenance,SQLite rows exist,0,C,no local saved TotoBrief detail snapshot was found,
WARN,3014,2707,2021,immutable_result_snapshot_absent,drawing_result_snapshots,0,,C,no immutable result snapshot and no local RAW result evidence,
ERROR,3015,2709,2021,finished_results_incomplete,events.result,"resolved=13,void=0,missing=2,invalid=0",,C,no local RAW/API snapshot is available,
WARN,3015,2709,2021,raw_snapshot_absent,raw_provenance,SQLite rows exist,0,C,no local saved TotoBrief detail snapshot was found,
WARN,3015,2709,2021,immutable_result_snapshot_absent,drawing_result_snapshots,0,,C,no immutable result snapshot and no local RAW result evidence,
WARN,3016,2713,2021,raw_snapshot_absent,raw_provenance,SQLite rows exist,0,C,no local saved TotoBrief detail snapshot was found,
WARN,3016,2713,2021,immutable_result_snapshot_absent,drawing_result_snapshots,0,,C,no immutable result snapshot and no local RAW result evidence,
WARN,3017,2717,2021,raw_snapshot_absent,raw_provenance,SQLite rows exist,0,C,no local saved TotoBrief detail snapshot was found,
WARN,3017,2717,2021,immutable_result_snapshot_absent,drawing_result_snapshots,0,,C,no immutable result snapshot and no local RAW result evidence,
WARN,3018,2720,2021,raw_snapshot_absent,raw_provenance,SQLite rows exist,0,C,no local saved TotoBrief detail snapshot was found,
WARN,3018,2720,2021,immutable_result_snapshot_absent,drawing_result_snapshots,0,,C,no immutable result snapshot and no local RAW result evidence,
WARN,3019,2724,2021,raw_snapshot_absent,raw_provenance,SQLite rows exist,0,C,no local saved TotoBrief detail snapshot was found,
WARN,3019,2724,2021,immutable_result_snapshot_absent,drawing_result_snapshots,0,,C,no immutable result snapshot and no local RAW result evidence,
WARN,3020,2725,2021,raw_snapshot_absent,raw_provenance,SQLite rows exist,0,C,no local saved TotoBrief detail snapshot was found,
WARN,3020,2725,2021,immutable_result_snapshot_absent,drawing_result_snapshots,0,,C,no immutable result snapshot and no local RAW result evidence,
WARN,3021,2728,2021,raw_snapshot_absent,raw_provenance,SQLite rows exist,0,C,no local saved TotoBrief detail snapshot was found,
WARN,3021,2728,2021,immutable_result_snapshot_absent,drawing_result_snapshots,0,,C,no immutable result snapshot and no local RAW result evidence,
WARN,3022,2731,2021,raw_snapshot_absent,raw_provenance,SQLite rows exist,0,C,no local saved TotoBrief detail snapshot was found,
WARN,3022,2731,2021,immutable_result_snapshot_absent,drawing_result_snapshots,0,,C,no immutable result snapshot and no local RAW result evidence,
WARN,3023,2734,2021,raw_snapshot_absent,raw_provenance,SQLite rows exist,0,C,no local saved TotoBrief detail snapshot was found,
WARN,3023,2734,2021,immutable_result_snapshot_absent,drawing_result_snapshots,0,,C,no immutable result snapshot and no local RAW result evidence,
WARN,3024,2736,2021,raw_snapshot_absent,raw_provenance,SQLite rows exist,0,C,no local saved TotoBrief detail snapshot was found,
WARN,3024,2736,2021,immutable_result_snapshot_absent,drawing_result_snapshots,0,,C,no immutable result snapshot and no local RAW result evidence,
WARN,3025,2741,2021,raw_snapshot_absent,raw_provenance,SQLite rows exist,0,C,no local saved TotoBrief detail snapshot was found,
WARN,3025,2741,2021,immutable_result_snapshot_absent,drawing_result_snapshots,0,,C,no immutable result snapshot and no local RAW result evidence,
WARN,3026,2744,2021,raw_snapshot_absent,raw_provenance,SQLite rows exist,0,C,no local saved TotoBrief detail snapshot was found,
WARN,3026,2744,2021,immutable_result_snapshot_absent,drawing_result_snapshots,0,,C,no immutable result snapshot and no local RAW result evidence,
WARN,3027,2745,2021,raw_snapshot_absent,raw_provenance,SQLite rows exist,0,C,no local saved TotoBrief detail snapshot was found,
WARN,3027,2745,2021,immutable_result_snapshot_absent,drawing_result_snapshots,0,,C,no immutable result snapshot and no local RAW result evidence,
WARN,3028,2750,2021,raw_snapshot_absent,raw_provenance,SQLite rows exist,0,C,no local saved TotoBrief detail snapshot was found,
WARN,3028,2750,2021,immutable_result_snapshot_absent,drawing_result_snapshots,0,,C,no immutable result snapshot and no local RAW result evidence,
ERROR,3029,2752,2021,pool_quotes_incomplete,quotes.pool,0/15,,C,no local RAW/API snapshot is available,
WARN,3029,2752,2021,raw_snapshot_absent,raw_provenance,SQLite rows exist,0,C,no local saved TotoBrief detail snapshot was found,
WARN,3029,2752,2021,immutable_result_snapshot_absent,drawing_result_snapshots,0,,C,no immutable result snapshot and no local RAW result evidence,
WARN,3030,2754,2021,raw_snapshot_absent,raw_provenance,SQLite rows exist,0,C,no local saved TotoBrief detail snapshot was found,
WARN,3030,2754,2021,immutable_result_snapshot_absent,drawing_result_snapshots,0,,C,no immutable result snapshot and no local RAW result evidence,
WARN,3031,2758,2021,raw_snapshot_absent,raw_provenance,SQLite rows exist,0,C,no local saved TotoBrief detail snapshot was found,
WARN,3031,2758,2021,immutable_result_snapshot_absent,drawing_result_snapshots,0,,C,no immutable result snapshot and no local RAW result evidence,
WARN,3032,2759,2021,raw_snapshot_absent,raw_provenance,SQLite rows exist,0,C,no local saved TotoBrief detail snapshot was found,
WARN,3032,2759,2021,immutable_result_snapshot_absent,drawing_result_snapshots,0,,C,no immutable result snapshot and no local RAW result evidence,
WARN,3033,2764,2021,raw_snapshot_absent,raw_provenance,SQLite rows exist,0,C,no local saved TotoBrief detail snapshot was found,
WARN,3033,2764,2021,immutable_result_snapshot_absent,drawing_result_snapshots,0,,C,no immutable result snapshot and no local RAW result evidence,
WARN,3034,2765,2021,raw_snapshot_absent,raw_provenance,SQLite rows exist,0,C,no local saved TotoBrief detail snapshot was found,
WARN,3034,2765,2021,immutable_result_snapshot_absent,drawing_result_snapshots,0,,C,no immutable result snapshot and no local RAW result evidence,
ERROR,3035,2768,2021,finished_results_incomplete,events.result,"resolved=14,void=0,missing=1,invalid=0",,C,no local RAW/API snapshot is available,
WARN,3035,2768,2021,raw_snapshot_absent,raw_provenance,SQLite rows exist,0,C,no local saved TotoBrief detail snapshot was found,
WARN,3035,2768,2021,immutable_result_snapshot_absent,drawing_result_snapshots,0,,C,no immutable result snapshot and no local RAW result evidence,
WARN,3036,2770,2021,raw_snapshot_absent,raw_provenance,SQLite rows exist,0,C,no local saved TotoBrief detail snapshot was found,
WARN,3036,2770,2021,immutable_result_snapshot_absent,drawing_result_snapshots,0,,C,no immutable result snapshot and no local RAW result evidence,
WARN,3037,2773,2021,raw_snapshot_absent,raw_provenance,SQLite rows exist,0,C,no local saved TotoBrief detail snapshot was found,
WARN,3037,2773,2021,immutable_result_snapshot_absent,drawing_result_snapshots,0,,C,no immutable result snapshot and no local RAW result evidence,
WARN,3038,2775,2021,raw_snapshot_absent,raw_provenance,SQLite rows exist,0,C,no local saved TotoBrief detail snapshot was found,
WARN,3038,2775,2021,immutable_result_snapshot_absent,drawing_result_snapshots,0,,C,no immutable result snapshot and no local RAW result evidence,
WARN,3039,2779,2021,raw_snapshot_absent,raw_provenance,SQLite rows exist,0,C,no local saved TotoBrief detail snapshot was found,
WARN,3039,2779,2021,immutable_result_snapshot_absent,drawing_result_snapshots,0,,C,no immutable result snapshot and no local RAW result evidence,
WARN,3040,4391,2021,raw_snapshot_absent,raw_provenance,SQLite rows exist,0,C,no local saved TotoBrief detail snapshot was found,
WARN,3040,4391,2021,immutable_result_snapshot_absent,drawing_result_snapshots,0,,C,no immutable result snapshot and no local RAW result evidence,
WARN,3041,4395,2021,raw_snapshot_absent,raw_provenance,SQLite rows exist,0,C,no local saved TotoBrief detail snapshot was found,
WARN,3041,4395,2021,immutable_result_snapshot_absent,drawing_result_snapshots,0,,C,no immutable result snapshot and no local RAW result evidence,
WARN,3042,4398,2021,raw_snapshot_absent,raw_provenance,SQLite rows exist,0,C,no local saved TotoBrief detail snapshot was found,
WARN,3042,4398,2021,immutable_result_snapshot_absent,drawing_result_snapshots,0,,C,no immutable result snapshot and no local RAW result evidence,
WARN,3043,4402,2021,raw_snapshot_absent,raw_provenance,SQLite rows exist,0,C,no local saved TotoBrief detail snapshot was found,
WARN,3043,4402,2021,immutable_result_snapshot_absent,drawing_result_snapshots,0,,C,no immutable result snapshot and no local RAW result evidence,
WARN,3044,4407,2021,raw_snapshot_absent,raw_provenance,SQLite rows exist,0,C,no local saved TotoBrief detail snapshot was found,
WARN,3044,4407,2021,immutable_result_snapshot_absent,drawing_result_snapshots,0,,C,no immutable result snapshot and no local RAW result evidence,
WARN,3045,4414,2021,raw_snapshot_absent,raw_provenance,SQLite rows exist,0,C,no local saved TotoBrief detail snapshot was found,
WARN,3045,4414,2021,immutable_result_snapshot_absent,drawing_result_snapshots,0,,C,no immutable result snapshot and no local RAW result evidence,
WARN,3046,4419,2021,raw_snapshot_absent,raw_provenance,SQLite rows exist,0,C,no local saved TotoBrief detail snapshot was found,
WARN,3046,4419,2021,immutable_result_snapshot_absent,drawing_result_snapshots,0,,C,no immutable result snapshot and no local RAW result evidence,
WARN,3047,4423,2021,raw_snapshot_absent,raw_provenance,SQLite rows exist,0,C,no local saved TotoBrief detail snapshot was found,
WARN,3047,4423,2021,immutable_result_snapshot_absent,drawing_result_snapshots,0,,C,no immutable result snapshot and no local RAW result evidence,
ERROR,3048,4428,2021,finished_results_incomplete,events.result,"resolved=14,void=0,missing=1,invalid=0",,C,no local RAW/API snapshot is available,
WARN,3048,4428,2021,raw_snapshot_absent,raw_provenance,SQLite rows exist,0,C,no local saved TotoBrief detail snapshot was found,
WARN,3048,4428,2021,immutable_result_snapshot_absent,drawing_result_snapshots,0,,C,no immutable result snapshot and no local RAW result evidence,
WARN,3049,4434,2021,raw_snapshot_absent,raw_provenance,SQLite rows exist,0,C,no local saved TotoBrief detail snapshot was found,
WARN,3049,4434,2021,immutable_result_snapshot_absent,drawing_result_snapshots,0,,C,no immutable result snapshot and no local RAW result evidence,
WARN,3050,4438,2021,raw_snapshot_absent,raw_provenance,SQLite rows exist,0,C,no local saved TotoBrief detail snapshot was found,
WARN,3050,4438,2021,immutable_result_snapshot_absent,drawing_result_snapshots,0,,C,no immutable result snapshot and no local RAW result evidence,
WARN,3051,4445,2021,raw_snapshot_absent,raw_provenance,SQLite rows exist,0,C,no local saved TotoBrief detail snapshot was found,
WARN,3051,4445,2021,immutable_result_snapshot_absent,drawing_result_snapshots,0,,C,no immutable result snapshot and no local RAW result evidence,
WARN,3052,4452,2021,raw_snapshot_absent,raw_provenance,SQLite rows exist,0,C,no local saved TotoBrief detail snapshot was found,
WARN,3052,4452,2021,immutable_result_snapshot_absent,drawing_result_snapshots,0,,C,no immutable result snapshot and no local RAW result evidence,
ERROR,3053,4456,2021,finished_results_incomplete,events.result,"resolved=14,void=0,missing=1,invalid=0",,C,no local RAW/API snapshot is available,
WARN,3053,4456,2021,raw_snapshot_absent,raw_provenance,SQLite rows exist,0,C,no local saved TotoBrief detail snapshot was found,
WARN,3053,4456,2021,immutable_result_snapshot_absent,drawing_result_snapshots,0,,C,no immutable result snapshot and no local RAW result evidence,
WARN,3054,4461,2021,raw_snapshot_absent,raw_provenance,SQLite rows exist,0,C,no local saved TotoBrief detail snapshot was found,
WARN,3054,4461,2021,immutable_result_snapshot_absent,drawing_result_snapshots,0,,C,no immutable result snapshot and no local RAW result evidence,
WARN,3055,4468,2021,raw_snapshot_absent,raw_provenance,SQLite rows exist,0,C,no local saved TotoBrief detail snapshot was found,
WARN,3055,4468,2021,immutable_result_snapshot_absent,drawing_result_snapshots,0,,C,no immutable result snapshot and no local RAW result evidence,
WARN,3056,5904,2021,raw_snapshot_absent,raw_provenance,SQLite rows exist,0,C,no local saved TotoBrief detail snapshot was found,
WARN,3056,5904,2021,immutable_result_snapshot_absent,drawing_result_snapshots,0,,C,no immutable result snapshot and no local RAW result evidence,
WARN,3057,5908,2021,raw_snapshot_absent,raw_provenance,SQLite rows exist,0,C,no local saved TotoBrief detail snapshot was found,
WARN,3057,5908,2021,immutable_result_snapshot_absent,drawing_result_snapshots,0,,C,no immutable result snapshot and no local RAW result evidence,
WARN,3058,5914,2021,raw_snapshot_absent,raw_provenance,SQLite rows exist,0,C,no local saved TotoBrief detail snapshot was found,
WARN,3058,5914,2021,immutable_result_snapshot_absent,drawing_result_snapshots,0,,C,no immutable result snapshot and no local RAW result evidence,
WARN,3059,5920,2021,raw_snapshot_absent,raw_provenance,SQLite rows exist,0,C,no local saved TotoBrief detail snapshot was found,
WARN,3059,5920,2021,immutable_result_snapshot_absent,drawing_result_snapshots,0,,C,no immutable result snapshot and no local RAW result evidence,
WARN,3060,5925,2021,raw_snapshot_absent,raw_provenance,SQLite rows exist,0,C,no local saved TotoBrief detail snapshot was found,
WARN,3060,5925,2021,immutable_result_snapshot_absent,drawing_result_snapshots,0,,C,no immutable result snapshot and no local RAW result evidence,
WARN,3061,5932,2021,raw_snapshot_absent,raw_provenance,SQLite rows exist,0,C,no local saved TotoBrief detail snapshot was found,
WARN,3061,5932,2021,immutable_result_snapshot_absent,drawing_result_snapshots,0,,C,no immutable result snapshot and no local RAW result evidence,
WARN,3062,5937,2021,raw_snapshot_absent,raw_provenance,SQLite rows exist,0,C,no local saved TotoBrief detail snapshot was found,
WARN,3062,5937,2021,immutable_result_snapshot_absent,drawing_result_snapshots,0,,C,no immutable result snapshot and no local RAW result evidence,
ERROR,3063,5941,2021,finished_results_incomplete,events.result,"resolved=14,void=0,missing=1,invalid=0",,C,no local RAW/API snapshot is available,
WARN,3063,5941,2021,raw_snapshot_absent,raw_provenance,SQLite rows exist,0,C,no local saved TotoBrief detail snapshot was found,
WARN,3063,5941,2021,immutable_result_snapshot_absent,drawing_result_snapshots,0,,C,no immutable result snapshot and no local RAW result evidence,
WARN,3064,5948,2021,raw_snapshot_absent,raw_provenance,SQLite rows exist,0,C,no local saved TotoBrief detail snapshot was found,
WARN,3064,5948,2021,immutable_result_snapshot_absent,drawing_result_snapshots,0,,C,no immutable result snapshot and no local RAW result evidence,
WARN,3065,5954,2021,raw_snapshot_absent,raw_provenance,SQLite rows exist,0,C,no local saved TotoBrief detail snapshot was found,
WARN,3065,5954,2021,immutable_result_snapshot_absent,drawing_result_snapshots,0,,C,no immutable result snapshot and no local RAW result evidence,
WARN,3066,5959,2021,raw_snapshot_absent,raw_provenance,SQLite rows exist,0,C,no local saved TotoBrief detail snapshot was found,
WARN,3066,5959,2021,immutable_result_snapshot_absent,drawing_result_snapshots,0,,C,no immutable result snapshot and no local RAW result evidence,
WARN,3067,5966,2021,raw_snapshot_absent,raw_provenance,SQLite rows exist,0,C,no local saved TotoBrief detail snapshot was found,
WARN,3067,5966,2021,immutable_result_snapshot_absent,drawing_result_snapshots,0,,C,no immutable result snapshot and no local RAW result evidence,
WARN,3068,5972,2021,raw_snapshot_absent,raw_provenance,SQLite rows exist,0,C,no local saved TotoBrief detail snapshot was found,
WARN,3068,5972,2021,immutable_result_snapshot_absent,drawing_result_snapshots,0,,C,no immutable result snapshot and no local RAW result evidence,
WARN,3069,5976,2021,raw_snapshot_absent,raw_provenance,SQLite rows exist,0,C,no local saved TotoBrief detail snapshot was found,
WARN,3069,5976,2021,immutable_result_snapshot_absent,drawing_result_snapshots,0,,C,no immutable result snapshot and no local RAW result evidence,
WARN,3070,5980,2021,raw_snapshot_absent,raw_provenance,SQLite rows exist,0,C,no local saved TotoBrief detail snapshot was found,
WARN,3070,5980,2021,immutable_result_snapshot_absent,drawing_result_snapshots,0,,C,no immutable result snapshot and no local RAW result evidence,
WARN,3071,5987,2021,raw_snapshot_absent,raw_provenance,SQLite rows exist,0,C,no local saved TotoBrief detail snapshot was found,
WARN,3071,5987,2021,immutable_result_snapshot_absent,drawing_result_snapshots,0,,C,no immutable result snapshot and no local RAW result evidence,
WARN,3072,5991,2021,raw_snapshot_absent,raw_provenance,SQLite rows exist,0,C,no local saved TotoBrief detail snapshot was found,
WARN,3072,5991,2021,immutable_result_snapshot_absent,drawing_result_snapshots,0,,C,no immutable result snapshot and no local RAW result evidence,
WARN,3073,5997,2021,raw_snapshot_absent,raw_provenance,SQLite rows exist,0,C,no local saved TotoBrief detail snapshot was found,
WARN,3073,5997,2021,immutable_result_snapshot_absent,drawing_result_snapshots,0,,C,no immutable result snapshot and no local RAW result evidence,
WARN,3074,6002,2021,raw_snapshot_absent,raw_provenance,SQLite rows exist,0,C,no local saved TotoBrief detail snapshot was found,
WARN,3074,6002,2021,immutable_result_snapshot_absent,drawing_result_snapshots,0,,C,no immutable result snapshot and no local RAW result evidence,
WARN,3075,6008,2021,raw_snapshot_absent,raw_provenance,SQLite rows exist,0,C,no local saved TotoBrief detail snapshot was found,
WARN,3075,6008,2021,immutable_result_snapshot_absent,drawing_result_snapshots,0,,C,no immutable result snapshot and no local RAW result evidence,
WARN,3076,6014,2021,raw_snapshot_absent,raw_provenance,SQLite rows exist,0,C,no local saved TotoBrief detail snapshot was found,
WARN,3076,6014,2021,immutable_result_snapshot_absent,drawing_result_snapshots,0,,C,no immutable result snapshot and no local RAW result evidence,
WARN,3077,6018,2021,raw_snapshot_absent,raw_provenance,SQLite rows exist,0,C,no local saved TotoBrief detail snapshot was found,
WARN,3077,6018,2021,immutable_result_snapshot_absent,drawing_result_snapshots,0,,C,no immutable result snapshot and no local RAW result evidence,
ERROR,3078,6021,2021,finished_results_incomplete,events.result,"resolved=14,void=0,missing=1,invalid=0",,C,no local RAW/API snapshot is available,
WARN,3078,6021,2021,raw_snapshot_absent,raw_provenance,SQLite rows exist,0,C,no local saved TotoBrief detail snapshot was found,
WARN,3078,6021,2021,immutable_result_snapshot_absent,drawing_result_snapshots,0,,C,no immutable result snapshot and no local RAW result evidence,
WARN,3079,6027,2021,raw_snapshot_absent,raw_provenance,SQLite rows exist,0,C,no local saved TotoBrief detail snapshot was found,
WARN,3079,6027,2021,immutable_result_snapshot_absent,drawing_result_snapshots,0,,C,no immutable result snapshot and no local RAW result evidence,
WARN,3080,6032,2021,raw_snapshot_absent,raw_provenance,SQLite rows exist,0,C,no local saved TotoBrief detail snapshot was found,
WARN,3080,6032,2021,immutable_result_snapshot_absent,drawing_result_snapshots,0,,C,no immutable result snapshot and no local RAW result evidence,
WARN,3081,6038,2021,raw_snapshot_absent,raw_provenance,SQLite rows exist,0,C,no local saved TotoBrief detail snapshot was found,
WARN,3081,6038,2021,immutable_result_snapshot_absent,drawing_result_snapshots,0,,C,no immutable result snapshot and no local RAW result evidence,
WARN,3082,6044,2021,raw_snapshot_absent,raw_provenance,SQLite rows exist,0,C,no local saved TotoBrief detail snapshot was found,
WARN,3082,6044,2021,immutable_result_snapshot_absent,drawing_result_snapshots,0,,C,no immutable result snapshot and no local RAW result evidence,
WARN,3083,6048,2021,raw_snapshot_absent,raw_provenance,SQLite rows exist,0,C,no local saved TotoBrief detail snapshot was found,
WARN,3083,6048,2021,immutable_result_snapshot_absent,drawing_result_snapshots,0,,C,no immutable result snapshot and no local RAW result evidence,
WARN,3084,6051,2021,raw_snapshot_absent,raw_provenance,SQLite rows exist,0,C,no local saved TotoBrief detail snapshot was found,
WARN,3084,6051,2021,immutable_result_snapshot_absent,drawing_result_snapshots,0,,C,no immutable result snapshot and no local RAW result evidence,
ERROR,3085,6056,2021,finished_results_incomplete,events.result,"resolved=14,void=0,missing=1,invalid=0",,C,no local RAW/API snapshot is available,
WARN,3085,6056,2021,raw_snapshot_absent,raw_provenance,SQLite rows exist,0,C,no local saved TotoBrief detail snapshot was found,
WARN,3085,6056,2021,immutable_result_snapshot_absent,drawing_result_snapshots,0,,C,no immutable result snapshot and no local RAW result evidence,
WARN,3086,6059,2021,raw_snapshot_absent,raw_provenance,SQLite rows exist,0,C,no local saved TotoBrief detail snapshot was found,
WARN,3086,6059,2021,immutable_result_snapshot_absent,drawing_result_snapshots,0,,C,no immutable result snapshot and no local RAW result evidence,
WARN,3087,6063,2021,raw_snapshot_absent,raw_provenance,SQLite rows exist,0,C,no local saved TotoBrief detail snapshot was found,
WARN,3087,6063,2021,immutable_result_snapshot_absent,drawing_result_snapshots,0,,C,no immutable result snapshot and no local RAW result evidence,
WARN,3088,6066,2021,raw_snapshot_absent,raw_provenance,SQLite rows exist,0,C,no local saved TotoBrief detail snapshot was found,
WARN,3088,6066,2021,immutable_result_snapshot_absent,drawing_result_snapshots,0,,C,no immutable result snapshot and no local RAW result evidence,
WARN,3089,6074,2021,raw_snapshot_absent,raw_provenance,SQLite rows exist,0,C,no local saved TotoBrief detail snapshot was found,
WARN,3089,6074,2021,immutable_result_snapshot_absent,drawing_result_snapshots,0,,C,no immutable result snapshot and no local RAW result evidence,
WARN,3090,6077,2021,raw_snapshot_absent,raw_provenance,SQLite rows exist,0,C,no local saved TotoBrief detail snapshot was found,
WARN,3090,6077,2021,immutable_result_snapshot_absent,drawing_result_snapshots,0,,C,no immutable result snapshot and no local RAW result evidence,
WARN,3091,6080,2021,raw_snapshot_absent,raw_provenance,SQLite rows exist,0,C,no local saved TotoBrief detail snapshot was found,
WARN,3091,6080,2021,immutable_result_snapshot_absent,drawing_result_snapshots,0,,C,no immutable result snapshot and no local RAW result evidence,
WARN,3092,6085,2021,raw_snapshot_absent,raw_provenance,SQLite rows exist,0,C,no local saved TotoBrief detail snapshot was found,
WARN,3092,6085,2021,immutable_result_snapshot_absent,drawing_result_snapshots,0,,C,no immutable result snapshot and no local RAW result evidence,
WARN,3093,6090,2021,raw_snapshot_absent,raw_provenance,SQLite rows exist,0,C,no local saved TotoBrief detail snapshot was found,
WARN,3093,6090,2021,immutable_result_snapshot_absent,drawing_result_snapshots,0,,C,no immutable result snapshot and no local RAW result evidence,
WARN,3094,6092,2021,raw_snapshot_absent,raw_provenance,SQLite rows exist,0,C,no local saved TotoBrief detail snapshot was found,
WARN,3094,6092,2021,immutable_result_snapshot_absent,drawing_result_snapshots,0,,C,no immutable result snapshot and no local RAW result evidence,
WARN,3095,6100,2021,raw_snapshot_absent,raw_provenance,SQLite rows exist,0,C,no local saved TotoBrief detail snapshot was found,
WARN,3095,6100,2021,immutable_result_snapshot_absent,drawing_result_snapshots,0,,C,no immutable result snapshot and no local RAW result evidence,
WARN,3096,6103,2021,raw_snapshot_absent,raw_provenance,SQLite rows exist,0,C,no local saved TotoBrief detail snapshot was found,
WARN,3096,6103,2021,immutable_result_snapshot_absent,drawing_result_snapshots,0,,C,no immutable result snapshot and no local RAW result evidence,
WARN,3097,6105,2021,raw_snapshot_absent,raw_provenance,SQLite rows exist,0,C,no local saved TotoBrief detail snapshot was found,
WARN,3097,6105,2021,immutable_result_snapshot_absent,drawing_result_snapshots,0,,C,no immutable result snapshot and no local RAW result evidence,
WARN,3098,6112,2021,raw_snapshot_absent,raw_provenance,SQLite rows exist,0,C,no local saved TotoBrief detail snapshot was found,
WARN,3098,6112,2021,immutable_result_snapshot_absent,drawing_result_snapshots,0,,C,no immutable result snapshot and no local RAW result evidence,
WARN,3099,6116,2021,raw_snapshot_absent,raw_provenance,SQLite rows exist,0,C,no local saved TotoBrief detail snapshot was found,
WARN,3099,6116,2021,immutable_result_snapshot_absent,drawing_result_snapshots,0,,C,no immutable result snapshot and no local RAW result evidence,
WARN,3100,6119,2021,raw_snapshot_absent,raw_provenance,SQLite rows exist,0,C,no local saved TotoBrief detail snapshot was found,
WARN,3100,6119,2021,immutable_result_snapshot_absent,drawing_result_snapshots,0,,C,no immutable result snapshot and no local RAW result evidence,
WARN,3101,6125,2021,raw_snapshot_absent,raw_provenance,SQLite rows exist,0,C,no local saved TotoBrief detail snapshot was found,
WARN,3101,6125,2021,immutable_result_snapshot_absent,drawing_result_snapshots,0,,C,no immutable result snapshot and no local RAW result evidence,
WARN,3102,6130,2021,raw_snapshot_absent,raw_provenance,SQLite rows exist,0,C,no local saved TotoBrief detail snapshot was found,
WARN,3102,6130,2021,immutable_result_snapshot_absent,drawing_result_snapshots,0,,C,no immutable result snapshot and no local RAW result evidence,
WARN,3103,6133,2021,raw_snapshot_absent,raw_provenance,SQLite rows exist,0,C,no local saved TotoBrief detail snapshot was found,
WARN,3103,6133,2021,immutable_result_snapshot_absent,drawing_result_snapshots,0,,C,no immutable result snapshot and no local RAW result evidence,
WARN,3104,6137,2021,raw_snapshot_absent,raw_provenance,SQLite rows exist,0,C,no local saved TotoBrief detail snapshot was found,
WARN,3104,6137,2021,immutable_result_snapshot_absent,drawing_result_snapshots,0,,C,no immutable result snapshot and no local RAW result evidence,
WARN,3105,6143,2021,raw_snapshot_absent,raw_provenance,SQLite rows exist,0,C,no local saved TotoBrief detail snapshot was found,
WARN,3105,6143,2021,immutable_result_snapshot_absent,drawing_result_snapshots,0,,C,no immutable result snapshot and no local RAW result evidence,
WARN,3106,6147,2021,raw_snapshot_absent,raw_provenance,SQLite rows exist,0,C,no local saved TotoBrief detail snapshot was found,
WARN,3106,6147,2021,immutable_result_snapshot_absent,drawing_result_snapshots,0,,C,no immutable result snapshot and no local RAW result evidence,
WARN,3107,6150,2021,raw_snapshot_absent,raw_provenance,SQLite rows exist,0,C,no local saved TotoBrief detail snapshot was found,
WARN,3107,6150,2021,immutable_result_snapshot_absent,drawing_result_snapshots,0,,C,no immutable result snapshot and no local RAW result evidence,
WARN,3108,6154,2021,raw_snapshot_absent,raw_provenance,SQLite rows exist,0,C,no local saved TotoBrief detail snapshot was found,
WARN,3108,6154,2021,immutable_result_snapshot_absent,drawing_result_snapshots,0,,C,no immutable result snapshot and no local RAW result evidence,
WARN,3109,6160,2021,raw_snapshot_absent,raw_provenance,SQLite rows exist,0,C,no local saved TotoBrief detail snapshot was found,
WARN,3109,6160,2021,immutable_result_snapshot_absent,drawing_result_snapshots,0,,C,no immutable result snapshot and no local RAW result evidence,
WARN,3110,6165,2021,raw_snapshot_absent,raw_provenance,SQLite rows exist,0,C,no local saved TotoBrief detail snapshot was found,
WARN,3110,6165,2021,immutable_result_snapshot_absent,drawing_result_snapshots,0,,C,no immutable result snapshot and no local RAW result evidence,
WARN,3111,6171,2021,raw_snapshot_absent,raw_provenance,SQLite rows exist,0,C,no local saved TotoBrief detail snapshot was found,
WARN,3111,6171,2021,immutable_result_snapshot_absent,drawing_result_snapshots,0,,C,no immutable result snapshot and no local RAW result evidence,
ERROR,3112,6173,2021,finished_results_incomplete,events.result,"resolved=14,void=0,missing=1,invalid=0",,C,no local RAW/API snapshot is available,
WARN,3112,6173,2021,raw_snapshot_absent,raw_provenance,SQLite rows exist,0,C,no local saved TotoBrief detail snapshot was found,
WARN,3112,6173,2021,immutable_result_snapshot_absent,drawing_result_snapshots,0,,C,no immutable result snapshot and no local RAW result evidence,
WARN,3113,6179,2021,raw_snapshot_absent,raw_provenance,SQLite rows exist,0,C,no local saved TotoBrief detail snapshot was found,
WARN,3113,6179,2021,immutable_result_snapshot_absent,drawing_result_snapshots,0,,C,no immutable result snapshot and no local RAW result evidence,
WARN,3114,6182,2021,raw_snapshot_absent,raw_provenance,SQLite rows exist,0,C,no local saved TotoBrief detail snapshot was found,
WARN,3114,6182,2021,immutable_result_snapshot_absent,drawing_result_snapshots,0,,C,no immutable result snapshot and no local RAW result evidence,
WARN,3115,6185,2021,raw_snapshot_absent,raw_provenance,SQLite rows exist,0,C,no local saved TotoBrief detail snapshot was found,
WARN,3115,6185,2021,immutable_result_snapshot_absent,drawing_result_snapshots,0,,C,no immutable result snapshot and no local RAW result evidence,
WARN,3116,6190,2021,raw_snapshot_absent,raw_provenance,SQLite rows exist,0,C,no local saved TotoBrief detail snapshot was found,
WARN,3116,6190,2021,immutable_result_snapshot_absent,drawing_result_snapshots,0,,C,no immutable result snapshot and no local RAW result evidence,
ERROR,3117,6194,2021,pool_quotes_incomplete,quotes.pool,0/15,,C,no local RAW/API snapshot is available,
WARN,3117,6194,2021,raw_snapshot_absent,raw_provenance,SQLite rows exist,0,C,no local saved TotoBrief detail snapshot was found,
WARN,3117,6194,2021,immutable_result_snapshot_absent,drawing_result_snapshots,0,,C,no immutable result snapshot and no local RAW result evidence,
WARN,3118,6199,2021,raw_snapshot_absent,raw_provenance,SQLite rows exist,0,C,no local saved TotoBrief detail snapshot was found,
WARN,3118,6199,2021,immutable_result_snapshot_absent,drawing_result_snapshots,0,,C,no immutable result snapshot and no local RAW result evidence,
ERROR,3119,6204,2021,pool_quotes_incomplete,quotes.pool,0/15,,C,no local RAW/API snapshot is available,
WARN,3119,6204,2021,raw_snapshot_absent,raw_provenance,SQLite rows exist,0,C,no local saved TotoBrief detail snapshot was found,
WARN,3119,6204,2021,immutable_result_snapshot_absent,drawing_result_snapshots,0,,C,no immutable result snapshot and no local RAW result evidence,
WARN,3120,6207,2021,raw_snapshot_absent,raw_provenance,SQLite rows exist,0,C,no local saved TotoBrief detail snapshot was found,
WARN,3120,6207,2021,immutable_result_snapshot_absent,drawing_result_snapshots,0,,C,no immutable result snapshot and no local RAW result evidence,
WARN,3121,6212,2021,raw_snapshot_absent,raw_provenance,SQLite rows exist,0,C,no local saved TotoBrief detail snapshot was found,
WARN,3121,6212,2021,immutable_result_snapshot_absent,drawing_result_snapshots,0,,C,no immutable result snapshot and no local RAW result evidence,
ERROR,3122,6215,2021,finished_results_incomplete,events.result,"resolved=14,void=0,missing=1,invalid=0",,C,no local RAW/API snapshot is available,
WARN,3122,6215,2021,raw_snapshot_absent,raw_provenance,SQLite rows exist,0,C,no local saved TotoBrief detail snapshot was found,
WARN,3122,6215,2021,immutable_result_snapshot_absent,drawing_result_snapshots,0,,C,no immutable result snapshot and no local RAW result evidence,
WARN,3123,6222,2021,raw_snapshot_absent,raw_provenance,SQLite rows exist,0,C,no local saved TotoBrief detail snapshot was found,
WARN,3123,6222,2021,immutable_result_snapshot_absent,drawing_result_snapshots,0,,C,no immutable result snapshot and no local RAW result evidence,
WARN,3124,6227,2021,raw_snapshot_absent,raw_provenance,SQLite rows exist,0,C,no local saved TotoBrief detail snapshot was found,
WARN,3124,6227,2021,immutable_result_snapshot_absent,drawing_result_snapshots,0,,C,no immutable result snapshot and no local RAW result evidence,
WARN,3125,6229,2021,raw_snapshot_absent,raw_provenance,SQLite rows exist,0,C,no local saved TotoBrief detail snapshot was found,
WARN,3125,6229,2021,immutable_result_snapshot_absent,drawing_result_snapshots,0,,C,no immutable result snapshot and no local RAW result evidence,
WARN,3126,6234,2021,raw_snapshot_absent,raw_provenance,SQLite rows exist,0,C,no local saved TotoBrief detail snapshot was found,
WARN,3126,6234,2021,immutable_result_snapshot_absent,drawing_result_snapshots,0,,C,no immutable result snapshot and no local RAW result evidence,
WARN,3127,6239,2021,raw_snapshot_absent,raw_provenance,SQLite rows exist,0,C,no local saved TotoBrief detail snapshot was found,
WARN,3127,6239,2021,immutable_result_snapshot_absent,drawing_result_snapshots,0,,C,no immutable result snapshot and no local RAW result evidence,
WARN,3128,6241,2021,raw_snapshot_absent,raw_provenance,SQLite rows exist,0,C,no local saved TotoBrief detail snapshot was found,
WARN,3128,6241,2021,immutable_result_snapshot_absent,drawing_result_snapshots,0,,C,no immutable result snapshot and no local RAW result evidence,
WARN,3129,6243,2021,raw_snapshot_absent,raw_provenance,SQLite rows exist,0,C,no local saved TotoBrief detail snapshot was found,
WARN,3129,6243,2021,immutable_result_snapshot_absent,drawing_result_snapshots,0,,C,no immutable result snapshot and no local RAW result evidence,
ERROR,3130,6251,2021,finished_results_incomplete,events.result,"resolved=14,void=0,missing=1,invalid=0",,C,no local RAW/API snapshot is available,
WARN,3130,6251,2021,raw_snapshot_absent,raw_provenance,SQLite rows exist,0,C,no local saved TotoBrief detail snapshot was found,
WARN,3130,6251,2021,immutable_result_snapshot_absent,drawing_result_snapshots,0,,C,no immutable result snapshot and no local RAW result evidence,
WARN,3131,6256,2021,raw_snapshot_absent,raw_provenance,SQLite rows exist,0,C,no local saved TotoBrief detail snapshot was found,
WARN,3131,6256,2021,immutable_result_snapshot_absent,drawing_result_snapshots,0,,C,no immutable result snapshot and no local RAW result evidence,
ERROR,3132,6259,2021,pool_quotes_incomplete,quotes.pool,0/15,,C,no local RAW/API snapshot is available,
WARN,3132,6259,2021,raw_snapshot_absent,raw_provenance,SQLite rows exist,0,C,no local saved TotoBrief detail snapshot was found,
WARN,3132,6259,2021,immutable_result_snapshot_absent,drawing_result_snapshots,0,,C,no immutable result snapshot and no local RAW result evidence,
WARN,3133,6263,2021,raw_snapshot_absent,raw_provenance,SQLite rows exist,0,C,no local saved TotoBrief detail snapshot was found,
WARN,3133,6263,2021,immutable_result_snapshot_absent,drawing_result_snapshots,0,,C,no immutable result snapshot and no local RAW result evidence,
WARN,3134,6268,2021,raw_snapshot_absent,raw_provenance,SQLite rows exist,0,C,no local saved TotoBrief detail snapshot was found,
WARN,3134,6268,2021,immutable_result_snapshot_absent,drawing_result_snapshots,0,,C,no immutable result snapshot and no local RAW result evidence,
WARN,3135,6272,2021,raw_snapshot_absent,raw_provenance,SQLite rows exist,0,C,no local saved TotoBrief detail snapshot was found,
WARN,3135,6272,2021,immutable_result_snapshot_absent,drawing_result_snapshots,0,,C,no immutable result snapshot and no local RAW result evidence,
ERROR,3136,6276,2021,finished_results_incomplete,events.result,"resolved=14,void=0,missing=1,invalid=0",,C,no local RAW/API snapshot is available,
WARN,3136,6276,2021,raw_snapshot_absent,raw_provenance,SQLite rows exist,0,C,no local saved TotoBrief detail snapshot was found,
WARN,3136,6276,2021,immutable_result_snapshot_absent,drawing_result_snapshots,0,,C,no immutable result snapshot and no local RAW result evidence,
WARN,3137,6283,2021,raw_snapshot_absent,raw_provenance,SQLite rows exist,0,C,no local saved TotoBrief detail snapshot was found,
WARN,3137,6283,2021,immutable_result_snapshot_absent,drawing_result_snapshots,0,,C,no immutable result snapshot and no local RAW result evidence,
WARN,3138,6288,2021,raw_snapshot_absent,raw_provenance,SQLite rows exist,0,C,no local saved TotoBrief detail snapshot was found,
WARN,3138,6288,2021,immutable_result_snapshot_absent,drawing_result_snapshots,0,,C,no immutable result snapshot and no local RAW result evidence,
WARN,3139,6293,2021,raw_snapshot_absent,raw_provenance,SQLite rows exist,0,C,no local saved TotoBrief detail snapshot was found,
WARN,3139,6293,2021,immutable_result_snapshot_absent,drawing_result_snapshots,0,,C,no immutable result snapshot and no local RAW result evidence,
WARN,3140,6297,2021,raw_snapshot_absent,raw_provenance,SQLite rows exist,0,C,no local saved TotoBrief detail snapshot was found,
WARN,3140,6297,2021,immutable_result_snapshot_absent,drawing_result_snapshots,0,,C,no immutable result snapshot and no local RAW result evidence,
WARN,3141,6300,2021,raw_snapshot_absent,raw_provenance,SQLite rows exist,0,C,no local saved TotoBrief detail snapshot was found,
WARN,3141,6300,2021,immutable_result_snapshot_absent,drawing_result_snapshots,0,,C,no immutable result snapshot and no local RAW result evidence,
ERROR,3142,6304,2021,pool_quotes_incomplete,quotes.pool,0/15,,C,no local RAW/API snapshot is available,
WARN,3142,6304,2021,raw_snapshot_absent,raw_provenance,SQLite rows exist,0,C,no local saved TotoBrief detail snapshot was found,
WARN,3142,6304,2021,immutable_result_snapshot_absent,drawing_result_snapshots,0,,C,no immutable result snapshot and no local RAW result evidence,
WARN,3143,6312,2021,raw_snapshot_absent,raw_provenance,SQLite rows exist,0,C,no local saved TotoBrief detail snapshot was found,
WARN,3143,6312,2021,immutable_result_snapshot_absent,drawing_result_snapshots,0,,C,no immutable result snapshot and no local RAW result evidence,
WARN,3144,6317,2021,raw_snapshot_absent,raw_provenance,SQLite rows exist,0,C,no local saved TotoBrief detail snapshot was found,
WARN,3144,6317,2021,immutable_result_snapshot_absent,drawing_result_snapshots,0,,C,no immutable result snapshot and no local RAW result evidence,
ERROR,3145,6320,2021,pool_quotes_incomplete,quotes.pool,0/15,,C,no local RAW/API snapshot is available,
WARN,3145,6320,2021,raw_snapshot_absent,raw_provenance,SQLite rows exist,0,C,no local saved TotoBrief detail snapshot was found,
WARN,3145,6320,2021,immutable_result_snapshot_absent,drawing_result_snapshots,0,,C,no immutable result snapshot and no local RAW result evidence,
WARN,3146,6328,2021,raw_snapshot_absent,raw_provenance,SQLite rows exist,0,C,no local saved TotoBrief detail snapshot was found,
WARN,3146,6328,2021,immutable_result_snapshot_absent,drawing_result_snapshots,0,,C,no immutable result snapshot and no local RAW result evidence,
WARN,3147,6332,2021,raw_snapshot_absent,raw_provenance,SQLite rows exist,0,C,no local saved TotoBrief detail snapshot was found,
WARN,3147,6332,2021,immutable_result_snapshot_absent,drawing_result_snapshots,0,,C,no immutable result snapshot and no local RAW result evidence,
WARN,3148,6336,2021,raw_snapshot_absent,raw_provenance,SQLite rows exist,0,C,no local saved TotoBrief detail snapshot was found,
WARN,3148,6336,2021,immutable_result_snapshot_absent,drawing_result_snapshots,0,,C,no immutable result snapshot and no local RAW result evidence,
WARN,3149,6341,2021,raw_snapshot_absent,raw_provenance,SQLite rows exist,0,C,no local saved TotoBrief detail snapshot was found,
WARN,3149,6341,2021,immutable_result_snapshot_absent,drawing_result_snapshots,0,,C,no immutable result snapshot and no local RAW result evidence,
WARN,3150,6345,2021,raw_snapshot_absent,raw_provenance,SQLite rows exist,0,C,no local saved TotoBrief detail snapshot was found,
WARN,3150,6345,2021,immutable_result_snapshot_absent,drawing_result_snapshots,0,,C,no immutable result snapshot and no local RAW result evidence,
WARN,3151,6351,2021,raw_snapshot_absent,raw_provenance,SQLite rows exist,0,C,no local saved TotoBrief detail snapshot was found,
WARN,3151,6351,2021,immutable_result_snapshot_absent,drawing_result_snapshots,0,,C,no immutable result snapshot and no local RAW result evidence,
WARN,3152,6355,2021,raw_snapshot_absent,raw_provenance,SQLite rows exist,0,C,no local saved TotoBrief detail snapshot was found,
WARN,3152,6355,2021,immutable_result_snapshot_absent,drawing_result_snapshots,0,,C,no immutable result snapshot and no local RAW result evidence,
ERROR,3153,6361,2021,finished_results_incomplete,events.result,"resolved=14,void=0,missing=1,invalid=0",,C,no local RAW/API snapshot is available,
WARN,3153,6361,2021,raw_snapshot_absent,raw_provenance,SQLite rows exist,0,C,no local saved TotoBrief detail snapshot was found,
WARN,3153,6361,2021,immutable_result_snapshot_absent,drawing_result_snapshots,0,,C,no immutable result snapshot and no local RAW result evidence,
WARN,3154,6365,2021,raw_snapshot_absent,raw_provenance,SQLite rows exist,0,C,no local saved TotoBrief detail snapshot was found,
WARN,3154,6365,2021,immutable_result_snapshot_absent,drawing_result_snapshots,0,,C,no immutable result snapshot and no local RAW result evidence,
ERROR,3155,6368,2021,finished_results_incomplete,events.result,"resolved=14,void=0,missing=1,invalid=0",,C,no local RAW/API snapshot is available,
WARN,3155,6368,2021,raw_snapshot_absent,raw_provenance,SQLite rows exist,0,C,no local saved TotoBrief detail snapshot was found,
WARN,3155,6368,2021,immutable_result_snapshot_absent,drawing_result_snapshots,0,,C,no immutable result snapshot and no local RAW result evidence,
WARN,3156,6371,2021,raw_snapshot_absent,raw_provenance,SQLite rows exist,0,C,no local saved TotoBrief detail snapshot was found,
WARN,3156,6371,2021,immutable_result_snapshot_absent,drawing_result_snapshots,0,,C,no immutable result snapshot and no local RAW result evidence,
WARN,3157,6376,2021,raw_snapshot_absent,raw_provenance,SQLite rows exist,0,C,no local saved TotoBrief detail snapshot was found,
WARN,3157,6376,2021,immutable_result_snapshot_absent,drawing_result_snapshots,0,,C,no immutable result snapshot and no local RAW result evidence,
WARN,3158,6383,2021,raw_snapshot_absent,raw_provenance,SQLite rows exist,0,C,no local saved TotoBrief detail snapshot was found,
WARN,3158,6383,2021,immutable_result_snapshot_absent,drawing_result_snapshots,0,,C,no immutable result snapshot and no local RAW result evidence,
WARN,3159,6389,2021,raw_snapshot_absent,raw_provenance,SQLite rows exist,0,C,no local saved TotoBrief detail snapshot was found,
WARN,3159,6389,2021,immutable_result_snapshot_absent,drawing_result_snapshots,0,,C,no immutable result snapshot and no local RAW result evidence,
WARN,3160,6395,2021,raw_snapshot_absent,raw_provenance,SQLite rows exist,0,C,no local saved TotoBrief detail snapshot was found,
WARN,3160,6395,2021,immutable_result_snapshot_absent,drawing_result_snapshots,0,,C,no immutable result snapshot and no local RAW result evidence,
WARN,3161,6399,2021,raw_snapshot_absent,raw_provenance,SQLite rows exist,0,C,no local saved TotoBrief detail snapshot was found,
WARN,3161,6399,2021,immutable_result_snapshot_absent,drawing_result_snapshots,0,,C,no immutable result snapshot and no local RAW result evidence,
WARN,3162,6401,2021,raw_snapshot_absent,raw_provenance,SQLite rows exist,0,C,no local saved TotoBrief detail snapshot was found,
WARN,3162,6401,2021,immutable_result_snapshot_absent,drawing_result_snapshots,0,,C,no immutable result snapshot and no local RAW result evidence,
WARN,3163,6408,2021,raw_snapshot_absent,raw_provenance,SQLite rows exist,0,C,no local saved TotoBrief detail snapshot was found,
WARN,3163,6408,2021,immutable_result_snapshot_absent,drawing_result_snapshots,0,,C,no immutable result snapshot and no local RAW result evidence,
WARN,3164,6413,2021,raw_snapshot_absent,raw_provenance,SQLite rows exist,0,C,no local saved TotoBrief detail snapshot was found,
WARN,3164,6413,2021,immutable_result_snapshot_absent,drawing_result_snapshots,0,,C,no immutable result snapshot and no local RAW result evidence,
WARN,3165,6417,2021,raw_snapshot_absent,raw_provenance,SQLite rows exist,0,C,no local saved TotoBrief detail snapshot was found,
WARN,3165,6417,2021,immutable_result_snapshot_absent,drawing_result_snapshots,0,,C,no immutable result snapshot and no local RAW result evidence,
ERROR,3166,6426,2021,finished_results_incomplete,events.result,"resolved=14,void=0,missing=1,invalid=0",,C,no local RAW/API snapshot is available,
WARN,3166,6426,2021,raw_snapshot_absent,raw_provenance,SQLite rows exist,0,C,no local saved TotoBrief detail snapshot was found,
WARN,3166,6426,2021,immutable_result_snapshot_absent,drawing_result_snapshots,0,,C,no immutable result snapshot and no local RAW result evidence,
WARN,3167,6429,2021,raw_snapshot_absent,raw_provenance,SQLite rows exist,0,C,no local saved TotoBrief detail snapshot was found,
WARN,3167,6429,2021,immutable_result_snapshot_absent,drawing_result_snapshots,0,,C,no immutable result snapshot and no local RAW result evidence,
WARN,3168,6434,2021,raw_snapshot_absent,raw_provenance,SQLite rows exist,0,C,no local saved TotoBrief detail snapshot was found,
WARN,3168,6434,2021,immutable_result_snapshot_absent,drawing_result_snapshots,0,,C,no immutable result snapshot and no local RAW result evidence,
WARN,3169,6438,2021,raw_snapshot_absent,raw_provenance,SQLite rows exist,0,C,no local saved TotoBrief detail snapshot was found,
WARN,3169,6438,2021,immutable_result_snapshot_absent,drawing_result_snapshots,0,,C,no immutable result snapshot and no local RAW result evidence,
WARN,3170,6446,2021,raw_snapshot_absent,raw_provenance,SQLite rows exist,0,C,no local saved TotoBrief detail snapshot was found,
WARN,3170,6446,2021,immutable_result_snapshot_absent,drawing_result_snapshots,0,,C,no immutable result snapshot and no local RAW result evidence,
WARN,3171,6447,2021,raw_snapshot_absent,raw_provenance,SQLite rows exist,0,C,no local saved TotoBrief detail snapshot was found,
WARN,3171,6447,2021,immutable_result_snapshot_absent,drawing_result_snapshots,0,,C,no immutable result snapshot and no local RAW result evidence,
WARN,3172,6455,2021,raw_snapshot_absent,raw_provenance,SQLite rows exist,0,C,no local saved TotoBrief detail snapshot was found,
WARN,3172,6455,2021,immutable_result_snapshot_absent,drawing_result_snapshots,0,,C,no immutable result snapshot and no local RAW result evidence,
WARN,3173,6459,2021,raw_snapshot_absent,raw_provenance,SQLite rows exist,0,C,no local saved TotoBrief detail snapshot was found,
WARN,3173,6459,2021,immutable_result_snapshot_absent,drawing_result_snapshots,0,,C,no immutable result snapshot and no local RAW result evidence,
WARN,3174,6467,2021,raw_snapshot_absent,raw_provenance,SQLite rows exist,0,C,no local saved TotoBrief detail snapshot was found,
WARN,3174,6467,2021,immutable_result_snapshot_absent,drawing_result_snapshots,0,,C,no immutable result snapshot and no local RAW result evidence,
WARN,3175,6472,2021,raw_snapshot_absent,raw_provenance,SQLite rows exist,0,C,no local saved TotoBrief detail snapshot was found,
WARN,3175,6472,2021,immutable_result_snapshot_absent,drawing_result_snapshots,0,,C,no immutable result snapshot and no local RAW result evidence,
WARN,3176,6474,2021,raw_snapshot_absent,raw_provenance,SQLite rows exist,0,C,no local saved TotoBrief detail snapshot was found,
WARN,3176,6474,2021,immutable_result_snapshot_absent,drawing_result_snapshots,0,,C,no immutable result snapshot and no local RAW result evidence,
WARN,3177,6480,2021,raw_snapshot_absent,raw_provenance,SQLite rows exist,0,C,no local saved TotoBrief detail snapshot was found,
WARN,3177,6480,2021,immutable_result_snapshot_absent,drawing_result_snapshots,0,,C,no immutable result snapshot and no local RAW result evidence,
WARN,3178,6483,2021,raw_snapshot_absent,raw_provenance,SQLite rows exist,0,C,no local saved TotoBrief detail snapshot was found,
WARN,3178,6483,2021,immutable_result_snapshot_absent,drawing_result_snapshots,0,,C,no immutable result snapshot and no local RAW result evidence,
ERROR,3179,6491,2021,finished_results_incomplete,events.result,"resolved=14,void=0,missing=1,invalid=0",,C,no local RAW/API snapshot is available,
WARN,3179,6491,2021,raw_snapshot_absent,raw_provenance,SQLite rows exist,0,C,no local saved TotoBrief detail snapshot was found,
WARN,3179,6491,2021,immutable_result_snapshot_absent,drawing_result_snapshots,0,,C,no immutable result snapshot and no local RAW result evidence,
ERROR,3180,6496,2021,finished_results_incomplete,events.result,"resolved=14,void=0,missing=1,invalid=0",,C,no local RAW/API snapshot is available,
WARN,3180,6496,2021,raw_snapshot_absent,raw_provenance,SQLite rows exist,0,C,no local saved TotoBrief detail snapshot was found,
WARN,3180,6496,2021,immutable_result_snapshot_absent,drawing_result_snapshots,0,,C,no immutable result snapshot and no local RAW result evidence,
WARN,3181,6499,2021,raw_snapshot_absent,raw_provenance,SQLite rows exist,0,C,no local saved TotoBrief detail snapshot was found,
WARN,3181,6499,2021,immutable_result_snapshot_absent,drawing_result_snapshots,0,,C,no immutable result snapshot and no local RAW result evidence,
ERROR,3182,6504,2021,pool_quotes_incomplete,quotes.pool,0/15,,C,no local RAW/API snapshot is available,
ERROR,3182,6504,2021,finished_results_incomplete,events.result,"resolved=14,void=0,missing=1,invalid=0",,C,no local RAW/API snapshot is available,
WARN,3182,6504,2021,raw_snapshot_absent,raw_provenance,SQLite rows exist,0,C,no local saved TotoBrief detail snapshot was found,
WARN,3182,6504,2021,immutable_result_snapshot_absent,drawing_result_snapshots,0,,C,no immutable result snapshot and no local RAW result evidence,
ERROR,3183,6506,2021,finished_results_incomplete,events.result,"resolved=14,void=0,missing=1,invalid=0",,C,no local RAW/API snapshot is available,
WARN,3183,6506,2021,raw_snapshot_absent,raw_provenance,SQLite rows exist,0,C,no local saved TotoBrief detail snapshot was found,
WARN,3183,6506,2021,immutable_result_snapshot_absent,drawing_result_snapshots,0,,C,no immutable result snapshot and no local RAW result evidence,
WARN,3184,6511,2021,raw_snapshot_absent,raw_provenance,SQLite rows exist,0,C,no local saved TotoBrief detail snapshot was found,
WARN,3184,6511,2021,immutable_result_snapshot_absent,drawing_result_snapshots,0,,C,no immutable result snapshot and no local RAW result evidence,
WARN,3185,6516,2021,raw_snapshot_absent,raw_provenance,SQLite rows exist,0,C,no local saved TotoBrief detail snapshot was found,
WARN,3185,6516,2021,immutable_result_snapshot_absent,drawing_result_snapshots,0,,C,no immutable result snapshot and no local RAW result evidence,
WARN,3186,6518,2021,raw_snapshot_absent,raw_provenance,SQLite rows exist,0,C,no local saved TotoBrief detail snapshot was found,
WARN,3186,6518,2021,immutable_result_snapshot_absent,drawing_result_snapshots,0,,C,no immutable result snapshot and no local RAW result evidence,
WARN,3187,6526,2021,raw_snapshot_absent,raw_provenance,SQLite rows exist,0,C,no local saved TotoBrief detail snapshot was found,
WARN,3187,6526,2021,immutable_result_snapshot_absent,drawing_result_snapshots,0,,C,no immutable result snapshot and no local RAW result evidence,
WARN,3188,6531,2021,raw_snapshot_absent,raw_provenance,SQLite rows exist,0,C,no local saved TotoBrief detail snapshot was found,
WARN,3188,6531,2021,immutable_result_snapshot_absent,drawing_result_snapshots,0,,C,no immutable result snapshot and no local RAW result evidence,
WARN,3189,6536,2021,raw_snapshot_absent,raw_provenance,SQLite rows exist,0,C,no local saved TotoBrief detail snapshot was found,
WARN,3189,6536,2021,immutable_result_snapshot_absent,drawing_result_snapshots,0,,C,no immutable result snapshot and no local RAW result evidence,
WARN,3190,6541,2021,raw_snapshot_absent,raw_provenance,SQLite rows exist,0,C,no local saved TotoBrief detail snapshot was found,
WARN,3190,6541,2021,immutable_result_snapshot_absent,drawing_result_snapshots,0,,C,no immutable result snapshot and no local RAW result evidence,
WARN,3191,6545,2021,raw_snapshot_absent,raw_provenance,SQLite rows exist,0,C,no local saved TotoBrief detail snapshot was found,
WARN,3191,6545,2021,immutable_result_snapshot_absent,drawing_result_snapshots,0,,C,no immutable result snapshot and no local RAW result evidence,
WARN,3192,6549,2021,raw_snapshot_absent,raw_provenance,SQLite rows exist,0,C,no local saved TotoBrief detail snapshot was found,
WARN,3192,6549,2021,immutable_result_snapshot_absent,drawing_result_snapshots,0,,C,no immutable result snapshot and no local RAW result evidence,
WARN,3193,6554,2021,raw_snapshot_absent,raw_provenance,SQLite rows exist,0,C,no local saved TotoBrief detail snapshot was found,
WARN,3193,6554,2021,immutable_result_snapshot_absent,drawing_result_snapshots,0,,C,no immutable result snapshot and no local RAW result evidence,
WARN,3194,6559,2021,raw_snapshot_absent,raw_provenance,SQLite rows exist,0,C,no local saved TotoBrief detail snapshot was found,
WARN,3194,6559,2021,immutable_result_snapshot_absent,drawing_result_snapshots,0,,C,no immutable result snapshot and no local RAW result evidence,
WARN,3195,6565,2021,raw_snapshot_absent,raw_provenance,SQLite rows exist,0,C,no local saved TotoBrief detail snapshot was found,
WARN,3195,6565,2021,immutable_result_snapshot_absent,drawing_result_snapshots,0,,C,no immutable result snapshot and no local RAW result evidence,
WARN,3196,6571,2021,raw_snapshot_absent,raw_provenance,SQLite rows exist,0,C,no local saved TotoBrief detail snapshot was found,
WARN,3196,6571,2021,immutable_result_snapshot_absent,drawing_result_snapshots,0,,C,no immutable result snapshot and no local RAW result evidence,
WARN,3197,6574,2021,raw_snapshot_absent,raw_provenance,SQLite rows exist,0,C,no local saved TotoBrief detail snapshot was found,
WARN,3197,6574,2021,immutable_result_snapshot_absent,drawing_result_snapshots,0,,C,no immutable result snapshot and no local RAW result evidence,
WARN,3198,6578,2021,raw_snapshot_absent,raw_provenance,SQLite rows exist,0,C,no local saved TotoBrief detail snapshot was found,
WARN,3198,6578,2021,immutable_result_snapshot_absent,drawing_result_snapshots,0,,C,no immutable result snapshot and no local RAW result evidence,
WARN,3199,6585,2021,raw_snapshot_absent,raw_provenance,SQLite rows exist,0,C,no local saved TotoBrief detail snapshot was found,
WARN,3199,6585,2021,immutable_result_snapshot_absent,drawing_result_snapshots,0,,C,no immutable result snapshot and no local RAW result evidence,
WARN,3200,6589,2021,raw_snapshot_absent,raw_provenance,SQLite rows exist,0,C,no local saved TotoBrief detail snapshot was found,
WARN,3200,6589,2021,immutable_result_snapshot_absent,drawing_result_snapshots,0,,C,no immutable result snapshot and no local RAW result evidence,
WARN,3201,6593,2021,raw_snapshot_absent,raw_provenance,SQLite rows exist,0,C,no local saved TotoBrief detail snapshot was found,
WARN,3201,6593,2021,immutable_result_snapshot_absent,drawing_result_snapshots,0,,C,no immutable result snapshot and no local RAW result evidence,
WARN,3202,6599,2021,raw_snapshot_absent,raw_provenance,SQLite rows exist,0,C,no local saved TotoBrief detail snapshot was found,
WARN,3202,6599,2021,immutable_result_snapshot_absent,drawing_result_snapshots,0,,C,no immutable result snapshot and no local RAW result evidence,
WARN,3203,6605,2021,raw_snapshot_absent,raw_provenance,SQLite rows exist,0,C,no local saved TotoBrief detail snapshot was found,
WARN,3203,6605,2021,immutable_result_snapshot_absent,drawing_result_snapshots,0,,C,no immutable result snapshot and no local RAW result evidence,
ERROR,3204,6610,2021,pool_quotes_incomplete,quotes.pool,0/15,,C,no local RAW/API snapshot is available,
WARN,3204,6610,2021,raw_snapshot_absent,raw_provenance,SQLite rows exist,0,C,no local saved TotoBrief detail snapshot was found,
WARN,3204,6610,2021,immutable_result_snapshot_absent,drawing_result_snapshots,0,,C,no immutable result snapshot and no local RAW result evidence,
WARN,3205,6613,2021,raw_snapshot_absent,raw_provenance,SQLite rows exist,0,C,no local saved TotoBrief detail snapshot was found,
WARN,3205,6613,2021,immutable_result_snapshot_absent,drawing_result_snapshots,0,,C,no immutable result snapshot and no local RAW result evidence,
WARN,3206,6619,2021,raw_snapshot_absent,raw_provenance,SQLite rows exist,0,C,no local saved TotoBrief detail snapshot was found,
WARN,3206,6619,2021,immutable_result_snapshot_absent,drawing_result_snapshots,0,,C,no immutable result snapshot and no local RAW result evidence,
WARN,3207,6622,2021,raw_snapshot_absent,raw_provenance,SQLite rows exist,0,C,no local saved TotoBrief detail snapshot was found,
WARN,3207,6622,2021,immutable_result_snapshot_absent,drawing_result_snapshots,0,,C,no immutable result snapshot and no local RAW result evidence,
WARN,3208,6629,2021,raw_snapshot_absent,raw_provenance,SQLite rows exist,0,C,no local saved TotoBrief detail snapshot was found,
WARN,3208,6629,2021,immutable_result_snapshot_absent,drawing_result_snapshots,0,,C,no immutable result snapshot and no local RAW result evidence,
ERROR,3209,6634,2021,finished_results_incomplete,events.result,"resolved=14,void=0,missing=1,invalid=0",,C,no local RAW/API snapshot is available,
WARN,3209,6634,2021,raw_snapshot_absent,raw_provenance,SQLite rows exist,0,C,no local saved TotoBrief detail snapshot was found,
WARN,3209,6634,2021,immutable_result_snapshot_absent,drawing_result_snapshots,0,,C,no immutable result snapshot and no local RAW result evidence,
WARN,3210,6639,2021,raw_snapshot_absent,raw_provenance,SQLite rows exist,0,C,no local saved TotoBrief detail snapshot was found,
WARN,3210,6639,2021,immutable_result_snapshot_absent,drawing_result_snapshots,0,,C,no immutable result snapshot and no local RAW result evidence,
ERROR,3211,6641,2021,pool_quotes_incomplete,quotes.pool,0/15,,C,no local RAW/API snapshot is available,
ERROR,3211,6641,2021,finished_results_incomplete,events.result,"resolved=14,void=0,missing=1,invalid=0",,C,no local RAW/API snapshot is available,
WARN,3211,6641,2021,raw_snapshot_absent,raw_provenance,SQLite rows exist,0,C,no local saved TotoBrief detail snapshot was found,
WARN,3211,6641,2021,immutable_result_snapshot_absent,drawing_result_snapshots,0,,C,no immutable result snapshot and no local RAW result evidence,
WARN,3212,6647,2021,raw_snapshot_absent,raw_provenance,SQLite rows exist,0,C,no local saved TotoBrief detail snapshot was found,
WARN,3212,6647,2021,immutable_result_snapshot_absent,drawing_result_snapshots,0,,C,no immutable result snapshot and no local RAW result evidence,
WARN,3213,6651,2021,raw_snapshot_absent,raw_provenance,SQLite rows exist,0,C,no local saved TotoBrief detail snapshot was found,
WARN,3213,6651,2021,immutable_result_snapshot_absent,drawing_result_snapshots,0,,C,no immutable result snapshot and no local RAW result evidence,
WARN,3214,6656,2021,raw_snapshot_absent,raw_provenance,SQLite rows exist,0,C,no local saved TotoBrief detail snapshot was found,
WARN,3214,6656,2021,immutable_result_snapshot_absent,drawing_result_snapshots,0,,C,no immutable result snapshot and no local RAW result evidence,
WARN,3215,6662,2021,raw_snapshot_absent,raw_provenance,SQLite rows exist,0,C,no local saved TotoBrief detail snapshot was found,
WARN,3215,6662,2021,immutable_result_snapshot_absent,drawing_result_snapshots,0,,C,no immutable result snapshot and no local RAW result evidence,
ERROR,3216,6666,2021,pool_quotes_incomplete,quotes.pool,0/15,,C,no local RAW/API snapshot is available,
ERROR,3216,6666,2021,finished_results_incomplete,events.result,"resolved=14,void=0,missing=1,invalid=0",,C,no local RAW/API snapshot is available,
WARN,3216,6666,2021,raw_snapshot_absent,raw_provenance,SQLite rows exist,0,C,no local saved TotoBrief detail snapshot was found,
WARN,3216,6666,2021,immutable_result_snapshot_absent,drawing_result_snapshots,0,,C,no immutable result snapshot and no local RAW result evidence,
WARN,3217,6670,2021,raw_snapshot_absent,raw_provenance,SQLite rows exist,0,C,no local saved TotoBrief detail snapshot was found,
WARN,3217,6670,2021,immutable_result_snapshot_absent,drawing_result_snapshots,0,,C,no immutable result snapshot and no local RAW result evidence,
WARN,3218,6673,2021,raw_snapshot_absent,raw_provenance,SQLite rows exist,0,C,no local saved TotoBrief detail snapshot was found,
WARN,3218,6673,2021,immutable_result_snapshot_absent,drawing_result_snapshots,0,,C,no immutable result snapshot and no local RAW result evidence,
WARN,3219,6678,2021,raw_snapshot_absent,raw_provenance,SQLite rows exist,0,C,no local saved TotoBrief detail snapshot was found,
WARN,3219,6678,2021,immutable_result_snapshot_absent,drawing_result_snapshots,0,,C,no immutable result snapshot and no local RAW result evidence,
WARN,3220,6682,2021,raw_snapshot_absent,raw_provenance,SQLite rows exist,0,C,no local saved TotoBrief detail snapshot was found,
WARN,3220,6682,2021,immutable_result_snapshot_absent,drawing_result_snapshots,0,,C,no immutable result snapshot and no local RAW result evidence,
WARN,3221,6685,2021,raw_snapshot_absent,raw_provenance,SQLite rows exist,0,C,no local saved TotoBrief detail snapshot was found,
WARN,3221,6685,2021,immutable_result_snapshot_absent,drawing_result_snapshots,0,,C,no immutable result snapshot and no local RAW result evidence,
WARN,3222,6690,2021,raw_snapshot_absent,raw_provenance,SQLite rows exist,0,C,no local saved TotoBrief detail snapshot was found,
WARN,3222,6690,2021,immutable_result_snapshot_absent,drawing_result_snapshots,0,,C,no immutable result snapshot and no local RAW result evidence,
WARN,3223,6696,2021,raw_snapshot_absent,raw_provenance,SQLite rows exist,0,C,no local saved TotoBrief detail snapshot was found,
WARN,3223,6696,2021,immutable_result_snapshot_absent,drawing_result_snapshots,0,,C,no immutable result snapshot and no local RAW result evidence,
WARN,3224,6702,2021,raw_snapshot_absent,raw_provenance,SQLite rows exist,0,C,no local saved TotoBrief detail snapshot was found,
WARN,3224,6702,2021,immutable_result_snapshot_absent,drawing_result_snapshots,0,,C,no immutable result snapshot and no local RAW result evidence,
WARN,3225,6707,2021,raw_snapshot_absent,raw_provenance,SQLite rows exist,0,C,no local saved TotoBrief detail snapshot was found,
WARN,3225,6707,2021,immutable_result_snapshot_absent,drawing_result_snapshots,0,,C,no immutable result snapshot and no local RAW result evidence,
WARN,3226,6713,2021,raw_snapshot_absent,raw_provenance,SQLite rows exist,0,C,no local saved TotoBrief detail snapshot was found,
WARN,3226,6713,2021,immutable_result_snapshot_absent,drawing_result_snapshots,0,,C,no immutable result snapshot and no local RAW result evidence,
WARN,3227,6719,2021,raw_snapshot_absent,raw_provenance,SQLite rows exist,0,C,no local saved TotoBrief detail snapshot was found,
WARN,3227,6719,2021,immutable_result_snapshot_absent,drawing_result_snapshots,0,,C,no immutable result snapshot and no local RAW result evidence,
WARN,3228,6721,2021,raw_snapshot_absent,raw_provenance,SQLite rows exist,0,C,no local saved TotoBrief detail snapshot was found,
WARN,3228,6721,2021,immutable_result_snapshot_absent,drawing_result_snapshots,0,,C,no immutable result snapshot and no local RAW result evidence,
WARN,3229,6725,2021,raw_snapshot_absent,raw_provenance,SQLite rows exist,0,C,no local saved TotoBrief detail snapshot was found,
WARN,3229,6725,2021,immutable_result_snapshot_absent,drawing_result_snapshots,0,,C,no immutable result snapshot and no local RAW result evidence,
WARN,3230,6731,2021,raw_snapshot_absent,raw_provenance,SQLite rows exist,0,C,no local saved TotoBrief detail snapshot was found,
WARN,3230,6731,2021,immutable_result_snapshot_absent,drawing_result_snapshots,0,,C,no immutable result snapshot and no local RAW result evidence,
WARN,3231,6737,2021,raw_snapshot_absent,raw_provenance,SQLite rows exist,0,C,no local saved TotoBrief detail snapshot was found,
WARN,3231,6737,2021,immutable_result_snapshot_absent,drawing_result_snapshots,0,,C,no immutable result snapshot and no local RAW result evidence,
WARN,3232,6742,2021,raw_snapshot_absent,raw_provenance,SQLite rows exist,0,C,no local saved TotoBrief detail snapshot was found,
WARN,3232,6742,2021,immutable_result_snapshot_absent,drawing_result_snapshots,0,,C,no immutable result snapshot and no local RAW result evidence,
ERROR,3233,6745,2021,pool_quotes_incomplete,quotes.pool,0/15,,C,no local RAW/API snapshot is available,
WARN,3233,6745,2021,raw_snapshot_absent,raw_provenance,SQLite rows exist,0,C,no local saved TotoBrief detail snapshot was found,
WARN,3233,6745,2021,immutable_result_snapshot_absent,drawing_result_snapshots,0,,C,no immutable result snapshot and no local RAW result evidence,
WARN,3234,6752,2021,raw_snapshot_absent,raw_provenance,SQLite rows exist,0,C,no local saved TotoBrief detail snapshot was found,
WARN,3234,6752,2021,immutable_result_snapshot_absent,drawing_result_snapshots,0,,C,no immutable result snapshot and no local RAW result evidence,
WARN,3235,6755,2021,raw_snapshot_absent,raw_provenance,SQLite rows exist,0,C,no local saved TotoBrief detail snapshot was found,
WARN,3235,6755,2021,immutable_result_snapshot_absent,drawing_result_snapshots,0,,C,no immutable result snapshot and no local RAW result evidence,
ERROR,3236,6761,2021,finished_results_incomplete,events.result,"resolved=14,void=0,missing=1,invalid=0",,C,no local RAW/API snapshot is available,
WARN,3236,6761,2021,raw_snapshot_absent,raw_provenance,SQLite rows exist,0,C,no local saved TotoBrief detail snapshot was found,
WARN,3236,6761,2021,immutable_result_snapshot_absent,drawing_result_snapshots,0,,C,no immutable result snapshot and no local RAW result evidence,
WARN,3237,6766,2021,raw_snapshot_absent,raw_provenance,SQLite rows exist,0,C,no local saved TotoBrief detail snapshot was found,
WARN,3237,6766,2021,immutable_result_snapshot_absent,drawing_result_snapshots,0,,C,no immutable result snapshot and no local RAW result evidence,
WARN,3238,6771,2021,raw_snapshot_absent,raw_provenance,SQLite rows exist,0,C,no local saved TotoBrief detail snapshot was found,
WARN,3238,6771,2021,immutable_result_snapshot_absent,drawing_result_snapshots,0,,C,no immutable result snapshot and no local RAW result evidence,
WARN,3239,6775,2021,raw_snapshot_absent,raw_provenance,SQLite rows exist,0,C,no local saved TotoBrief detail snapshot was found,
WARN,3239,6775,2021,immutable_result_snapshot_absent,drawing_result_snapshots,0,,C,no immutable result snapshot and no local RAW result evidence,
WARN,3240,6779,2021,raw_snapshot_absent,raw_provenance,SQLite rows exist,0,C,no local saved TotoBrief detail snapshot was found,
WARN,3240,6779,2021,immutable_result_snapshot_absent,drawing_result_snapshots,0,,C,no immutable result snapshot and no local RAW result evidence,
WARN,3241,6783,2021,raw_snapshot_absent,raw_provenance,SQLite rows exist,0,C,no local saved TotoBrief detail snapshot was found,
WARN,3241,6783,2021,immutable_result_snapshot_absent,drawing_result_snapshots,0,,C,no immutable result snapshot and no local RAW result evidence,
WARN,3242,6791,2021,raw_snapshot_absent,raw_provenance,SQLite rows exist,0,C,no local saved TotoBrief detail snapshot was found,
WARN,3242,6791,2021,immutable_result_snapshot_absent,drawing_result_snapshots,0,,C,no immutable result snapshot and no local RAW result evidence,
ERROR,3243,6794,2021,finished_results_incomplete,events.result,"resolved=14,void=0,missing=1,invalid=0",,C,no local RAW/API snapshot is available,
WARN,3243,6794,2021,raw_snapshot_absent,raw_provenance,SQLite rows exist,0,C,no local saved TotoBrief detail snapshot was found,
WARN,3243,6794,2021,immutable_result_snapshot_absent,drawing_result_snapshots,0,,C,no immutable result snapshot and no local RAW result evidence,
WARN,3244,6800,2021,raw_snapshot_absent,raw_provenance,SQLite rows exist,0,C,no local saved TotoBrief detail snapshot was found,
WARN,3244,6800,2021,immutable_result_snapshot_absent,drawing_result_snapshots,0,,C,no immutable result snapshot and no local RAW result evidence,
ERROR,3245,6804,2021,pool_quotes_incomplete,quotes.pool,0/15,,C,no local RAW/API snapshot is available,
WARN,3245,6804,2021,raw_snapshot_absent,raw_provenance,SQLite rows exist,0,C,no local saved TotoBrief detail snapshot was found,
WARN,3245,6804,2021,immutable_result_snapshot_absent,drawing_result_snapshots,0,,C,no immutable result snapshot and no local RAW result evidence,
WARN,3246,6811,2021,raw_snapshot_absent,raw_provenance,SQLite rows exist,0,C,no local saved TotoBrief detail snapshot was found,
WARN,3246,6811,2021,immutable_result_snapshot_absent,drawing_result_snapshots,0,,C,no immutable result snapshot and no local RAW result evidence,
WARN,3247,6812,2021,raw_snapshot_absent,raw_provenance,SQLite rows exist,0,C,no local saved TotoBrief detail snapshot was found,
WARN,3247,6812,2021,immutable_result_snapshot_absent,drawing_result_snapshots,0,,C,no immutable result snapshot and no local RAW result evidence,
WARN,3248,6816,2021,raw_snapshot_absent,raw_provenance,SQLite rows exist,0,C,no local saved TotoBrief detail snapshot was found,
WARN,3248,6816,2021,immutable_result_snapshot_absent,drawing_result_snapshots,0,,C,no immutable result snapshot and no local RAW result evidence,
WARN,3249,6820,2021,raw_snapshot_absent,raw_provenance,SQLite rows exist,0,C,no local saved TotoBrief detail snapshot was found,
WARN,3249,6820,2021,immutable_result_snapshot_absent,drawing_result_snapshots,0,,C,no immutable result snapshot and no local RAW result evidence,
WARN,3250,6827,2021,raw_snapshot_absent,raw_provenance,SQLite rows exist,0,C,no local saved TotoBrief detail snapshot was found,
WARN,3250,6827,2021,immutable_result_snapshot_absent,drawing_result_snapshots,0,,C,no immutable result snapshot and no local RAW result evidence,
ERROR,3251,6831,2021,pool_quotes_incomplete,quotes.pool,0/15,,C,no local RAW/API snapshot is available,
WARN,3251,6831,2021,raw_snapshot_absent,raw_provenance,SQLite rows exist,0,C,no local saved TotoBrief detail snapshot was found,
WARN,3251,6831,2021,immutable_result_snapshot_absent,drawing_result_snapshots,0,,C,no immutable result snapshot and no local RAW result evidence,
WARN,3252,6836,2021,raw_snapshot_absent,raw_provenance,SQLite rows exist,0,C,no local saved TotoBrief detail snapshot was found,
WARN,3252,6836,2021,immutable_result_snapshot_absent,drawing_result_snapshots,0,,C,no immutable result snapshot and no local RAW result evidence,
WARN,3253,6839,2021,raw_snapshot_absent,raw_provenance,SQLite rows exist,0,C,no local saved TotoBrief detail snapshot was found,
WARN,3253,6839,2021,immutable_result_snapshot_absent,drawing_result_snapshots,0,,C,no immutable result snapshot and no local RAW result evidence,
WARN,3254,6844,2021,raw_snapshot_absent,raw_provenance,SQLite rows exist,0,C,no local saved TotoBrief detail snapshot was found,
WARN,3254,6844,2021,immutable_result_snapshot_absent,drawing_result_snapshots,0,,C,no immutable result snapshot and no local RAW result evidence,
WARN,3255,6847,2021,raw_snapshot_absent,raw_provenance,SQLite rows exist,0,C,no local saved TotoBrief detail snapshot was found,
WARN,3255,6847,2021,immutable_result_snapshot_absent,drawing_result_snapshots,0,,C,no immutable result snapshot and no local RAW result evidence,
WARN,3256,6852,2021,raw_snapshot_absent,raw_provenance,SQLite rows exist,0,C,no local saved TotoBrief detail snapshot was found,
WARN,3256,6852,2021,immutable_result_snapshot_absent,drawing_result_snapshots,0,,C,no immutable result snapshot and no local RAW result evidence,
WARN,3257,6856,2021,raw_snapshot_absent,raw_provenance,SQLite rows exist,0,C,no local saved TotoBrief detail snapshot was found,
WARN,3257,6856,2021,immutable_result_snapshot_absent,drawing_result_snapshots,0,,C,no immutable result snapshot and no local RAW result evidence,
WARN,3258,6860,2021,raw_snapshot_absent,raw_provenance,SQLite rows exist,0,C,no local saved TotoBrief detail snapshot was found,
WARN,3258,6860,2021,immutable_result_snapshot_absent,drawing_result_snapshots,0,,C,no immutable result snapshot and no local RAW result evidence,
WARN,3259,6866,2021,raw_snapshot_absent,raw_provenance,SQLite rows exist,0,C,no local saved TotoBrief detail snapshot was found,
WARN,3259,6866,2021,immutable_result_snapshot_absent,drawing_result_snapshots,0,,C,no immutable result snapshot and no local RAW result evidence,
WARN,3260,6873,2021,raw_snapshot_absent,raw_provenance,SQLite rows exist,0,C,no local saved TotoBrief detail snapshot was found,
WARN,3260,6873,2021,immutable_result_snapshot_absent,drawing_result_snapshots,0,,C,no immutable result snapshot and no local RAW result evidence,
WARN,3261,6878,2021,raw_snapshot_absent,raw_provenance,SQLite rows exist,0,C,no local saved TotoBrief detail snapshot was found,
WARN,3261,6878,2021,immutable_result_snapshot_absent,drawing_result_snapshots,0,,C,no immutable result snapshot and no local RAW result evidence,
WARN,3262,6882,2021,raw_snapshot_absent,raw_provenance,SQLite rows exist,0,C,no local saved TotoBrief detail snapshot was found,
WARN,3262,6882,2021,immutable_result_snapshot_absent,drawing_result_snapshots,0,,C,no immutable result snapshot and no local RAW result evidence,
WARN,3263,6885,2021,raw_snapshot_absent,raw_provenance,SQLite rows exist,0,C,no local saved TotoBrief detail snapshot was found,
WARN,3263,6885,2021,immutable_result_snapshot_absent,drawing_result_snapshots,0,,C,no immutable result snapshot and no local RAW result evidence,
ERROR,3264,6889,2021,pool_quotes_incomplete,quotes.pool,0/15,,C,no local RAW/API snapshot is available,
ERROR,3264,6889,2021,finished_results_incomplete,events.result,"resolved=14,void=0,missing=1,invalid=0",,C,no local RAW/API snapshot is available,
WARN,3264,6889,2021,raw_snapshot_absent,raw_provenance,SQLite rows exist,0,C,no local saved TotoBrief detail snapshot was found,
WARN,3264,6889,2021,immutable_result_snapshot_absent,drawing_result_snapshots,0,,C,no immutable result snapshot and no local RAW result evidence,
ERROR,3265,6894,2021,finished_results_incomplete,events.result,"resolved=14,void=0,missing=1,invalid=0",,C,no local RAW/API snapshot is available,
WARN,3265,6894,2021,raw_snapshot_absent,raw_provenance,SQLite rows exist,0,C,no local saved TotoBrief detail snapshot was found,
WARN,3265,6894,2021,immutable_result_snapshot_absent,drawing_result_snapshots,0,,C,no immutable result snapshot and no local RAW result evidence,
WARN,3266,6902,2021,raw_snapshot_absent,raw_provenance,SQLite rows exist,0,C,no local saved TotoBrief detail snapshot was found,
WARN,3266,6902,2021,immutable_result_snapshot_absent,drawing_result_snapshots,0,,C,no immutable result snapshot and no local RAW result evidence,
ERROR,3267,6906,2021,pool_quotes_incomplete,quotes.pool,0/15,,C,no local RAW/API snapshot is available,
WARN,3267,6906,2021,raw_snapshot_absent,raw_provenance,SQLite rows exist,0,C,no local saved TotoBrief detail snapshot was found,
WARN,3267,6906,2021,immutable_result_snapshot_absent,drawing_result_snapshots,0,,C,no immutable result snapshot and no local RAW result evidence,
WARN,3268,6913,2021,raw_snapshot_absent,raw_provenance,SQLite rows exist,0,C,no local saved TotoBrief detail snapshot was found,
WARN,3268,6913,2021,immutable_result_snapshot_absent,drawing_result_snapshots,0,,C,no immutable result snapshot and no local RAW result evidence,
WARN,3269,6918,2021,raw_snapshot_absent,raw_provenance,SQLite rows exist,0,C,no local saved TotoBrief detail snapshot was found,
WARN,3269,6918,2021,immutable_result_snapshot_absent,drawing_result_snapshots,0,,C,no immutable result snapshot and no local RAW result evidence,
WARN,3270,6922,2021,raw_snapshot_absent,raw_provenance,SQLite rows exist,0,C,no local saved TotoBrief detail snapshot was found,
WARN,3270,6922,2021,immutable_result_snapshot_absent,drawing_result_snapshots,0,,C,no immutable result snapshot and no local RAW result evidence,
WARN,3271,6926,2021,raw_snapshot_absent,raw_provenance,SQLite rows exist,0,C,no local saved TotoBrief detail snapshot was found,
WARN,3271,6926,2021,immutable_result_snapshot_absent,drawing_result_snapshots,0,,C,no immutable result snapshot and no local RAW result evidence,
WARN,3272,6929,2021,raw_snapshot_absent,raw_provenance,SQLite rows exist,0,C,no local saved TotoBrief detail snapshot was found,
WARN,3272,6929,2021,immutable_result_snapshot_absent,drawing_result_snapshots,0,,C,no immutable result snapshot and no local RAW result evidence,
ERROR,3273,6936,2021,finished_results_incomplete,events.result,"resolved=14,void=0,missing=1,invalid=0",,C,no local RAW/API snapshot is available,
WARN,3273,6936,2021,raw_snapshot_absent,raw_provenance,SQLite rows exist,0,C,no local saved TotoBrief detail snapshot was found,
WARN,3273,6936,2021,immutable_result_snapshot_absent,drawing_result_snapshots,0,,C,no immutable result snapshot and no local RAW result evidence,
WARN,3274,6940,2021,raw_snapshot_absent,raw_provenance,SQLite rows exist,0,C,no local saved TotoBrief detail snapshot was found,
WARN,3274,6940,2021,immutable_result_snapshot_absent,drawing_result_snapshots,0,,C,no immutable result snapshot and no local RAW result evidence,
WARN,3275,6946,2021,raw_snapshot_absent,raw_provenance,SQLite rows exist,0,C,no local saved TotoBrief detail snapshot was found,
WARN,3275,6946,2021,immutable_result_snapshot_absent,drawing_result_snapshots,0,,C,no immutable result snapshot and no local RAW result evidence,
WARN,3276,6950,2021,raw_snapshot_absent,raw_provenance,SQLite rows exist,0,C,no local saved TotoBrief detail snapshot was found,
WARN,3276,6950,2021,immutable_result_snapshot_absent,drawing_result_snapshots,0,,C,no immutable result snapshot and no local RAW result evidence,
WARN,3277,6955,2021,raw_snapshot_absent,raw_provenance,SQLite rows exist,0,C,no local saved TotoBrief detail snapshot was found,
WARN,3277,6955,2021,immutable_result_snapshot_absent,drawing_result_snapshots,0,,C,no immutable result snapshot and no local RAW result evidence,
WARN,3278,6960,2021,raw_snapshot_absent,raw_provenance,SQLite rows exist,0,C,no local saved TotoBrief detail snapshot was found,
WARN,3278,6960,2021,immutable_result_snapshot_absent,drawing_result_snapshots,0,,C,no immutable result snapshot and no local RAW result evidence,
ERROR,3279,6967,2021,finished_results_incomplete,events.result,"resolved=14,void=0,missing=1,invalid=0",,C,no local RAW/API snapshot is available,
WARN,3279,6967,2021,raw_snapshot_absent,raw_provenance,SQLite rows exist,0,C,no local saved TotoBrief detail snapshot was found,
WARN,3279,6967,2021,immutable_result_snapshot_absent,drawing_result_snapshots,0,,C,no immutable result snapshot and no local RAW result evidence,
ERROR,3280,6970,2021,finished_results_incomplete,events.result,"resolved=13,void=0,missing=2,invalid=0",,C,no local RAW/API snapshot is available,
WARN,3280,6970,2021,raw_snapshot_absent,raw_provenance,SQLite rows exist,0,C,no local saved TotoBrief detail snapshot was found,
WARN,3280,6970,2021,immutable_result_snapshot_absent,drawing_result_snapshots,0,,C,no immutable result snapshot and no local RAW result evidence,
WARN,3281,6975,2021,raw_snapshot_absent,raw_provenance,SQLite rows exist,0,C,no local saved TotoBrief detail snapshot was found,
WARN,3281,6975,2021,immutable_result_snapshot_absent,drawing_result_snapshots,0,,C,no immutable result snapshot and no local RAW result evidence,
WARN,3282,6980,2021,raw_snapshot_absent,raw_provenance,SQLite rows exist,0,C,no local saved TotoBrief detail snapshot was found,
WARN,3282,6980,2021,immutable_result_snapshot_absent,drawing_result_snapshots,0,,C,no immutable result snapshot and no local RAW result evidence,
WARN,3283,6984,2021,raw_snapshot_absent,raw_provenance,SQLite rows exist,0,C,no local saved TotoBrief detail snapshot was found,
WARN,3283,6984,2021,immutable_result_snapshot_absent,drawing_result_snapshots,0,,C,no immutable result snapshot and no local RAW result evidence,
WARN,3284,6990,2021,raw_snapshot_absent,raw_provenance,SQLite rows exist,0,C,no local saved TotoBrief detail snapshot was found,
WARN,3284,6990,2021,immutable_result_snapshot_absent,drawing_result_snapshots,0,,C,no immutable result snapshot and no local RAW result evidence,
ERROR,3285,6995,2021,finished_results_incomplete,events.result,"resolved=13,void=0,missing=2,invalid=0",,C,no local RAW/API snapshot is available,
WARN,3285,6995,2021,raw_snapshot_absent,raw_provenance,SQLite rows exist,0,C,no local saved TotoBrief detail snapshot was found,
WARN,3285,6995,2021,immutable_result_snapshot_absent,drawing_result_snapshots,0,,C,no immutable result snapshot and no local RAW result evidence,
WARN,3286,7000,2021,raw_snapshot_absent,raw_provenance,SQLite rows exist,0,C,no local saved TotoBrief detail snapshot was found,
WARN,3286,7000,2021,immutable_result_snapshot_absent,drawing_result_snapshots,0,,C,no immutable result snapshot and no local RAW result evidence,
ERROR,3287,7007,2021,pool_quotes_incomplete,quotes.pool,0/15,,C,no local RAW/API snapshot is available,
ERROR,3287,7007,2021,finished_results_incomplete,events.result,"resolved=14,void=0,missing=1,invalid=0",,C,no local RAW/API snapshot is available,
WARN,3287,7007,2021,raw_snapshot_absent,raw_provenance,SQLite rows exist,0,C,no local saved TotoBrief detail snapshot was found,
WARN,3287,7007,2021,immutable_result_snapshot_absent,drawing_result_snapshots,0,,C,no immutable result snapshot and no local RAW result evidence,
WARN,3288,7011,2021,raw_snapshot_absent,raw_provenance,SQLite rows exist,0,C,no local saved TotoBrief detail snapshot was found,
WARN,3288,7011,2021,immutable_result_snapshot_absent,drawing_result_snapshots,0,,C,no immutable result snapshot and no local RAW result evidence,
WARN,3289,7014,2021,raw_snapshot_absent,raw_provenance,SQLite rows exist,0,C,no local saved TotoBrief detail snapshot was found,
WARN,3289,7014,2021,immutable_result_snapshot_absent,drawing_result_snapshots,0,,C,no immutable result snapshot and no local RAW result evidence,
WARN,3290,7019,2021,raw_snapshot_absent,raw_provenance,SQLite rows exist,0,C,no local saved TotoBrief detail snapshot was found,
WARN,3290,7019,2021,immutable_result_snapshot_absent,drawing_result_snapshots,0,,C,no immutable result snapshot and no local RAW result evidence,
ERROR,3291,7022,2021,finished_results_incomplete,events.result,"resolved=10,void=0,missing=5,invalid=0",,C,no local RAW/API snapshot is available,
WARN,3291,7022,2021,raw_snapshot_absent,raw_provenance,SQLite rows exist,0,C,no local saved TotoBrief detail snapshot was found,
WARN,3291,7022,2021,immutable_result_snapshot_absent,drawing_result_snapshots,0,,C,no immutable result snapshot and no local RAW result evidence,
ERROR,3292,7028,2021,finished_results_incomplete,events.result,"resolved=0,void=0,missing=15,invalid=0",,C,no local RAW/API snapshot is available,
WARN,3292,7028,2021,raw_snapshot_absent,raw_provenance,SQLite rows exist,0,C,no local saved TotoBrief detail snapshot was found,
WARN,3292,7028,2021,immutable_result_snapshot_absent,drawing_result_snapshots,0,,C,no immutable result snapshot and no local RAW result evidence,
ERROR,3293,7032,2021,finished_results_incomplete,events.result,"resolved=14,void=0,missing=1,invalid=0",,C,no local RAW/API snapshot is available,
WARN,3293,7032,2021,raw_snapshot_absent,raw_provenance,SQLite rows exist,0,C,no local saved TotoBrief detail snapshot was found,
WARN,3293,7032,2021,immutable_result_snapshot_absent,drawing_result_snapshots,0,,C,no immutable result snapshot and no local RAW result evidence,
ERROR,3294,7036,2021,finished_results_incomplete,events.result,"resolved=13,void=0,missing=2,invalid=0",,C,no local RAW/API snapshot is available,
WARN,3294,7036,2021,raw_snapshot_absent,raw_provenance,SQLite rows exist,0,C,no local saved TotoBrief detail snapshot was found,
WARN,3294,7036,2021,immutable_result_snapshot_absent,drawing_result_snapshots,0,,C,no immutable result snapshot and no local RAW result evidence,
ERROR,3295,7040,2021,finished_results_incomplete,events.result,"resolved=14,void=0,missing=1,invalid=0",,C,no local RAW/API snapshot is available,
WARN,3295,7040,2021,raw_snapshot_absent,raw_provenance,SQLite rows exist,0,C,no local saved TotoBrief detail snapshot was found,
WARN,3295,7040,2021,immutable_result_snapshot_absent,drawing_result_snapshots,0,,C,no immutable result snapshot and no local RAW result evidence,
ERROR,3296,7044,2021,finished_results_incomplete,events.result,"resolved=14,void=0,missing=1,invalid=0",,C,no local RAW/API snapshot is available,
WARN,3296,7044,2021,raw_snapshot_absent,raw_provenance,SQLite rows exist,0,C,no local saved TotoBrief detail snapshot was found,
WARN,3296,7044,2021,immutable_result_snapshot_absent,drawing_result_snapshots,0,,C,no immutable result snapshot and no local RAW result evidence,
ERROR,3297,7046,2022,finished_results_incomplete,events.result,"resolved=14,void=0,missing=1,invalid=0",,C,no local RAW/API snapshot is available,
WARN,3297,7046,2022,raw_snapshot_absent,raw_provenance,SQLite rows exist,0,C,no local saved TotoBrief detail snapshot was found,
WARN,3297,7046,2022,immutable_result_snapshot_absent,drawing_result_snapshots,0,,C,no immutable result snapshot and no local RAW result evidence,
ERROR,3298,7049,2022,finished_results_incomplete,events.result,"resolved=14,void=0,missing=1,invalid=0",,C,no local RAW/API snapshot is available,
WARN,3298,7049,2022,raw_snapshot_absent,raw_provenance,SQLite rows exist,0,C,no local saved TotoBrief detail snapshot was found,
WARN,3298,7049,2022,immutable_result_snapshot_absent,drawing_result_snapshots,0,,C,no immutable result snapshot and no local RAW result evidence,
WARN,3299,7054,2022,raw_snapshot_absent,raw_provenance,SQLite rows exist,0,C,no local saved TotoBrief detail snapshot was found,
WARN,3299,7054,2022,immutable_result_snapshot_absent,drawing_result_snapshots,0,,C,no immutable result snapshot and no local RAW result evidence,
ERROR,3300,7058,2022,finished_results_incomplete,events.result,"resolved=14,void=0,missing=1,invalid=0",,C,no local RAW/API snapshot is available,
WARN,3300,7058,2022,raw_snapshot_absent,raw_provenance,SQLite rows exist,0,C,no local saved TotoBrief detail snapshot was found,
WARN,3300,7058,2022,immutable_result_snapshot_absent,drawing_result_snapshots,0,,C,no immutable result snapshot and no local RAW result evidence,
ERROR,3301,7062,2022,finished_results_incomplete,events.result,"resolved=12,void=0,missing=3,invalid=0",,C,no local RAW/API snapshot is available,
WARN,3301,7062,2022,raw_snapshot_absent,raw_provenance,SQLite rows exist,0,C,no local saved TotoBrief detail snapshot was found,
WARN,3301,7062,2022,immutable_result_snapshot_absent,drawing_result_snapshots,0,,C,no immutable result snapshot and no local RAW result evidence,
WARN,3302,7066,2022,raw_snapshot_absent,raw_provenance,SQLite rows exist,0,C,no local saved TotoBrief detail snapshot was found,
WARN,3302,7066,2022,immutable_result_snapshot_absent,drawing_result_snapshots,0,,C,no immutable result snapshot and no local RAW result evidence,
ERROR,3303,7070,2022,finished_results_incomplete,events.result,"resolved=13,void=0,missing=2,invalid=0",,C,no local RAW/API snapshot is available,
WARN,3303,7070,2022,raw_snapshot_absent,raw_provenance,SQLite rows exist,0,C,no local saved TotoBrief detail snapshot was found,
WARN,3303,7070,2022,immutable_result_snapshot_absent,drawing_result_snapshots,0,,C,no immutable result snapshot and no local RAW result evidence,
ERROR,3304,7076,2022,finished_results_incomplete,events.result,"resolved=14,void=0,missing=1,invalid=0",,C,no local RAW/API snapshot is available,
WARN,3304,7076,2022,raw_snapshot_absent,raw_provenance,SQLite rows exist,0,C,no local saved TotoBrief detail snapshot was found,
WARN,3304,7076,2022,immutable_result_snapshot_absent,drawing_result_snapshots,0,,C,no immutable result snapshot and no local RAW result evidence,
WARN,3305,7079,2022,raw_snapshot_absent,raw_provenance,SQLite rows exist,0,C,no local saved TotoBrief detail snapshot was found,
WARN,3305,7079,2022,immutable_result_snapshot_absent,drawing_result_snapshots,0,,C,no immutable result snapshot and no local RAW result evidence,
WARN,3306,7084,2022,raw_snapshot_absent,raw_provenance,SQLite rows exist,0,C,no local saved TotoBrief detail snapshot was found,
WARN,3306,7084,2022,immutable_result_snapshot_absent,drawing_result_snapshots,0,,C,no immutable result snapshot and no local RAW result evidence,
WARN,3307,7087,2022,raw_snapshot_absent,raw_provenance,SQLite rows exist,0,C,no local saved TotoBrief detail snapshot was found,
WARN,3307,7087,2022,immutable_result_snapshot_absent,drawing_result_snapshots,0,,C,no immutable result snapshot and no local RAW result evidence,
ERROR,3308,7092,2022,finished_results_incomplete,events.result,"resolved=13,void=0,missing=2,invalid=0",,C,no local RAW/API snapshot is available,
WARN,3308,7092,2022,raw_snapshot_absent,raw_provenance,SQLite rows exist,0,C,no local saved TotoBrief detail snapshot was found,
WARN,3308,7092,2022,immutable_result_snapshot_absent,drawing_result_snapshots,0,,C,no immutable result snapshot and no local RAW result evidence,
ERROR,3309,7100,2022,finished_results_incomplete,events.result,"resolved=12,void=0,missing=3,invalid=0",,C,no local RAW/API snapshot is available,
WARN,3309,7100,2022,raw_snapshot_absent,raw_provenance,SQLite rows exist,0,C,no local saved TotoBrief detail snapshot was found,
WARN,3309,7100,2022,immutable_result_snapshot_absent,drawing_result_snapshots,0,,C,no immutable result snapshot and no local RAW result evidence,
ERROR,3310,7101,2022,finished_results_incomplete,events.result,"resolved=14,void=0,missing=1,invalid=0",,C,no local RAW/API snapshot is available,
WARN,3310,7101,2022,raw_snapshot_absent,raw_provenance,SQLite rows exist,0,C,no local saved TotoBrief detail snapshot was found,
WARN,3310,7101,2022,immutable_result_snapshot_absent,drawing_result_snapshots,0,,C,no immutable result snapshot and no local RAW result evidence,
ERROR,3311,7107,2022,finished_results_incomplete,events.result,"resolved=14,void=0,missing=1,invalid=0",,C,no local RAW/API snapshot is available,
WARN,3311,7107,2022,raw_snapshot_absent,raw_provenance,SQLite rows exist,0,C,no local saved TotoBrief detail snapshot was found,
WARN,3311,7107,2022,immutable_result_snapshot_absent,drawing_result_snapshots,0,,C,no immutable result snapshot and no local RAW result evidence,
ERROR,3312,7108,2022,finished_results_incomplete,events.result,"resolved=14,void=0,missing=1,invalid=0",,C,no local RAW/API snapshot is available,
WARN,3312,7108,2022,raw_snapshot_absent,raw_provenance,SQLite rows exist,0,C,no local saved TotoBrief detail snapshot was found,
WARN,3312,7108,2022,immutable_result_snapshot_absent,drawing_result_snapshots,0,,C,no immutable result snapshot and no local RAW result evidence,
ERROR,3313,7116,2022,finished_results_incomplete,events.result,"resolved=14,void=0,missing=1,invalid=0",,C,no local RAW/API snapshot is available,
WARN,3313,7116,2022,raw_snapshot_absent,raw_provenance,SQLite rows exist,0,C,no local saved TotoBrief detail snapshot was found,
WARN,3313,7116,2022,immutable_result_snapshot_absent,drawing_result_snapshots,0,,C,no immutable result snapshot and no local RAW result evidence,
ERROR,3314,7119,2022,finished_results_incomplete,events.result,"resolved=14,void=0,missing=1,invalid=0",,C,no local RAW/API snapshot is available,
WARN,3314,7119,2022,raw_snapshot_absent,raw_provenance,SQLite rows exist,0,C,no local saved TotoBrief detail snapshot was found,
WARN,3314,7119,2022,immutable_result_snapshot_absent,drawing_result_snapshots,0,,C,no immutable result snapshot and no local RAW result evidence,
ERROR,3315,7124,2022,finished_results_incomplete,events.result,"resolved=14,void=0,missing=1,invalid=0",,C,no local RAW/API snapshot is available,
WARN,3315,7124,2022,raw_snapshot_absent,raw_provenance,SQLite rows exist,0,C,no local saved TotoBrief detail snapshot was found,
WARN,3315,7124,2022,immutable_result_snapshot_absent,drawing_result_snapshots,0,,C,no immutable result snapshot and no local RAW result evidence,
ERROR,3316,7128,2022,finished_results_incomplete,events.result,"resolved=14,void=0,missing=1,invalid=0",,C,no local RAW/API snapshot is available,
WARN,3316,7128,2022,raw_snapshot_absent,raw_provenance,SQLite rows exist,0,C,no local saved TotoBrief detail snapshot was found,
WARN,3316,7128,2022,immutable_result_snapshot_absent,drawing_result_snapshots,0,,C,no immutable result snapshot and no local RAW result evidence,
WARN,3317,7133,2022,raw_snapshot_absent,raw_provenance,SQLite rows exist,0,C,no local saved TotoBrief detail snapshot was found,
WARN,3317,7133,2022,immutable_result_snapshot_absent,drawing_result_snapshots,0,,C,no immutable result snapshot and no local RAW result evidence,
WARN,3318,7139,2022,raw_snapshot_absent,raw_provenance,SQLite rows exist,0,C,no local saved TotoBrief detail snapshot was found,
WARN,3318,7139,2022,immutable_result_snapshot_absent,drawing_result_snapshots,0,,C,no immutable result snapshot and no local RAW result evidence,
WARN,3319,7143,2022,raw_snapshot_absent,raw_provenance,SQLite rows exist,0,C,no local saved TotoBrief detail snapshot was found,
WARN,3319,7143,2022,immutable_result_snapshot_absent,drawing_result_snapshots,0,,C,no immutable result snapshot and no local RAW result evidence,
WARN,3320,7149,2022,raw_snapshot_absent,raw_provenance,SQLite rows exist,0,C,no local saved TotoBrief detail snapshot was found,
WARN,3320,7149,2022,immutable_result_snapshot_absent,drawing_result_snapshots,0,,C,no immutable result snapshot and no local RAW result evidence,
ERROR,3321,7152,2022,finished_results_incomplete,events.result,"resolved=14,void=0,missing=1,invalid=0",,C,no local RAW/API snapshot is available,
WARN,3321,7152,2022,raw_snapshot_absent,raw_provenance,SQLite rows exist,0,C,no local saved TotoBrief detail snapshot was found,
WARN,3321,7152,2022,immutable_result_snapshot_absent,drawing_result_snapshots,0,,C,no immutable result snapshot and no local RAW result evidence,
WARN,3322,7157,2022,raw_snapshot_absent,raw_provenance,SQLite rows exist,0,C,no local saved TotoBrief detail snapshot was found,
WARN,3322,7157,2022,immutable_result_snapshot_absent,drawing_result_snapshots,0,,C,no immutable result snapshot and no local RAW result evidence,
WARN,3323,7164,2022,raw_snapshot_absent,raw_provenance,SQLite rows exist,0,C,no local saved TotoBrief detail snapshot was found,
WARN,3323,7164,2022,immutable_result_snapshot_absent,drawing_result_snapshots,0,,C,no immutable result snapshot and no local RAW result evidence,
WARN,3324,7167,2022,raw_snapshot_absent,raw_provenance,SQLite rows exist,0,C,no local saved TotoBrief detail snapshot was found,
WARN,3324,7167,2022,immutable_result_snapshot_absent,drawing_result_snapshots,0,,C,no immutable result snapshot and no local RAW result evidence,
ERROR,3325,7173,2022,finished_results_incomplete,events.result,"resolved=14,void=0,missing=1,invalid=0",,C,no local RAW/API snapshot is available,
WARN,3325,7173,2022,raw_snapshot_absent,raw_provenance,SQLite rows exist,0,C,no local saved TotoBrief detail snapshot was found,
WARN,3325,7173,2022,immutable_result_snapshot_absent,drawing_result_snapshots,0,,C,no immutable result snapshot and no local RAW result evidence,
WARN,3326,7176,2022,raw_snapshot_absent,raw_provenance,SQLite rows exist,0,C,no local saved TotoBrief detail snapshot was found,
WARN,3326,7176,2022,immutable_result_snapshot_absent,drawing_result_snapshots,0,,C,no immutable result snapshot and no local RAW result evidence,
ERROR,3327,7183,2022,pool_quotes_incomplete,quotes.pool,0/15,,C,no local RAW/API snapshot is available,
WARN,3327,7183,2022,raw_snapshot_absent,raw_provenance,SQLite rows exist,0,C,no local saved TotoBrief detail snapshot was found,
WARN,3327,7183,2022,immutable_result_snapshot_absent,drawing_result_snapshots,0,,C,no immutable result snapshot and no local RAW result evidence,
WARN,3328,7186,2022,raw_snapshot_absent,raw_provenance,SQLite rows exist,0,C,no local saved TotoBrief detail snapshot was found,
WARN,3328,7186,2022,immutable_result_snapshot_absent,drawing_result_snapshots,0,,C,no immutable result snapshot and no local RAW result evidence,
WARN,3329,7189,2022,raw_snapshot_absent,raw_provenance,SQLite rows exist,0,C,no local saved TotoBrief detail snapshot was found,
WARN,3329,7189,2022,immutable_result_snapshot_absent,drawing_result_snapshots,0,,C,no immutable result snapshot and no local RAW result evidence,
ERROR,3330,7193,2022,finished_results_incomplete,events.result,"resolved=14,void=0,missing=1,invalid=0",,C,no local RAW/API snapshot is available,
WARN,3330,7193,2022,raw_snapshot_absent,raw_provenance,SQLite rows exist,0,C,no local saved TotoBrief detail snapshot was found,
WARN,3330,7193,2022,immutable_result_snapshot_absent,drawing_result_snapshots,0,,C,no immutable result snapshot and no local RAW result evidence,
WARN,3331,7199,2022,raw_snapshot_absent,raw_provenance,SQLite rows exist,0,C,no local saved TotoBrief detail snapshot was found,
WARN,3331,7199,2022,immutable_result_snapshot_absent,drawing_result_snapshots,0,,C,no immutable result snapshot and no local RAW result evidence,
WARN,3332,7202,2022,raw_snapshot_absent,raw_provenance,SQLite rows exist,0,C,no local saved TotoBrief detail snapshot was found,
WARN,3332,7202,2022,immutable_result_snapshot_absent,drawing_result_snapshots,0,,C,no immutable result snapshot and no local RAW result evidence,
WARN,3333,7207,2022,raw_snapshot_absent,raw_provenance,SQLite rows exist,0,C,no local saved TotoBrief detail snapshot was found,
WARN,3333,7207,2022,immutable_result_snapshot_absent,drawing_result_snapshots,0,,C,no immutable result snapshot and no local RAW result evidence,
WARN,3334,7214,2022,raw_snapshot_absent,raw_provenance,SQLite rows exist,0,C,no local saved TotoBrief detail snapshot was found,
WARN,3334,7214,2022,immutable_result_snapshot_absent,drawing_result_snapshots,0,,C,no immutable result snapshot and no local RAW result evidence,
WARN,3335,7218,2022,raw_snapshot_absent,raw_provenance,SQLite rows exist,0,C,no local saved TotoBrief detail snapshot was found,
WARN,3335,7218,2022,immutable_result_snapshot_absent,drawing_result_snapshots,0,,C,no immutable result snapshot and no local RAW result evidence,
WARN,3336,7221,2022,raw_snapshot_absent,raw_provenance,SQLite rows exist,0,C,no local saved TotoBrief detail snapshot was found,
WARN,3336,7221,2022,immutable_result_snapshot_absent,drawing_result_snapshots,0,,C,no immutable result snapshot and no local RAW result evidence,
WARN,3337,7227,2022,raw_snapshot_absent,raw_provenance,SQLite rows exist,0,C,no local saved TotoBrief detail snapshot was found,
WARN,3337,7227,2022,immutable_result_snapshot_absent,drawing_result_snapshots,0,,C,no immutable result snapshot and no local RAW result evidence,
WARN,3338,7233,2022,raw_snapshot_absent,raw_provenance,SQLite rows exist,0,C,no local saved TotoBrief detail snapshot was found,
WARN,3338,7233,2022,immutable_result_snapshot_absent,drawing_result_snapshots,0,,C,no immutable result snapshot and no local RAW result evidence,
WARN,3339,7237,2022,raw_snapshot_absent,raw_provenance,SQLite rows exist,0,C,no local saved TotoBrief detail snapshot was found,
WARN,3339,7237,2022,immutable_result_snapshot_absent,drawing_result_snapshots,0,,C,no immutable result snapshot and no local RAW result evidence,
WARN,3340,7240,2022,raw_snapshot_absent,raw_provenance,SQLite rows exist,0,C,no local saved TotoBrief detail snapshot was found,
WARN,3340,7240,2022,immutable_result_snapshot_absent,drawing_result_snapshots,0,,C,no immutable result snapshot and no local RAW result evidence,
ERROR,3341,7246,2022,finished_results_incomplete,events.result,"resolved=0,void=0,missing=15,invalid=0",,C,no local RAW/API snapshot is available,
WARN,3341,7246,2022,raw_snapshot_absent,raw_provenance,SQLite rows exist,0,C,no local saved TotoBrief detail snapshot was found,
WARN,3341,7246,2022,immutable_result_snapshot_absent,drawing_result_snapshots,0,,C,no immutable result snapshot and no local RAW result evidence,
ERROR,3342,7252,2022,pool_quotes_incomplete,quotes.pool,0/15,,C,no local RAW/API snapshot is available,
WARN,3342,7252,2022,raw_snapshot_absent,raw_provenance,SQLite rows exist,0,C,no local saved TotoBrief detail snapshot was found,
WARN,3342,7252,2022,immutable_result_snapshot_absent,drawing_result_snapshots,0,,C,no immutable result snapshot and no local RAW result evidence,
WARN,3343,7258,2022,raw_snapshot_absent,raw_provenance,SQLite rows exist,0,C,no local saved TotoBrief detail snapshot was found,
WARN,3343,7258,2022,immutable_result_snapshot_absent,drawing_result_snapshots,0,,C,no immutable result snapshot and no local RAW result evidence,
ERROR,3344,7260,2022,finished_results_incomplete,events.result,"resolved=14,void=0,missing=1,invalid=0",,C,no local RAW/API snapshot is available,
WARN,3344,7260,2022,raw_snapshot_absent,raw_provenance,SQLite rows exist,0,C,no local saved TotoBrief detail snapshot was found,
WARN,3344,7260,2022,immutable_result_snapshot_absent,drawing_result_snapshots,0,,C,no immutable result snapshot and no local RAW result evidence,
ERROR,3345,7265,2022,finished_results_incomplete,events.result,"resolved=11,void=0,missing=4,invalid=0",,C,no local RAW/API snapshot is available,
WARN,3345,7265,2022,raw_snapshot_absent,raw_provenance,SQLite rows exist,0,C,no local saved TotoBrief detail snapshot was found,
WARN,3345,7265,2022,immutable_result_snapshot_absent,drawing_result_snapshots,0,,C,no immutable result snapshot and no local RAW result evidence,
WARN,3346,7271,2022,raw_snapshot_absent,raw_provenance,SQLite rows exist,0,C,no local saved TotoBrief detail snapshot was found,
WARN,3346,7271,2022,immutable_result_snapshot_absent,drawing_result_snapshots,0,,C,no immutable result snapshot and no local RAW result evidence,
WARN,3347,7274,2022,raw_snapshot_absent,raw_provenance,SQLite rows exist,0,C,no local saved TotoBrief detail snapshot was found,
WARN,3347,7274,2022,immutable_result_snapshot_absent,drawing_result_snapshots,0,,C,no immutable result snapshot and no local RAW result evidence,
WARN,3348,7281,2022,raw_snapshot_absent,raw_provenance,SQLite rows exist,0,C,no local saved TotoBrief detail snapshot was found,
WARN,3348,7281,2022,immutable_result_snapshot_absent,drawing_result_snapshots,0,,C,no immutable result snapshot and no local RAW result evidence,
WARN,3349,7284,2022,raw_snapshot_absent,raw_provenance,SQLite rows exist,0,C,no local saved TotoBrief detail snapshot was found,
WARN,3349,7284,2022,immutable_result_snapshot_absent,drawing_result_snapshots,0,,C,no immutable result snapshot and no local RAW result evidence,
ERROR,3350,7291,2022,finished_results_incomplete,events.result,"resolved=6,void=0,missing=9,invalid=0",,C,no local RAW/API snapshot is available,
WARN,3350,7291,2022,raw_snapshot_absent,raw_provenance,SQLite rows exist,0,C,no local saved TotoBrief detail snapshot was found,
WARN,3350,7291,2022,immutable_result_snapshot_absent,drawing_result_snapshots,0,,C,no immutable result snapshot and no local RAW result evidence,
ERROR,3351,7294,2022,finished_results_incomplete,events.result,"resolved=0,void=0,missing=15,invalid=0",,C,no local RAW/API snapshot is available,
WARN,3351,7294,2022,raw_snapshot_absent,raw_provenance,SQLite rows exist,0,C,no local saved TotoBrief detail snapshot was found,
WARN,3351,7294,2022,immutable_result_snapshot_absent,drawing_result_snapshots,0,,C,no immutable result snapshot and no local RAW result evidence,
WARN,3352,7301,2022,raw_snapshot_absent,raw_provenance,SQLite rows exist,0,C,no local saved TotoBrief detail snapshot was found,
WARN,3352,7301,2022,immutable_result_snapshot_absent,drawing_result_snapshots,0,,C,no immutable result snapshot and no local RAW result evidence,
WARN,3353,7304,2022,raw_snapshot_absent,raw_provenance,SQLite rows exist,0,C,no local saved TotoBrief detail snapshot was found,
WARN,3353,7304,2022,immutable_result_snapshot_absent,drawing_result_snapshots,0,,C,no immutable result snapshot and no local RAW result evidence,
ERROR,3354,7309,2022,pool_quotes_incomplete,quotes.pool,0/15,,C,no local RAW/API snapshot is available,
WARN,3354,7309,2022,raw_snapshot_absent,raw_provenance,SQLite rows exist,0,C,no local saved TotoBrief detail snapshot was found,
WARN,3354,7309,2022,immutable_result_snapshot_absent,drawing_result_snapshots,0,,C,no immutable result snapshot and no local RAW result evidence,
ERROR,3355,7314,2022,finished_results_incomplete,events.result,"resolved=14,void=0,missing=1,invalid=0",,C,no local RAW/API snapshot is available,
WARN,3355,7314,2022,raw_snapshot_absent,raw_provenance,SQLite rows exist,0,C,no local saved TotoBrief detail snapshot was found,
WARN,3355,7314,2022,immutable_result_snapshot_absent,drawing_result_snapshots,0,,C,no immutable result snapshot and no local RAW result evidence,
ERROR,3356,7317,2022,finished_results_incomplete,events.result,"resolved=14,void=0,missing=1,invalid=0",,C,no local RAW/API snapshot is available,
WARN,3356,7317,2022,raw_snapshot_absent,raw_provenance,SQLite rows exist,0,C,no local saved TotoBrief detail snapshot was found,
WARN,3356,7317,2022,immutable_result_snapshot_absent,drawing_result_snapshots,0,,C,no immutable result snapshot and no local RAW result evidence,
WARN,3357,7324,2022,raw_snapshot_absent,raw_provenance,SQLite rows exist,0,C,no local saved TotoBrief detail snapshot was found,
WARN,3357,7324,2022,immutable_result_snapshot_absent,drawing_result_snapshots,0,,C,no immutable result snapshot and no local RAW result evidence,
WARN,3358,7328,2022,raw_snapshot_absent,raw_provenance,SQLite rows exist,0,C,no local saved TotoBrief detail snapshot was found,
WARN,3358,7328,2022,immutable_result_snapshot_absent,drawing_result_snapshots,0,,C,no immutable result snapshot and no local RAW result evidence,
WARN,3359,7331,2022,raw_snapshot_absent,raw_provenance,SQLite rows exist,0,C,no local saved TotoBrief detail snapshot was found,
WARN,3359,7331,2022,immutable_result_snapshot_absent,drawing_result_snapshots,0,,C,no immutable result snapshot and no local RAW result evidence,
WARN,3360,7337,2022,raw_snapshot_absent,raw_provenance,SQLite rows exist,0,C,no local saved TotoBrief detail snapshot was found,
WARN,3360,7337,2022,immutable_result_snapshot_absent,drawing_result_snapshots,0,,C,no immutable result snapshot and no local RAW result evidence,
WARN,3361,7340,2022,raw_snapshot_absent,raw_provenance,SQLite rows exist,0,C,no local saved TotoBrief detail snapshot was found,
WARN,3361,7340,2022,immutable_result_snapshot_absent,drawing_result_snapshots,0,,C,no immutable result snapshot and no local RAW result evidence,
WARN,3362,7344,2022,raw_snapshot_absent,raw_provenance,SQLite rows exist,0,C,no local saved TotoBrief detail snapshot was found,
WARN,3362,7344,2022,immutable_result_snapshot_absent,drawing_result_snapshots,0,,C,no immutable result snapshot and no local RAW result evidence,
ERROR,3363,7351,2022,pool_quotes_incomplete,quotes.pool,0/15,,C,no local RAW/API snapshot is available,
WARN,3363,7351,2022,raw_snapshot_absent,raw_provenance,SQLite rows exist,0,C,no local saved TotoBrief detail snapshot was found,
WARN,3363,7351,2022,immutable_result_snapshot_absent,drawing_result_snapshots,0,,C,no immutable result snapshot and no local RAW result evidence,
ERROR,3364,7356,2022,pool_quotes_incomplete,quotes.pool,0/15,,C,no local RAW/API snapshot is available,
WARN,3364,7356,2022,raw_snapshot_absent,raw_provenance,SQLite rows exist,0,C,no local saved TotoBrief detail snapshot was found,
WARN,3364,7356,2022,immutable_result_snapshot_absent,drawing_result_snapshots,0,,C,no immutable result snapshot and no local RAW result evidence,
WARN,3365,7362,2022,raw_snapshot_absent,raw_provenance,SQLite rows exist,0,C,no local saved TotoBrief detail snapshot was found,
WARN,3365,7362,2022,immutable_result_snapshot_absent,drawing_result_snapshots,0,,C,no immutable result snapshot and no local RAW result evidence,
WARN,3366,7367,2022,raw_snapshot_absent,raw_provenance,SQLite rows exist,0,C,no local saved TotoBrief detail snapshot was found,
WARN,3366,7367,2022,immutable_result_snapshot_absent,drawing_result_snapshots,0,,C,no immutable result snapshot and no local RAW result evidence,
WARN,3367,7370,2022,raw_snapshot_absent,raw_provenance,SQLite rows exist,0,C,no local saved TotoBrief detail snapshot was found,
WARN,3367,7370,2022,immutable_result_snapshot_absent,drawing_result_snapshots,0,,C,no immutable result snapshot and no local RAW result evidence,
WARN,3368,7373,2022,raw_snapshot_absent,raw_provenance,SQLite rows exist,0,C,no local saved TotoBrief detail snapshot was found,
WARN,3368,7373,2022,immutable_result_snapshot_absent,drawing_result_snapshots,0,,C,no immutable result snapshot and no local RAW result evidence,
WARN,3369,7379,2022,raw_snapshot_absent,raw_provenance,SQLite rows exist,0,C,no local saved TotoBrief detail snapshot was found,
WARN,3369,7379,2022,immutable_result_snapshot_absent,drawing_result_snapshots,0,,C,no immutable result snapshot and no local RAW result evidence,
WARN,3370,7383,2022,raw_snapshot_absent,raw_provenance,SQLite rows exist,0,C,no local saved TotoBrief detail snapshot was found,
WARN,3370,7383,2022,immutable_result_snapshot_absent,drawing_result_snapshots,0,,C,no immutable result snapshot and no local RAW result evidence,
ERROR,3371,7387,2022,pool_quotes_incomplete,quotes.pool,0/15,,C,no local RAW/API snapshot is available,
WARN,3371,7387,2022,raw_snapshot_absent,raw_provenance,SQLite rows exist,0,C,no local saved TotoBrief detail snapshot was found,
WARN,3371,7387,2022,immutable_result_snapshot_absent,drawing_result_snapshots,0,,C,no immutable result snapshot and no local RAW result evidence,
WARN,3372,7389,2022,raw_snapshot_absent,raw_provenance,SQLite rows exist,0,C,no local saved TotoBrief detail snapshot was found,
WARN,3372,7389,2022,immutable_result_snapshot_absent,drawing_result_snapshots,0,,C,no immutable result snapshot and no local RAW result evidence,
ERROR,3373,7390,2022,finished_results_incomplete,events.result,"resolved=14,void=0,missing=1,invalid=0",,C,no local RAW/API snapshot is available,
WARN,3373,7390,2022,raw_snapshot_absent,raw_provenance,SQLite rows exist,0,C,no local saved TotoBrief detail snapshot was found,
WARN,3373,7390,2022,immutable_result_snapshot_absent,drawing_result_snapshots,0,,C,no immutable result snapshot and no local RAW result evidence,
WARN,3374,7392,2022,raw_snapshot_absent,raw_provenance,SQLite rows exist,0,C,no local saved TotoBrief detail snapshot was found,
WARN,3374,7392,2022,immutable_result_snapshot_absent,drawing_result_snapshots,0,,C,no immutable result snapshot and no local RAW result evidence,
WARN,3375,7395,2022,raw_snapshot_absent,raw_provenance,SQLite rows exist,0,C,no local saved TotoBrief detail snapshot was found,
WARN,3375,7395,2022,immutable_result_snapshot_absent,drawing_result_snapshots,0,,C,no immutable result snapshot and no local RAW result evidence,
WARN,3376,7397,2022,raw_snapshot_absent,raw_provenance,SQLite rows exist,0,C,no local saved TotoBrief detail snapshot was found,
WARN,3376,7397,2022,immutable_result_snapshot_absent,drawing_result_snapshots,0,,C,no immutable result snapshot and no local RAW result evidence,
ERROR,3377,7398,2022,pool_quotes_incomplete,quotes.pool,0/15,,C,no local RAW/API snapshot is available,
WARN,3377,7398,2022,raw_snapshot_absent,raw_provenance,SQLite rows exist,0,C,no local saved TotoBrief detail snapshot was found,
WARN,3377,7398,2022,immutable_result_snapshot_absent,drawing_result_snapshots,0,,C,no immutable result snapshot and no local RAW result evidence,
ERROR,3378,7401,2022,pool_quotes_incomplete,quotes.pool,0/15,,C,no local RAW/API snapshot is available,
ERROR,3378,7401,2022,finished_results_incomplete,events.result,"resolved=14,void=0,missing=1,invalid=0",,C,no local RAW/API snapshot is available,
WARN,3378,7401,2022,raw_snapshot_absent,raw_provenance,SQLite rows exist,0,C,no local saved TotoBrief detail snapshot was found,
WARN,3378,7401,2022,immutable_result_snapshot_absent,drawing_result_snapshots,0,,C,no immutable result snapshot and no local RAW result evidence,
WARN,3379,7403,2022,raw_snapshot_absent,raw_provenance,SQLite rows exist,0,C,no local saved TotoBrief detail snapshot was found,
WARN,3379,7403,2022,immutable_result_snapshot_absent,drawing_result_snapshots,0,,C,no immutable result snapshot and no local RAW result evidence,
WARN,3380,7405,2022,raw_snapshot_absent,raw_provenance,SQLite rows exist,0,C,no local saved TotoBrief detail snapshot was found,
WARN,3380,7405,2022,immutable_result_snapshot_absent,drawing_result_snapshots,0,,C,no immutable result snapshot and no local RAW result evidence,
WARN,3381,7407,2022,raw_snapshot_absent,raw_provenance,SQLite rows exist,0,C,no local saved TotoBrief detail snapshot was found,
WARN,3381,7407,2022,immutable_result_snapshot_absent,drawing_result_snapshots,0,,C,no immutable result snapshot and no local RAW result evidence,
WARN,3382,7409,2022,raw_snapshot_absent,raw_provenance,SQLite rows exist,0,C,no local saved TotoBrief detail snapshot was found,
WARN,3382,7409,2022,immutable_result_snapshot_absent,drawing_result_snapshots,0,,C,no immutable result snapshot and no local RAW result evidence,
ERROR,3383,7411,2022,pool_quotes_incomplete,quotes.pool,0/15,,C,no local RAW/API snapshot is available,
WARN,3383,7411,2022,raw_snapshot_absent,raw_provenance,SQLite rows exist,0,C,no local saved TotoBrief detail snapshot was found,
WARN,3383,7411,2022,immutable_result_snapshot_absent,drawing_result_snapshots,0,,C,no immutable result snapshot and no local RAW result evidence,
WARN,3384,7413,2022,raw_snapshot_absent,raw_provenance,SQLite rows exist,0,C,no local saved TotoBrief detail snapshot was found,
WARN,3384,7413,2022,immutable_result_snapshot_absent,drawing_result_snapshots,0,,C,no immutable result snapshot and no local RAW result evidence,
ERROR,3385,7415,2022,pool_quotes_incomplete,quotes.pool,0/15,,C,no local RAW/API snapshot is available,
WARN,3385,7415,2022,raw_snapshot_absent,raw_provenance,SQLite rows exist,0,C,no local saved TotoBrief detail snapshot was found,
WARN,3385,7415,2022,immutable_result_snapshot_absent,drawing_result_snapshots,0,,C,no immutable result snapshot and no local RAW result evidence,
WARN,3386,7417,2022,raw_snapshot_absent,raw_provenance,SQLite rows exist,0,C,no local saved TotoBrief detail snapshot was found,
WARN,3386,7417,2022,immutable_result_snapshot_absent,drawing_result_snapshots,0,,C,no immutable result snapshot and no local RAW result evidence,
WARN,3387,7418,2022,raw_snapshot_absent,raw_provenance,SQLite rows exist,0,C,no local saved TotoBrief detail snapshot was found,
WARN,3387,7418,2022,immutable_result_snapshot_absent,drawing_result_snapshots,0,,C,no immutable result snapshot and no local RAW result evidence,
WARN,3388,7421,2022,raw_snapshot_absent,raw_provenance,SQLite rows exist,0,C,no local saved TotoBrief detail snapshot was found,
WARN,3388,7421,2022,immutable_result_snapshot_absent,drawing_result_snapshots,0,,C,no immutable result snapshot and no local RAW result evidence,
WARN,3389,7424,2022,raw_snapshot_absent,raw_provenance,SQLite rows exist,0,C,no local saved TotoBrief detail snapshot was found,
WARN,3389,7424,2022,immutable_result_snapshot_absent,drawing_result_snapshots,0,,C,no immutable result snapshot and no local RAW result evidence,
WARN,3390,7428,2022,raw_snapshot_absent,raw_provenance,SQLite rows exist,0,C,no local saved TotoBrief detail snapshot was found,
WARN,3390,7428,2022,immutable_result_snapshot_absent,drawing_result_snapshots,0,,C,no immutable result snapshot and no local RAW result evidence,
WARN,3391,7430,2022,raw_snapshot_absent,raw_provenance,SQLite rows exist,0,C,no local saved TotoBrief detail snapshot was found,
WARN,3391,7430,2022,immutable_result_snapshot_absent,drawing_result_snapshots,0,,C,no immutable result snapshot and no local RAW result evidence,
WARN,3392,7433,2022,raw_snapshot_absent,raw_provenance,SQLite rows exist,0,C,no local saved TotoBrief detail snapshot was found,
WARN,3392,7433,2022,immutable_result_snapshot_absent,drawing_result_snapshots,0,,C,no immutable result snapshot and no local RAW result evidence,
WARN,3393,7437,2022,raw_snapshot_absent,raw_provenance,SQLite rows exist,0,C,no local saved TotoBrief detail snapshot was found,
WARN,3393,7437,2022,immutable_result_snapshot_absent,drawing_result_snapshots,0,,C,no immutable result snapshot and no local RAW result evidence,
WARN,3394,7439,2022,raw_snapshot_absent,raw_provenance,SQLite rows exist,0,C,no local saved TotoBrief detail snapshot was found,
WARN,3394,7439,2022,immutable_result_snapshot_absent,drawing_result_snapshots,0,,C,no immutable result snapshot and no local RAW result evidence,
WARN,3395,7443,2022,raw_snapshot_absent,raw_provenance,SQLite rows exist,0,C,no local saved TotoBrief detail snapshot was found,
WARN,3395,7443,2022,immutable_result_snapshot_absent,drawing_result_snapshots,0,,C,no immutable result snapshot and no local RAW result evidence,
WARN,3396,7445,2022,raw_snapshot_absent,raw_provenance,SQLite rows exist,0,C,no local saved TotoBrief detail snapshot was found,
WARN,3396,7445,2022,immutable_result_snapshot_absent,drawing_result_snapshots,0,,C,no immutable result snapshot and no local RAW result evidence,
WARN,3397,7448,2022,raw_snapshot_absent,raw_provenance,SQLite rows exist,0,C,no local saved TotoBrief detail snapshot was found,
WARN,3397,7448,2022,immutable_result_snapshot_absent,drawing_result_snapshots,0,,C,no immutable result snapshot and no local RAW result evidence,
ERROR,3398,7452,2022,pool_quotes_incomplete,quotes.pool,0/15,,C,no local RAW/API snapshot is available,
WARN,3398,7452,2022,raw_snapshot_absent,raw_provenance,SQLite rows exist,0,C,no local saved TotoBrief detail snapshot was found,
WARN,3398,7452,2022,immutable_result_snapshot_absent,drawing_result_snapshots,0,,C,no immutable result snapshot and no local RAW result evidence,
WARN,3399,7454,2022,raw_snapshot_absent,raw_provenance,SQLite rows exist,0,C,no local saved TotoBrief detail snapshot was found,
WARN,3399,7454,2022,immutable_result_snapshot_absent,drawing_result_snapshots,0,,C,no immutable result snapshot and no local RAW result evidence,
WARN,3400,7457,2022,raw_snapshot_absent,raw_provenance,SQLite rows exist,0,C,no local saved TotoBrief detail snapshot was found,
WARN,3400,7457,2022,immutable_result_snapshot_absent,drawing_result_snapshots,0,,C,no immutable result snapshot and no local RAW result evidence,
WARN,3401,7460,2022,raw_snapshot_absent,raw_provenance,SQLite rows exist,0,C,no local saved TotoBrief detail snapshot was found,
WARN,3401,7460,2022,immutable_result_snapshot_absent,drawing_result_snapshots,0,,C,no immutable result snapshot and no local RAW result evidence,
WARN,3402,7463,2022,raw_snapshot_absent,raw_provenance,SQLite rows exist,0,C,no local saved TotoBrief detail snapshot was found,
WARN,3402,7463,2022,immutable_result_snapshot_absent,drawing_result_snapshots,0,,C,no immutable result snapshot and no local RAW result evidence,
WARN,3403,7466,2022,raw_snapshot_absent,raw_provenance,SQLite rows exist,0,C,no local saved TotoBrief detail snapshot was found,
WARN,3403,7466,2022,immutable_result_snapshot_absent,drawing_result_snapshots,0,,C,no immutable result snapshot and no local RAW result evidence,
WARN,3404,7470,2022,raw_snapshot_absent,raw_provenance,SQLite rows exist,0,C,no local saved TotoBrief detail snapshot was found,
WARN,3404,7470,2022,immutable_result_snapshot_absent,drawing_result_snapshots,0,,C,no immutable result snapshot and no local RAW result evidence,
WARN,3405,7473,2022,raw_snapshot_absent,raw_provenance,SQLite rows exist,0,C,no local saved TotoBrief detail snapshot was found,
WARN,3405,7473,2022,immutable_result_snapshot_absent,drawing_result_snapshots,0,,C,no immutable result snapshot and no local RAW result evidence,
WARN,3406,7474,2022,raw_snapshot_absent,raw_provenance,SQLite rows exist,0,C,no local saved TotoBrief detail snapshot was found,
WARN,3406,7474,2022,immutable_result_snapshot_absent,drawing_result_snapshots,0,,C,no immutable result snapshot and no local RAW result evidence,
WARN,3407,7478,2022,raw_snapshot_absent,raw_provenance,SQLite rows exist,0,C,no local saved TotoBrief detail snapshot was found,
WARN,3407,7478,2022,immutable_result_snapshot_absent,drawing_result_snapshots,0,,C,no immutable result snapshot and no local RAW result evidence,
ERROR,3408,7481,2022,finished_results_incomplete,events.result,"resolved=14,void=0,missing=1,invalid=0",,C,no local RAW/API snapshot is available,
WARN,3408,7481,2022,raw_snapshot_absent,raw_provenance,SQLite rows exist,0,C,no local saved TotoBrief detail snapshot was found,
WARN,3408,7481,2022,immutable_result_snapshot_absent,drawing_result_snapshots,0,,C,no immutable result snapshot and no local RAW result evidence,
WARN,3409,7485,2022,raw_snapshot_absent,raw_provenance,SQLite rows exist,0,C,no local saved TotoBrief detail snapshot was found,
WARN,3409,7485,2022,immutable_result_snapshot_absent,drawing_result_snapshots,0,,C,no immutable result snapshot and no local RAW result evidence,
ERROR,3410,7487,2022,pool_quotes_incomplete,quotes.pool,0/15,,C,no local RAW/API snapshot is available,
WARN,3410,7487,2022,raw_snapshot_absent,raw_provenance,SQLite rows exist,0,C,no local saved TotoBrief detail snapshot was found,
WARN,3410,7487,2022,immutable_result_snapshot_absent,drawing_result_snapshots,0,,C,no immutable result snapshot and no local RAW result evidence,
WARN,3411,7490,2022,raw_snapshot_absent,raw_provenance,SQLite rows exist,0,C,no local saved TotoBrief detail snapshot was found,
WARN,3411,7490,2022,immutable_result_snapshot_absent,drawing_result_snapshots,0,,C,no immutable result snapshot and no local RAW result evidence,
WARN,3412,7495,2022,raw_snapshot_absent,raw_provenance,SQLite rows exist,0,C,no local saved TotoBrief detail snapshot was found,
WARN,3412,7495,2022,immutable_result_snapshot_absent,drawing_result_snapshots,0,,C,no immutable result snapshot and no local RAW result evidence,
ERROR,3413,7498,2022,pool_quotes_incomplete,quotes.pool,0/15,,C,no local RAW/API snapshot is available,
WARN,3413,7498,2022,raw_snapshot_absent,raw_provenance,SQLite rows exist,0,C,no local saved TotoBrief detail snapshot was found,
WARN,3413,7498,2022,immutable_result_snapshot_absent,drawing_result_snapshots,0,,C,no immutable result snapshot and no local RAW result evidence,
WARN,3414,7500,2022,raw_snapshot_absent,raw_provenance,SQLite rows exist,0,C,no local saved TotoBrief detail snapshot was found,
WARN,3414,7500,2022,immutable_result_snapshot_absent,drawing_result_snapshots,0,,C,no immutable result snapshot and no local RAW result evidence,
WARN,3415,7502,2022,raw_snapshot_absent,raw_provenance,SQLite rows exist,0,C,no local saved TotoBrief detail snapshot was found,
WARN,3415,7502,2022,immutable_result_snapshot_absent,drawing_result_snapshots,0,,C,no immutable result snapshot and no local RAW result evidence,
WARN,3416,7505,2022,raw_snapshot_absent,raw_provenance,SQLite rows exist,0,C,no local saved TotoBrief detail snapshot was found,
WARN,3416,7505,2022,immutable_result_snapshot_absent,drawing_result_snapshots,0,,C,no immutable result snapshot and no local RAW result evidence,
WARN,3417,7509,2022,raw_snapshot_absent,raw_provenance,SQLite rows exist,0,C,no local saved TotoBrief detail snapshot was found,
WARN,3417,7509,2022,immutable_result_snapshot_absent,drawing_result_snapshots,0,,C,no immutable result snapshot and no local RAW result evidence,
ERROR,3418,7513,2022,pool_quotes_incomplete,quotes.pool,0/15,,C,no local RAW/API snapshot is available,
WARN,3418,7513,2022,raw_snapshot_absent,raw_provenance,SQLite rows exist,0,C,no local saved TotoBrief detail snapshot was found,
WARN,3418,7513,2022,immutable_result_snapshot_absent,drawing_result_snapshots,0,,C,no immutable result snapshot and no local RAW result evidence,
WARN,3419,7515,2022,raw_snapshot_absent,raw_provenance,SQLite rows exist,0,C,no local saved TotoBrief detail snapshot was found,
WARN,3419,7515,2022,immutable_result_snapshot_absent,drawing_result_snapshots,0,,C,no immutable result snapshot and no local RAW result evidence,
ERROR,3420,7518,2022,finished_results_incomplete,events.result,"resolved=14,void=0,missing=1,invalid=0",,C,no local RAW/API snapshot is available,
WARN,3420,7518,2022,raw_snapshot_absent,raw_provenance,SQLite rows exist,0,C,no local saved TotoBrief detail snapshot was found,
WARN,3420,7518,2022,immutable_result_snapshot_absent,drawing_result_snapshots,0,,C,no immutable result snapshot and no local RAW result evidence,
WARN,3421,7521,2022,raw_snapshot_absent,raw_provenance,SQLite rows exist,0,C,no local saved TotoBrief detail snapshot was found,
WARN,3421,7521,2022,immutable_result_snapshot_absent,drawing_result_snapshots,0,,C,no immutable result snapshot and no local RAW result evidence,
WARN,3422,7525,2022,raw_snapshot_absent,raw_provenance,SQLite rows exist,0,C,no local saved TotoBrief detail snapshot was found,
WARN,3422,7525,2022,immutable_result_snapshot_absent,drawing_result_snapshots,0,,C,no immutable result snapshot and no local RAW result evidence,
WARN,3423,7528,2022,raw_snapshot_absent,raw_provenance,SQLite rows exist,0,C,no local saved TotoBrief detail snapshot was found,
WARN,3423,7528,2022,immutable_result_snapshot_absent,drawing_result_snapshots,0,,C,no immutable result snapshot and no local RAW result evidence,
WARN,3424,7531,2022,raw_snapshot_absent,raw_provenance,SQLite rows exist,0,C,no local saved TotoBrief detail snapshot was found,
WARN,3424,7531,2022,immutable_result_snapshot_absent,drawing_result_snapshots,0,,C,no immutable result snapshot and no local RAW result evidence,
WARN,3425,7534,2022,raw_snapshot_absent,raw_provenance,SQLite rows exist,0,C,no local saved TotoBrief detail snapshot was found,
WARN,3425,7534,2022,immutable_result_snapshot_absent,drawing_result_snapshots,0,,C,no immutable result snapshot and no local RAW result evidence,
WARN,3426,7536,2022,raw_snapshot_absent,raw_provenance,SQLite rows exist,0,C,no local saved TotoBrief detail snapshot was found,
WARN,3426,7536,2022,immutable_result_snapshot_absent,drawing_result_snapshots,0,,C,no immutable result snapshot and no local RAW result evidence,
WARN,3427,7540,2022,raw_snapshot_absent,raw_provenance,SQLite rows exist,0,C,no local saved TotoBrief detail snapshot was found,
WARN,3427,7540,2022,immutable_result_snapshot_absent,drawing_result_snapshots,0,,C,no immutable result snapshot and no local RAW result evidence,
ERROR,3428,7543,2022,pool_quotes_incomplete,quotes.pool,0/15,,C,no local RAW/API snapshot is available,
WARN,3428,7543,2022,raw_snapshot_absent,raw_provenance,SQLite rows exist,0,C,no local saved TotoBrief detail snapshot was found,
WARN,3428,7543,2022,immutable_result_snapshot_absent,drawing_result_snapshots,0,,C,no immutable result snapshot and no local RAW result evidence,
WARN,3429,7546,2022,raw_snapshot_absent,raw_provenance,SQLite rows exist,0,C,no local saved TotoBrief detail snapshot was found,
WARN,3429,7546,2022,immutable_result_snapshot_absent,drawing_result_snapshots,0,,C,no immutable result snapshot and no local RAW result evidence,
WARN,3430,7549,2022,raw_snapshot_absent,raw_provenance,SQLite rows exist,0,C,no local saved TotoBrief detail snapshot was found,
WARN,3430,7549,2022,immutable_result_snapshot_absent,drawing_result_snapshots,0,,C,no immutable result snapshot and no local RAW result evidence,
WARN,3431,7552,2022,raw_snapshot_absent,raw_provenance,SQLite rows exist,0,C,no local saved TotoBrief detail snapshot was found,
WARN,3431,7552,2022,immutable_result_snapshot_absent,drawing_result_snapshots,0,,C,no immutable result snapshot and no local RAW result evidence,
WARN,3432,7555,2022,raw_snapshot_absent,raw_provenance,SQLite rows exist,0,C,no local saved TotoBrief detail snapshot was found,
WARN,3432,7555,2022,immutable_result_snapshot_absent,drawing_result_snapshots,0,,C,no immutable result snapshot and no local RAW result evidence,
WARN,3433,7558,2022,raw_snapshot_absent,raw_provenance,SQLite rows exist,0,C,no local saved TotoBrief detail snapshot was found,
WARN,3433,7558,2022,immutable_result_snapshot_absent,drawing_result_snapshots,0,,C,no immutable result snapshot and no local RAW result evidence,
WARN,3434,7559,2022,raw_snapshot_absent,raw_provenance,SQLite rows exist,0,C,no local saved TotoBrief detail snapshot was found,
WARN,3434,7559,2022,immutable_result_snapshot_absent,drawing_result_snapshots,0,,C,no immutable result snapshot and no local RAW result evidence,
ERROR,3435,7563,2022,finished_results_incomplete,events.result,"resolved=14,void=0,missing=1,invalid=0",,C,no local RAW/API snapshot is available,
WARN,3435,7563,2022,raw_snapshot_absent,raw_provenance,SQLite rows exist,0,C,no local saved TotoBrief detail snapshot was found,
WARN,3435,7563,2022,immutable_result_snapshot_absent,drawing_result_snapshots,0,,C,no immutable result snapshot and no local RAW result evidence,
ERROR,3436,7566,2022,finished_results_incomplete,events.result,"resolved=14,void=0,missing=1,invalid=0",,C,no local RAW/API snapshot is available,
WARN,3436,7566,2022,raw_snapshot_absent,raw_provenance,SQLite rows exist,0,C,no local saved TotoBrief detail snapshot was found,
WARN,3436,7566,2022,immutable_result_snapshot_absent,drawing_result_snapshots,0,,C,no immutable result snapshot and no local RAW result evidence,
WARN,3437,7569,2022,raw_snapshot_absent,raw_provenance,SQLite rows exist,0,C,no local saved TotoBrief detail snapshot was found,
WARN,3437,7569,2022,immutable_result_snapshot_absent,drawing_result_snapshots,0,,C,no immutable result snapshot and no local RAW result evidence,
WARN,3438,7573,2022,raw_snapshot_absent,raw_provenance,SQLite rows exist,0,C,no local saved TotoBrief detail snapshot was found,
WARN,3438,7573,2022,immutable_result_snapshot_absent,drawing_result_snapshots,0,,C,no immutable result snapshot and no local RAW result evidence,
WARN,3439,7576,2022,raw_snapshot_absent,raw_provenance,SQLite rows exist,0,C,no local saved TotoBrief detail snapshot was found,
WARN,3439,7576,2022,immutable_result_snapshot_absent,drawing_result_snapshots,0,,C,no immutable result snapshot and no local RAW result evidence,
ERROR,3440,7579,2022,finished_results_incomplete,events.result,"resolved=13,void=0,missing=2,invalid=0",,C,no local RAW/API snapshot is available,
WARN,3440,7579,2022,raw_snapshot_absent,raw_provenance,SQLite rows exist,0,C,no local saved TotoBrief detail snapshot was found,
WARN,3440,7579,2022,immutable_result_snapshot_absent,drawing_result_snapshots,0,,C,no immutable result snapshot and no local RAW result evidence,
WARN,3441,7581,2022,raw_snapshot_absent,raw_provenance,SQLite rows exist,0,C,no local saved TotoBrief detail snapshot was found,
WARN,3441,7581,2022,immutable_result_snapshot_absent,drawing_result_snapshots,0,,C,no immutable result snapshot and no local RAW result evidence,
WARN,3442,7585,2022,raw_snapshot_absent,raw_provenance,SQLite rows exist,0,C,no local saved TotoBrief detail snapshot was found,
WARN,3442,7585,2022,immutable_result_snapshot_absent,drawing_result_snapshots,0,,C,no immutable result snapshot and no local RAW result evidence,
WARN,3443,7587,2022,raw_snapshot_absent,raw_provenance,SQLite rows exist,0,C,no local saved TotoBrief detail snapshot was found,
WARN,3443,7587,2022,immutable_result_snapshot_absent,drawing_result_snapshots,0,,C,no immutable result snapshot and no local RAW result evidence,
WARN,3444,7589,2022,raw_snapshot_absent,raw_provenance,SQLite rows exist,0,C,no local saved TotoBrief detail snapshot was found,
WARN,3444,7589,2022,immutable_result_snapshot_absent,drawing_result_snapshots,0,,C,no immutable result snapshot and no local RAW result evidence,
WARN,3445,7590,2022,raw_snapshot_absent,raw_provenance,SQLite rows exist,0,C,no local saved TotoBrief detail snapshot was found,
WARN,3445,7590,2022,immutable_result_snapshot_absent,drawing_result_snapshots,0,,C,no immutable result snapshot and no local RAW result evidence,
ERROR,3446,7593,2022,pool_quotes_incomplete,quotes.pool,0/15,,C,no local RAW/API snapshot is available,
ERROR,3446,7593,2022,finished_results_incomplete,events.result,"resolved=14,void=0,missing=1,invalid=0",,C,no local RAW/API snapshot is available,
WARN,3446,7593,2022,raw_snapshot_absent,raw_provenance,SQLite rows exist,0,C,no local saved TotoBrief detail snapshot was found,
WARN,3446,7593,2022,immutable_result_snapshot_absent,drawing_result_snapshots,0,,C,no immutable result snapshot and no local RAW result evidence,
ERROR,3447,7595,2022,pool_quotes_incomplete,quotes.pool,0/15,,C,no local RAW/API snapshot is available,
WARN,3447,7595,2022,raw_snapshot_absent,raw_provenance,SQLite rows exist,0,C,no local saved TotoBrief detail snapshot was found,
WARN,3447,7595,2022,immutable_result_snapshot_absent,drawing_result_snapshots,0,,C,no immutable result snapshot and no local RAW result evidence,
ERROR,3448,7597,2022,pool_quotes_incomplete,quotes.pool,0/15,,C,no local RAW/API snapshot is available,
WARN,3448,7597,2022,raw_snapshot_absent,raw_provenance,SQLite rows exist,0,C,no local saved TotoBrief detail snapshot was found,
WARN,3448,7597,2022,immutable_result_snapshot_absent,drawing_result_snapshots,0,,C,no immutable result snapshot and no local RAW result evidence,
WARN,3449,7598,2022,raw_snapshot_absent,raw_provenance,SQLite rows exist,0,C,no local saved TotoBrief detail snapshot was found,
WARN,3449,7598,2022,immutable_result_snapshot_absent,drawing_result_snapshots,0,,C,no immutable result snapshot and no local RAW result evidence,
WARN,3450,7600,2022,raw_snapshot_absent,raw_provenance,SQLite rows exist,0,C,no local saved TotoBrief detail snapshot was found,
WARN,3450,7600,2022,immutable_result_snapshot_absent,drawing_result_snapshots,0,,C,no immutable result snapshot and no local RAW result evidence,
WARN,3451,7603,2022,raw_snapshot_absent,raw_provenance,SQLite rows exist,0,C,no local saved TotoBrief detail snapshot was found,
WARN,3451,7603,2022,immutable_result_snapshot_absent,drawing_result_snapshots,0,,C,no immutable result snapshot and no local RAW result evidence,
WARN,3452,7607,2022,raw_snapshot_absent,raw_provenance,SQLite rows exist,0,C,no local saved TotoBrief detail snapshot was found,
WARN,3452,7607,2022,immutable_result_snapshot_absent,drawing_result_snapshots,0,,C,no immutable result snapshot and no local RAW result evidence,
WARN,3453,7609,2022,raw_snapshot_absent,raw_provenance,SQLite rows exist,0,C,no local saved TotoBrief detail snapshot was found,
WARN,3453,7609,2022,immutable_result_snapshot_absent,drawing_result_snapshots,0,,C,no immutable result snapshot and no local RAW result evidence,
WARN,3454,7611,2022,raw_snapshot_absent,raw_provenance,SQLite rows exist,0,C,no local saved TotoBrief detail snapshot was found,
WARN,3454,7611,2022,immutable_result_snapshot_absent,drawing_result_snapshots,0,,C,no immutable result snapshot and no local RAW result evidence,
ERROR,3455,7613,2022,pool_quotes_incomplete,quotes.pool,0/15,,C,no local RAW/API snapshot is available,
WARN,3455,7613,2022,raw_snapshot_absent,raw_provenance,SQLite rows exist,0,C,no local saved TotoBrief detail snapshot was found,
WARN,3455,7613,2022,immutable_result_snapshot_absent,drawing_result_snapshots,0,,C,no immutable result snapshot and no local RAW result evidence,
WARN,3456,7615,2022,raw_snapshot_absent,raw_provenance,SQLite rows exist,0,C,no local saved TotoBrief detail snapshot was found,
WARN,3456,7615,2022,immutable_result_snapshot_absent,drawing_result_snapshots,0,,C,no immutable result snapshot and no local RAW result evidence,
WARN,3457,7617,2022,raw_snapshot_absent,raw_provenance,SQLite rows exist,0,C,no local saved TotoBrief detail snapshot was found,
WARN,3457,7617,2022,immutable_result_snapshot_absent,drawing_result_snapshots,0,,C,no immutable result snapshot and no local RAW result evidence,
WARN,3458,7619,2022,raw_snapshot_absent,raw_provenance,SQLite rows exist,0,C,no local saved TotoBrief detail snapshot was found,
WARN,3458,7619,2022,immutable_result_snapshot_absent,drawing_result_snapshots,0,,C,no immutable result snapshot and no local RAW result evidence,
WARN,3459,7621,2022,raw_snapshot_absent,raw_provenance,SQLite rows exist,0,C,no local saved TotoBrief detail snapshot was found,
WARN,3459,7621,2022,immutable_result_snapshot_absent,drawing_result_snapshots,0,,C,no immutable result snapshot and no local RAW result evidence,
WARN,3460,7623,2022,raw_snapshot_absent,raw_provenance,SQLite rows exist,0,C,no local saved TotoBrief detail snapshot was found,
WARN,3460,7623,2022,immutable_result_snapshot_absent,drawing_result_snapshots,0,,C,no immutable result snapshot and no local RAW result evidence,
ERROR,3461,7625,2022,pool_quotes_incomplete,quotes.pool,0/15,,C,no local RAW/API snapshot is available,
WARN,3461,7625,2022,raw_snapshot_absent,raw_provenance,SQLite rows exist,0,C,no local saved TotoBrief detail snapshot was found,
WARN,3461,7625,2022,immutable_result_snapshot_absent,drawing_result_snapshots,0,,C,no immutable result snapshot and no local RAW result evidence,
ERROR,3462,7626,2022,pool_quotes_incomplete,quotes.pool,0/15,,C,no local RAW/API snapshot is available,
WARN,3462,7626,2022,raw_snapshot_absent,raw_provenance,SQLite rows exist,0,C,no local saved TotoBrief detail snapshot was found,
WARN,3462,7626,2022,immutable_result_snapshot_absent,drawing_result_snapshots,0,,C,no immutable result snapshot and no local RAW result evidence,
WARN,3463,7629,2022,raw_snapshot_absent,raw_provenance,SQLite rows exist,0,C,no local saved TotoBrief detail snapshot was found,
WARN,3463,7629,2022,immutable_result_snapshot_absent,drawing_result_snapshots,0,,C,no immutable result snapshot and no local RAW result evidence,
WARN,3464,7631,2022,raw_snapshot_absent,raw_provenance,SQLite rows exist,0,C,no local saved TotoBrief detail snapshot was found,
WARN,3464,7631,2022,immutable_result_snapshot_absent,drawing_result_snapshots,0,,C,no immutable result snapshot and no local RAW result evidence,
WARN,3465,7633,2022,raw_snapshot_absent,raw_provenance,SQLite rows exist,0,C,no local saved TotoBrief detail snapshot was found,
WARN,3465,7633,2022,immutable_result_snapshot_absent,drawing_result_snapshots,0,,C,no immutable result snapshot and no local RAW result evidence,
WARN,3466,7635,2022,raw_snapshot_absent,raw_provenance,SQLite rows exist,0,C,no local saved TotoBrief detail snapshot was found,
WARN,3466,7635,2022,immutable_result_snapshot_absent,drawing_result_snapshots,0,,C,no immutable result snapshot and no local RAW result evidence,
WARN,3467,7637,2022,raw_snapshot_absent,raw_provenance,SQLite rows exist,0,C,no local saved TotoBrief detail snapshot was found,
WARN,3467,7637,2022,immutable_result_snapshot_absent,drawing_result_snapshots,0,,C,no immutable result snapshot and no local RAW result evidence,
WARN,3468,7639,2022,raw_snapshot_absent,raw_provenance,SQLite rows exist,0,C,no local saved TotoBrief detail snapshot was found,
WARN,3468,7639,2022,immutable_result_snapshot_absent,drawing_result_snapshots,0,,C,no immutable result snapshot and no local RAW result evidence,
WARN,3469,7641,2022,raw_snapshot_absent,raw_provenance,SQLite rows exist,0,C,no local saved TotoBrief detail snapshot was found,
WARN,3469,7641,2022,immutable_result_snapshot_absent,drawing_result_snapshots,0,,C,no immutable result snapshot and no local RAW result evidence,
ERROR,3470,7644,2022,finished_results_incomplete,events.result,"resolved=12,void=0,missing=3,invalid=0",,C,no local RAW/API snapshot is available,
WARN,3470,7644,2022,raw_snapshot_absent,raw_provenance,SQLite rows exist,0,C,no local saved TotoBrief detail snapshot was found,
WARN,3470,7644,2022,immutable_result_snapshot_absent,drawing_result_snapshots,0,,C,no immutable result snapshot and no local RAW result evidence,
WARN,3471,7647,2022,raw_snapshot_absent,raw_provenance,SQLite rows exist,0,C,no local saved TotoBrief detail snapshot was found,
WARN,3471,7647,2022,immutable_result_snapshot_absent,drawing_result_snapshots,0,,C,no immutable result snapshot and no local RAW result evidence,
WARN,3472,7650,2022,raw_snapshot_absent,raw_provenance,SQLite rows exist,0,C,no local saved TotoBrief detail snapshot was found,
WARN,3472,7650,2022,immutable_result_snapshot_absent,drawing_result_snapshots,0,,C,no immutable result snapshot and no local RAW result evidence,
WARN,3473,7653,2022,raw_snapshot_absent,raw_provenance,SQLite rows exist,0,C,no local saved TotoBrief detail snapshot was found,
WARN,3473,7653,2022,immutable_result_snapshot_absent,drawing_result_snapshots,0,,C,no immutable result snapshot and no local RAW result evidence,
WARN,3474,7655,2022,raw_snapshot_absent,raw_provenance,SQLite rows exist,0,C,no local saved TotoBrief detail snapshot was found,
WARN,3474,7655,2022,immutable_result_snapshot_absent,drawing_result_snapshots,0,,C,no immutable result snapshot and no local RAW result evidence,
WARN,3475,7657,2022,raw_snapshot_absent,raw_provenance,SQLite rows exist,0,C,no local saved TotoBrief detail snapshot was found,
WARN,3475,7657,2022,immutable_result_snapshot_absent,drawing_result_snapshots,0,,C,no immutable result snapshot and no local RAW result evidence,
WARN,3476,7661,2022,raw_snapshot_absent,raw_provenance,SQLite rows exist,0,C,no local saved TotoBrief detail snapshot was found,
WARN,3476,7661,2022,immutable_result_snapshot_absent,drawing_result_snapshots,0,,C,no immutable result snapshot and no local RAW result evidence,
WARN,3477,7663,2022,raw_snapshot_absent,raw_provenance,SQLite rows exist,0,C,no local saved TotoBrief detail snapshot was found,
WARN,3477,7663,2022,immutable_result_snapshot_absent,drawing_result_snapshots,0,,C,no immutable result snapshot and no local RAW result evidence,
ERROR,3478,7667,2022,finished_results_incomplete,events.result,"resolved=14,void=0,missing=1,invalid=0",,C,no local RAW/API snapshot is available,
WARN,3478,7667,2022,raw_snapshot_absent,raw_provenance,SQLite rows exist,0,C,no local saved TotoBrief detail snapshot was found,
WARN,3478,7667,2022,immutable_result_snapshot_absent,drawing_result_snapshots,0,,C,no immutable result snapshot and no local RAW result evidence,
WARN,3479,7668,2022,raw_snapshot_absent,raw_provenance,SQLite rows exist,0,C,no local saved TotoBrief detail snapshot was found,
WARN,3479,7668,2022,immutable_result_snapshot_absent,drawing_result_snapshots,0,,C,no immutable result snapshot and no local RAW result evidence,
WARN,3480,7671,2022,raw_snapshot_absent,raw_provenance,SQLite rows exist,0,C,no local saved TotoBrief detail snapshot was found,
WARN,3480,7671,2022,immutable_result_snapshot_absent,drawing_result_snapshots,0,,C,no immutable result snapshot and no local RAW result evidence,
WARN,3481,7673,2022,raw_snapshot_absent,raw_provenance,SQLite rows exist,0,C,no local saved TotoBrief detail snapshot was found,
WARN,3481,7673,2022,immutable_result_snapshot_absent,drawing_result_snapshots,0,,C,no immutable result snapshot and no local RAW result evidence,
ERROR,3482,7676,2022,pool_quotes_incomplete,quotes.pool,0/15,,C,no local RAW/API snapshot is available,
WARN,3482,7676,2022,raw_snapshot_absent,raw_provenance,SQLite rows exist,0,C,no local saved TotoBrief detail snapshot was found,
WARN,3482,7676,2022,immutable_result_snapshot_absent,drawing_result_snapshots,0,,C,no immutable result snapshot and no local RAW result evidence,
ERROR,3483,7679,2022,pool_quotes_incomplete,quotes.pool,0/15,,C,no local RAW/API snapshot is available,
ERROR,3483,7679,2022,finished_results_incomplete,events.result,"resolved=14,void=0,missing=1,invalid=0",,C,no local RAW/API snapshot is available,
WARN,3483,7679,2022,raw_snapshot_absent,raw_provenance,SQLite rows exist,0,C,no local saved TotoBrief detail snapshot was found,
WARN,3483,7679,2022,immutable_result_snapshot_absent,drawing_result_snapshots,0,,C,no immutable result snapshot and no local RAW result evidence,
ERROR,3484,7682,2022,pool_quotes_incomplete,quotes.pool,0/15,,C,no local RAW/API snapshot is available,
ERROR,3484,7682,2022,finished_results_incomplete,events.result,"resolved=13,void=0,missing=2,invalid=0",,C,no local RAW/API snapshot is available,
WARN,3484,7682,2022,raw_snapshot_absent,raw_provenance,SQLite rows exist,0,C,no local saved TotoBrief detail snapshot was found,
WARN,3484,7682,2022,immutable_result_snapshot_absent,drawing_result_snapshots,0,,C,no immutable result snapshot and no local RAW result evidence,
WARN,3485,7684,2022,raw_snapshot_absent,raw_provenance,SQLite rows exist,0,C,no local saved TotoBrief detail snapshot was found,
WARN,3485,7684,2022,immutable_result_snapshot_absent,drawing_result_snapshots,0,,C,no immutable result snapshot and no local RAW result evidence,
WARN,3486,7687,2022,raw_snapshot_absent,raw_provenance,SQLite rows exist,0,C,no local saved TotoBrief detail snapshot was found,
WARN,3486,7687,2022,immutable_result_snapshot_absent,drawing_result_snapshots,0,,C,no immutable result snapshot and no local RAW result evidence,
ERROR,3487,7689,2022,finished_results_incomplete,events.result,"resolved=13,void=0,missing=2,invalid=0",,C,no local RAW/API snapshot is available,
WARN,3487,7689,2022,raw_snapshot_absent,raw_provenance,SQLite rows exist,0,C,no local saved TotoBrief detail snapshot was found,
WARN,3487,7689,2022,immutable_result_snapshot_absent,drawing_result_snapshots,0,,C,no immutable result snapshot and no local RAW result evidence,
ERROR,3488,7693,2022,finished_results_incomplete,events.result,"resolved=13,void=0,missing=2,invalid=0",,C,no local RAW/API snapshot is available,
WARN,3488,7693,2022,raw_snapshot_absent,raw_provenance,SQLite rows exist,0,C,no local saved TotoBrief detail snapshot was found,
WARN,3488,7693,2022,immutable_result_snapshot_absent,drawing_result_snapshots,0,,C,no immutable result snapshot and no local RAW result evidence,
ERROR,3489,7695,2022,pool_quotes_incomplete,quotes.pool,0/15,,C,no local RAW/API snapshot is available,
WARN,3489,7695,2022,raw_snapshot_absent,raw_provenance,SQLite rows exist,0,C,no local saved TotoBrief detail snapshot was found,
WARN,3489,7695,2022,immutable_result_snapshot_absent,drawing_result_snapshots,0,,C,no immutable result snapshot and no local RAW result evidence,
WARN,3490,7698,2022,raw_snapshot_absent,raw_provenance,SQLite rows exist,0,C,no local saved TotoBrief detail snapshot was found,
WARN,3490,7698,2022,immutable_result_snapshot_absent,drawing_result_snapshots,0,,C,no immutable result snapshot and no local RAW result evidence,
ERROR,3491,7700,2022,finished_results_incomplete,events.result,"resolved=14,void=0,missing=1,invalid=0",,C,no local RAW/API snapshot is available,
WARN,3491,7700,2022,raw_snapshot_absent,raw_provenance,SQLite rows exist,0,C,no local saved TotoBrief detail snapshot was found,
WARN,3491,7700,2022,immutable_result_snapshot_absent,drawing_result_snapshots,0,,C,no immutable result snapshot and no local RAW result evidence,
WARN,3492,7703,2022,raw_snapshot_absent,raw_provenance,SQLite rows exist,0,C,no local saved TotoBrief detail snapshot was found,
WARN,3492,7703,2022,immutable_result_snapshot_absent,drawing_result_snapshots,0,,C,no immutable result snapshot and no local RAW result evidence,
WARN,3493,7706,2022,raw_snapshot_absent,raw_provenance,SQLite rows exist,0,C,no local saved TotoBrief detail snapshot was found,
WARN,3493,7706,2022,immutable_result_snapshot_absent,drawing_result_snapshots,0,,C,no immutable result snapshot and no local RAW result evidence,
WARN,3494,7710,2022,raw_snapshot_absent,raw_provenance,SQLite rows exist,0,C,no local saved TotoBrief detail snapshot was found,
WARN,3494,7710,2022,immutable_result_snapshot_absent,drawing_result_snapshots,0,,C,no immutable result snapshot and no local RAW result evidence,
WARN,3495,7713,2022,raw_snapshot_absent,raw_provenance,SQLite rows exist,0,C,no local saved TotoBrief detail snapshot was found,
WARN,3495,7713,2022,immutable_result_snapshot_absent,drawing_result_snapshots,0,,C,no immutable result snapshot and no local RAW result evidence,
WARN,3496,7717,2022,raw_snapshot_absent,raw_provenance,SQLite rows exist,0,C,no local saved TotoBrief detail snapshot was found,
WARN,3496,7717,2022,immutable_result_snapshot_absent,drawing_result_snapshots,0,,C,no immutable result snapshot and no local RAW result evidence,
WARN,3497,7719,2022,raw_snapshot_absent,raw_provenance,SQLite rows exist,0,C,no local saved TotoBrief detail snapshot was found,
WARN,3497,7719,2022,immutable_result_snapshot_absent,drawing_result_snapshots,0,,C,no immutable result snapshot and no local RAW result evidence,
WARN,3498,7721,2022,raw_snapshot_absent,raw_provenance,SQLite rows exist,0,C,no local saved TotoBrief detail snapshot was found,
WARN,3498,7721,2022,immutable_result_snapshot_absent,drawing_result_snapshots,0,,C,no immutable result snapshot and no local RAW result evidence,
WARN,3499,7726,2022,raw_snapshot_absent,raw_provenance,SQLite rows exist,0,C,no local saved TotoBrief detail snapshot was found,
WARN,3499,7726,2022,immutable_result_snapshot_absent,drawing_result_snapshots,0,,C,no immutable result snapshot and no local RAW result evidence,
ERROR,3500,7727,2022,finished_results_incomplete,events.result,"resolved=14,void=0,missing=1,invalid=0",,C,no local RAW/API snapshot is available,
WARN,3500,7727,2022,raw_snapshot_absent,raw_provenance,SQLite rows exist,0,C,no local saved TotoBrief detail snapshot was found,
WARN,3500,7727,2022,immutable_result_snapshot_absent,drawing_result_snapshots,0,,C,no immutable result snapshot and no local RAW result evidence,
ERROR,3501,7732,2022,finished_results_incomplete,events.result,"resolved=14,void=0,missing=1,invalid=0",,C,no local RAW/API snapshot is available,
WARN,3501,7732,2022,raw_snapshot_absent,raw_provenance,SQLite rows exist,0,C,no local saved TotoBrief detail snapshot was found,
WARN,3501,7732,2022,immutable_result_snapshot_absent,drawing_result_snapshots,0,,C,no immutable result snapshot and no local RAW result evidence,
WARN,3502,7735,2022,raw_snapshot_absent,raw_provenance,SQLite rows exist,0,C,no local saved TotoBrief detail snapshot was found,
WARN,3502,7735,2022,immutable_result_snapshot_absent,drawing_result_snapshots,0,,C,no immutable result snapshot and no local RAW result evidence,
ERROR,3503,7738,2022,pool_quotes_incomplete,quotes.pool,0/15,,C,no local RAW/API snapshot is available,
WARN,3503,7738,2022,raw_snapshot_absent,raw_provenance,SQLite rows exist,0,C,no local saved TotoBrief detail snapshot was found,
WARN,3503,7738,2022,immutable_result_snapshot_absent,drawing_result_snapshots,0,,C,no immutable result snapshot and no local RAW result evidence,
ERROR,3504,7739,2022,finished_results_incomplete,events.result,"resolved=14,void=0,missing=1,invalid=0",,C,no local RAW/API snapshot is available,
WARN,3504,7739,2022,raw_snapshot_absent,raw_provenance,SQLite rows exist,0,C,no local saved TotoBrief detail snapshot was found,
WARN,3504,7739,2022,immutable_result_snapshot_absent,drawing_result_snapshots,0,,C,no immutable result snapshot and no local RAW result evidence,
WARN,3505,7742,2022,raw_snapshot_absent,raw_provenance,SQLite rows exist,0,C,no local saved TotoBrief detail snapshot was found,
WARN,3505,7742,2022,immutable_result_snapshot_absent,drawing_result_snapshots,0,,C,no immutable result snapshot and no local RAW result evidence,
ERROR,3506,7745,2022,finished_results_incomplete,events.result,"resolved=14,void=0,missing=1,invalid=0",,C,no local RAW/API snapshot is available,
WARN,3506,7745,2022,raw_snapshot_absent,raw_provenance,SQLite rows exist,0,C,no local saved TotoBrief detail snapshot was found,
WARN,3506,7745,2022,immutable_result_snapshot_absent,drawing_result_snapshots,0,,C,no immutable result snapshot and no local RAW result evidence,
WARN,3507,7749,2022,raw_snapshot_absent,raw_provenance,SQLite rows exist,0,C,no local saved TotoBrief detail snapshot was found,
WARN,3507,7749,2022,immutable_result_snapshot_absent,drawing_result_snapshots,0,,C,no immutable result snapshot and no local RAW result evidence,
WARN,3508,7751,2022,raw_snapshot_absent,raw_provenance,SQLite rows exist,0,C,no local saved TotoBrief detail snapshot was found,
WARN,3508,7751,2022,immutable_result_snapshot_absent,drawing_result_snapshots,0,,C,no immutable result snapshot and no local RAW result evidence,
WARN,3509,7755,2022,raw_snapshot_absent,raw_provenance,SQLite rows exist,0,C,no local saved TotoBrief detail snapshot was found,
WARN,3509,7755,2022,immutable_result_snapshot_absent,drawing_result_snapshots,0,,C,no immutable result snapshot and no local RAW result evidence,
ERROR,3510,7757,2022,pool_quotes_incomplete,quotes.pool,0/15,,C,no local RAW/API snapshot is available,
WARN,3510,7757,2022,raw_snapshot_absent,raw_provenance,SQLite rows exist,0,C,no local saved TotoBrief detail snapshot was found,
WARN,3510,7757,2022,immutable_result_snapshot_absent,drawing_result_snapshots,0,,C,no immutable result snapshot and no local RAW result evidence,
ERROR,3511,7762,2022,pool_quotes_incomplete,quotes.pool,0/15,,C,no local RAW/API snapshot is available,
WARN,3511,7762,2022,raw_snapshot_absent,raw_provenance,SQLite rows exist,0,C,no local saved TotoBrief detail snapshot was found,
WARN,3511,7762,2022,immutable_result_snapshot_absent,drawing_result_snapshots,0,,C,no immutable result snapshot and no local RAW result evidence,
WARN,3512,7764,2022,raw_snapshot_absent,raw_provenance,SQLite rows exist,0,C,no local saved TotoBrief detail snapshot was found,
WARN,3512,7764,2022,immutable_result_snapshot_absent,drawing_result_snapshots,0,,C,no immutable result snapshot and no local RAW result evidence,
WARN,3513,7766,2022,raw_snapshot_absent,raw_provenance,SQLite rows exist,0,C,no local saved TotoBrief detail snapshot was found,
WARN,3513,7766,2022,immutable_result_snapshot_absent,drawing_result_snapshots,0,,C,no immutable result snapshot and no local RAW result evidence,
WARN,3514,7769,2022,raw_snapshot_absent,raw_provenance,SQLite rows exist,0,C,no local saved TotoBrief detail snapshot was found,
WARN,3514,7769,2022,immutable_result_snapshot_absent,drawing_result_snapshots,0,,C,no immutable result snapshot and no local RAW result evidence,
WARN,3515,7772,2022,raw_snapshot_absent,raw_provenance,SQLite rows exist,0,C,no local saved TotoBrief detail snapshot was found,
WARN,3515,7772,2022,immutable_result_snapshot_absent,drawing_result_snapshots,0,,C,no immutable result snapshot and no local RAW result evidence,
WARN,3516,7776,2022,raw_snapshot_absent,raw_provenance,SQLite rows exist,0,C,no local saved TotoBrief detail snapshot was found,
WARN,3516,7776,2022,immutable_result_snapshot_absent,drawing_result_snapshots,0,,C,no immutable result snapshot and no local RAW result evidence,
WARN,3517,7779,2022,raw_snapshot_absent,raw_provenance,SQLite rows exist,0,C,no local saved TotoBrief detail snapshot was found,
WARN,3517,7779,2022,immutable_result_snapshot_absent,drawing_result_snapshots,0,,C,no immutable result snapshot and no local RAW result evidence,
WARN,3518,7781,2022,raw_snapshot_absent,raw_provenance,SQLite rows exist,0,C,no local saved TotoBrief detail snapshot was found,
WARN,3518,7781,2022,immutable_result_snapshot_absent,drawing_result_snapshots,0,,C,no immutable result snapshot and no local RAW result evidence,
ERROR,3519,7784,2022,pool_quotes_incomplete,quotes.pool,0/15,,C,no local RAW/API snapshot is available,
WARN,3519,7784,2022,raw_snapshot_absent,raw_provenance,SQLite rows exist,0,C,no local saved TotoBrief detail snapshot was found,
WARN,3519,7784,2022,immutable_result_snapshot_absent,drawing_result_snapshots,0,,C,no immutable result snapshot and no local RAW result evidence,
WARN,3520,7788,2022,raw_snapshot_absent,raw_provenance,SQLite rows exist,0,C,no local saved TotoBrief detail snapshot was found,
WARN,3520,7788,2022,immutable_result_snapshot_absent,drawing_result_snapshots,0,,C,no immutable result snapshot and no local RAW result evidence,
ERROR,3521,7790,2022,pool_quotes_incomplete,quotes.pool,0/15,,C,no local RAW/API snapshot is available,
ERROR,3521,7790,2022,finished_results_incomplete,events.result,"resolved=14,void=0,missing=1,invalid=0",,C,no local RAW/API snapshot is available,
WARN,3521,7790,2022,raw_snapshot_absent,raw_provenance,SQLite rows exist,0,C,no local saved TotoBrief detail snapshot was found,
WARN,3521,7790,2022,immutable_result_snapshot_absent,drawing_result_snapshots,0,,C,no immutable result snapshot and no local RAW result evidence,
WARN,3522,7795,2022,raw_snapshot_absent,raw_provenance,SQLite rows exist,0,C,no local saved TotoBrief detail snapshot was found,
WARN,3522,7795,2022,immutable_result_snapshot_absent,drawing_result_snapshots,0,,C,no immutable result snapshot and no local RAW result evidence,
WARN,3523,7798,2022,raw_snapshot_absent,raw_provenance,SQLite rows exist,0,C,no local saved TotoBrief detail snapshot was found,
WARN,3523,7798,2022,immutable_result_snapshot_absent,drawing_result_snapshots,0,,C,no immutable result snapshot and no local RAW result evidence,
WARN,3524,7799,2022,raw_snapshot_absent,raw_provenance,SQLite rows exist,0,C,no local saved TotoBrief detail snapshot was found,
WARN,3524,7799,2022,immutable_result_snapshot_absent,drawing_result_snapshots,0,,C,no immutable result snapshot and no local RAW result evidence,
WARN,3525,7803,2022,raw_snapshot_absent,raw_provenance,SQLite rows exist,0,C,no local saved TotoBrief detail snapshot was found,
WARN,3525,7803,2022,immutable_result_snapshot_absent,drawing_result_snapshots,0,,C,no immutable result snapshot and no local RAW result evidence,
WARN,3526,7806,2022,raw_snapshot_absent,raw_provenance,SQLite rows exist,0,C,no local saved TotoBrief detail snapshot was found,
WARN,3526,7806,2022,immutable_result_snapshot_absent,drawing_result_snapshots,0,,C,no immutable result snapshot and no local RAW result evidence,
WARN,3527,7809,2022,raw_snapshot_absent,raw_provenance,SQLite rows exist,0,C,no local saved TotoBrief detail snapshot was found,
WARN,3527,7809,2022,immutable_result_snapshot_absent,drawing_result_snapshots,0,,C,no immutable result snapshot and no local RAW result evidence,
ERROR,3528,7811,2022,pool_quotes_incomplete,quotes.pool,0/15,,C,no local RAW/API snapshot is available,
WARN,3528,7811,2022,raw_snapshot_absent,raw_provenance,SQLite rows exist,0,C,no local saved TotoBrief detail snapshot was found,
WARN,3528,7811,2022,immutable_result_snapshot_absent,drawing_result_snapshots,0,,C,no immutable result snapshot and no local RAW result evidence,
ERROR,3529,7815,2022,pool_quotes_incomplete,quotes.pool,0/15,,C,no local RAW/API snapshot is available,
WARN,3529,7815,2022,raw_snapshot_absent,raw_provenance,SQLite rows exist,0,C,no local saved TotoBrief detail snapshot was found,
WARN,3529,7815,2022,immutable_result_snapshot_absent,drawing_result_snapshots,0,,C,no immutable result snapshot and no local RAW result evidence,
WARN,3530,7817,2022,raw_snapshot_absent,raw_provenance,SQLite rows exist,0,C,no local saved TotoBrief detail snapshot was found,
WARN,3530,7817,2022,immutable_result_snapshot_absent,drawing_result_snapshots,0,,C,no immutable result snapshot and no local RAW result evidence,
WARN,3531,7820,2022,raw_snapshot_absent,raw_provenance,SQLite rows exist,0,C,no local saved TotoBrief detail snapshot was found,
WARN,3531,7820,2022,immutable_result_snapshot_absent,drawing_result_snapshots,0,,C,no immutable result snapshot and no local RAW result evidence,
ERROR,3532,7824,2022,pool_quotes_incomplete,quotes.pool,0/15,,C,no local RAW/API snapshot is available,
ERROR,3532,7824,2022,finished_results_incomplete,events.result,"resolved=14,void=0,missing=1,invalid=0",,C,no local RAW/API snapshot is available,
WARN,3532,7824,2022,raw_snapshot_absent,raw_provenance,SQLite rows exist,0,C,no local saved TotoBrief detail snapshot was found,
WARN,3532,7824,2022,immutable_result_snapshot_absent,drawing_result_snapshots,0,,C,no immutable result snapshot and no local RAW result evidence,
WARN,3533,7827,2022,raw_snapshot_absent,raw_provenance,SQLite rows exist,0,C,no local saved TotoBrief detail snapshot was found,
WARN,3533,7827,2022,immutable_result_snapshot_absent,drawing_result_snapshots,0,,C,no immutable result snapshot and no local RAW result evidence,
WARN,3534,7830,2022,raw_snapshot_absent,raw_provenance,SQLite rows exist,0,C,no local saved TotoBrief detail snapshot was found,
WARN,3534,7830,2022,immutable_result_snapshot_absent,drawing_result_snapshots,0,,C,no immutable result snapshot and no local RAW result evidence,
WARN,3535,7832,2022,raw_snapshot_absent,raw_provenance,SQLite rows exist,0,C,no local saved TotoBrief detail snapshot was found,
WARN,3535,7832,2022,immutable_result_snapshot_absent,drawing_result_snapshots,0,,C,no immutable result snapshot and no local RAW result evidence,
WARN,3536,7835,2022,raw_snapshot_absent,raw_provenance,SQLite rows exist,0,C,no local saved TotoBrief detail snapshot was found,
WARN,3536,7835,2022,immutable_result_snapshot_absent,drawing_result_snapshots,0,,C,no immutable result snapshot and no local RAW result evidence,
WARN,3537,7839,2022,raw_snapshot_absent,raw_provenance,SQLite rows exist,0,C,no local saved TotoBrief detail snapshot was found,
WARN,3537,7839,2022,immutable_result_snapshot_absent,drawing_result_snapshots,0,,C,no immutable result snapshot and no local RAW result evidence,
WARN,3538,7842,2022,raw_snapshot_absent,raw_provenance,SQLite rows exist,0,C,no local saved TotoBrief detail snapshot was found,
WARN,3538,7842,2022,immutable_result_snapshot_absent,drawing_result_snapshots,0,,C,no immutable result snapshot and no local RAW result evidence,
WARN,3539,7845,2022,raw_snapshot_absent,raw_provenance,SQLite rows exist,0,C,no local saved TotoBrief detail snapshot was found,
WARN,3539,7845,2022,immutable_result_snapshot_absent,drawing_result_snapshots,0,,C,no immutable result snapshot and no local RAW result evidence,
WARN,3540,7849,2022,raw_snapshot_absent,raw_provenance,SQLite rows exist,0,C,no local saved TotoBrief detail snapshot was found,
WARN,3540,7849,2022,immutable_result_snapshot_absent,drawing_result_snapshots,0,,C,no immutable result snapshot and no local RAW result evidence,
WARN,3541,7851,2022,raw_snapshot_absent,raw_provenance,SQLite rows exist,0,C,no local saved TotoBrief detail snapshot was found,
WARN,3541,7851,2022,immutable_result_snapshot_absent,drawing_result_snapshots,0,,C,no immutable result snapshot and no local RAW result evidence,
WARN,3542,7853,2022,raw_snapshot_absent,raw_provenance,SQLite rows exist,0,C,no local saved TotoBrief detail snapshot was found,
WARN,3542,7853,2022,immutable_result_snapshot_absent,drawing_result_snapshots,0,,C,no immutable result snapshot and no local RAW result evidence,
WARN,3543,7857,2022,raw_snapshot_absent,raw_provenance,SQLite rows exist,0,C,no local saved TotoBrief detail snapshot was found,
WARN,3543,7857,2022,immutable_result_snapshot_absent,drawing_result_snapshots,0,,C,no immutable result snapshot and no local RAW result evidence,
WARN,3544,7860,2022,raw_snapshot_absent,raw_provenance,SQLite rows exist,0,C,no local saved TotoBrief detail snapshot was found,
WARN,3544,7860,2022,immutable_result_snapshot_absent,drawing_result_snapshots,0,,C,no immutable result snapshot and no local RAW result evidence,
WARN,3545,7863,2022,raw_snapshot_absent,raw_provenance,SQLite rows exist,0,C,no local saved TotoBrief detail snapshot was found,
WARN,3545,7863,2022,immutable_result_snapshot_absent,drawing_result_snapshots,0,,C,no immutable result snapshot and no local RAW result evidence,
ERROR,3546,7866,2022,pool_quotes_incomplete,quotes.pool,0/15,,C,no local RAW/API snapshot is available,
WARN,3546,7866,2022,raw_snapshot_absent,raw_provenance,SQLite rows exist,0,C,no local saved TotoBrief detail snapshot was found,
WARN,3546,7866,2022,immutable_result_snapshot_absent,drawing_result_snapshots,0,,C,no immutable result snapshot and no local RAW result evidence,
WARN,3547,7869,2022,raw_snapshot_absent,raw_provenance,SQLite rows exist,0,C,no local saved TotoBrief detail snapshot was found,
WARN,3547,7869,2022,immutable_result_snapshot_absent,drawing_result_snapshots,0,,C,no immutable result snapshot and no local RAW result evidence,
ERROR,3548,7872,2022,finished_results_incomplete,events.result,"resolved=13,void=0,missing=2,invalid=0",,C,no local RAW/API snapshot is available,
WARN,3548,7872,2022,raw_snapshot_absent,raw_provenance,SQLite rows exist,0,C,no local saved TotoBrief detail snapshot was found,
WARN,3548,7872,2022,immutable_result_snapshot_absent,drawing_result_snapshots,0,,C,no immutable result snapshot and no local RAW result evidence,
WARN,3549,7875,2022,raw_snapshot_absent,raw_provenance,SQLite rows exist,0,C,no local saved TotoBrief detail snapshot was found,
WARN,3549,7875,2022,immutable_result_snapshot_absent,drawing_result_snapshots,0,,C,no immutable result snapshot and no local RAW result evidence,
WARN,3550,7878,2022,raw_snapshot_absent,raw_provenance,SQLite rows exist,0,C,no local saved TotoBrief detail snapshot was found,
WARN,3550,7878,2022,immutable_result_snapshot_absent,drawing_result_snapshots,0,,C,no immutable result snapshot and no local RAW result evidence,
ERROR,3551,7880,2022,finished_results_incomplete,events.result,"resolved=14,void=0,missing=1,invalid=0",,C,no local RAW/API snapshot is available,
WARN,3551,7880,2022,raw_snapshot_absent,raw_provenance,SQLite rows exist,0,C,no local saved TotoBrief detail snapshot was found,
WARN,3551,7880,2022,immutable_result_snapshot_absent,drawing_result_snapshots,0,,C,no immutable result snapshot and no local RAW result evidence,
WARN,3552,7885,2022,raw_snapshot_absent,raw_provenance,SQLite rows exist,0,C,no local saved TotoBrief detail snapshot was found,
WARN,3552,7885,2022,immutable_result_snapshot_absent,drawing_result_snapshots,0,,C,no immutable result snapshot and no local RAW result evidence,
ERROR,3553,7887,2022,pool_quotes_incomplete,quotes.pool,0/15,,C,no local RAW/API snapshot is available,
WARN,3553,7887,2022,raw_snapshot_absent,raw_provenance,SQLite rows exist,0,C,no local saved TotoBrief detail snapshot was found,
WARN,3553,7887,2022,immutable_result_snapshot_absent,drawing_result_snapshots,0,,C,no immutable result snapshot and no local RAW result evidence,
ERROR,3554,7890,2022,pool_quotes_incomplete,quotes.pool,0/15,,C,no local RAW/API snapshot is available,
WARN,3554,7890,2022,raw_snapshot_absent,raw_provenance,SQLite rows exist,0,C,no local saved TotoBrief detail snapshot was found,
WARN,3554,7890,2022,immutable_result_snapshot_absent,drawing_result_snapshots,0,,C,no immutable result snapshot and no local RAW result evidence,
WARN,3555,7893,2022,raw_snapshot_absent,raw_provenance,SQLite rows exist,0,C,no local saved TotoBrief detail snapshot was found,
WARN,3555,7893,2022,immutable_result_snapshot_absent,drawing_result_snapshots,0,,C,no immutable result snapshot and no local RAW result evidence,
WARN,3556,7897,2022,raw_snapshot_absent,raw_provenance,SQLite rows exist,0,C,no local saved TotoBrief detail snapshot was found,
WARN,3556,7897,2022,immutable_result_snapshot_absent,drawing_result_snapshots,0,,C,no immutable result snapshot and no local RAW result evidence,
WARN,3557,7899,2022,raw_snapshot_absent,raw_provenance,SQLite rows exist,0,C,no local saved TotoBrief detail snapshot was found,
WARN,3557,7899,2022,immutable_result_snapshot_absent,drawing_result_snapshots,0,,C,no immutable result snapshot and no local RAW result evidence,
WARN,3558,7903,2022,raw_snapshot_absent,raw_provenance,SQLite rows exist,0,C,no local saved TotoBrief detail snapshot was found,
WARN,3558,7903,2022,immutable_result_snapshot_absent,drawing_result_snapshots,0,,C,no immutable result snapshot and no local RAW result evidence,
WARN,3559,7905,2022,raw_snapshot_absent,raw_provenance,SQLite rows exist,0,C,no local saved TotoBrief detail snapshot was found,
WARN,3559,7905,2022,immutable_result_snapshot_absent,drawing_result_snapshots,0,,C,no immutable result snapshot and no local RAW result evidence,
WARN,3560,7908,2022,raw_snapshot_absent,raw_provenance,SQLite rows exist,0,C,no local saved TotoBrief detail snapshot was found,
WARN,3560,7908,2022,immutable_result_snapshot_absent,drawing_result_snapshots,0,,C,no immutable result snapshot and no local RAW result evidence,
WARN,3561,7911,2022,raw_snapshot_absent,raw_provenance,SQLite rows exist,0,C,no local saved TotoBrief detail snapshot was found,
WARN,3561,7911,2022,immutable_result_snapshot_absent,drawing_result_snapshots,0,,C,no immutable result snapshot and no local RAW result evidence,
WARN,3562,7914,2022,raw_snapshot_absent,raw_provenance,SQLite rows exist,0,C,no local saved TotoBrief detail snapshot was found,
WARN,3562,7914,2022,immutable_result_snapshot_absent,drawing_result_snapshots,0,,C,no immutable result snapshot and no local RAW result evidence,
WARN,3563,7917,2022,raw_snapshot_absent,raw_provenance,SQLite rows exist,0,C,no local saved TotoBrief detail snapshot was found,
WARN,3563,7917,2022,immutable_result_snapshot_absent,drawing_result_snapshots,0,,C,no immutable result snapshot and no local RAW result evidence,
ERROR,3564,7920,2022,finished_results_incomplete,events.result,"resolved=14,void=0,missing=1,invalid=0",,C,no local RAW/API snapshot is available,
WARN,3564,7920,2022,raw_snapshot_absent,raw_provenance,SQLite rows exist,0,C,no local saved TotoBrief detail snapshot was found,
WARN,3564,7920,2022,immutable_result_snapshot_absent,drawing_result_snapshots,0,,C,no immutable result snapshot and no local RAW result evidence,
WARN,3565,7923,2022,raw_snapshot_absent,raw_provenance,SQLite rows exist,0,C,no local saved TotoBrief detail snapshot was found,
WARN,3565,7923,2022,immutable_result_snapshot_absent,drawing_result_snapshots,0,,C,no immutable result snapshot and no local RAW result evidence,
ERROR,3566,7927,2022,pool_quotes_incomplete,quotes.pool,0/15,,C,no local RAW/API snapshot is available,
WARN,3566,7927,2022,raw_snapshot_absent,raw_provenance,SQLite rows exist,0,C,no local saved TotoBrief detail snapshot was found,
WARN,3566,7927,2022,immutable_result_snapshot_absent,drawing_result_snapshots,0,,C,no immutable result snapshot and no local RAW result evidence,
ERROR,3567,7928,2022,pool_quotes_incomplete,quotes.pool,0/15,,C,no local RAW/API snapshot is available,
WARN,3567,7928,2022,raw_snapshot_absent,raw_provenance,SQLite rows exist,0,C,no local saved TotoBrief detail snapshot was found,
WARN,3567,7928,2022,immutable_result_snapshot_absent,drawing_result_snapshots,0,,C,no immutable result snapshot and no local RAW result evidence,
WARN,3568,7933,2022,raw_snapshot_absent,raw_provenance,SQLite rows exist,0,C,no local saved TotoBrief detail snapshot was found,
WARN,3568,7933,2022,immutable_result_snapshot_absent,drawing_result_snapshots,0,,C,no immutable result snapshot and no local RAW result evidence,
WARN,3569,7935,2022,raw_snapshot_absent,raw_provenance,SQLite rows exist,0,C,no local saved TotoBrief detail snapshot was found,
WARN,3569,7935,2022,immutable_result_snapshot_absent,drawing_result_snapshots,0,,C,no immutable result snapshot and no local RAW result evidence,
WARN,3570,7937,2022,raw_snapshot_absent,raw_provenance,SQLite rows exist,0,C,no local saved TotoBrief detail snapshot was found,
WARN,3570,7937,2022,immutable_result_snapshot_absent,drawing_result_snapshots,0,,C,no immutable result snapshot and no local RAW result evidence,
WARN,3571,7940,2022,raw_snapshot_absent,raw_provenance,SQLite rows exist,0,C,no local saved TotoBrief detail snapshot was found,
WARN,3571,7940,2022,immutable_result_snapshot_absent,drawing_result_snapshots,0,,C,no immutable result snapshot and no local RAW result evidence,
WARN,3572,7943,2022,raw_snapshot_absent,raw_provenance,SQLite rows exist,0,C,no local saved TotoBrief detail snapshot was found,
WARN,3572,7943,2022,immutable_result_snapshot_absent,drawing_result_snapshots,0,,C,no immutable result snapshot and no local RAW result evidence,
WARN,3573,7947,2022,raw_snapshot_absent,raw_provenance,SQLite rows exist,0,C,no local saved TotoBrief detail snapshot was found,
WARN,3573,7947,2022,immutable_result_snapshot_absent,drawing_result_snapshots,0,,C,no immutable result snapshot and no local RAW result evidence,
WARN,3574,7948,2022,raw_snapshot_absent,raw_provenance,SQLite rows exist,0,C,no local saved TotoBrief detail snapshot was found,
WARN,3574,7948,2022,immutable_result_snapshot_absent,drawing_result_snapshots,0,,C,no immutable result snapshot and no local RAW result evidence,
ERROR,3575,7951,2022,finished_results_incomplete,events.result,"resolved=14,void=0,missing=1,invalid=0",,C,no local RAW/API snapshot is available,
WARN,3575,7951,2022,raw_snapshot_absent,raw_provenance,SQLite rows exist,0,C,no local saved TotoBrief detail snapshot was found,
WARN,3575,7951,2022,immutable_result_snapshot_absent,drawing_result_snapshots,0,,C,no immutable result snapshot and no local RAW result evidence,
WARN,3576,7955,2022,raw_snapshot_absent,raw_provenance,SQLite rows exist,0,C,no local saved TotoBrief detail snapshot was found,
WARN,3576,7955,2022,immutable_result_snapshot_absent,drawing_result_snapshots,0,,C,no immutable result snapshot and no local RAW result evidence,
WARN,3577,7958,2022,raw_snapshot_absent,raw_provenance,SQLite rows exist,0,C,no local saved TotoBrief detail snapshot was found,
WARN,3577,7958,2022,immutable_result_snapshot_absent,drawing_result_snapshots,0,,C,no immutable result snapshot and no local RAW result evidence,
WARN,3578,7962,2022,raw_snapshot_absent,raw_provenance,SQLite rows exist,0,C,no local saved TotoBrief detail snapshot was found,
WARN,3578,7962,2022,immutable_result_snapshot_absent,drawing_result_snapshots,0,,C,no immutable result snapshot and no local RAW result evidence,
ERROR,3579,7964,2022,pool_quotes_incomplete,quotes.pool,0/15,,C,no local RAW/API snapshot is available,
WARN,3579,7964,2022,raw_snapshot_absent,raw_provenance,SQLite rows exist,0,C,no local saved TotoBrief detail snapshot was found,
WARN,3579,7964,2022,immutable_result_snapshot_absent,drawing_result_snapshots,0,,C,no immutable result snapshot and no local RAW result evidence,
ERROR,3580,7966,2022,pool_quotes_incomplete,quotes.pool,0/15,,C,no local RAW/API snapshot is available,
WARN,3580,7966,2022,raw_snapshot_absent,raw_provenance,SQLite rows exist,0,C,no local saved TotoBrief detail snapshot was found,
WARN,3580,7966,2022,immutable_result_snapshot_absent,drawing_result_snapshots,0,,C,no immutable result snapshot and no local RAW result evidence,
ERROR,3581,7971,2022,pool_quotes_incomplete,quotes.pool,0/15,,C,no local RAW/API snapshot is available,
WARN,3581,7971,2022,raw_snapshot_absent,raw_provenance,SQLite rows exist,0,C,no local saved TotoBrief detail snapshot was found,
WARN,3581,7971,2022,immutable_result_snapshot_absent,drawing_result_snapshots,0,,C,no immutable result snapshot and no local RAW result evidence,
WARN,3582,7973,2022,raw_snapshot_absent,raw_provenance,SQLite rows exist,0,C,no local saved TotoBrief detail snapshot was found,
WARN,3582,7973,2022,immutable_result_snapshot_absent,drawing_result_snapshots,0,,C,no immutable result snapshot and no local RAW result evidence,
WARN,3583,7977,2022,raw_snapshot_absent,raw_provenance,SQLite rows exist,0,C,no local saved TotoBrief detail snapshot was found,
WARN,3583,7977,2022,immutable_result_snapshot_absent,drawing_result_snapshots,0,,C,no immutable result snapshot and no local RAW result evidence,
WARN,3584,7979,2022,raw_snapshot_absent,raw_provenance,SQLite rows exist,0,C,no local saved TotoBrief detail snapshot was found,
WARN,3584,7979,2022,immutable_result_snapshot_absent,drawing_result_snapshots,0,,C,no immutable result snapshot and no local RAW result evidence,
WARN,3585,7982,2022,raw_snapshot_absent,raw_provenance,SQLite rows exist,0,C,no local saved TotoBrief detail snapshot was found,
WARN,3585,7982,2022,immutable_result_snapshot_absent,drawing_result_snapshots,0,,C,no immutable result snapshot and no local RAW result evidence,
WARN,3586,7985,2022,raw_snapshot_absent,raw_provenance,SQLite rows exist,0,C,no local saved TotoBrief detail snapshot was found,
WARN,3586,7985,2022,immutable_result_snapshot_absent,drawing_result_snapshots,0,,C,no immutable result snapshot and no local RAW result evidence,
WARN,3587,7988,2022,raw_snapshot_absent,raw_provenance,SQLite rows exist,0,C,no local saved TotoBrief detail snapshot was found,
WARN,3587,7988,2022,immutable_result_snapshot_absent,drawing_result_snapshots,0,,C,no immutable result snapshot and no local RAW result evidence,
WARN,3588,7990,2022,raw_snapshot_absent,raw_provenance,SQLite rows exist,0,C,no local saved TotoBrief detail snapshot was found,
WARN,3588,7990,2022,immutable_result_snapshot_absent,drawing_result_snapshots,0,,C,no immutable result snapshot and no local RAW result evidence,
ERROR,3589,7995,2022,pool_quotes_incomplete,quotes.pool,0/15,,C,no local RAW/API snapshot is available,
WARN,3589,7995,2022,raw_snapshot_absent,raw_provenance,SQLite rows exist,0,C,no local saved TotoBrief detail snapshot was found,
WARN,3589,7995,2022,immutable_result_snapshot_absent,drawing_result_snapshots,0,,C,no immutable result snapshot and no local RAW result evidence,
WARN,3590,7997,2022,raw_snapshot_absent,raw_provenance,SQLite rows exist,0,C,no local saved TotoBrief detail snapshot was found,
WARN,3590,7997,2022,immutable_result_snapshot_absent,drawing_result_snapshots,0,,C,no immutable result snapshot and no local RAW result evidence,
WARN,3591,8000,2022,raw_snapshot_absent,raw_provenance,SQLite rows exist,0,C,no local saved TotoBrief detail snapshot was found,
WARN,3591,8000,2022,immutable_result_snapshot_absent,drawing_result_snapshots,0,,C,no immutable result snapshot and no local RAW result evidence,
WARN,3592,8003,2022,raw_snapshot_absent,raw_provenance,SQLite rows exist,0,C,no local saved TotoBrief detail snapshot was found,
WARN,3592,8003,2022,immutable_result_snapshot_absent,drawing_result_snapshots,0,,C,no immutable result snapshot and no local RAW result evidence,
WARN,3593,8006,2022,raw_snapshot_absent,raw_provenance,SQLite rows exist,0,C,no local saved TotoBrief detail snapshot was found,
WARN,3593,8006,2022,immutable_result_snapshot_absent,drawing_result_snapshots,0,,C,no immutable result snapshot and no local RAW result evidence,
WARN,3594,8009,2022,raw_snapshot_absent,raw_provenance,SQLite rows exist,0,C,no local saved TotoBrief detail snapshot was found,
WARN,3594,8009,2022,immutable_result_snapshot_absent,drawing_result_snapshots,0,,C,no immutable result snapshot and no local RAW result evidence,
ERROR,3595,8011,2022,finished_results_incomplete,events.result,"resolved=14,void=0,missing=1,invalid=0",,C,no local RAW/API snapshot is available,
WARN,3595,8011,2022,raw_snapshot_absent,raw_provenance,SQLite rows exist,0,C,no local saved TotoBrief detail snapshot was found,
WARN,3595,8011,2022,immutable_result_snapshot_absent,drawing_result_snapshots,0,,C,no immutable result snapshot and no local RAW result evidence,
WARN,3596,8015,2022,raw_snapshot_absent,raw_provenance,SQLite rows exist,0,C,no local saved TotoBrief detail snapshot was found,
WARN,3596,8015,2022,immutable_result_snapshot_absent,drawing_result_snapshots,0,,C,no immutable result snapshot and no local RAW result evidence,
WARN,3597,8019,2022,raw_snapshot_absent,raw_provenance,SQLite rows exist,0,C,no local saved TotoBrief detail snapshot was found,
WARN,3597,8019,2022,immutable_result_snapshot_absent,drawing_result_snapshots,0,,C,no immutable result snapshot and no local RAW result evidence,
WARN,3598,8021,2022,raw_snapshot_absent,raw_provenance,SQLite rows exist,0,C,no local saved TotoBrief detail snapshot was found,
WARN,3598,8021,2022,immutable_result_snapshot_absent,drawing_result_snapshots,0,,C,no immutable result snapshot and no local RAW result evidence,
WARN,3599,8025,2022,raw_snapshot_absent,raw_provenance,SQLite rows exist,0,C,no local saved TotoBrief detail snapshot was found,
WARN,3599,8025,2022,immutable_result_snapshot_absent,drawing_result_snapshots,0,,C,no immutable result snapshot and no local RAW result evidence,
WARN,3600,8027,2022,raw_snapshot_absent,raw_provenance,SQLite rows exist,0,C,no local saved TotoBrief detail snapshot was found,
WARN,3600,8027,2022,immutable_result_snapshot_absent,drawing_result_snapshots,0,,C,no immutable result snapshot and no local RAW result evidence,
ERROR,3601,8030,2022,finished_results_incomplete,events.result,"resolved=14,void=0,missing=1,invalid=0",,C,no local RAW/API snapshot is available,
WARN,3601,8030,2022,raw_snapshot_absent,raw_provenance,SQLite rows exist,0,C,no local saved TotoBrief detail snapshot was found,
WARN,3601,8030,2022,immutable_result_snapshot_absent,drawing_result_snapshots,0,,C,no immutable result snapshot and no local RAW result evidence,
WARN,3602,8033,2022,raw_snapshot_absent,raw_provenance,SQLite rows exist,0,C,no local saved TotoBrief detail snapshot was found,
WARN,3602,8033,2022,immutable_result_snapshot_absent,drawing_result_snapshots,0,,C,no immutable result snapshot and no local RAW result evidence,
WARN,3603,8035,2022,raw_snapshot_absent,raw_provenance,SQLite rows exist,0,C,no local saved TotoBrief detail snapshot was found,
WARN,3603,8035,2022,immutable_result_snapshot_absent,drawing_result_snapshots,0,,C,no immutable result snapshot and no local RAW result evidence,
WARN,3604,8039,2022,raw_snapshot_absent,raw_provenance,SQLite rows exist,0,C,no local saved TotoBrief detail snapshot was found,
WARN,3604,8039,2022,immutable_result_snapshot_absent,drawing_result_snapshots,0,,C,no immutable result snapshot and no local RAW result evidence,
WARN,3605,8042,2022,raw_snapshot_absent,raw_provenance,SQLite rows exist,0,C,no local saved TotoBrief detail snapshot was found,
WARN,3605,8042,2022,immutable_result_snapshot_absent,drawing_result_snapshots,0,,C,no immutable result snapshot and no local RAW result evidence,
WARN,3606,8046,2022,raw_snapshot_absent,raw_provenance,SQLite rows exist,0,C,no local saved TotoBrief detail snapshot was found,
WARN,3606,8046,2022,immutable_result_snapshot_absent,drawing_result_snapshots,0,,C,no immutable result snapshot and no local RAW result evidence,
WARN,3607,8047,2022,raw_snapshot_absent,raw_provenance,SQLite rows exist,0,C,no local saved TotoBrief detail snapshot was found,
WARN,3607,8047,2022,immutable_result_snapshot_absent,drawing_result_snapshots,0,,C,no immutable result snapshot and no local RAW result evidence,
ERROR,3608,8051,2022,finished_results_incomplete,events.result,"resolved=14,void=0,missing=1,invalid=0",,C,no local RAW/API snapshot is available,
WARN,3608,8051,2022,raw_snapshot_absent,raw_provenance,SQLite rows exist,0,C,no local saved TotoBrief detail snapshot was found,
WARN,3608,8051,2022,immutable_result_snapshot_absent,drawing_result_snapshots,0,,C,no immutable result snapshot and no local RAW result evidence,
WARN,3609,8053,2022,raw_snapshot_absent,raw_provenance,SQLite rows exist,0,C,no local saved TotoBrief detail snapshot was found,
WARN,3609,8053,2022,immutable_result_snapshot_absent,drawing_result_snapshots,0,,C,no immutable result snapshot and no local RAW result evidence,
WARN,3610,8056,2022,raw_snapshot_absent,raw_provenance,SQLite rows exist,0,C,no local saved TotoBrief detail snapshot was found,
WARN,3610,8056,2022,immutable_result_snapshot_absent,drawing_result_snapshots,0,,C,no immutable result snapshot and no local RAW result evidence,
WARN,3611,8060,2022,raw_snapshot_absent,raw_provenance,SQLite rows exist,0,C,no local saved TotoBrief detail snapshot was found,
WARN,3611,8060,2022,immutable_result_snapshot_absent,drawing_result_snapshots,0,,C,no immutable result snapshot and no local RAW result evidence,
WARN,3612,8062,2022,raw_snapshot_absent,raw_provenance,SQLite rows exist,0,C,no local saved TotoBrief detail snapshot was found,
WARN,3612,8062,2022,immutable_result_snapshot_absent,drawing_result_snapshots,0,,C,no immutable result snapshot and no local RAW result evidence,
WARN,3613,8067,2022,raw_snapshot_absent,raw_provenance,SQLite rows exist,0,C,no local saved TotoBrief detail snapshot was found,
WARN,3613,8067,2022,immutable_result_snapshot_absent,drawing_result_snapshots,0,,C,no immutable result snapshot and no local RAW result evidence,
WARN,3614,8069,2022,raw_snapshot_absent,raw_provenance,SQLite rows exist,0,C,no local saved TotoBrief detail snapshot was found,
WARN,3614,8069,2022,immutable_result_snapshot_absent,drawing_result_snapshots,0,,C,no immutable result snapshot and no local RAW result evidence,
ERROR,3615,8072,2022,pool_quotes_incomplete,quotes.pool,0/15,,C,no local RAW/API snapshot is available,
ERROR,3615,8072,2022,finished_results_incomplete,events.result,"resolved=14,void=0,missing=1,invalid=0",,C,no local RAW/API snapshot is available,
WARN,3615,8072,2022,raw_snapshot_absent,raw_provenance,SQLite rows exist,0,C,no local saved TotoBrief detail snapshot was found,
WARN,3615,8072,2022,immutable_result_snapshot_absent,drawing_result_snapshots,0,,C,no immutable result snapshot and no local RAW result evidence,
WARN,3616,8074,2022,raw_snapshot_absent,raw_provenance,SQLite rows exist,0,C,no local saved TotoBrief detail snapshot was found,
WARN,3616,8074,2022,immutable_result_snapshot_absent,drawing_result_snapshots,0,,C,no immutable result snapshot and no local RAW result evidence,
ERROR,3617,8078,2022,finished_results_incomplete,events.result,"resolved=14,void=0,missing=1,invalid=0",,C,no local RAW/API snapshot is available,
WARN,3617,8078,2022,raw_snapshot_absent,raw_provenance,SQLite rows exist,0,C,no local saved TotoBrief detail snapshot was found,
WARN,3617,8078,2022,immutable_result_snapshot_absent,drawing_result_snapshots,0,,C,no immutable result snapshot and no local RAW result evidence,
ERROR,3618,8080,2022,finished_results_incomplete,events.result,"resolved=14,void=0,missing=1,invalid=0",,C,no local RAW/API snapshot is available,
WARN,3618,8080,2022,raw_snapshot_absent,raw_provenance,SQLite rows exist,0,C,no local saved TotoBrief detail snapshot was found,
WARN,3618,8080,2022,immutable_result_snapshot_absent,drawing_result_snapshots,0,,C,no immutable result snapshot and no local RAW result evidence,
WARN,3619,8083,2022,raw_snapshot_absent,raw_provenance,SQLite rows exist,0,C,no local saved TotoBrief detail snapshot was found,
WARN,3619,8083,2022,immutable_result_snapshot_absent,drawing_result_snapshots,0,,C,no immutable result snapshot and no local RAW result evidence,
WARN,3620,8085,2022,raw_snapshot_absent,raw_provenance,SQLite rows exist,0,C,no local saved TotoBrief detail snapshot was found,
WARN,3620,8085,2022,immutable_result_snapshot_absent,drawing_result_snapshots,0,,C,no immutable result snapshot and no local RAW result evidence,
ERROR,3621,8087,2022,finished_results_incomplete,events.result,"resolved=14,void=0,missing=1,invalid=0",,C,no local RAW/API snapshot is available,
WARN,3621,8087,2022,raw_snapshot_absent,raw_provenance,SQLite rows exist,0,C,no local saved TotoBrief detail snapshot was found,
WARN,3621,8087,2022,immutable_result_snapshot_absent,drawing_result_snapshots,0,,C,no immutable result snapshot and no local RAW result evidence,
ERROR,3622,8090,2022,finished_results_incomplete,events.result,"resolved=14,void=0,missing=1,invalid=0",,C,no local RAW/API snapshot is available,
WARN,3622,8090,2022,raw_snapshot_absent,raw_provenance,SQLite rows exist,0,C,no local saved TotoBrief detail snapshot was found,
WARN,3622,8090,2022,immutable_result_snapshot_absent,drawing_result_snapshots,0,,C,no immutable result snapshot and no local RAW result evidence,
WARN,3623,8093,2022,raw_snapshot_absent,raw_provenance,SQLite rows exist,0,C,no local saved TotoBrief detail snapshot was found,
WARN,3623,8093,2022,immutable_result_snapshot_absent,drawing_result_snapshots,0,,C,no immutable result snapshot and no local RAW result evidence,
WARN,3624,8095,2022,raw_snapshot_absent,raw_provenance,SQLite rows exist,0,C,no local saved TotoBrief detail snapshot was found,
WARN,3624,8095,2022,immutable_result_snapshot_absent,drawing_result_snapshots,0,,C,no immutable result snapshot and no local RAW result evidence,
ERROR,3625,8098,2022,finished_results_incomplete,events.result,"resolved=14,void=0,missing=1,invalid=0",,C,no local RAW/API snapshot is available,
WARN,3625,8098,2022,raw_snapshot_absent,raw_provenance,SQLite rows exist,0,C,no local saved TotoBrief detail snapshot was found,
WARN,3625,8098,2022,immutable_result_snapshot_absent,drawing_result_snapshots,0,,C,no immutable result snapshot and no local RAW result evidence,
WARN,3626,8101,2022,raw_snapshot_absent,raw_provenance,SQLite rows exist,0,C,no local saved TotoBrief detail snapshot was found,
WARN,3626,8101,2022,immutable_result_snapshot_absent,drawing_result_snapshots,0,,C,no immutable result snapshot and no local RAW result evidence,
WARN,3627,8104,2022,raw_snapshot_absent,raw_provenance,SQLite rows exist,0,C,no local saved TotoBrief detail snapshot was found,
WARN,3627,8104,2022,immutable_result_snapshot_absent,drawing_result_snapshots,0,,C,no immutable result snapshot and no local RAW result evidence,
ERROR,3628,8107,2022,pool_quotes_incomplete,quotes.pool,0/15,,C,no local RAW/API snapshot is available,
ERROR,3628,8107,2022,finished_results_incomplete,events.result,"resolved=14,void=0,missing=1,invalid=0",,C,no local RAW/API snapshot is available,
WARN,3628,8107,2022,raw_snapshot_absent,raw_provenance,SQLite rows exist,0,C,no local saved TotoBrief detail snapshot was found,
WARN,3628,8107,2022,immutable_result_snapshot_absent,drawing_result_snapshots,0,,C,no immutable result snapshot and no local RAW result evidence,
WARN,3629,8110,2022,raw_snapshot_absent,raw_provenance,SQLite rows exist,0,C,no local saved TotoBrief detail snapshot was found,
WARN,3629,8110,2022,immutable_result_snapshot_absent,drawing_result_snapshots,0,,C,no immutable result snapshot and no local RAW result evidence,
WARN,3630,8112,2022,raw_snapshot_absent,raw_provenance,SQLite rows exist,0,C,no local saved TotoBrief detail snapshot was found,
WARN,3630,8112,2022,immutable_result_snapshot_absent,drawing_result_snapshots,0,,C,no immutable result snapshot and no local RAW result evidence,
WARN,3631,8115,2022,raw_snapshot_absent,raw_provenance,SQLite rows exist,0,C,no local saved TotoBrief detail snapshot was found,
WARN,3631,8115,2022,immutable_result_snapshot_absent,drawing_result_snapshots,0,,C,no immutable result snapshot and no local RAW result evidence,
WARN,3632,8118,2022,raw_snapshot_absent,raw_provenance,SQLite rows exist,0,C,no local saved TotoBrief detail snapshot was found,
WARN,3632,8118,2022,immutable_result_snapshot_absent,drawing_result_snapshots,0,,C,no immutable result snapshot and no local RAW result evidence,
WARN,3633,8121,2022,raw_snapshot_absent,raw_provenance,SQLite rows exist,0,C,no local saved TotoBrief detail snapshot was found,
WARN,3633,8121,2022,immutable_result_snapshot_absent,drawing_result_snapshots,0,,C,no immutable result snapshot and no local RAW result evidence,
WARN,3634,8123,2022,raw_snapshot_absent,raw_provenance,SQLite rows exist,0,C,no local saved TotoBrief detail snapshot was found,
WARN,3634,8123,2022,immutable_result_snapshot_absent,drawing_result_snapshots,0,,C,no immutable result snapshot and no local RAW result evidence,
ERROR,3635,8126,2022,pool_quotes_incomplete,quotes.pool,0/15,,C,no local RAW/API snapshot is available,
WARN,3635,8126,2022,raw_snapshot_absent,raw_provenance,SQLite rows exist,0,C,no local saved TotoBrief detail snapshot was found,
WARN,3635,8126,2022,immutable_result_snapshot_absent,drawing_result_snapshots,0,,C,no immutable result snapshot and no local RAW result evidence,
ERROR,3636,8128,2022,finished_results_incomplete,events.result,"resolved=14,void=0,missing=1,invalid=0",,C,no local RAW/API snapshot is available,
WARN,3636,8128,2022,raw_snapshot_absent,raw_provenance,SQLite rows exist,0,C,no local saved TotoBrief detail snapshot was found,
WARN,3636,8128,2022,immutable_result_snapshot_absent,drawing_result_snapshots,0,,C,no immutable result snapshot and no local RAW result evidence,
WARN,3637,8132,2022,raw_snapshot_absent,raw_provenance,SQLite rows exist,0,C,no local saved TotoBrief detail snapshot was found,
WARN,3637,8132,2022,immutable_result_snapshot_absent,drawing_result_snapshots,0,,C,no immutable result snapshot and no local RAW result evidence,
WARN,3638,8134,2022,raw_snapshot_absent,raw_provenance,SQLite rows exist,0,C,no local saved TotoBrief detail snapshot was found,
WARN,3638,8134,2022,immutable_result_snapshot_absent,drawing_result_snapshots,0,,C,no immutable result snapshot and no local RAW result evidence,
ERROR,3639,8137,2022,finished_results_incomplete,events.result,"resolved=14,void=0,missing=1,invalid=0",,C,no local RAW/API snapshot is available,
WARN,3639,8137,2022,raw_snapshot_absent,raw_provenance,SQLite rows exist,0,C,no local saved TotoBrief detail snapshot was found,
WARN,3639,8137,2022,immutable_result_snapshot_absent,drawing_result_snapshots,0,,C,no immutable result snapshot and no local RAW result evidence,
ERROR,3640,8140,2022,finished_results_incomplete,events.result,"resolved=13,void=0,missing=2,invalid=0",,C,no local RAW/API snapshot is available,
WARN,3640,8140,2022,raw_snapshot_absent,raw_provenance,SQLite rows exist,0,C,no local saved TotoBrief detail snapshot was found,
WARN,3640,8140,2022,immutable_result_snapshot_absent,drawing_result_snapshots,0,,C,no immutable result snapshot and no local RAW result evidence,
WARN,3641,8143,2022,raw_snapshot_absent,raw_provenance,SQLite rows exist,0,C,no local saved TotoBrief detail snapshot was found,
WARN,3641,8143,2022,immutable_result_snapshot_absent,drawing_result_snapshots,0,,C,no immutable result snapshot and no local RAW result evidence,
WARN,3642,8146,2022,raw_snapshot_absent,raw_provenance,SQLite rows exist,0,C,no local saved TotoBrief detail snapshot was found,
WARN,3642,8146,2022,immutable_result_snapshot_absent,drawing_result_snapshots,0,,C,no immutable result snapshot and no local RAW result evidence,
ERROR,3643,8149,2022,finished_results_incomplete,events.result,"resolved=0,void=0,missing=15,invalid=0",,C,no local RAW/API snapshot is available,
WARN,3643,8149,2022,raw_snapshot_absent,raw_provenance,SQLite rows exist,0,C,no local saved TotoBrief detail snapshot was found,
WARN,3643,8149,2022,immutable_result_snapshot_absent,drawing_result_snapshots,0,,C,no immutable result snapshot and no local RAW result evidence,
WARN,3644,8151,2022,raw_snapshot_absent,raw_provenance,SQLite rows exist,0,C,no local saved TotoBrief detail snapshot was found,
WARN,3644,8151,2022,immutable_result_snapshot_absent,drawing_result_snapshots,0,,C,no immutable result snapshot and no local RAW result evidence,
ERROR,3645,8154,2022,finished_results_incomplete,events.result,"resolved=13,void=0,missing=2,invalid=0",,C,no local RAW/API snapshot is available,
WARN,3645,8154,2022,raw_snapshot_absent,raw_provenance,SQLite rows exist,0,C,no local saved TotoBrief detail snapshot was found,
WARN,3645,8154,2022,immutable_result_snapshot_absent,drawing_result_snapshots,0,,C,no immutable result snapshot and no local RAW result evidence,
ERROR,3646,8157,2022,finished_results_incomplete,events.result,"resolved=11,void=0,missing=4,invalid=0",,C,no local RAW/API snapshot is available,
WARN,3646,8157,2022,raw_snapshot_absent,raw_provenance,SQLite rows exist,0,C,no local saved TotoBrief detail snapshot was found,
WARN,3646,8157,2022,immutable_result_snapshot_absent,drawing_result_snapshots,0,,C,no immutable result snapshot and no local RAW result evidence,
ERROR,3647,8161,2022,finished_results_incomplete,events.result,"resolved=14,void=0,missing=1,invalid=0",,C,no local RAW/API snapshot is available,
WARN,3647,8161,2022,raw_snapshot_absent,raw_provenance,SQLite rows exist,0,C,no local saved TotoBrief detail snapshot was found,
WARN,3647,8161,2022,immutable_result_snapshot_absent,drawing_result_snapshots,0,,C,no immutable result snapshot and no local RAW result evidence,
WARN,3648,8164,2022,raw_snapshot_absent,raw_provenance,SQLite rows exist,0,C,no local saved TotoBrief detail snapshot was found,
WARN,3648,8164,2022,immutable_result_snapshot_absent,drawing_result_snapshots,0,,C,no immutable result snapshot and no local RAW result evidence,
WARN,3649,8167,2022,raw_snapshot_absent,raw_provenance,SQLite rows exist,0,C,no local saved TotoBrief detail snapshot was found,
WARN,3649,8167,2022,immutable_result_snapshot_absent,drawing_result_snapshots,0,,C,no immutable result snapshot and no local RAW result evidence,
WARN,3650,8170,2022,raw_snapshot_absent,raw_provenance,SQLite rows exist,0,C,no local saved TotoBrief detail snapshot was found,
WARN,3650,8170,2022,immutable_result_snapshot_absent,drawing_result_snapshots,0,,C,no immutable result snapshot and no local RAW result evidence,
ERROR,3651,8173,2022,finished_results_incomplete,events.result,"resolved=14,void=0,missing=1,invalid=0",,C,no local RAW/API snapshot is available,
WARN,3651,8173,2022,raw_snapshot_absent,raw_provenance,SQLite rows exist,0,C,no local saved TotoBrief detail snapshot was found,
WARN,3651,8173,2022,immutable_result_snapshot_absent,drawing_result_snapshots,0,,C,no immutable result snapshot and no local RAW result evidence,
ERROR,3652,8176,2022,finished_results_incomplete,events.result,"resolved=13,void=0,missing=2,invalid=0",,C,no local RAW/API snapshot is available,
WARN,3652,8176,2022,raw_snapshot_absent,raw_provenance,SQLite rows exist,0,C,no local saved TotoBrief detail snapshot was found,
WARN,3652,8176,2022,immutable_result_snapshot_absent,drawing_result_snapshots,0,,C,no immutable result snapshot and no local RAW result evidence,
WARN,3653,8179,2022,raw_snapshot_absent,raw_provenance,SQLite rows exist,0,C,no local saved TotoBrief detail snapshot was found,
WARN,3653,8179,2022,immutable_result_snapshot_absent,drawing_result_snapshots,0,,C,no immutable result snapshot and no local RAW result evidence,
WARN,3654,8182,2022,raw_snapshot_absent,raw_provenance,SQLite rows exist,0,C,no local saved TotoBrief detail snapshot was found,
WARN,3654,8182,2022,immutable_result_snapshot_absent,drawing_result_snapshots,0,,C,no immutable result snapshot and no local RAW result evidence,
ERROR,3655,8184,2022,pool_quotes_incomplete,quotes.pool,0/15,,C,no local RAW/API snapshot is available,
WARN,3655,8184,2022,raw_snapshot_absent,raw_provenance,SQLite rows exist,0,C,no local saved TotoBrief detail snapshot was found,
WARN,3655,8184,2022,immutable_result_snapshot_absent,drawing_result_snapshots,0,,C,no immutable result snapshot and no local RAW result evidence,
WARN,3656,8187,2022,raw_snapshot_absent,raw_provenance,SQLite rows exist,0,C,no local saved TotoBrief detail snapshot was found,
WARN,3656,8187,2022,immutable_result_snapshot_absent,drawing_result_snapshots,0,,C,no immutable result snapshot and no local RAW result evidence,
ERROR,3657,8189,2022,pool_quotes_incomplete,quotes.pool,0/15,,C,no local RAW/API snapshot is available,
WARN,3657,8189,2022,raw_snapshot_absent,raw_provenance,SQLite rows exist,0,C,no local saved TotoBrief detail snapshot was found,
WARN,3657,8189,2022,immutable_result_snapshot_absent,drawing_result_snapshots,0,,C,no immutable result snapshot and no local RAW result evidence,
WARN,3658,8191,2022,raw_snapshot_absent,raw_provenance,SQLite rows exist,0,C,no local saved TotoBrief detail snapshot was found,
WARN,3658,8191,2022,immutable_result_snapshot_absent,drawing_result_snapshots,0,,C,no immutable result snapshot and no local RAW result evidence,
ERROR,3659,8194,2022,finished_results_incomplete,events.result,"resolved=14,void=0,missing=1,invalid=0",,C,no local RAW/API snapshot is available,
WARN,3659,8194,2022,raw_snapshot_absent,raw_provenance,SQLite rows exist,0,C,no local saved TotoBrief detail snapshot was found,
WARN,3659,8194,2022,immutable_result_snapshot_absent,drawing_result_snapshots,0,,C,no immutable result snapshot and no local RAW result evidence,
WARN,3660,8198,2022,raw_snapshot_absent,raw_provenance,SQLite rows exist,0,C,no local saved TotoBrief detail snapshot was found,
WARN,3660,8198,2022,immutable_result_snapshot_absent,drawing_result_snapshots,0,,C,no immutable result snapshot and no local RAW result evidence,
WARN,3661,8199,2022,raw_snapshot_absent,raw_provenance,SQLite rows exist,0,C,no local saved TotoBrief detail snapshot was found,
WARN,3661,8199,2022,immutable_result_snapshot_absent,drawing_result_snapshots,0,,C,no immutable result snapshot and no local RAW result evidence,
WARN,3662,8203,2023,raw_snapshot_absent,raw_provenance,SQLite rows exist,0,C,no local saved TotoBrief detail snapshot was found,
WARN,3662,8203,2023,immutable_result_snapshot_absent,drawing_result_snapshots,0,,C,no immutable result snapshot and no local RAW result evidence,
WARN,3663,8206,2023,raw_snapshot_absent,raw_provenance,SQLite rows exist,0,C,no local saved TotoBrief detail snapshot was found,
WARN,3663,8206,2023,immutable_result_snapshot_absent,drawing_result_snapshots,0,,C,no immutable result snapshot and no local RAW result evidence,
ERROR,3664,8209,2023,finished_results_incomplete,events.result,"resolved=14,void=0,missing=1,invalid=0",,C,no local RAW/API snapshot is available,
WARN,3664,8209,2023,raw_snapshot_absent,raw_provenance,SQLite rows exist,0,C,no local saved TotoBrief detail snapshot was found,
WARN,3664,8209,2023,immutable_result_snapshot_absent,drawing_result_snapshots,0,,C,no immutable result snapshot and no local RAW result evidence,
ERROR,3665,8211,2023,finished_results_incomplete,events.result,"resolved=14,void=0,missing=1,invalid=0",,C,no local RAW/API snapshot is available,
WARN,3665,8211,2023,raw_snapshot_absent,raw_provenance,SQLite rows exist,0,C,no local saved TotoBrief detail snapshot was found,
WARN,3665,8211,2023,immutable_result_snapshot_absent,drawing_result_snapshots,0,,C,no immutable result snapshot and no local RAW result evidence,
WARN,3666,8213,2023,raw_snapshot_absent,raw_provenance,SQLite rows exist,0,C,no local saved TotoBrief detail snapshot was found,
WARN,3666,8213,2023,immutable_result_snapshot_absent,drawing_result_snapshots,0,,C,no immutable result snapshot and no local RAW result evidence,
WARN,3667,8216,2023,raw_snapshot_absent,raw_provenance,SQLite rows exist,0,C,no local saved TotoBrief detail snapshot was found,
WARN,3667,8216,2023,immutable_result_snapshot_absent,drawing_result_snapshots,0,,C,no immutable result snapshot and no local RAW result evidence,
WARN,3668,8218,2023,raw_snapshot_absent,raw_provenance,SQLite rows exist,0,C,no local saved TotoBrief detail snapshot was found,
WARN,3668,8218,2023,immutable_result_snapshot_absent,drawing_result_snapshots,0,,C,no immutable result snapshot and no local RAW result evidence,
WARN,3669,8222,2023,raw_snapshot_absent,raw_provenance,SQLite rows exist,0,C,no local saved TotoBrief detail snapshot was found,
WARN,3669,8222,2023,immutable_result_snapshot_absent,drawing_result_snapshots,0,,C,no immutable result snapshot and no local RAW result evidence,
WARN,3670,8223,2023,raw_snapshot_absent,raw_provenance,SQLite rows exist,0,C,no local saved TotoBrief detail snapshot was found,
WARN,3670,8223,2023,immutable_result_snapshot_absent,drawing_result_snapshots,0,,C,no immutable result snapshot and no local RAW result evidence,
WARN,3671,8227,2023,raw_snapshot_absent,raw_provenance,SQLite rows exist,0,C,no local saved TotoBrief detail snapshot was found,
WARN,3671,8227,2023,immutable_result_snapshot_absent,drawing_result_snapshots,0,,C,no immutable result snapshot and no local RAW result evidence,
ERROR,3672,8230,2023,pool_quotes_incomplete,quotes.pool,0/15,,C,no local RAW/API snapshot is available,
WARN,3672,8230,2023,raw_snapshot_absent,raw_provenance,SQLite rows exist,0,C,no local saved TotoBrief detail snapshot was found,
WARN,3672,8230,2023,immutable_result_snapshot_absent,drawing_result_snapshots,0,,C,no immutable result snapshot and no local RAW result evidence,
WARN,3673,8233,2023,raw_snapshot_absent,raw_provenance,SQLite rows exist,0,C,no local saved TotoBrief detail snapshot was found,
WARN,3673,8233,2023,immutable_result_snapshot_absent,drawing_result_snapshots,0,,C,no immutable result snapshot and no local RAW result evidence,
WARN,3674,8235,2023,raw_snapshot_absent,raw_provenance,SQLite rows exist,0,C,no local saved TotoBrief detail snapshot was found,
WARN,3674,8235,2023,immutable_result_snapshot_absent,drawing_result_snapshots,0,,C,no immutable result snapshot and no local RAW result evidence,
WARN,3675,8238,2023,raw_snapshot_absent,raw_provenance,SQLite rows exist,0,C,no local saved TotoBrief detail snapshot was found,
WARN,3675,8238,2023,immutable_result_snapshot_absent,drawing_result_snapshots,0,,C,no immutable result snapshot and no local RAW result evidence,
WARN,3676,8242,2023,raw_snapshot_absent,raw_provenance,SQLite rows exist,0,C,no local saved TotoBrief detail snapshot was found,
WARN,3676,8242,2023,immutable_result_snapshot_absent,drawing_result_snapshots,0,,C,no immutable result snapshot and no local RAW result evidence,
ERROR,3677,8244,2023,finished_results_incomplete,events.result,"resolved=13,void=0,missing=2,invalid=0",,C,no local RAW/API snapshot is available,
WARN,3677,8244,2023,raw_snapshot_absent,raw_provenance,SQLite rows exist,0,C,no local saved TotoBrief detail snapshot was found,
WARN,3677,8244,2023,immutable_result_snapshot_absent,drawing_result_snapshots,0,,C,no immutable result snapshot and no local RAW result evidence,
ERROR,3678,8247,2023,finished_results_incomplete,events.result,"resolved=13,void=0,missing=2,invalid=0",,C,no local RAW/API snapshot is available,
WARN,3678,8247,2023,raw_snapshot_absent,raw_provenance,SQLite rows exist,0,C,no local saved TotoBrief detail snapshot was found,
WARN,3678,8247,2023,immutable_result_snapshot_absent,drawing_result_snapshots,0,,C,no immutable result snapshot and no local RAW result evidence,
ERROR,3679,8250,2023,finished_results_incomplete,events.result,"resolved=14,void=0,missing=1,invalid=0",,C,no local RAW/API snapshot is available,
WARN,3679,8250,2023,raw_snapshot_absent,raw_provenance,SQLite rows exist,0,C,no local saved TotoBrief detail snapshot was found,
WARN,3679,8250,2023,immutable_result_snapshot_absent,drawing_result_snapshots,0,,C,no immutable result snapshot and no local RAW result evidence,
ERROR,3680,8252,2023,pool_quotes_incomplete,quotes.pool,0/15,,C,no local RAW/API snapshot is available,
WARN,3680,8252,2023,raw_snapshot_absent,raw_provenance,SQLite rows exist,0,C,no local saved TotoBrief detail snapshot was found,
WARN,3680,8252,2023,immutable_result_snapshot_absent,drawing_result_snapshots,0,,C,no immutable result snapshot and no local RAW result evidence,
WARN,3681,8256,2023,raw_snapshot_absent,raw_provenance,SQLite rows exist,0,C,no local saved TotoBrief detail snapshot was found,
WARN,3681,8256,2023,immutable_result_snapshot_absent,drawing_result_snapshots,0,,C,no immutable result snapshot and no local RAW result evidence,
WARN,3682,8259,2023,raw_snapshot_absent,raw_provenance,SQLite rows exist,0,C,no local saved TotoBrief detail snapshot was found,
WARN,3682,8259,2023,immutable_result_snapshot_absent,drawing_result_snapshots,0,,C,no immutable result snapshot and no local RAW result evidence,
ERROR,3683,8262,2023,finished_results_incomplete,events.result,"resolved=14,void=0,missing=1,invalid=0",,C,no local RAW/API snapshot is available,
WARN,3683,8262,2023,raw_snapshot_absent,raw_provenance,SQLite rows exist,0,C,no local saved TotoBrief detail snapshot was found,
WARN,3683,8262,2023,immutable_result_snapshot_absent,drawing_result_snapshots,0,,C,no immutable result snapshot and no local RAW result evidence,
WARN,3684,8264,2023,raw_snapshot_absent,raw_provenance,SQLite rows exist,0,C,no local saved TotoBrief detail snapshot was found,
WARN,3684,8264,2023,immutable_result_snapshot_absent,drawing_result_snapshots,0,,C,no immutable result snapshot and no local RAW result evidence,
ERROR,3685,8267,2023,finished_results_incomplete,events.result,"resolved=12,void=0,missing=3,invalid=0",,C,no local RAW/API snapshot is available,
WARN,3685,8267,2023,raw_snapshot_absent,raw_provenance,SQLite rows exist,0,C,no local saved TotoBrief detail snapshot was found,
WARN,3685,8267,2023,immutable_result_snapshot_absent,drawing_result_snapshots,0,,C,no immutable result snapshot and no local RAW result evidence,
ERROR,3686,8269,2023,pool_quotes_incomplete,quotes.pool,0/15,,C,no local RAW/API snapshot is available,
ERROR,3686,8269,2023,finished_results_incomplete,events.result,"resolved=14,void=0,missing=1,invalid=0",,C,no local RAW/API snapshot is available,
WARN,3686,8269,2023,raw_snapshot_absent,raw_provenance,SQLite rows exist,0,C,no local saved TotoBrief detail snapshot was found,
WARN,3686,8269,2023,immutable_result_snapshot_absent,drawing_result_snapshots,0,,C,no immutable result snapshot and no local RAW result evidence,
ERROR,3687,8274,2023,pool_quotes_incomplete,quotes.pool,0/15,,C,no local RAW/API snapshot is available,
WARN,3687,8274,2023,raw_snapshot_absent,raw_provenance,SQLite rows exist,0,C,no local saved TotoBrief detail snapshot was found,
WARN,3687,8274,2023,immutable_result_snapshot_absent,drawing_result_snapshots,0,,C,no immutable result snapshot and no local RAW result evidence,
WARN,3688,8276,2023,raw_snapshot_absent,raw_provenance,SQLite rows exist,0,C,no local saved TotoBrief detail snapshot was found,
WARN,3688,8276,2023,immutable_result_snapshot_absent,drawing_result_snapshots,0,,C,no immutable result snapshot and no local RAW result evidence,
WARN,3689,8279,2023,raw_snapshot_absent,raw_provenance,SQLite rows exist,0,C,no local saved TotoBrief detail snapshot was found,
WARN,3689,8279,2023,immutable_result_snapshot_absent,drawing_result_snapshots,0,,C,no immutable result snapshot and no local RAW result evidence,
WARN,3690,8282,2023,raw_snapshot_absent,raw_provenance,SQLite rows exist,0,C,no local saved TotoBrief detail snapshot was found,
WARN,3690,8282,2023,immutable_result_snapshot_absent,drawing_result_snapshots,0,,C,no immutable result snapshot and no local RAW result evidence,
ERROR,3691,8286,2023,pool_quotes_incomplete,quotes.pool,0/15,,C,no local RAW/API snapshot is available,
WARN,3691,8286,2023,raw_snapshot_absent,raw_provenance,SQLite rows exist,0,C,no local saved TotoBrief detail snapshot was found,
WARN,3691,8286,2023,immutable_result_snapshot_absent,drawing_result_snapshots,0,,C,no immutable result snapshot and no local RAW result evidence,
WARN,3692,8288,2023,raw_snapshot_absent,raw_provenance,SQLite rows exist,0,C,no local saved TotoBrief detail snapshot was found,
WARN,3692,8288,2023,immutable_result_snapshot_absent,drawing_result_snapshots,0,,C,no immutable result snapshot and no local RAW result evidence,
ERROR,3693,8292,2023,pool_quotes_incomplete,quotes.pool,0/15,,C,no local RAW/API snapshot is available,
WARN,3693,8292,2023,raw_snapshot_absent,raw_provenance,SQLite rows exist,0,C,no local saved TotoBrief detail snapshot was found,
WARN,3693,8292,2023,immutable_result_snapshot_absent,drawing_result_snapshots,0,,C,no immutable result snapshot and no local RAW result evidence,
WARN,3694,8294,2023,raw_snapshot_absent,raw_provenance,SQLite rows exist,0,C,no local saved TotoBrief detail snapshot was found,
WARN,3694,8294,2023,immutable_result_snapshot_absent,drawing_result_snapshots,0,,C,no immutable result snapshot and no local RAW result evidence,
ERROR,3695,8297,2023,finished_results_incomplete,events.result,"resolved=14,void=0,missing=1,invalid=0",,C,no local RAW/API snapshot is available,
WARN,3695,8297,2023,raw_snapshot_absent,raw_provenance,SQLite rows exist,0,C,no local saved TotoBrief detail snapshot was found,
WARN,3695,8297,2023,immutable_result_snapshot_absent,drawing_result_snapshots,0,,C,no immutable result snapshot and no local RAW result evidence,
WARN,3696,8299,2023,raw_snapshot_absent,raw_provenance,SQLite rows exist,0,C,no local saved TotoBrief detail snapshot was found,
WARN,3696,8299,2023,immutable_result_snapshot_absent,drawing_result_snapshots,0,,C,no immutable result snapshot and no local RAW result evidence,
WARN,3697,8303,2023,raw_snapshot_absent,raw_provenance,SQLite rows exist,0,C,no local saved TotoBrief detail snapshot was found,
WARN,3697,8303,2023,immutable_result_snapshot_absent,drawing_result_snapshots,0,,C,no immutable result snapshot and no local RAW result evidence,
ERROR,3698,8307,2023,finished_results_incomplete,events.result,"resolved=12,void=0,missing=3,invalid=0",,C,no local RAW/API snapshot is available,
WARN,3698,8307,2023,raw_snapshot_absent,raw_provenance,SQLite rows exist,0,C,no local saved TotoBrief detail snapshot was found,
WARN,3698,8307,2023,immutable_result_snapshot_absent,drawing_result_snapshots,0,,C,no immutable result snapshot and no local RAW result evidence,
ERROR,3699,8309,2023,finished_results_incomplete,events.result,"resolved=13,void=0,missing=2,invalid=0",,C,no local RAW/API snapshot is available,
WARN,3699,8309,2023,raw_snapshot_absent,raw_provenance,SQLite rows exist,0,C,no local saved TotoBrief detail snapshot was found,
WARN,3699,8309,2023,immutable_result_snapshot_absent,drawing_result_snapshots,0,,C,no immutable result snapshot and no local RAW result evidence,
ERROR,3700,8312,2023,pool_quotes_incomplete,quotes.pool,0/15,,C,no local RAW/API snapshot is available,
WARN,3700,8312,2023,raw_snapshot_absent,raw_provenance,SQLite rows exist,0,C,no local saved TotoBrief detail snapshot was found,
WARN,3700,8312,2023,immutable_result_snapshot_absent,drawing_result_snapshots,0,,C,no immutable result snapshot and no local RAW result evidence,
WARN,3701,8315,2023,raw_snapshot_absent,raw_provenance,SQLite rows exist,0,C,no local saved TotoBrief detail snapshot was found,
WARN,3701,8315,2023,immutable_result_snapshot_absent,drawing_result_snapshots,0,,C,no immutable result snapshot and no local RAW result evidence,
WARN,3702,8318,2023,raw_snapshot_absent,raw_provenance,SQLite rows exist,0,C,no local saved TotoBrief detail snapshot was found,
WARN,3702,8318,2023,immutable_result_snapshot_absent,drawing_result_snapshots,0,,C,no immutable result snapshot and no local RAW result evidence,
WARN,3703,8322,2023,raw_snapshot_absent,raw_provenance,SQLite rows exist,0,C,no local saved TotoBrief detail snapshot was found,
WARN,3703,8322,2023,immutable_result_snapshot_absent,drawing_result_snapshots,0,,C,no immutable result snapshot and no local RAW result evidence,
WARN,3704,8325,2023,raw_snapshot_absent,raw_provenance,SQLite rows exist,0,C,no local saved TotoBrief detail snapshot was found,
WARN,3704,8325,2023,immutable_result_snapshot_absent,drawing_result_snapshots,0,,C,no immutable result snapshot and no local RAW result evidence,
ERROR,3705,8326,2023,pool_quotes_incomplete,quotes.pool,0/15,,C,no local RAW/API snapshot is available,
ERROR,3705,8326,2023,finished_results_incomplete,events.result,"resolved=14,void=0,missing=1,invalid=0",,C,no local RAW/API snapshot is available,
WARN,3705,8326,2023,raw_snapshot_absent,raw_provenance,SQLite rows exist,0,C,no local saved TotoBrief detail snapshot was found,
WARN,3705,8326,2023,immutable_result_snapshot_absent,drawing_result_snapshots,0,,C,no immutable result snapshot and no local RAW result evidence,
WARN,3706,8330,2023,raw_snapshot_absent,raw_provenance,SQLite rows exist,0,C,no local saved TotoBrief detail snapshot was found,
WARN,3706,8330,2023,immutable_result_snapshot_absent,drawing_result_snapshots,0,,C,no immutable result snapshot and no local RAW result evidence,
WARN,3707,8333,2023,raw_snapshot_absent,raw_provenance,SQLite rows exist,0,C,no local saved TotoBrief detail snapshot was found,
WARN,3707,8333,2023,immutable_result_snapshot_absent,drawing_result_snapshots,0,,C,no immutable result snapshot and no local RAW result evidence,
ERROR,3708,8336,2023,pool_quotes_incomplete,quotes.pool,0/15,,C,no local RAW/API snapshot is available,
WARN,3708,8336,2023,raw_snapshot_absent,raw_provenance,SQLite rows exist,0,C,no local saved TotoBrief detail snapshot was found,
WARN,3708,8336,2023,immutable_result_snapshot_absent,drawing_result_snapshots,0,,C,no immutable result snapshot and no local RAW result evidence,
WARN,3709,8339,2023,raw_snapshot_absent,raw_provenance,SQLite rows exist,0,C,no local saved TotoBrief detail snapshot was found,
WARN,3709,8339,2023,immutable_result_snapshot_absent,drawing_result_snapshots,0,,C,no immutable result snapshot and no local RAW result evidence,
WARN,3710,8341,2023,raw_snapshot_absent,raw_provenance,SQLite rows exist,0,C,no local saved TotoBrief detail snapshot was found,
WARN,3710,8341,2023,immutable_result_snapshot_absent,drawing_result_snapshots,0,,C,no immutable result snapshot and no local RAW result evidence,
WARN,3711,8345,2023,raw_snapshot_absent,raw_provenance,SQLite rows exist,0,C,no local saved TotoBrief detail snapshot was found,
WARN,3711,8345,2023,immutable_result_snapshot_absent,drawing_result_snapshots,0,,C,no immutable result snapshot and no local RAW result evidence,
ERROR,3712,8347,2023,pool_quotes_incomplete,quotes.pool,0/15,,C,no local RAW/API snapshot is available,
WARN,3712,8347,2023,raw_snapshot_absent,raw_provenance,SQLite rows exist,0,C,no local saved TotoBrief detail snapshot was found,
WARN,3712,8347,2023,immutable_result_snapshot_absent,drawing_result_snapshots,0,,C,no immutable result snapshot and no local RAW result evidence,
WARN,3713,8351,2023,raw_snapshot_absent,raw_provenance,SQLite rows exist,0,C,no local saved TotoBrief detail snapshot was found,
WARN,3713,8351,2023,immutable_result_snapshot_absent,drawing_result_snapshots,0,,C,no immutable result snapshot and no local RAW result evidence,
WARN,3714,8355,2023,raw_snapshot_absent,raw_provenance,SQLite rows exist,0,C,no local saved TotoBrief detail snapshot was found,
WARN,3714,8355,2023,immutable_result_snapshot_absent,drawing_result_snapshots,0,,C,no immutable result snapshot and no local RAW result evidence,
ERROR,3715,8357,2023,finished_results_incomplete,events.result,"resolved=14,void=0,missing=1,invalid=0",,C,no local RAW/API snapshot is available,
WARN,3715,8357,2023,raw_snapshot_absent,raw_provenance,SQLite rows exist,0,C,no local saved TotoBrief detail snapshot was found,
WARN,3715,8357,2023,immutable_result_snapshot_absent,drawing_result_snapshots,0,,C,no immutable result snapshot and no local RAW result evidence,
WARN,3716,8360,2023,raw_snapshot_absent,raw_provenance,SQLite rows exist,0,C,no local saved TotoBrief detail snapshot was found,
WARN,3716,8360,2023,immutable_result_snapshot_absent,drawing_result_snapshots,0,,C,no immutable result snapshot and no local RAW result evidence,
WARN,3717,8362,2023,raw_snapshot_absent,raw_provenance,SQLite rows exist,0,C,no local saved TotoBrief detail snapshot was found,
WARN,3717,8362,2023,immutable_result_snapshot_absent,drawing_result_snapshots,0,,C,no immutable result snapshot and no local RAW result evidence,
WARN,3718,8366,2023,raw_snapshot_absent,raw_provenance,SQLite rows exist,0,C,no local saved TotoBrief detail snapshot was found,
WARN,3718,8366,2023,immutable_result_snapshot_absent,drawing_result_snapshots,0,,C,no immutable result snapshot and no local RAW result evidence,
ERROR,3719,8369,2023,pool_quotes_incomplete,quotes.pool,0/15,,C,no local RAW/API snapshot is available,
WARN,3719,8369,2023,raw_snapshot_absent,raw_provenance,SQLite rows exist,0,C,no local saved TotoBrief detail snapshot was found,
WARN,3719,8369,2023,immutable_result_snapshot_absent,drawing_result_snapshots,0,,C,no immutable result snapshot and no local RAW result evidence,
WARN,3720,8372,2023,raw_snapshot_absent,raw_provenance,SQLite rows exist,0,C,no local saved TotoBrief detail snapshot was found,
WARN,3720,8372,2023,immutable_result_snapshot_absent,drawing_result_snapshots,0,,C,no immutable result snapshot and no local RAW result evidence,
WARN,3721,8376,2023,raw_snapshot_absent,raw_provenance,SQLite rows exist,0,C,no local saved TotoBrief detail snapshot was found,
WARN,3721,8376,2023,immutable_result_snapshot_absent,drawing_result_snapshots,0,,C,no immutable result snapshot and no local RAW result evidence,
WARN,3722,8378,2023,raw_snapshot_absent,raw_provenance,SQLite rows exist,0,C,no local saved TotoBrief detail snapshot was found,
WARN,3722,8378,2023,immutable_result_snapshot_absent,drawing_result_snapshots,0,,C,no immutable result snapshot and no local RAW result evidence,
WARN,3723,8381,2023,raw_snapshot_absent,raw_provenance,SQLite rows exist,0,C,no local saved TotoBrief detail snapshot was found,
WARN,3723,8381,2023,immutable_result_snapshot_absent,drawing_result_snapshots,0,,C,no immutable result snapshot and no local RAW result evidence,
WARN,3724,8383,2023,raw_snapshot_absent,raw_provenance,SQLite rows exist,0,C,no local saved TotoBrief detail snapshot was found,
WARN,3724,8383,2023,immutable_result_snapshot_absent,drawing_result_snapshots,0,,C,no immutable result snapshot and no local RAW result evidence,
WARN,3725,8388,2023,raw_snapshot_absent,raw_provenance,SQLite rows exist,0,C,no local saved TotoBrief detail snapshot was found,
WARN,3725,8388,2023,immutable_result_snapshot_absent,drawing_result_snapshots,0,,C,no immutable result snapshot and no local RAW result evidence,
WARN,3726,8391,2023,raw_snapshot_absent,raw_provenance,SQLite rows exist,0,C,no local saved TotoBrief detail snapshot was found,
WARN,3726,8391,2023,immutable_result_snapshot_absent,drawing_result_snapshots,0,,C,no immutable result snapshot and no local RAW result evidence,
WARN,3727,8394,2023,raw_snapshot_absent,raw_provenance,SQLite rows exist,0,C,no local saved TotoBrief detail snapshot was found,
WARN,3727,8394,2023,immutable_result_snapshot_absent,drawing_result_snapshots,0,,C,no immutable result snapshot and no local RAW result evidence,
ERROR,3728,8396,2023,finished_results_incomplete,events.result,"resolved=14,void=0,missing=1,invalid=0",,C,no local RAW/API snapshot is available,
WARN,3728,8396,2023,raw_snapshot_absent,raw_provenance,SQLite rows exist,0,C,no local saved TotoBrief detail snapshot was found,
WARN,3728,8396,2023,immutable_result_snapshot_absent,drawing_result_snapshots,0,,C,no immutable result snapshot and no local RAW result evidence,
WARN,3729,8399,2023,raw_snapshot_absent,raw_provenance,SQLite rows exist,0,C,no local saved TotoBrief detail snapshot was found,
WARN,3729,8399,2023,immutable_result_snapshot_absent,drawing_result_snapshots,0,,C,no immutable result snapshot and no local RAW result evidence,
WARN,3730,8402,2023,raw_snapshot_absent,raw_provenance,SQLite rows exist,0,C,no local saved TotoBrief detail snapshot was found,
WARN,3730,8402,2023,immutable_result_snapshot_absent,drawing_result_snapshots,0,,C,no immutable result snapshot and no local RAW result evidence,
WARN,3731,8405,2023,raw_snapshot_absent,raw_provenance,SQLite rows exist,0,C,no local saved TotoBrief detail snapshot was found,
WARN,3731,8405,2023,immutable_result_snapshot_absent,drawing_result_snapshots,0,,C,no immutable result snapshot and no local RAW result evidence,
WARN,3732,8408,2023,raw_snapshot_absent,raw_provenance,SQLite rows exist,0,C,no local saved TotoBrief detail snapshot was found,
WARN,3732,8408,2023,immutable_result_snapshot_absent,drawing_result_snapshots,0,,C,no immutable result snapshot and no local RAW result evidence,
WARN,3733,8412,2023,raw_snapshot_absent,raw_provenance,SQLite rows exist,0,C,no local saved TotoBrief detail snapshot was found,
WARN,3733,8412,2023,immutable_result_snapshot_absent,drawing_result_snapshots,0,,C,no immutable result snapshot and no local RAW result evidence,
ERROR,3734,8414,2023,finished_results_incomplete,events.result,"resolved=14,void=0,missing=1,invalid=0",,C,no local RAW/API snapshot is available,
WARN,3734,8414,2023,raw_snapshot_absent,raw_provenance,SQLite rows exist,0,C,no local saved TotoBrief detail snapshot was found,
WARN,3734,8414,2023,immutable_result_snapshot_absent,drawing_result_snapshots,0,,C,no immutable result snapshot and no local RAW result evidence,
WARN,3735,8416,2023,raw_snapshot_absent,raw_provenance,SQLite rows exist,0,C,no local saved TotoBrief detail snapshot was found,
WARN,3735,8416,2023,immutable_result_snapshot_absent,drawing_result_snapshots,0,,C,no immutable result snapshot and no local RAW result evidence,
WARN,3736,8421,2023,raw_snapshot_absent,raw_provenance,SQLite rows exist,0,C,no local saved TotoBrief detail snapshot was found,
WARN,3736,8421,2023,immutable_result_snapshot_absent,drawing_result_snapshots,0,,C,no immutable result snapshot and no local RAW result evidence,
ERROR,3737,8423,2023,finished_results_incomplete,events.result,"resolved=14,void=0,missing=1,invalid=0",,C,no local RAW/API snapshot is available,
WARN,3737,8423,2023,raw_snapshot_absent,raw_provenance,SQLite rows exist,0,C,no local saved TotoBrief detail snapshot was found,
WARN,3737,8423,2023,immutable_result_snapshot_absent,drawing_result_snapshots,0,,C,no immutable result snapshot and no local RAW result evidence,
ERROR,3738,8425,2023,finished_results_incomplete,events.result,"resolved=14,void=0,missing=1,invalid=0",,C,no local RAW/API snapshot is available,
WARN,3738,8425,2023,raw_snapshot_absent,raw_provenance,SQLite rows exist,0,C,no local saved TotoBrief detail snapshot was found,
WARN,3738,8425,2023,immutable_result_snapshot_absent,drawing_result_snapshots,0,,C,no immutable result snapshot and no local RAW result evidence,
WARN,3739,8429,2023,raw_snapshot_absent,raw_provenance,SQLite rows exist,0,C,no local saved TotoBrief detail snapshot was found,
WARN,3739,8429,2023,immutable_result_snapshot_absent,drawing_result_snapshots,0,,C,no immutable result snapshot and no local RAW result evidence,
ERROR,3740,8432,2023,pool_quotes_incomplete,quotes.pool,0/15,,C,no local RAW/API snapshot is available,
WARN,3740,8432,2023,raw_snapshot_absent,raw_provenance,SQLite rows exist,0,C,no local saved TotoBrief detail snapshot was found,
WARN,3740,8432,2023,immutable_result_snapshot_absent,drawing_result_snapshots,0,,C,no immutable result snapshot and no local RAW result evidence,
WARN,3741,8434,2023,raw_snapshot_absent,raw_provenance,SQLite rows exist,0,C,no local saved TotoBrief detail snapshot was found,
WARN,3741,8434,2023,immutable_result_snapshot_absent,drawing_result_snapshots,0,,C,no immutable result snapshot and no local RAW result evidence,
ERROR,3742,8438,2023,pool_quotes_incomplete,quotes.pool,0/15,,C,no local RAW/API snapshot is available,
WARN,3742,8438,2023,raw_snapshot_absent,raw_provenance,SQLite rows exist,0,C,no local saved TotoBrief detail snapshot was found,
WARN,3742,8438,2023,immutable_result_snapshot_absent,drawing_result_snapshots,0,,C,no immutable result snapshot and no local RAW result evidence,
WARN,3743,8441,2023,raw_snapshot_absent,raw_provenance,SQLite rows exist,0,C,no local saved TotoBrief detail snapshot was found,
WARN,3743,8441,2023,immutable_result_snapshot_absent,drawing_result_snapshots,0,,C,no immutable result snapshot and no local RAW result evidence,
WARN,3744,8443,2023,raw_snapshot_absent,raw_provenance,SQLite rows exist,0,C,no local saved TotoBrief detail snapshot was found,
WARN,3744,8443,2023,immutable_result_snapshot_absent,drawing_result_snapshots,0,,C,no immutable result snapshot and no local RAW result evidence,
ERROR,3745,8445,2023,finished_results_incomplete,events.result,"resolved=14,void=0,missing=1,invalid=0",,C,no local RAW/API snapshot is available,
WARN,3745,8445,2023,raw_snapshot_absent,raw_provenance,SQLite rows exist,0,C,no local saved TotoBrief detail snapshot was found,
WARN,3745,8445,2023,immutable_result_snapshot_absent,drawing_result_snapshots,0,,C,no immutable result snapshot and no local RAW result evidence,
ERROR,3746,8448,2023,pool_quotes_incomplete,quotes.pool,0/15,,C,no local RAW/API snapshot is available,
WARN,3746,8448,2023,raw_snapshot_absent,raw_provenance,SQLite rows exist,0,C,no local saved TotoBrief detail snapshot was found,
WARN,3746,8448,2023,immutable_result_snapshot_absent,drawing_result_snapshots,0,,C,no immutable result snapshot and no local RAW result evidence,
WARN,3747,8453,2023,raw_snapshot_absent,raw_provenance,SQLite rows exist,0,C,no local saved TotoBrief detail snapshot was found,
WARN,3747,8453,2023,immutable_result_snapshot_absent,drawing_result_snapshots,0,,C,no immutable result snapshot and no local RAW result evidence,
WARN,3748,8455,2023,raw_snapshot_absent,raw_provenance,SQLite rows exist,0,C,no local saved TotoBrief detail snapshot was found,
WARN,3748,8455,2023,immutable_result_snapshot_absent,drawing_result_snapshots,0,,C,no immutable result snapshot and no local RAW result evidence,
ERROR,3749,8458,2023,pool_quotes_incomplete,quotes.pool,0/15,,C,no local RAW/API snapshot is available,
WARN,3749,8458,2023,raw_snapshot_absent,raw_provenance,SQLite rows exist,0,C,no local saved TotoBrief detail snapshot was found,
WARN,3749,8458,2023,immutable_result_snapshot_absent,drawing_result_snapshots,0,,C,no immutable result snapshot and no local RAW result evidence,
WARN,3750,8461,2023,raw_snapshot_absent,raw_provenance,SQLite rows exist,0,C,no local saved TotoBrief detail snapshot was found,
WARN,3750,8461,2023,immutable_result_snapshot_absent,drawing_result_snapshots,0,,C,no immutable result snapshot and no local RAW result evidence,
WARN,3751,8464,2023,raw_snapshot_absent,raw_provenance,SQLite rows exist,0,C,no local saved TotoBrief detail snapshot was found,
WARN,3751,8464,2023,immutable_result_snapshot_absent,drawing_result_snapshots,0,,C,no immutable result snapshot and no local RAW result evidence,
WARN,3752,8467,2023,raw_snapshot_absent,raw_provenance,SQLite rows exist,0,C,no local saved TotoBrief detail snapshot was found,
WARN,3752,8467,2023,immutable_result_snapshot_absent,drawing_result_snapshots,0,,C,no immutable result snapshot and no local RAW result evidence,
WARN,3753,8470,2023,raw_snapshot_absent,raw_provenance,SQLite rows exist,0,C,no local saved TotoBrief detail snapshot was found,
WARN,3753,8470,2023,immutable_result_snapshot_absent,drawing_result_snapshots,0,,C,no immutable result snapshot and no local RAW result evidence,
WARN,3754,8472,2023,raw_snapshot_absent,raw_provenance,SQLite rows exist,0,C,no local saved TotoBrief detail snapshot was found,
WARN,3754,8472,2023,immutable_result_snapshot_absent,drawing_result_snapshots,0,,C,no immutable result snapshot and no local RAW result evidence,
WARN,3755,8476,2023,raw_snapshot_absent,raw_provenance,SQLite rows exist,0,C,no local saved TotoBrief detail snapshot was found,
WARN,3755,8476,2023,immutable_result_snapshot_absent,drawing_result_snapshots,0,,C,no immutable result snapshot and no local RAW result evidence,
WARN,3756,8478,2023,raw_snapshot_absent,raw_provenance,SQLite rows exist,0,C,no local saved TotoBrief detail snapshot was found,
WARN,3756,8478,2023,immutable_result_snapshot_absent,drawing_result_snapshots,0,,C,no immutable result snapshot and no local RAW result evidence,
ERROR,3757,8482,2023,pool_quotes_incomplete,quotes.pool,0/15,,C,no local RAW/API snapshot is available,
WARN,3757,8482,2023,raw_snapshot_absent,raw_provenance,SQLite rows exist,0,C,no local saved TotoBrief detail snapshot was found,
WARN,3757,8482,2023,immutable_result_snapshot_absent,drawing_result_snapshots,0,,C,no immutable result snapshot and no local RAW result evidence,
WARN,3758,8485,2023,raw_snapshot_absent,raw_provenance,SQLite rows exist,0,C,no local saved TotoBrief detail snapshot was found,
WARN,3758,8485,2023,immutable_result_snapshot_absent,drawing_result_snapshots,0,,C,no immutable result snapshot and no local RAW result evidence,
WARN,3759,8489,2023,raw_snapshot_absent,raw_provenance,SQLite rows exist,0,C,no local saved TotoBrief detail snapshot was found,
WARN,3759,8489,2023,immutable_result_snapshot_absent,drawing_result_snapshots,0,,C,no immutable result snapshot and no local RAW result evidence,
WARN,3760,8490,2023,raw_snapshot_absent,raw_provenance,SQLite rows exist,0,C,no local saved TotoBrief detail snapshot was found,
WARN,3760,8490,2023,immutable_result_snapshot_absent,drawing_result_snapshots,0,,C,no immutable result snapshot and no local RAW result evidence,
WARN,3761,8494,2023,raw_snapshot_absent,raw_provenance,SQLite rows exist,0,C,no local saved TotoBrief detail snapshot was found,
WARN,3761,8494,2023,immutable_result_snapshot_absent,drawing_result_snapshots,0,,C,no immutable result snapshot and no local RAW result evidence,
ERROR,3762,8497,2023,pool_quotes_incomplete,quotes.pool,0/15,,C,no local RAW/API snapshot is available,
ERROR,3762,8497,2023,finished_results_incomplete,events.result,"resolved=13,void=0,missing=2,invalid=0",,C,no local RAW/API snapshot is available,
WARN,3762,8497,2023,raw_snapshot_absent,raw_provenance,SQLite rows exist,0,C,no local saved TotoBrief detail snapshot was found,
WARN,3762,8497,2023,immutable_result_snapshot_absent,drawing_result_snapshots,0,,C,no immutable result snapshot and no local RAW result evidence,
ERROR,3763,8500,2023,pool_quotes_incomplete,quotes.pool,0/15,,C,no local RAW/API snapshot is available,
WARN,3763,8500,2023,raw_snapshot_absent,raw_provenance,SQLite rows exist,0,C,no local saved TotoBrief detail snapshot was found,
WARN,3763,8500,2023,immutable_result_snapshot_absent,drawing_result_snapshots,0,,C,no immutable result snapshot and no local RAW result evidence,
WARN,3764,8503,2023,raw_snapshot_absent,raw_provenance,SQLite rows exist,0,C,no local saved TotoBrief detail snapshot was found,
WARN,3764,8503,2023,immutable_result_snapshot_absent,drawing_result_snapshots,0,,C,no immutable result snapshot and no local RAW result evidence,
WARN,3765,8506,2023,raw_snapshot_absent,raw_provenance,SQLite rows exist,0,C,no local saved TotoBrief detail snapshot was found,
WARN,3765,8506,2023,immutable_result_snapshot_absent,drawing_result_snapshots,0,,C,no immutable result snapshot and no local RAW result evidence,
WARN,3766,8509,2023,raw_snapshot_absent,raw_provenance,SQLite rows exist,0,C,no local saved TotoBrief detail snapshot was found,
WARN,3766,8509,2023,immutable_result_snapshot_absent,drawing_result_snapshots,0,,C,no immutable result snapshot and no local RAW result evidence,
WARN,3767,8511,2023,raw_snapshot_absent,raw_provenance,SQLite rows exist,0,C,no local saved TotoBrief detail snapshot was found,
WARN,3767,8511,2023,immutable_result_snapshot_absent,drawing_result_snapshots,0,,C,no immutable result snapshot and no local RAW result evidence,
ERROR,3768,8514,2023,pool_quotes_incomplete,quotes.pool,0/15,,C,no local RAW/API snapshot is available,
WARN,3768,8514,2023,raw_snapshot_absent,raw_provenance,SQLite rows exist,0,C,no local saved TotoBrief detail snapshot was found,
WARN,3768,8514,2023,immutable_result_snapshot_absent,drawing_result_snapshots,0,,C,no immutable result snapshot and no local RAW result evidence,
WARN,3769,8517,2023,raw_snapshot_absent,raw_provenance,SQLite rows exist,0,C,no local saved TotoBrief detail snapshot was found,
WARN,3769,8517,2023,immutable_result_snapshot_absent,drawing_result_snapshots,0,,C,no immutable result snapshot and no local RAW result evidence,
ERROR,3770,8522,2023,pool_quotes_incomplete,quotes.pool,0/15,,C,no local RAW/API snapshot is available,
WARN,3770,8522,2023,raw_snapshot_absent,raw_provenance,SQLite rows exist,0,C,no local saved TotoBrief detail snapshot was found,
WARN,3770,8522,2023,immutable_result_snapshot_absent,drawing_result_snapshots,0,,C,no immutable result snapshot and no local RAW result evidence,
WARN,3771,8524,2023,raw_snapshot_absent,raw_provenance,SQLite rows exist,0,C,no local saved TotoBrief detail snapshot was found,
WARN,3771,8524,2023,immutable_result_snapshot_absent,drawing_result_snapshots,0,,C,no immutable result snapshot and no local RAW result evidence,
WARN,3772,8527,2023,raw_snapshot_absent,raw_provenance,SQLite rows exist,0,C,no local saved TotoBrief detail snapshot was found,
WARN,3772,8527,2023,immutable_result_snapshot_absent,drawing_result_snapshots,0,,C,no immutable result snapshot and no local RAW result evidence,
ERROR,3773,8529,2023,finished_results_incomplete,events.result,"resolved=14,void=0,missing=1,invalid=0",,C,no local RAW/API snapshot is available,
WARN,3773,8529,2023,raw_snapshot_absent,raw_provenance,SQLite rows exist,0,C,no local saved TotoBrief detail snapshot was found,
WARN,3773,8529,2023,immutable_result_snapshot_absent,drawing_result_snapshots,0,,C,no immutable result snapshot and no local RAW result evidence,
WARN,3774,8533,2023,raw_snapshot_absent,raw_provenance,SQLite rows exist,0,C,no local saved TotoBrief detail snapshot was found,
WARN,3774,8533,2023,immutable_result_snapshot_absent,drawing_result_snapshots,0,,C,no immutable result snapshot and no local RAW result evidence,
WARN,3775,8535,2023,raw_snapshot_absent,raw_provenance,SQLite rows exist,0,C,no local saved TotoBrief detail snapshot was found,
WARN,3775,8535,2023,immutable_result_snapshot_absent,drawing_result_snapshots,0,,C,no immutable result snapshot and no local RAW result evidence,
WARN,3776,8539,2023,raw_snapshot_absent,raw_provenance,SQLite rows exist,0,C,no local saved TotoBrief detail snapshot was found,
WARN,3776,8539,2023,immutable_result_snapshot_absent,drawing_result_snapshots,0,,C,no immutable result snapshot and no local RAW result evidence,
WARN,3777,8542,2023,raw_snapshot_absent,raw_provenance,SQLite rows exist,0,C,no local saved TotoBrief detail snapshot was found,
WARN,3777,8542,2023,immutable_result_snapshot_absent,drawing_result_snapshots,0,,C,no immutable result snapshot and no local RAW result evidence,
WARN,3778,8545,2023,raw_snapshot_absent,raw_provenance,SQLite rows exist,0,C,no local saved TotoBrief detail snapshot was found,
WARN,3778,8545,2023,immutable_result_snapshot_absent,drawing_result_snapshots,0,,C,no immutable result snapshot and no local RAW result evidence,
ERROR,3779,8548,2023,finished_results_incomplete,events.result,"resolved=14,void=0,missing=1,invalid=0",,C,no local RAW/API snapshot is available,
WARN,3779,8548,2023,raw_snapshot_absent,raw_provenance,SQLite rows exist,0,C,no local saved TotoBrief detail snapshot was found,
WARN,3779,8548,2023,immutable_result_snapshot_absent,drawing_result_snapshots,0,,C,no immutable result snapshot and no local RAW result evidence,
WARN,3780,8551,2023,raw_snapshot_absent,raw_provenance,SQLite rows exist,0,C,no local saved TotoBrief detail snapshot was found,
WARN,3780,8551,2023,immutable_result_snapshot_absent,drawing_result_snapshots,0,,C,no immutable result snapshot and no local RAW result evidence,
WARN,3781,8554,2023,raw_snapshot_absent,raw_provenance,SQLite rows exist,0,C,no local saved TotoBrief detail snapshot was found,
WARN,3781,8554,2023,immutable_result_snapshot_absent,drawing_result_snapshots,0,,C,no immutable result snapshot and no local RAW result evidence,
WARN,3782,8557,2023,raw_snapshot_absent,raw_provenance,SQLite rows exist,0,C,no local saved TotoBrief detail snapshot was found,
WARN,3782,8557,2023,immutable_result_snapshot_absent,drawing_result_snapshots,0,,C,no immutable result snapshot and no local RAW result evidence,
ERROR,3783,8560,2023,pool_quotes_incomplete,quotes.pool,0/15,,C,no local RAW/API snapshot is available,
WARN,3783,8560,2023,raw_snapshot_absent,raw_provenance,SQLite rows exist,0,C,no local saved TotoBrief detail snapshot was found,
WARN,3783,8560,2023,immutable_result_snapshot_absent,drawing_result_snapshots,0,,C,no immutable result snapshot and no local RAW result evidence,
ERROR,3784,8563,2023,pool_quotes_incomplete,quotes.pool,0/15,,C,no local RAW/API snapshot is available,
WARN,3784,8563,2023,raw_snapshot_absent,raw_provenance,SQLite rows exist,0,C,no local saved TotoBrief detail snapshot was found,
WARN,3784,8563,2023,immutable_result_snapshot_absent,drawing_result_snapshots,0,,C,no immutable result snapshot and no local RAW result evidence,
WARN,3785,8566,2023,raw_snapshot_absent,raw_provenance,SQLite rows exist,0,C,no local saved TotoBrief detail snapshot was found,
WARN,3785,8566,2023,immutable_result_snapshot_absent,drawing_result_snapshots,0,,C,no immutable result snapshot and no local RAW result evidence,
WARN,3786,8569,2023,raw_snapshot_absent,raw_provenance,SQLite rows exist,0,C,no local saved TotoBrief detail snapshot was found,
WARN,3786,8569,2023,immutable_result_snapshot_absent,drawing_result_snapshots,0,,C,no immutable result snapshot and no local RAW result evidence,
WARN,3787,8572,2023,raw_snapshot_absent,raw_provenance,SQLite rows exist,0,C,no local saved TotoBrief detail snapshot was found,
WARN,3787,8572,2023,immutable_result_snapshot_absent,drawing_result_snapshots,0,,C,no immutable result snapshot and no local RAW result evidence,
WARN,3788,8575,2023,raw_snapshot_absent,raw_provenance,SQLite rows exist,0,C,no local saved TotoBrief detail snapshot was found,
WARN,3788,8575,2023,immutable_result_snapshot_absent,drawing_result_snapshots,0,,C,no immutable result snapshot and no local RAW result evidence,
WARN,3789,8578,2023,raw_snapshot_absent,raw_provenance,SQLite rows exist,0,C,no local saved TotoBrief detail snapshot was found,
WARN,3789,8578,2023,immutable_result_snapshot_absent,drawing_result_snapshots,0,,C,no immutable result snapshot and no local RAW result evidence,
ERROR,3790,8581,2023,pool_quotes_incomplete,quotes.pool,0/15,,C,no local RAW/API snapshot is available,
WARN,3790,8581,2023,raw_snapshot_absent,raw_provenance,SQLite rows exist,0,C,no local saved TotoBrief detail snapshot was found,
WARN,3790,8581,2023,immutable_result_snapshot_absent,drawing_result_snapshots,0,,C,no immutable result snapshot and no local RAW result evidence,
ERROR,3791,8584,2023,pool_quotes_incomplete,quotes.pool,0/15,,C,no local RAW/API snapshot is available,
WARN,3791,8584,2023,raw_snapshot_absent,raw_provenance,SQLite rows exist,0,C,no local saved TotoBrief detail snapshot was found,
WARN,3791,8584,2023,immutable_result_snapshot_absent,drawing_result_snapshots,0,,C,no immutable result snapshot and no local RAW result evidence,
WARN,3792,8587,2023,raw_snapshot_absent,raw_provenance,SQLite rows exist,0,C,no local saved TotoBrief detail snapshot was found,
WARN,3792,8587,2023,immutable_result_snapshot_absent,drawing_result_snapshots,0,,C,no immutable result snapshot and no local RAW result evidence,
WARN,3793,8590,2023,raw_snapshot_absent,raw_provenance,SQLite rows exist,0,C,no local saved TotoBrief detail snapshot was found,
WARN,3793,8590,2023,immutable_result_snapshot_absent,drawing_result_snapshots,0,,C,no immutable result snapshot and no local RAW result evidence,
WARN,3794,8593,2023,raw_snapshot_absent,raw_provenance,SQLite rows exist,0,C,no local saved TotoBrief detail snapshot was found,
WARN,3794,8593,2023,immutable_result_snapshot_absent,drawing_result_snapshots,0,,C,no immutable result snapshot and no local RAW result evidence,
WARN,3795,8596,2023,raw_snapshot_absent,raw_provenance,SQLite rows exist,0,C,no local saved TotoBrief detail snapshot was found,
WARN,3795,8596,2023,immutable_result_snapshot_absent,drawing_result_snapshots,0,,C,no immutable result snapshot and no local RAW result evidence,
WARN,3796,8600,2023,raw_snapshot_absent,raw_provenance,SQLite rows exist,0,C,no local saved TotoBrief detail snapshot was found,
WARN,3796,8600,2023,immutable_result_snapshot_absent,drawing_result_snapshots,0,,C,no immutable result snapshot and no local RAW result evidence,
WARN,3797,8602,2023,raw_snapshot_absent,raw_provenance,SQLite rows exist,0,C,no local saved TotoBrief detail snapshot was found,
WARN,3797,8602,2023,immutable_result_snapshot_absent,drawing_result_snapshots,0,,C,no immutable result snapshot and no local RAW result evidence,
ERROR,3798,8605,2023,pool_quotes_incomplete,quotes.pool,0/15,,C,no local RAW/API snapshot is available,
ERROR,3798,8605,2023,finished_results_incomplete,events.result,"resolved=14,void=0,missing=1,invalid=0",,C,no local RAW/API snapshot is available,
WARN,3798,8605,2023,raw_snapshot_absent,raw_provenance,SQLite rows exist,0,C,no local saved TotoBrief detail snapshot was found,
WARN,3798,8605,2023,immutable_result_snapshot_absent,drawing_result_snapshots,0,,C,no immutable result snapshot and no local RAW result evidence,
ERROR,3799,8608,2023,pool_quotes_incomplete,quotes.pool,0/15,,C,no local RAW/API snapshot is available,
WARN,3799,8608,2023,raw_snapshot_absent,raw_provenance,SQLite rows exist,0,C,no local saved TotoBrief detail snapshot was found,
WARN,3799,8608,2023,immutable_result_snapshot_absent,drawing_result_snapshots,0,,C,no immutable result snapshot and no local RAW result evidence,
WARN,3800,8611,2023,raw_snapshot_absent,raw_provenance,SQLite rows exist,0,C,no local saved TotoBrief detail snapshot was found,
WARN,3800,8611,2023,immutable_result_snapshot_absent,drawing_result_snapshots,0,,C,no immutable result snapshot and no local RAW result evidence,
WARN,3801,8614,2023,raw_snapshot_absent,raw_provenance,SQLite rows exist,0,C,no local saved TotoBrief detail snapshot was found,
WARN,3801,8614,2023,immutable_result_snapshot_absent,drawing_result_snapshots,0,,C,no immutable result snapshot and no local RAW result evidence,
WARN,3802,8618,2023,raw_snapshot_absent,raw_provenance,SQLite rows exist,0,C,no local saved TotoBrief detail snapshot was found,
WARN,3802,8618,2023,immutable_result_snapshot_absent,drawing_result_snapshots,0,,C,no immutable result snapshot and no local RAW result evidence,
ERROR,3803,8621,2023,pool_quotes_incomplete,quotes.pool,0/15,,C,no local RAW/API snapshot is available,
WARN,3803,8621,2023,raw_snapshot_absent,raw_provenance,SQLite rows exist,0,C,no local saved TotoBrief detail snapshot was found,
WARN,3803,8621,2023,immutable_result_snapshot_absent,drawing_result_snapshots,0,,C,no immutable result snapshot and no local RAW result evidence,
ERROR,3804,8623,2023,pool_quotes_incomplete,quotes.pool,0/15,,C,no local RAW/API snapshot is available,
WARN,3804,8623,2023,raw_snapshot_absent,raw_provenance,SQLite rows exist,0,C,no local saved TotoBrief detail snapshot was found,
WARN,3804,8623,2023,immutable_result_snapshot_absent,drawing_result_snapshots,0,,C,no immutable result snapshot and no local RAW result evidence,
ERROR,3805,8626,2023,pool_quotes_incomplete,quotes.pool,0/15,,C,no local RAW/API snapshot is available,
ERROR,3805,8626,2023,finished_results_incomplete,events.result,"resolved=14,void=0,missing=1,invalid=0",,C,no local RAW/API snapshot is available,
WARN,3805,8626,2023,raw_snapshot_absent,raw_provenance,SQLite rows exist,0,C,no local saved TotoBrief detail snapshot was found,
WARN,3805,8626,2023,immutable_result_snapshot_absent,drawing_result_snapshots,0,,C,no immutable result snapshot and no local RAW result evidence,
WARN,3806,8629,2023,raw_snapshot_absent,raw_provenance,SQLite rows exist,0,C,no local saved TotoBrief detail snapshot was found,
WARN,3806,8629,2023,immutable_result_snapshot_absent,drawing_result_snapshots,0,,C,no immutable result snapshot and no local RAW result evidence,
WARN,3807,8632,2023,raw_snapshot_absent,raw_provenance,SQLite rows exist,0,C,no local saved TotoBrief detail snapshot was found,
WARN,3807,8632,2023,immutable_result_snapshot_absent,drawing_result_snapshots,0,,C,no immutable result snapshot and no local RAW result evidence,
WARN,3808,8635,2023,raw_snapshot_absent,raw_provenance,SQLite rows exist,0,C,no local saved TotoBrief detail snapshot was found,
WARN,3808,8635,2023,immutable_result_snapshot_absent,drawing_result_snapshots,0,,C,no immutable result snapshot and no local RAW result evidence,
WARN,3809,8637,2023,raw_snapshot_absent,raw_provenance,SQLite rows exist,0,C,no local saved TotoBrief detail snapshot was found,
WARN,3809,8637,2023,immutable_result_snapshot_absent,drawing_result_snapshots,0,,C,no immutable result snapshot and no local RAW result evidence,
WARN,3810,8641,2023,raw_snapshot_absent,raw_provenance,SQLite rows exist,0,C,no local saved TotoBrief detail snapshot was found,
WARN,3810,8641,2023,immutable_result_snapshot_absent,drawing_result_snapshots,0,,C,no immutable result snapshot and no local RAW result evidence,
ERROR,3811,8643,2023,pool_quotes_incomplete,quotes.pool,0/15,,C,no local RAW/API snapshot is available,
WARN,3811,8643,2023,raw_snapshot_absent,raw_provenance,SQLite rows exist,0,C,no local saved TotoBrief detail snapshot was found,
WARN,3811,8643,2023,immutable_result_snapshot_absent,drawing_result_snapshots,0,,C,no immutable result snapshot and no local RAW result evidence,
ERROR,3812,8646,2023,pool_quotes_incomplete,quotes.pool,0/15,,C,no local RAW/API snapshot is available,
WARN,3812,8646,2023,raw_snapshot_absent,raw_provenance,SQLite rows exist,0,C,no local saved TotoBrief detail snapshot was found,
WARN,3812,8646,2023,immutable_result_snapshot_absent,drawing_result_snapshots,0,,C,no immutable result snapshot and no local RAW result evidence,
ERROR,3813,8649,2023,finished_results_incomplete,events.result,"resolved=14,void=0,missing=1,invalid=0",,C,no local RAW/API snapshot is available,
WARN,3813,8649,2023,raw_snapshot_absent,raw_provenance,SQLite rows exist,0,C,no local saved TotoBrief detail snapshot was found,
WARN,3813,8649,2023,immutable_result_snapshot_absent,drawing_result_snapshots,0,,C,no immutable result snapshot and no local RAW result evidence,
WARN,3814,8652,2023,raw_snapshot_absent,raw_provenance,SQLite rows exist,0,C,no local saved TotoBrief detail snapshot was found,
WARN,3814,8652,2023,immutable_result_snapshot_absent,drawing_result_snapshots,0,,C,no immutable result snapshot and no local RAW result evidence,
WARN,3815,8654,2023,raw_snapshot_absent,raw_provenance,SQLite rows exist,0,C,no local saved TotoBrief detail snapshot was found,
WARN,3815,8654,2023,immutable_result_snapshot_absent,drawing_result_snapshots,0,,C,no immutable result snapshot and no local RAW result evidence,
WARN,3816,8658,2023,raw_snapshot_absent,raw_provenance,SQLite rows exist,0,C,no local saved TotoBrief detail snapshot was found,
WARN,3816,8658,2023,immutable_result_snapshot_absent,drawing_result_snapshots,0,,C,no immutable result snapshot and no local RAW result evidence,
ERROR,3817,8659,2023,pool_quotes_incomplete,quotes.pool,0/15,,C,no local RAW/API snapshot is available,
WARN,3817,8659,2023,raw_snapshot_absent,raw_provenance,SQLite rows exist,0,C,no local saved TotoBrief detail snapshot was found,
WARN,3817,8659,2023,immutable_result_snapshot_absent,drawing_result_snapshots,0,,C,no immutable result snapshot and no local RAW result evidence,
WARN,3818,8662,2023,raw_snapshot_absent,raw_provenance,SQLite rows exist,0,C,no local saved TotoBrief detail snapshot was found,
WARN,3818,8662,2023,immutable_result_snapshot_absent,drawing_result_snapshots,0,,C,no immutable result snapshot and no local RAW result evidence,
ERROR,3819,8665,2023,pool_quotes_incomplete,quotes.pool,0/15,,C,no local RAW/API snapshot is available,
WARN,3819,8665,2023,raw_snapshot_absent,raw_provenance,SQLite rows exist,0,C,no local saved TotoBrief detail snapshot was found,
WARN,3819,8665,2023,immutable_result_snapshot_absent,drawing_result_snapshots,0,,C,no immutable result snapshot and no local RAW result evidence,
ERROR,3820,8667,2023,pool_quotes_incomplete,quotes.pool,0/15,,C,no local RAW/API snapshot is available,
WARN,3820,8667,2023,raw_snapshot_absent,raw_provenance,SQLite rows exist,0,C,no local saved TotoBrief detail snapshot was found,
WARN,3820,8667,2023,immutable_result_snapshot_absent,drawing_result_snapshots,0,,C,no immutable result snapshot and no local RAW result evidence,
ERROR,3821,8670,2023,finished_results_incomplete,events.result,"resolved=14,void=0,missing=1,invalid=0",,C,no local RAW/API snapshot is available,
WARN,3821,8670,2023,raw_snapshot_absent,raw_provenance,SQLite rows exist,0,C,no local saved TotoBrief detail snapshot was found,
WARN,3821,8670,2023,immutable_result_snapshot_absent,drawing_result_snapshots,0,,C,no immutable result snapshot and no local RAW result evidence,
WARN,3822,8673,2023,raw_snapshot_absent,raw_provenance,SQLite rows exist,0,C,no local saved TotoBrief detail snapshot was found,
WARN,3822,8673,2023,immutable_result_snapshot_absent,drawing_result_snapshots,0,,C,no immutable result snapshot and no local RAW result evidence,
WARN,3823,8676,2023,raw_snapshot_absent,raw_provenance,SQLite rows exist,0,C,no local saved TotoBrief detail snapshot was found,
WARN,3823,8676,2023,immutable_result_snapshot_absent,drawing_result_snapshots,0,,C,no immutable result snapshot and no local RAW result evidence,
ERROR,3824,8679,2023,pool_quotes_incomplete,quotes.pool,0/15,,C,no local RAW/API snapshot is available,
WARN,3824,8679,2023,raw_snapshot_absent,raw_provenance,SQLite rows exist,0,C,no local saved TotoBrief detail snapshot was found,
WARN,3824,8679,2023,immutable_result_snapshot_absent,drawing_result_snapshots,0,,C,no immutable result snapshot and no local RAW result evidence,
ERROR,3825,8682,2023,pool_quotes_incomplete,quotes.pool,0/15,,C,no local RAW/API snapshot is available,
WARN,3825,8682,2023,raw_snapshot_absent,raw_provenance,SQLite rows exist,0,C,no local saved TotoBrief detail snapshot was found,
WARN,3825,8682,2023,immutable_result_snapshot_absent,drawing_result_snapshots,0,,C,no immutable result snapshot and no local RAW result evidence,
ERROR,3826,8684,2023,pool_quotes_incomplete,quotes.pool,0/15,,C,no local RAW/API snapshot is available,
WARN,3826,8684,2023,raw_snapshot_absent,raw_provenance,SQLite rows exist,0,C,no local saved TotoBrief detail snapshot was found,
WARN,3826,8684,2023,immutable_result_snapshot_absent,drawing_result_snapshots,0,,C,no immutable result snapshot and no local RAW result evidence,
WARN,3827,8687,2023,raw_snapshot_absent,raw_provenance,SQLite rows exist,0,C,no local saved TotoBrief detail snapshot was found,
WARN,3827,8687,2023,immutable_result_snapshot_absent,drawing_result_snapshots,0,,C,no immutable result snapshot and no local RAW result evidence,
ERROR,3828,8689,2023,finished_results_incomplete,events.result,"resolved=14,void=0,missing=1,invalid=0",,C,no local RAW/API snapshot is available,
WARN,3828,8689,2023,raw_snapshot_absent,raw_provenance,SQLite rows exist,0,C,no local saved TotoBrief detail snapshot was found,
WARN,3828,8689,2023,immutable_result_snapshot_absent,drawing_result_snapshots,0,,C,no immutable result snapshot and no local RAW result evidence,
WARN,3829,8692,2023,raw_snapshot_absent,raw_provenance,SQLite rows exist,0,C,no local saved TotoBrief detail snapshot was found,
WARN,3829,8692,2023,immutable_result_snapshot_absent,drawing_result_snapshots,0,,C,no immutable result snapshot and no local RAW result evidence,
WARN,3830,8695,2023,raw_snapshot_absent,raw_provenance,SQLite rows exist,0,C,no local saved TotoBrief detail snapshot was found,
WARN,3830,8695,2023,immutable_result_snapshot_absent,drawing_result_snapshots,0,,C,no immutable result snapshot and no local RAW result evidence,
WARN,3831,8698,2023,raw_snapshot_absent,raw_provenance,SQLite rows exist,0,C,no local saved TotoBrief detail snapshot was found,
WARN,3831,8698,2023,immutable_result_snapshot_absent,drawing_result_snapshots,0,,C,no immutable result snapshot and no local RAW result evidence,
ERROR,3832,8700,2023,pool_quotes_incomplete,quotes.pool,0/15,,C,no local RAW/API snapshot is available,
WARN,3832,8700,2023,raw_snapshot_absent,raw_provenance,SQLite rows exist,0,C,no local saved TotoBrief detail snapshot was found,
WARN,3832,8700,2023,immutable_result_snapshot_absent,drawing_result_snapshots,0,,C,no immutable result snapshot and no local RAW result evidence,
ERROR,3833,8704,2023,pool_quotes_incomplete,quotes.pool,0/15,,C,no local RAW/API snapshot is available,
ERROR,3833,8704,2023,finished_results_incomplete,events.result,"resolved=13,void=0,missing=2,invalid=0",,C,no local RAW/API snapshot is available,
WARN,3833,8704,2023,raw_snapshot_absent,raw_provenance,SQLite rows exist,0,C,no local saved TotoBrief detail snapshot was found,
WARN,3833,8704,2023,immutable_result_snapshot_absent,drawing_result_snapshots,0,,C,no immutable result snapshot and no local RAW result evidence,
WARN,3834,8705,2023,raw_snapshot_absent,raw_provenance,SQLite rows exist,0,C,no local saved TotoBrief detail snapshot was found,
WARN,3834,8705,2023,immutable_result_snapshot_absent,drawing_result_snapshots,0,,C,no immutable result snapshot and no local RAW result evidence,
WARN,3835,8707,2023,raw_snapshot_absent,raw_provenance,SQLite rows exist,0,C,no local saved TotoBrief detail snapshot was found,
WARN,3835,8707,2023,immutable_result_snapshot_absent,drawing_result_snapshots,0,,C,no immutable result snapshot and no local RAW result evidence,
WARN,3836,8710,2023,raw_snapshot_absent,raw_provenance,SQLite rows exist,0,C,no local saved TotoBrief detail snapshot was found,
WARN,3836,8710,2023,immutable_result_snapshot_absent,drawing_result_snapshots,0,,C,no immutable result snapshot and no local RAW result evidence,
ERROR,3837,8713,2023,pool_quotes_incomplete,quotes.pool,0/15,,C,no local RAW/API snapshot is available,
WARN,3837,8713,2023,raw_snapshot_absent,raw_provenance,SQLite rows exist,0,C,no local saved TotoBrief detail snapshot was found,
WARN,3837,8713,2023,immutable_result_snapshot_absent,drawing_result_snapshots,0,,C,no immutable result snapshot and no local RAW result evidence,
ERROR,3838,8717,2023,pool_quotes_incomplete,quotes.pool,0/15,,C,no local RAW/API snapshot is available,
WARN,3838,8717,2023,raw_snapshot_absent,raw_provenance,SQLite rows exist,0,C,no local saved TotoBrief detail snapshot was found,
WARN,3838,8717,2023,immutable_result_snapshot_absent,drawing_result_snapshots,0,,C,no immutable result snapshot and no local RAW result evidence,
WARN,3839,8719,2023,raw_snapshot_absent,raw_provenance,SQLite rows exist,0,C,no local saved TotoBrief detail snapshot was found,
WARN,3839,8719,2023,immutable_result_snapshot_absent,drawing_result_snapshots,0,,C,no immutable result snapshot and no local RAW result evidence,
ERROR,3840,8721,2023,pool_quotes_incomplete,quotes.pool,0/15,,C,no local RAW/API snapshot is available,
WARN,3840,8721,2023,raw_snapshot_absent,raw_provenance,SQLite rows exist,0,C,no local saved TotoBrief detail snapshot was found,
WARN,3840,8721,2023,immutable_result_snapshot_absent,drawing_result_snapshots,0,,C,no immutable result snapshot and no local RAW result evidence,
ERROR,3841,8723,2023,pool_quotes_incomplete,quotes.pool,0/15,,C,no local RAW/API snapshot is available,
ERROR,3841,8723,2023,finished_results_incomplete,events.result,"resolved=14,void=0,missing=1,invalid=0",,C,no local RAW/API snapshot is available,
WARN,3841,8723,2023,raw_snapshot_absent,raw_provenance,SQLite rows exist,0,C,no local saved TotoBrief detail snapshot was found,
WARN,3841,8723,2023,immutable_result_snapshot_absent,drawing_result_snapshots,0,,C,no immutable result snapshot and no local RAW result evidence,
WARN,3842,8725,2023,raw_snapshot_absent,raw_provenance,SQLite rows exist,0,C,no local saved TotoBrief detail snapshot was found,
WARN,3842,8725,2023,immutable_result_snapshot_absent,drawing_result_snapshots,0,,C,no immutable result snapshot and no local RAW result evidence,
ERROR,3845,8733,2023,pool_quotes_incomplete,quotes.pool,0/15,,C,no local RAW/API snapshot is available,
WARN,3845,8733,2023,raw_snapshot_absent,raw_provenance,SQLite rows exist,0,C,no local saved TotoBrief detail snapshot was found,
WARN,3845,8733,2023,immutable_result_snapshot_absent,drawing_result_snapshots,0,,C,no immutable result snapshot and no local RAW result evidence,
ERROR,3846,8734,2023,pool_quotes_incomplete,quotes.pool,0/15,,C,no local RAW/API snapshot is available,
ERROR,3846,8734,2023,finished_results_incomplete,events.result,"resolved=14,void=0,missing=1,invalid=0",,C,no local RAW/API snapshot is available,
WARN,3846,8734,2023,raw_snapshot_absent,raw_provenance,SQLite rows exist,0,C,no local saved TotoBrief detail snapshot was found,
WARN,3846,8734,2023,immutable_result_snapshot_absent,drawing_result_snapshots,0,,C,no immutable result snapshot and no local RAW result evidence,
ERROR,3847,8737,2023,pool_quotes_incomplete,quotes.pool,0/15,,C,no local RAW/API snapshot is available,
WARN,3847,8737,2023,raw_snapshot_absent,raw_provenance,SQLite rows exist,0,C,no local saved TotoBrief detail snapshot was found,
WARN,3847,8737,2023,immutable_result_snapshot_absent,drawing_result_snapshots,0,,C,no immutable result snapshot and no local RAW result evidence,
WARN,3848,8739,2023,raw_snapshot_absent,raw_provenance,SQLite rows exist,0,C,no local saved TotoBrief detail snapshot was found,
WARN,3848,8739,2023,immutable_result_snapshot_absent,drawing_result_snapshots,0,,C,no immutable result snapshot and no local RAW result evidence,
WARN,3849,8741,2023,raw_snapshot_absent,raw_provenance,SQLite rows exist,0,C,no local saved TotoBrief detail snapshot was found,
WARN,3849,8741,2023,immutable_result_snapshot_absent,drawing_result_snapshots,0,,C,no immutable result snapshot and no local RAW result evidence,
WARN,3850,8744,2023,raw_snapshot_absent,raw_provenance,SQLite rows exist,0,C,no local saved TotoBrief detail snapshot was found,
WARN,3850,8744,2023,immutable_result_snapshot_absent,drawing_result_snapshots,0,,C,no immutable result snapshot and no local RAW result evidence,
ERROR,3851,8747,2023,finished_results_incomplete,events.result,"resolved=14,void=0,missing=1,invalid=0",,C,no local RAW/API snapshot is available,
WARN,3851,8747,2023,raw_snapshot_absent,raw_provenance,SQLite rows exist,0,C,no local saved TotoBrief detail snapshot was found,
WARN,3851,8747,2023,immutable_result_snapshot_absent,drawing_result_snapshots,0,,C,no immutable result snapshot and no local RAW result evidence,
WARN,3852,8749,2023,raw_snapshot_absent,raw_provenance,SQLite rows exist,0,C,no local saved TotoBrief detail snapshot was found,
WARN,3852,8749,2023,immutable_result_snapshot_absent,drawing_result_snapshots,0,,C,no immutable result snapshot and no local RAW result evidence,
ERROR,3853,8752,2023,pool_quotes_incomplete,quotes.pool,0/15,,C,no local RAW/API snapshot is available,
WARN,3853,8752,2023,raw_snapshot_absent,raw_provenance,SQLite rows exist,0,C,no local saved TotoBrief detail snapshot was found,
WARN,3853,8752,2023,immutable_result_snapshot_absent,drawing_result_snapshots,0,,C,no immutable result snapshot and no local RAW result evidence,
ERROR,3854,8754,2023,pool_quotes_incomplete,quotes.pool,0/15,,C,no local RAW/API snapshot is available,
WARN,3854,8754,2023,raw_snapshot_absent,raw_provenance,SQLite rows exist,0,C,no local saved TotoBrief detail snapshot was found,
WARN,3854,8754,2023,immutable_result_snapshot_absent,drawing_result_snapshots,0,,C,no immutable result snapshot and no local RAW result evidence,
ERROR,3855,8757,2023,pool_quotes_incomplete,quotes.pool,0/15,,C,no local RAW/API snapshot is available,
ERROR,3855,8757,2023,finished_results_incomplete,events.result,"resolved=14,void=0,missing=1,invalid=0",,C,no local RAW/API snapshot is available,
WARN,3855,8757,2023,raw_snapshot_absent,raw_provenance,SQLite rows exist,0,C,no local saved TotoBrief detail snapshot was found,
WARN,3855,8757,2023,immutable_result_snapshot_absent,drawing_result_snapshots,0,,C,no immutable result snapshot and no local RAW result evidence,
ERROR,3856,8759,2023,finished_results_incomplete,events.result,"resolved=14,void=0,missing=1,invalid=0",,C,no local RAW/API snapshot is available,
WARN,3856,8759,2023,raw_snapshot_absent,raw_provenance,SQLite rows exist,0,C,no local saved TotoBrief detail snapshot was found,
WARN,3856,8759,2023,immutable_result_snapshot_absent,drawing_result_snapshots,0,,C,no immutable result snapshot and no local RAW result evidence,
WARN,3857,8762,2023,raw_snapshot_absent,raw_provenance,SQLite rows exist,0,C,no local saved TotoBrief detail snapshot was found,
WARN,3857,8762,2023,immutable_result_snapshot_absent,drawing_result_snapshots,0,,C,no immutable result snapshot and no local RAW result evidence,
WARN,3858,8765,2023,raw_snapshot_absent,raw_provenance,SQLite rows exist,0,C,no local saved TotoBrief detail snapshot was found,
WARN,3858,8765,2023,immutable_result_snapshot_absent,drawing_result_snapshots,0,,C,no immutable result snapshot and no local RAW result evidence,
ERROR,3859,8767,2023,pool_quotes_incomplete,quotes.pool,0/15,,C,no local RAW/API snapshot is available,
WARN,3859,8767,2023,raw_snapshot_absent,raw_provenance,SQLite rows exist,0,C,no local saved TotoBrief detail snapshot was found,
WARN,3859,8767,2023,immutable_result_snapshot_absent,drawing_result_snapshots,0,,C,no immutable result snapshot and no local RAW result evidence,
ERROR,3860,8770,2023,pool_quotes_incomplete,quotes.pool,0/15,,C,no local RAW/API snapshot is available,
WARN,3860,8770,2023,raw_snapshot_absent,raw_provenance,SQLite rows exist,0,C,no local saved TotoBrief detail snapshot was found,
WARN,3860,8770,2023,immutable_result_snapshot_absent,drawing_result_snapshots,0,,C,no immutable result snapshot and no local RAW result evidence,
ERROR,3861,8773,2023,pool_quotes_incomplete,quotes.pool,0/15,,C,no local RAW/API snapshot is available,
WARN,3861,8773,2023,raw_snapshot_absent,raw_provenance,SQLite rows exist,0,C,no local saved TotoBrief detail snapshot was found,
WARN,3861,8773,2023,immutable_result_snapshot_absent,drawing_result_snapshots,0,,C,no immutable result snapshot and no local RAW result evidence,
WARN,3862,8777,2023,raw_snapshot_absent,raw_provenance,SQLite rows exist,0,C,no local saved TotoBrief detail snapshot was found,
WARN,3862,8777,2023,immutable_result_snapshot_absent,drawing_result_snapshots,0,,C,no immutable result snapshot and no local RAW result evidence,
WARN,3863,8779,2023,raw_snapshot_absent,raw_provenance,SQLite rows exist,0,C,no local saved TotoBrief detail snapshot was found,
WARN,3863,8779,2023,immutable_result_snapshot_absent,drawing_result_snapshots,0,,C,no immutable result snapshot and no local RAW result evidence,
WARN,3864,8782,2023,raw_snapshot_absent,raw_provenance,SQLite rows exist,0,C,no local saved TotoBrief detail snapshot was found,
WARN,3864,8782,2023,immutable_result_snapshot_absent,drawing_result_snapshots,0,,C,no immutable result snapshot and no local RAW result evidence,
ERROR,3865,8786,2023,pool_quotes_incomplete,quotes.pool,0/15,,C,no local RAW/API snapshot is available,
WARN,3865,8786,2023,raw_snapshot_absent,raw_provenance,SQLite rows exist,0,C,no local saved TotoBrief detail snapshot was found,
WARN,3865,8786,2023,immutable_result_snapshot_absent,drawing_result_snapshots,0,,C,no immutable result snapshot and no local RAW result evidence,
ERROR,3866,8788,2023,pool_quotes_incomplete,quotes.pool,0/15,,C,no local RAW/API snapshot is available,
WARN,3866,8788,2023,raw_snapshot_absent,raw_provenance,SQLite rows exist,0,C,no local saved TotoBrief detail snapshot was found,
WARN,3866,8788,2023,immutable_result_snapshot_absent,drawing_result_snapshots,0,,C,no immutable result snapshot and no local RAW result evidence,
ERROR,3867,8791,2023,pool_quotes_incomplete,quotes.pool,0/15,,C,no local RAW/API snapshot is available,
ERROR,3867,8791,2023,finished_results_incomplete,events.result,"resolved=14,void=0,missing=1,invalid=0",,C,no local RAW/API snapshot is available,
WARN,3867,8791,2023,raw_snapshot_absent,raw_provenance,SQLite rows exist,0,C,no local saved TotoBrief detail snapshot was found,
WARN,3867,8791,2023,immutable_result_snapshot_absent,drawing_result_snapshots,0,,C,no immutable result snapshot and no local RAW result evidence,
ERROR,3868,8795,2023,pool_quotes_incomplete,quotes.pool,0/15,,C,no local RAW/API snapshot is available,
WARN,3868,8795,2023,raw_snapshot_absent,raw_provenance,SQLite rows exist,0,C,no local saved TotoBrief detail snapshot was found,
WARN,3868,8795,2023,immutable_result_snapshot_absent,drawing_result_snapshots,0,,C,no immutable result snapshot and no local RAW result evidence,
WARN,3869,8796,2023,raw_snapshot_absent,raw_provenance,SQLite rows exist,0,C,no local saved TotoBrief detail snapshot was found,
WARN,3869,8796,2023,immutable_result_snapshot_absent,drawing_result_snapshots,0,,C,no immutable result snapshot and no local RAW result evidence,
WARN,3870,8799,2023,raw_snapshot_absent,raw_provenance,SQLite rows exist,0,C,no local saved TotoBrief detail snapshot was found,
WARN,3870,8799,2023,immutable_result_snapshot_absent,drawing_result_snapshots,0,,C,no immutable result snapshot and no local RAW result evidence,
WARN,3871,8803,2023,raw_snapshot_absent,raw_provenance,SQLite rows exist,0,C,no local saved TotoBrief detail snapshot was found,
WARN,3871,8803,2023,immutable_result_snapshot_absent,drawing_result_snapshots,0,,C,no immutable result snapshot and no local RAW result evidence,
WARN,3872,8807,2023,raw_snapshot_absent,raw_provenance,SQLite rows exist,0,C,no local saved TotoBrief detail snapshot was found,
WARN,3872,8807,2023,immutable_result_snapshot_absent,drawing_result_snapshots,0,,C,no immutable result snapshot and no local RAW result evidence,
WARN,3873,8810,2023,raw_snapshot_absent,raw_provenance,SQLite rows exist,0,C,no local saved TotoBrief detail snapshot was found,
WARN,3873,8810,2023,immutable_result_snapshot_absent,drawing_result_snapshots,0,,C,no immutable result snapshot and no local RAW result evidence,
ERROR,3874,8811,2023,pool_quotes_incomplete,quotes.pool,0/15,,C,no local RAW/API snapshot is available,
WARN,3874,8811,2023,raw_snapshot_absent,raw_provenance,SQLite rows exist,0,C,no local saved TotoBrief detail snapshot was found,
WARN,3874,8811,2023,immutable_result_snapshot_absent,drawing_result_snapshots,0,,C,no immutable result snapshot and no local RAW result evidence,
ERROR,3875,8814,2023,pool_quotes_incomplete,quotes.pool,0/15,,C,no local RAW/API snapshot is available,
WARN,3875,8814,2023,raw_snapshot_absent,raw_provenance,SQLite rows exist,0,C,no local saved TotoBrief detail snapshot was found,
WARN,3875,8814,2023,immutable_result_snapshot_absent,drawing_result_snapshots,0,,C,no immutable result snapshot and no local RAW result evidence,
WARN,3876,8817,2023,raw_snapshot_absent,raw_provenance,SQLite rows exist,0,C,no local saved TotoBrief detail snapshot was found,
WARN,3876,8817,2023,immutable_result_snapshot_absent,drawing_result_snapshots,0,,C,no immutable result snapshot and no local RAW result evidence,
ERROR,3877,8820,2023,finished_results_incomplete,events.result,"resolved=13,void=0,missing=2,invalid=0",,C,no local RAW/API snapshot is available,
WARN,3877,8820,2023,raw_snapshot_absent,raw_provenance,SQLite rows exist,0,C,no local saved TotoBrief detail snapshot was found,
WARN,3877,8820,2023,immutable_result_snapshot_absent,drawing_result_snapshots,0,,C,no immutable result snapshot and no local RAW result evidence,
ERROR,3878,8822,2023,finished_results_incomplete,events.result,"resolved=13,void=0,missing=2,invalid=0",,C,no local RAW/API snapshot is available,
WARN,3878,8822,2023,raw_snapshot_absent,raw_provenance,SQLite rows exist,0,C,no local saved TotoBrief detail snapshot was found,
WARN,3878,8822,2023,immutable_result_snapshot_absent,drawing_result_snapshots,0,,C,no immutable result snapshot and no local RAW result evidence,
WARN,3879,8827,2023,raw_snapshot_absent,raw_provenance,SQLite rows exist,0,C,no local saved TotoBrief detail snapshot was found,
WARN,3879,8827,2023,immutable_result_snapshot_absent,drawing_result_snapshots,0,,C,no immutable result snapshot and no local RAW result evidence,
WARN,3880,8829,2023,raw_snapshot_absent,raw_provenance,SQLite rows exist,0,C,no local saved TotoBrief detail snapshot was found,
WARN,3880,8829,2023,immutable_result_snapshot_absent,drawing_result_snapshots,0,,C,no immutable result snapshot and no local RAW result evidence,
ERROR,3881,8831,2023,finished_results_incomplete,events.result,"resolved=14,void=0,missing=1,invalid=0",,C,no local RAW/API snapshot is available,
WARN,3881,8831,2023,raw_snapshot_absent,raw_provenance,SQLite rows exist,0,C,no local saved TotoBrief detail snapshot was found,
WARN,3881,8831,2023,immutable_result_snapshot_absent,drawing_result_snapshots,0,,C,no immutable result snapshot and no local RAW result evidence,
ERROR,3882,8836,2023,pool_quotes_incomplete,quotes.pool,0/15,,C,no local RAW/API snapshot is available,
WARN,3882,8836,2023,raw_snapshot_absent,raw_provenance,SQLite rows exist,0,C,no local saved TotoBrief detail snapshot was found,
WARN,3882,8836,2023,immutable_result_snapshot_absent,drawing_result_snapshots,0,,C,no immutable result snapshot and no local RAW result evidence,
WARN,3883,8839,2023,raw_snapshot_absent,raw_provenance,SQLite rows exist,0,C,no local saved TotoBrief detail snapshot was found,
WARN,3883,8839,2023,immutable_result_snapshot_absent,drawing_result_snapshots,0,,C,no immutable result snapshot and no local RAW result evidence,
WARN,3884,8841,2023,raw_snapshot_absent,raw_provenance,SQLite rows exist,0,C,no local saved TotoBrief detail snapshot was found,
WARN,3884,8841,2023,immutable_result_snapshot_absent,drawing_result_snapshots,0,,C,no immutable result snapshot and no local RAW result evidence,
WARN,3885,8844,2023,raw_snapshot_absent,raw_provenance,SQLite rows exist,0,C,no local saved TotoBrief detail snapshot was found,
WARN,3885,8844,2023,immutable_result_snapshot_absent,drawing_result_snapshots,0,,C,no immutable result snapshot and no local RAW result evidence,
WARN,3886,8847,2023,raw_snapshot_absent,raw_provenance,SQLite rows exist,0,C,no local saved TotoBrief detail snapshot was found,
WARN,3886,8847,2023,immutable_result_snapshot_absent,drawing_result_snapshots,0,,C,no immutable result snapshot and no local RAW result evidence,
ERROR,3887,8849,2023,pool_quotes_incomplete,quotes.pool,0/15,,C,no local RAW/API snapshot is available,
ERROR,3887,8849,2023,finished_results_incomplete,events.result,"resolved=14,void=0,missing=1,invalid=0",,C,no local RAW/API snapshot is available,
WARN,3887,8849,2023,raw_snapshot_absent,raw_provenance,SQLite rows exist,0,C,no local saved TotoBrief detail snapshot was found,
WARN,3887,8849,2023,immutable_result_snapshot_absent,drawing_result_snapshots,0,,C,no immutable result snapshot and no local RAW result evidence,
WARN,3888,8852,2023,raw_snapshot_absent,raw_provenance,SQLite rows exist,0,C,no local saved TotoBrief detail snapshot was found,
WARN,3888,8852,2023,immutable_result_snapshot_absent,drawing_result_snapshots,0,,C,no immutable result snapshot and no local RAW result evidence,
WARN,3889,8856,2023,raw_snapshot_absent,raw_provenance,SQLite rows exist,0,C,no local saved TotoBrief detail snapshot was found,
WARN,3889,8856,2023,immutable_result_snapshot_absent,drawing_result_snapshots,0,,C,no immutable result snapshot and no local RAW result evidence,
WARN,3890,8859,2023,raw_snapshot_absent,raw_provenance,SQLite rows exist,0,C,no local saved TotoBrief detail snapshot was found,
WARN,3890,8859,2023,immutable_result_snapshot_absent,drawing_result_snapshots,0,,C,no immutable result snapshot and no local RAW result evidence,
WARN,3891,8861,2023,raw_snapshot_absent,raw_provenance,SQLite rows exist,0,C,no local saved TotoBrief detail snapshot was found,
WARN,3891,8861,2023,immutable_result_snapshot_absent,drawing_result_snapshots,0,,C,no immutable result snapshot and no local RAW result evidence,
WARN,3892,8864,2023,raw_snapshot_absent,raw_provenance,SQLite rows exist,0,C,no local saved TotoBrief detail snapshot was found,
WARN,3892,8864,2023,immutable_result_snapshot_absent,drawing_result_snapshots,0,,C,no immutable result snapshot and no local RAW result evidence,
WARN,3893,8868,2023,raw_snapshot_absent,raw_provenance,SQLite rows exist,0,C,no local saved TotoBrief detail snapshot was found,
WARN,3893,8868,2023,immutable_result_snapshot_absent,drawing_result_snapshots,0,,C,no immutable result snapshot and no local RAW result evidence,
WARN,3894,8870,2023,raw_snapshot_absent,raw_provenance,SQLite rows exist,0,C,no local saved TotoBrief detail snapshot was found,
WARN,3894,8870,2023,immutable_result_snapshot_absent,drawing_result_snapshots,0,,C,no immutable result snapshot and no local RAW result evidence,
ERROR,3895,8874,2023,pool_quotes_incomplete,quotes.pool,0/15,,C,no local RAW/API snapshot is available,
WARN,3895,8874,2023,raw_snapshot_absent,raw_provenance,SQLite rows exist,0,C,no local saved TotoBrief detail snapshot was found,
WARN,3895,8874,2023,immutable_result_snapshot_absent,drawing_result_snapshots,0,,C,no immutable result snapshot and no local RAW result evidence,
WARN,3896,8876,2023,raw_snapshot_absent,raw_provenance,SQLite rows exist,0,C,no local saved TotoBrief detail snapshot was found,
WARN,3896,8876,2023,immutable_result_snapshot_absent,drawing_result_snapshots,0,,C,no immutable result snapshot and no local RAW result evidence,
WARN,3897,8879,2023,raw_snapshot_absent,raw_provenance,SQLite rows exist,0,C,no local saved TotoBrief detail snapshot was found,
WARN,3897,8879,2023,immutable_result_snapshot_absent,drawing_result_snapshots,0,,C,no immutable result snapshot and no local RAW result evidence,
WARN,3898,8883,2023,raw_snapshot_absent,raw_provenance,SQLite rows exist,0,C,no local saved TotoBrief detail snapshot was found,
WARN,3898,8883,2023,immutable_result_snapshot_absent,drawing_result_snapshots,0,,C,no immutable result snapshot and no local RAW result evidence,
WARN,3899,8885,2023,raw_snapshot_absent,raw_provenance,SQLite rows exist,0,C,no local saved TotoBrief detail snapshot was found,
WARN,3899,8885,2023,immutable_result_snapshot_absent,drawing_result_snapshots,0,,C,no immutable result snapshot and no local RAW result evidence,
WARN,3900,8888,2023,raw_snapshot_absent,raw_provenance,SQLite rows exist,0,C,no local saved TotoBrief detail snapshot was found,
WARN,3900,8888,2023,immutable_result_snapshot_absent,drawing_result_snapshots,0,,C,no immutable result snapshot and no local RAW result evidence,
ERROR,3901,8892,2023,pool_quotes_incomplete,quotes.pool,0/15,,C,no local RAW/API snapshot is available,
WARN,3901,8892,2023,raw_snapshot_absent,raw_provenance,SQLite rows exist,0,C,no local saved TotoBrief detail snapshot was found,
WARN,3901,8892,2023,immutable_result_snapshot_absent,drawing_result_snapshots,0,,C,no immutable result snapshot and no local RAW result evidence,
WARN,3902,8895,2023,raw_snapshot_absent,raw_provenance,SQLite rows exist,0,C,no local saved TotoBrief detail snapshot was found,
WARN,3902,8895,2023,immutable_result_snapshot_absent,drawing_result_snapshots,0,,C,no immutable result snapshot and no local RAW result evidence,
ERROR,3903,8898,2023,pool_quotes_incomplete,quotes.pool,0/15,,C,no local RAW/API snapshot is available,
WARN,3903,8898,2023,raw_snapshot_absent,raw_provenance,SQLite rows exist,0,C,no local saved TotoBrief detail snapshot was found,
WARN,3903,8898,2023,immutable_result_snapshot_absent,drawing_result_snapshots,0,,C,no immutable result snapshot and no local RAW result evidence,
WARN,3904,8901,2023,raw_snapshot_absent,raw_provenance,SQLite rows exist,0,C,no local saved TotoBrief detail snapshot was found,
WARN,3904,8901,2023,immutable_result_snapshot_absent,drawing_result_snapshots,0,,C,no immutable result snapshot and no local RAW result evidence,
WARN,3905,8904,2023,raw_snapshot_absent,raw_provenance,SQLite rows exist,0,C,no local saved TotoBrief detail snapshot was found,
WARN,3905,8904,2023,immutable_result_snapshot_absent,drawing_result_snapshots,0,,C,no immutable result snapshot and no local RAW result evidence,
WARN,3906,8907,2023,raw_snapshot_absent,raw_provenance,SQLite rows exist,0,C,no local saved TotoBrief detail snapshot was found,
WARN,3906,8907,2023,immutable_result_snapshot_absent,drawing_result_snapshots,0,,C,no immutable result snapshot and no local RAW result evidence,
WARN,3907,8910,2023,raw_snapshot_absent,raw_provenance,SQLite rows exist,0,C,no local saved TotoBrief detail snapshot was found,
WARN,3907,8910,2023,immutable_result_snapshot_absent,drawing_result_snapshots,0,,C,no immutable result snapshot and no local RAW result evidence,
ERROR,3908,8912,2023,pool_quotes_incomplete,quotes.pool,0/15,,C,no local RAW/API snapshot is available,
WARN,3908,8912,2023,raw_snapshot_absent,raw_provenance,SQLite rows exist,0,C,no local saved TotoBrief detail snapshot was found,
WARN,3908,8912,2023,immutable_result_snapshot_absent,drawing_result_snapshots,0,,C,no immutable result snapshot and no local RAW result evidence,
WARN,3909,8916,2023,raw_snapshot_absent,raw_provenance,SQLite rows exist,0,C,no local saved TotoBrief detail snapshot was found,
WARN,3909,8916,2023,immutable_result_snapshot_absent,drawing_result_snapshots,0,,C,no immutable result snapshot and no local RAW result evidence,
ERROR,3910,8919,2023,pool_quotes_incomplete,quotes.pool,0/15,,C,no local RAW/API snapshot is available,
WARN,3910,8919,2023,raw_snapshot_absent,raw_provenance,SQLite rows exist,0,C,no local saved TotoBrief detail snapshot was found,
WARN,3910,8919,2023,immutable_result_snapshot_absent,drawing_result_snapshots,0,,C,no immutable result snapshot and no local RAW result evidence,
WARN,3911,8923,2023,raw_snapshot_absent,raw_provenance,SQLite rows exist,0,C,no local saved TotoBrief detail snapshot was found,
WARN,3911,8923,2023,immutable_result_snapshot_absent,drawing_result_snapshots,0,,C,no immutable result snapshot and no local RAW result evidence,
WARN,3912,8925,2023,raw_snapshot_absent,raw_provenance,SQLite rows exist,0,C,no local saved TotoBrief detail snapshot was found,
WARN,3912,8925,2023,immutable_result_snapshot_absent,drawing_result_snapshots,0,,C,no immutable result snapshot and no local RAW result evidence,
WARN,3913,8928,2023,raw_snapshot_absent,raw_provenance,SQLite rows exist,0,C,no local saved TotoBrief detail snapshot was found,
WARN,3913,8928,2023,immutable_result_snapshot_absent,drawing_result_snapshots,0,,C,no immutable result snapshot and no local RAW result evidence,
WARN,3914,8932,2023,raw_snapshot_absent,raw_provenance,SQLite rows exist,0,C,no local saved TotoBrief detail snapshot was found,
WARN,3914,8932,2023,immutable_result_snapshot_absent,drawing_result_snapshots,0,,C,no immutable result snapshot and no local RAW result evidence,
ERROR,3915,8935,2023,pool_quotes_incomplete,quotes.pool,0/15,,C,no local RAW/API snapshot is available,
WARN,3915,8935,2023,raw_snapshot_absent,raw_provenance,SQLite rows exist,0,C,no local saved TotoBrief detail snapshot was found,
WARN,3915,8935,2023,immutable_result_snapshot_absent,drawing_result_snapshots,0,,C,no immutable result snapshot and no local RAW result evidence,
ERROR,3916,8938,2023,pool_quotes_incomplete,quotes.pool,0/15,,C,no local RAW/API snapshot is available,
ERROR,3916,8938,2023,finished_results_incomplete,events.result,"resolved=14,void=0,missing=1,invalid=0",,C,no local RAW/API snapshot is available,
WARN,3916,8938,2023,raw_snapshot_absent,raw_provenance,SQLite rows exist,0,C,no local saved TotoBrief detail snapshot was found,
WARN,3916,8938,2023,immutable_result_snapshot_absent,drawing_result_snapshots,0,,C,no immutable result snapshot and no local RAW result evidence,
ERROR,3917,8941,2023,pool_quotes_incomplete,quotes.pool,0/15,,C,no local RAW/API snapshot is available,
WARN,3917,8941,2023,raw_snapshot_absent,raw_provenance,SQLite rows exist,0,C,no local saved TotoBrief detail snapshot was found,
WARN,3917,8941,2023,immutable_result_snapshot_absent,drawing_result_snapshots,0,,C,no immutable result snapshot and no local RAW result evidence,
ERROR,3918,8944,2023,pool_quotes_incomplete,quotes.pool,0/15,,C,no local RAW/API snapshot is available,
WARN,3918,8944,2023,raw_snapshot_absent,raw_provenance,SQLite rows exist,0,C,no local saved TotoBrief detail snapshot was found,
WARN,3918,8944,2023,immutable_result_snapshot_absent,drawing_result_snapshots,0,,C,no immutable result snapshot and no local RAW result evidence,
WARN,3919,8946,2023,raw_snapshot_absent,raw_provenance,SQLite rows exist,0,C,no local saved TotoBrief detail snapshot was found,
WARN,3919,8946,2023,immutable_result_snapshot_absent,drawing_result_snapshots,0,,C,no immutable result snapshot and no local RAW result evidence,
WARN,3920,8949,2023,raw_snapshot_absent,raw_provenance,SQLite rows exist,0,C,no local saved TotoBrief detail snapshot was found,
WARN,3920,8949,2023,immutable_result_snapshot_absent,drawing_result_snapshots,0,,C,no immutable result snapshot and no local RAW result evidence,
WARN,3921,8952,2023,raw_snapshot_absent,raw_provenance,SQLite rows exist,0,C,no local saved TotoBrief detail snapshot was found,
WARN,3921,8952,2023,immutable_result_snapshot_absent,drawing_result_snapshots,0,,C,no immutable result snapshot and no local RAW result evidence,
WARN,3922,8955,2023,raw_snapshot_absent,raw_provenance,SQLite rows exist,0,C,no local saved TotoBrief detail snapshot was found,
WARN,3922,8955,2023,immutable_result_snapshot_absent,drawing_result_snapshots,0,,C,no immutable result snapshot and no local RAW result evidence,
ERROR,3923,8958,2023,pool_quotes_incomplete,quotes.pool,0/15,,C,no local RAW/API snapshot is available,
WARN,3923,8958,2023,raw_snapshot_absent,raw_provenance,SQLite rows exist,0,C,no local saved TotoBrief detail snapshot was found,
WARN,3923,8958,2023,immutable_result_snapshot_absent,drawing_result_snapshots,0,,C,no immutable result snapshot and no local RAW result evidence,
WARN,3924,8960,2023,raw_snapshot_absent,raw_provenance,SQLite rows exist,0,C,no local saved TotoBrief detail snapshot was found,
WARN,3924,8960,2023,immutable_result_snapshot_absent,drawing_result_snapshots,0,,C,no immutable result snapshot and no local RAW result evidence,
ERROR,3925,8963,2023,pool_quotes_incomplete,quotes.pool,0/15,,C,no local RAW/API snapshot is available,
WARN,3925,8963,2023,raw_snapshot_absent,raw_provenance,SQLite rows exist,0,C,no local saved TotoBrief detail snapshot was found,
WARN,3925,8963,2023,immutable_result_snapshot_absent,drawing_result_snapshots,0,,C,no immutable result snapshot and no local RAW result evidence,
WARN,3926,8967,2023,raw_snapshot_absent,raw_provenance,SQLite rows exist,0,C,no local saved TotoBrief detail snapshot was found,
WARN,3926,8967,2023,immutable_result_snapshot_absent,drawing_result_snapshots,0,,C,no immutable result snapshot and no local RAW result evidence,
WARN,3927,8971,2023,raw_snapshot_absent,raw_provenance,SQLite rows exist,0,C,no local saved TotoBrief detail snapshot was found,
WARN,3927,8971,2023,immutable_result_snapshot_absent,drawing_result_snapshots,0,,C,no immutable result snapshot and no local RAW result evidence,
WARN,3928,8973,2023,raw_snapshot_absent,raw_provenance,SQLite rows exist,0,C,no local saved TotoBrief detail snapshot was found,
WARN,3928,8973,2023,immutable_result_snapshot_absent,drawing_result_snapshots,0,,C,no immutable result snapshot and no local RAW result evidence,
ERROR,3929,8976,2023,pool_quotes_incomplete,quotes.pool,0/15,,C,no local RAW/API snapshot is available,
WARN,3929,8976,2023,raw_snapshot_absent,raw_provenance,SQLite rows exist,0,C,no local saved TotoBrief detail snapshot was found,
WARN,3929,8976,2023,immutable_result_snapshot_absent,drawing_result_snapshots,0,,C,no immutable result snapshot and no local RAW result evidence,
WARN,3930,8979,2023,raw_snapshot_absent,raw_provenance,SQLite rows exist,0,C,no local saved TotoBrief detail snapshot was found,
WARN,3930,8979,2023,immutable_result_snapshot_absent,drawing_result_snapshots,0,,C,no immutable result snapshot and no local RAW result evidence,
WARN,3931,8981,2023,raw_snapshot_absent,raw_provenance,SQLite rows exist,0,C,no local saved TotoBrief detail snapshot was found,
WARN,3931,8981,2023,immutable_result_snapshot_absent,drawing_result_snapshots,0,,C,no immutable result snapshot and no local RAW result evidence,
WARN,3932,8986,2023,raw_snapshot_absent,raw_provenance,SQLite rows exist,0,C,no local saved TotoBrief detail snapshot was found,
WARN,3932,8986,2023,immutable_result_snapshot_absent,drawing_result_snapshots,0,,C,no immutable result snapshot and no local RAW result evidence,
WARN,3933,8988,2023,raw_snapshot_absent,raw_provenance,SQLite rows exist,0,C,no local saved TotoBrief detail snapshot was found,
WARN,3933,8988,2023,immutable_result_snapshot_absent,drawing_result_snapshots,0,,C,no immutable result snapshot and no local RAW result evidence,
WARN,3934,8991,2023,raw_snapshot_absent,raw_provenance,SQLite rows exist,0,C,no local saved TotoBrief detail snapshot was found,
WARN,3934,8991,2023,immutable_result_snapshot_absent,drawing_result_snapshots,0,,C,no immutable result snapshot and no local RAW result evidence,
WARN,3935,8994,2023,raw_snapshot_absent,raw_provenance,SQLite rows exist,0,C,no local saved TotoBrief detail snapshot was found,
WARN,3935,8994,2023,immutable_result_snapshot_absent,drawing_result_snapshots,0,,C,no immutable result snapshot and no local RAW result evidence,
WARN,3936,8997,2023,raw_snapshot_absent,raw_provenance,SQLite rows exist,0,C,no local saved TotoBrief detail snapshot was found,
WARN,3936,8997,2023,immutable_result_snapshot_absent,drawing_result_snapshots,0,,C,no immutable result snapshot and no local RAW result evidence,
WARN,3937,8999,2023,raw_snapshot_absent,raw_provenance,SQLite rows exist,0,C,no local saved TotoBrief detail snapshot was found,
WARN,3937,8999,2023,immutable_result_snapshot_absent,drawing_result_snapshots,0,,C,no immutable result snapshot and no local RAW result evidence,
ERROR,3938,9003,2023,pool_quotes_incomplete,quotes.pool,0/15,,C,no local RAW/API snapshot is available,
WARN,3938,9003,2023,raw_snapshot_absent,raw_provenance,SQLite rows exist,0,C,no local saved TotoBrief detail snapshot was found,
WARN,3938,9003,2023,immutable_result_snapshot_absent,drawing_result_snapshots,0,,C,no immutable result snapshot and no local RAW result evidence,
WARN,3939,9007,2023,raw_snapshot_absent,raw_provenance,SQLite rows exist,0,C,no local saved TotoBrief detail snapshot was found,
WARN,3939,9007,2023,immutable_result_snapshot_absent,drawing_result_snapshots,0,,C,no immutable result snapshot and no local RAW result evidence,
WARN,3940,9010,2023,raw_snapshot_absent,raw_provenance,SQLite rows exist,0,C,no local saved TotoBrief detail snapshot was found,
WARN,3940,9010,2023,immutable_result_snapshot_absent,drawing_result_snapshots,0,,C,no immutable result snapshot and no local RAW result evidence,
WARN,3941,9012,2023,raw_snapshot_absent,raw_provenance,SQLite rows exist,0,C,no local saved TotoBrief detail snapshot was found,
WARN,3941,9012,2023,immutable_result_snapshot_absent,drawing_result_snapshots,0,,C,no immutable result snapshot and no local RAW result evidence,
WARN,3942,9015,2023,raw_snapshot_absent,raw_provenance,SQLite rows exist,0,C,no local saved TotoBrief detail snapshot was found,
WARN,3942,9015,2023,immutable_result_snapshot_absent,drawing_result_snapshots,0,,C,no immutable result snapshot and no local RAW result evidence,
WARN,3943,9018,2023,raw_snapshot_absent,raw_provenance,SQLite rows exist,0,C,no local saved TotoBrief detail snapshot was found,
WARN,3943,9018,2023,immutable_result_snapshot_absent,drawing_result_snapshots,0,,C,no immutable result snapshot and no local RAW result evidence,
WARN,3944,9021,2023,raw_snapshot_absent,raw_provenance,SQLite rows exist,0,C,no local saved TotoBrief detail snapshot was found,
WARN,3944,9021,2023,immutable_result_snapshot_absent,drawing_result_snapshots,0,,C,no immutable result snapshot and no local RAW result evidence,
WARN,3945,9024,2023,raw_snapshot_absent,raw_provenance,SQLite rows exist,0,C,no local saved TotoBrief detail snapshot was found,
WARN,3945,9024,2023,immutable_result_snapshot_absent,drawing_result_snapshots,0,,C,no immutable result snapshot and no local RAW result evidence,
WARN,3946,9027,2023,raw_snapshot_absent,raw_provenance,SQLite rows exist,0,C,no local saved TotoBrief detail snapshot was found,
WARN,3946,9027,2023,immutable_result_snapshot_absent,drawing_result_snapshots,0,,C,no immutable result snapshot and no local RAW result evidence,
WARN,3947,9030,2023,raw_snapshot_absent,raw_provenance,SQLite rows exist,0,C,no local saved TotoBrief detail snapshot was found,
WARN,3947,9030,2023,immutable_result_snapshot_absent,drawing_result_snapshots,0,,C,no immutable result snapshot and no local RAW result evidence,
WARN,3948,9033,2023,raw_snapshot_absent,raw_provenance,SQLite rows exist,0,C,no local saved TotoBrief detail snapshot was found,
WARN,3948,9033,2023,immutable_result_snapshot_absent,drawing_result_snapshots,0,,C,no immutable result snapshot and no local RAW result evidence,
ERROR,3949,9036,2023,pool_quotes_incomplete,quotes.pool,0/15,,C,no local RAW/API snapshot is available,
WARN,3949,9036,2023,raw_snapshot_absent,raw_provenance,SQLite rows exist,0,C,no local saved TotoBrief detail snapshot was found,
WARN,3949,9036,2023,immutable_result_snapshot_absent,drawing_result_snapshots,0,,C,no immutable result snapshot and no local RAW result evidence,
WARN,3950,9040,2023,raw_snapshot_absent,raw_provenance,SQLite rows exist,0,C,no local saved TotoBrief detail snapshot was found,
WARN,3950,9040,2023,immutable_result_snapshot_absent,drawing_result_snapshots,0,,C,no immutable result snapshot and no local RAW result evidence,
WARN,3951,9042,2023,raw_snapshot_absent,raw_provenance,SQLite rows exist,0,C,no local saved TotoBrief detail snapshot was found,
WARN,3951,9042,2023,immutable_result_snapshot_absent,drawing_result_snapshots,0,,C,no immutable result snapshot and no local RAW result evidence,
ERROR,3952,9045,2023,finished_results_incomplete,events.result,"resolved=14,void=0,missing=1,invalid=0",,C,no local RAW/API snapshot is available,
WARN,3952,9045,2023,raw_snapshot_absent,raw_provenance,SQLite rows exist,0,C,no local saved TotoBrief detail snapshot was found,
WARN,3952,9045,2023,immutable_result_snapshot_absent,drawing_result_snapshots,0,,C,no immutable result snapshot and no local RAW result evidence,
WARN,3953,9048,2023,raw_snapshot_absent,raw_provenance,SQLite rows exist,0,C,no local saved TotoBrief detail snapshot was found,
WARN,3953,9048,2023,immutable_result_snapshot_absent,drawing_result_snapshots,0,,C,no immutable result snapshot and no local RAW result evidence,
ERROR,3954,9050,2023,finished_results_incomplete,events.result,"resolved=14,void=0,missing=1,invalid=0",,C,no local RAW/API snapshot is available,
WARN,3954,9050,2023,raw_snapshot_absent,raw_provenance,SQLite rows exist,0,C,no local saved TotoBrief detail snapshot was found,
WARN,3954,9050,2023,immutable_result_snapshot_absent,drawing_result_snapshots,0,,C,no immutable result snapshot and no local RAW result evidence,
WARN,3955,9053,2023,raw_snapshot_absent,raw_provenance,SQLite rows exist,0,C,no local saved TotoBrief detail snapshot was found,
WARN,3955,9053,2023,immutable_result_snapshot_absent,drawing_result_snapshots,0,,C,no immutable result snapshot and no local RAW result evidence,
WARN,3956,9057,2023,raw_snapshot_absent,raw_provenance,SQLite rows exist,0,C,no local saved TotoBrief detail snapshot was found,
WARN,3956,9057,2023,immutable_result_snapshot_absent,drawing_result_snapshots,0,,C,no immutable result snapshot and no local RAW result evidence,
WARN,3957,9060,2023,raw_snapshot_absent,raw_provenance,SQLite rows exist,0,C,no local saved TotoBrief detail snapshot was found,
WARN,3957,9060,2023,immutable_result_snapshot_absent,drawing_result_snapshots,0,,C,no immutable result snapshot and no local RAW result evidence,
WARN,3958,9063,2023,raw_snapshot_absent,raw_provenance,SQLite rows exist,0,C,no local saved TotoBrief detail snapshot was found,
WARN,3958,9063,2023,immutable_result_snapshot_absent,drawing_result_snapshots,0,,C,no immutable result snapshot and no local RAW result evidence,
ERROR,3959,9065,2023,pool_quotes_incomplete,quotes.pool,0/15,,C,no local RAW/API snapshot is available,
WARN,3959,9065,2023,raw_snapshot_absent,raw_provenance,SQLite rows exist,0,C,no local saved TotoBrief detail snapshot was found,
WARN,3959,9065,2023,immutable_result_snapshot_absent,drawing_result_snapshots,0,,C,no immutable result snapshot and no local RAW result evidence,
WARN,3960,9069,2023,raw_snapshot_absent,raw_provenance,SQLite rows exist,0,C,no local saved TotoBrief detail snapshot was found,
WARN,3960,9069,2023,immutable_result_snapshot_absent,drawing_result_snapshots,0,,C,no immutable result snapshot and no local RAW result evidence,
WARN,3961,9072,2023,raw_snapshot_absent,raw_provenance,SQLite rows exist,0,C,no local saved TotoBrief detail snapshot was found,
WARN,3961,9072,2023,immutable_result_snapshot_absent,drawing_result_snapshots,0,,C,no immutable result snapshot and no local RAW result evidence,
WARN,3962,9075,2023,raw_snapshot_absent,raw_provenance,SQLite rows exist,0,C,no local saved TotoBrief detail snapshot was found,
WARN,3962,9075,2023,immutable_result_snapshot_absent,drawing_result_snapshots,0,,C,no immutable result snapshot and no local RAW result evidence,
WARN,3963,9078,2023,raw_snapshot_absent,raw_provenance,SQLite rows exist,0,C,no local saved TotoBrief detail snapshot was found,
WARN,3963,9078,2023,immutable_result_snapshot_absent,drawing_result_snapshots,0,,C,no immutable result snapshot and no local RAW result evidence,
ERROR,3964,9082,2023,finished_results_incomplete,events.result,"resolved=14,void=0,missing=1,invalid=0",,C,no local RAW/API snapshot is available,
WARN,3964,9082,2023,raw_snapshot_absent,raw_provenance,SQLite rows exist,0,C,no local saved TotoBrief detail snapshot was found,
WARN,3964,9082,2023,immutable_result_snapshot_absent,drawing_result_snapshots,0,,C,no immutable result snapshot and no local RAW result evidence,
ERROR,3965,9085,2023,pool_quotes_incomplete,quotes.pool,0/15,,C,no local RAW/API snapshot is available,
WARN,3965,9085,2023,raw_snapshot_absent,raw_provenance,SQLite rows exist,0,C,no local saved TotoBrief detail snapshot was found,
WARN,3965,9085,2023,immutable_result_snapshot_absent,drawing_result_snapshots,0,,C,no immutable result snapshot and no local RAW result evidence,
WARN,3966,9087,2023,raw_snapshot_absent,raw_provenance,SQLite rows exist,0,C,no local saved TotoBrief detail snapshot was found,
WARN,3966,9087,2023,immutable_result_snapshot_absent,drawing_result_snapshots,0,,C,no immutable result snapshot and no local RAW result evidence,
ERROR,3967,9091,2023,finished_results_incomplete,events.result,"resolved=14,void=0,missing=1,invalid=0",,C,no local RAW/API snapshot is available,
WARN,3967,9091,2023,raw_snapshot_absent,raw_provenance,SQLite rows exist,0,C,no local saved TotoBrief detail snapshot was found,
WARN,3967,9091,2023,immutable_result_snapshot_absent,drawing_result_snapshots,0,,C,no immutable result snapshot and no local RAW result evidence,
WARN,3968,9093,2023,raw_snapshot_absent,raw_provenance,SQLite rows exist,0,C,no local saved TotoBrief detail snapshot was found,
WARN,3968,9093,2023,immutable_result_snapshot_absent,drawing_result_snapshots,0,,C,no immutable result snapshot and no local RAW result evidence,
WARN,3969,9096,2023,raw_snapshot_absent,raw_provenance,SQLite rows exist,0,C,no local saved TotoBrief detail snapshot was found,
WARN,3969,9096,2023,immutable_result_snapshot_absent,drawing_result_snapshots,0,,C,no immutable result snapshot and no local RAW result evidence,
WARN,3970,9099,2023,raw_snapshot_absent,raw_provenance,SQLite rows exist,0,C,no local saved TotoBrief detail snapshot was found,
WARN,3970,9099,2023,immutable_result_snapshot_absent,drawing_result_snapshots,0,,C,no immutable result snapshot and no local RAW result evidence,
ERROR,3971,9103,2023,pool_quotes_incomplete,quotes.pool,0/15,,C,no local RAW/API snapshot is available,
WARN,3971,9103,2023,raw_snapshot_absent,raw_provenance,SQLite rows exist,0,C,no local saved TotoBrief detail snapshot was found,
WARN,3971,9103,2023,immutable_result_snapshot_absent,drawing_result_snapshots,0,,C,no immutable result snapshot and no local RAW result evidence,
ERROR,3972,9105,2023,pool_quotes_incomplete,quotes.pool,0/15,,C,no local RAW/API snapshot is available,
WARN,3972,9105,2023,raw_snapshot_absent,raw_provenance,SQLite rows exist,0,C,no local saved TotoBrief detail snapshot was found,
WARN,3972,9105,2023,immutable_result_snapshot_absent,drawing_result_snapshots,0,,C,no immutable result snapshot and no local RAW result evidence,
ERROR,3973,9108,2023,pool_quotes_incomplete,quotes.pool,0/15,,C,no local RAW/API snapshot is available,
WARN,3973,9108,2023,raw_snapshot_absent,raw_provenance,SQLite rows exist,0,C,no local saved TotoBrief detail snapshot was found,
WARN,3973,9108,2023,immutable_result_snapshot_absent,drawing_result_snapshots,0,,C,no immutable result snapshot and no local RAW result evidence,
WARN,3974,9111,2023,raw_snapshot_absent,raw_provenance,SQLite rows exist,0,C,no local saved TotoBrief detail snapshot was found,
WARN,3974,9111,2023,immutable_result_snapshot_absent,drawing_result_snapshots,0,,C,no immutable result snapshot and no local RAW result evidence,
WARN,3975,9114,2023,raw_snapshot_absent,raw_provenance,SQLite rows exist,0,C,no local saved TotoBrief detail snapshot was found,
WARN,3975,9114,2023,immutable_result_snapshot_absent,drawing_result_snapshots,0,,C,no immutable result snapshot and no local RAW result evidence,
WARN,3976,9117,2023,raw_snapshot_absent,raw_provenance,SQLite rows exist,0,C,no local saved TotoBrief detail snapshot was found,
WARN,3976,9117,2023,immutable_result_snapshot_absent,drawing_result_snapshots,0,,C,no immutable result snapshot and no local RAW result evidence,
WARN,3977,9121,2023,raw_snapshot_absent,raw_provenance,SQLite rows exist,0,C,no local saved TotoBrief detail snapshot was found,
WARN,3977,9121,2023,immutable_result_snapshot_absent,drawing_result_snapshots,0,,C,no immutable result snapshot and no local RAW result evidence,
ERROR,3978,9124,2023,pool_quotes_incomplete,quotes.pool,0/15,,C,no local RAW/API snapshot is available,
WARN,3978,9124,2023,raw_snapshot_absent,raw_provenance,SQLite rows exist,0,C,no local saved TotoBrief detail snapshot was found,
WARN,3978,9124,2023,immutable_result_snapshot_absent,drawing_result_snapshots,0,,C,no immutable result snapshot and no local RAW result evidence,
ERROR,3979,9125,2023,finished_results_incomplete,events.result,"resolved=14,void=0,missing=1,invalid=0",,C,no local RAW/API snapshot is available,
WARN,3979,9125,2023,raw_snapshot_absent,raw_provenance,SQLite rows exist,0,C,no local saved TotoBrief detail snapshot was found,
WARN,3979,9125,2023,immutable_result_snapshot_absent,drawing_result_snapshots,0,,C,no immutable result snapshot and no local RAW result evidence,
ERROR,3980,9130,2023,pool_quotes_incomplete,quotes.pool,0/15,,C,no local RAW/API snapshot is available,
WARN,3980,9130,2023,raw_snapshot_absent,raw_provenance,SQLite rows exist,0,C,no local saved TotoBrief detail snapshot was found,
WARN,3980,9130,2023,immutable_result_snapshot_absent,drawing_result_snapshots,0,,C,no immutable result snapshot and no local RAW result evidence,
WARN,3981,9132,2023,raw_snapshot_absent,raw_provenance,SQLite rows exist,0,C,no local saved TotoBrief detail snapshot was found,
WARN,3981,9132,2023,immutable_result_snapshot_absent,drawing_result_snapshots,0,,C,no immutable result snapshot and no local RAW result evidence,
WARN,3982,9135,2023,raw_snapshot_absent,raw_provenance,SQLite rows exist,0,C,no local saved TotoBrief detail snapshot was found,
WARN,3982,9135,2023,immutable_result_snapshot_absent,drawing_result_snapshots,0,,C,no immutable result snapshot and no local RAW result evidence,
WARN,3983,9138,2023,raw_snapshot_absent,raw_provenance,SQLite rows exist,0,C,no local saved TotoBrief detail snapshot was found,
WARN,3983,9138,2023,immutable_result_snapshot_absent,drawing_result_snapshots,0,,C,no immutable result snapshot and no local RAW result evidence,
WARN,3984,9142,2023,raw_snapshot_absent,raw_provenance,SQLite rows exist,0,C,no local saved TotoBrief detail snapshot was found,
WARN,3984,9142,2023,immutable_result_snapshot_absent,drawing_result_snapshots,0,,C,no immutable result snapshot and no local RAW result evidence,
WARN,3985,9144,2023,raw_snapshot_absent,raw_provenance,SQLite rows exist,0,C,no local saved TotoBrief detail snapshot was found,
WARN,3985,9144,2023,immutable_result_snapshot_absent,drawing_result_snapshots,0,,C,no immutable result snapshot and no local RAW result evidence,
WARN,3986,9147,2023,raw_snapshot_absent,raw_provenance,SQLite rows exist,0,C,no local saved TotoBrief detail snapshot was found,
WARN,3986,9147,2023,immutable_result_snapshot_absent,drawing_result_snapshots,0,,C,no immutable result snapshot and no local RAW result evidence,
ERROR,3987,9151,2023,pool_quotes_incomplete,quotes.pool,0/15,,C,no local RAW/API snapshot is available,
WARN,3987,9151,2023,raw_snapshot_absent,raw_provenance,SQLite rows exist,0,C,no local saved TotoBrief detail snapshot was found,
WARN,3987,9151,2023,immutable_result_snapshot_absent,drawing_result_snapshots,0,,C,no immutable result snapshot and no local RAW result evidence,
WARN,3988,9153,2023,raw_snapshot_absent,raw_provenance,SQLite rows exist,0,C,no local saved TotoBrief detail snapshot was found,
WARN,3988,9153,2023,immutable_result_snapshot_absent,drawing_result_snapshots,0,,C,no immutable result snapshot and no local RAW result evidence,
WARN,3989,9156,2023,raw_snapshot_absent,raw_provenance,SQLite rows exist,0,C,no local saved TotoBrief detail snapshot was found,
WARN,3989,9156,2023,immutable_result_snapshot_absent,drawing_result_snapshots,0,,C,no immutable result snapshot and no local RAW result evidence,
WARN,3990,9159,2023,raw_snapshot_absent,raw_provenance,SQLite rows exist,0,C,no local saved TotoBrief detail snapshot was found,
WARN,3990,9159,2023,immutable_result_snapshot_absent,drawing_result_snapshots,0,,C,no immutable result snapshot and no local RAW result evidence,
WARN,3991,9162,2023,raw_snapshot_absent,raw_provenance,SQLite rows exist,0,C,no local saved TotoBrief detail snapshot was found,
WARN,3991,9162,2023,immutable_result_snapshot_absent,drawing_result_snapshots,0,,C,no immutable result snapshot and no local RAW result evidence,
WARN,3992,9166,2023,raw_snapshot_absent,raw_provenance,SQLite rows exist,0,C,no local saved TotoBrief detail snapshot was found,
WARN,3992,9166,2023,immutable_result_snapshot_absent,drawing_result_snapshots,0,,C,no immutable result snapshot and no local RAW result evidence,
WARN,3993,9168,2023,raw_snapshot_absent,raw_provenance,SQLite rows exist,0,C,no local saved TotoBrief detail snapshot was found,
WARN,3993,9168,2023,immutable_result_snapshot_absent,drawing_result_snapshots,0,,C,no immutable result snapshot and no local RAW result evidence,
ERROR,3994,9172,2023,pool_quotes_incomplete,quotes.pool,0/15,,C,no local RAW/API snapshot is available,
WARN,3994,9172,2023,raw_snapshot_absent,raw_provenance,SQLite rows exist,0,C,no local saved TotoBrief detail snapshot was found,
WARN,3994,9172,2023,immutable_result_snapshot_absent,drawing_result_snapshots,0,,C,no immutable result snapshot and no local RAW result evidence,
ERROR,3995,9173,2023,pool_quotes_incomplete,quotes.pool,0/15,,C,no local RAW/API snapshot is available,
WARN,3995,9173,2023,raw_snapshot_absent,raw_provenance,SQLite rows exist,0,C,no local saved TotoBrief detail snapshot was found,
WARN,3995,9173,2023,immutable_result_snapshot_absent,drawing_result_snapshots,0,,C,no immutable result snapshot and no local RAW result evidence,
WARN,3996,9177,2023,raw_snapshot_absent,raw_provenance,SQLite rows exist,0,C,no local saved TotoBrief detail snapshot was found,
WARN,3996,9177,2023,immutable_result_snapshot_absent,drawing_result_snapshots,0,,C,no immutable result snapshot and no local RAW result evidence,
WARN,3997,9180,2023,raw_snapshot_absent,raw_provenance,SQLite rows exist,0,C,no local saved TotoBrief detail snapshot was found,
WARN,3997,9180,2023,immutable_result_snapshot_absent,drawing_result_snapshots,0,,C,no immutable result snapshot and no local RAW result evidence,
WARN,3998,9184,2023,raw_snapshot_absent,raw_provenance,SQLite rows exist,0,C,no local saved TotoBrief detail snapshot was found,
WARN,3998,9184,2023,immutable_result_snapshot_absent,drawing_result_snapshots,0,,C,no immutable result snapshot and no local RAW result evidence,
WARN,3999,9186,2023,raw_snapshot_absent,raw_provenance,SQLite rows exist,0,C,no local saved TotoBrief detail snapshot was found,
WARN,3999,9186,2023,immutable_result_snapshot_absent,drawing_result_snapshots,0,,C,no immutable result snapshot and no local RAW result evidence,
WARN,4000,9189,2023,raw_snapshot_absent,raw_provenance,SQLite rows exist,0,C,no local saved TotoBrief detail snapshot was found,
WARN,4000,9189,2023,immutable_result_snapshot_absent,drawing_result_snapshots,0,,C,no immutable result snapshot and no local RAW result evidence,
ERROR,4001,9192,2023,pool_quotes_incomplete,quotes.pool,0/15,,C,no local RAW/API snapshot is available,
WARN,4001,9192,2023,raw_snapshot_absent,raw_provenance,SQLite rows exist,0,C,no local saved TotoBrief detail snapshot was found,
WARN,4001,9192,2023,immutable_result_snapshot_absent,drawing_result_snapshots,0,,C,no immutable result snapshot and no local RAW result evidence,
WARN,4002,9195,2023,raw_snapshot_absent,raw_provenance,SQLite rows exist,0,C,no local saved TotoBrief detail snapshot was found,
WARN,4002,9195,2023,immutable_result_snapshot_absent,drawing_result_snapshots,0,,C,no immutable result snapshot and no local RAW result evidence,
WARN,4003,9198,2023,raw_snapshot_absent,raw_provenance,SQLite rows exist,0,C,no local saved TotoBrief detail snapshot was found,
WARN,4003,9198,2023,immutable_result_snapshot_absent,drawing_result_snapshots,0,,C,no immutable result snapshot and no local RAW result evidence,
WARN,4004,9201,2023,raw_snapshot_absent,raw_provenance,SQLite rows exist,0,C,no local saved TotoBrief detail snapshot was found,
WARN,4004,9201,2023,immutable_result_snapshot_absent,drawing_result_snapshots,0,,C,no immutable result snapshot and no local RAW result evidence,
WARN,4005,9205,2023,raw_snapshot_absent,raw_provenance,SQLite rows exist,0,C,no local saved TotoBrief detail snapshot was found,
WARN,4005,9205,2023,immutable_result_snapshot_absent,drawing_result_snapshots,0,,C,no immutable result snapshot and no local RAW result evidence,
WARN,4006,9207,2023,raw_snapshot_absent,raw_provenance,SQLite rows exist,0,C,no local saved TotoBrief detail snapshot was found,
WARN,4006,9207,2023,immutable_result_snapshot_absent,drawing_result_snapshots,0,,C,no immutable result snapshot and no local RAW result evidence,
WARN,4007,9210,2023,raw_snapshot_absent,raw_provenance,SQLite rows exist,0,C,no local saved TotoBrief detail snapshot was found,
WARN,4007,9210,2023,immutable_result_snapshot_absent,drawing_result_snapshots,0,,C,no immutable result snapshot and no local RAW result evidence,
ERROR,4008,9212,2023,pool_quotes_incomplete,quotes.pool,0/15,,C,no local RAW/API snapshot is available,
WARN,4008,9212,2023,raw_snapshot_absent,raw_provenance,SQLite rows exist,0,C,no local saved TotoBrief detail snapshot was found,
WARN,4008,9212,2023,immutable_result_snapshot_absent,drawing_result_snapshots,0,,C,no immutable result snapshot and no local RAW result evidence,
ERROR,4009,9218,2023,pool_quotes_incomplete,quotes.pool,0/15,,C,no local RAW/API snapshot is available,
WARN,4009,9218,2023,raw_snapshot_absent,raw_provenance,SQLite rows exist,0,C,no local saved TotoBrief detail snapshot was found,
WARN,4009,9218,2023,immutable_result_snapshot_absent,drawing_result_snapshots,0,,C,no immutable result snapshot and no local RAW result evidence,
WARN,4010,9219,2023,raw_snapshot_absent,raw_provenance,SQLite rows exist,0,C,no local saved TotoBrief detail snapshot was found,
WARN,4010,9219,2023,immutable_result_snapshot_absent,drawing_result_snapshots,0,,C,no immutable result snapshot and no local RAW result evidence,
WARN,4011,9222,2023,raw_snapshot_absent,raw_provenance,SQLite rows exist,0,C,no local saved TotoBrief detail snapshot was found,
WARN,4011,9222,2023,immutable_result_snapshot_absent,drawing_result_snapshots,0,,C,no immutable result snapshot and no local RAW result evidence,
WARN,4012,9225,2023,raw_snapshot_absent,raw_provenance,SQLite rows exist,0,C,no local saved TotoBrief detail snapshot was found,
WARN,4012,9225,2023,immutable_result_snapshot_absent,drawing_result_snapshots,0,,C,no immutable result snapshot and no local RAW result evidence,
WARN,4013,9229,2023,raw_snapshot_absent,raw_provenance,SQLite rows exist,0,C,no local saved TotoBrief detail snapshot was found,
WARN,4013,9229,2023,immutable_result_snapshot_absent,drawing_result_snapshots,0,,C,no immutable result snapshot and no local RAW result evidence,
WARN,4014,9231,2023,raw_snapshot_absent,raw_provenance,SQLite rows exist,0,C,no local saved TotoBrief detail snapshot was found,
WARN,4014,9231,2023,immutable_result_snapshot_absent,drawing_result_snapshots,0,,C,no immutable result snapshot and no local RAW result evidence,
ERROR,4015,9234,2023,finished_results_incomplete,events.result,"resolved=14,void=0,missing=1,invalid=0",,C,no local RAW/API snapshot is available,
WARN,4015,9234,2023,raw_snapshot_absent,raw_provenance,SQLite rows exist,0,C,no local saved TotoBrief detail snapshot was found,
WARN,4015,9234,2023,immutable_result_snapshot_absent,drawing_result_snapshots,0,,C,no immutable result snapshot and no local RAW result evidence,
WARN,4016,9237,2023,raw_snapshot_absent,raw_provenance,SQLite rows exist,0,C,no local saved TotoBrief detail snapshot was found,
WARN,4016,9237,2023,immutable_result_snapshot_absent,drawing_result_snapshots,0,,C,no immutable result snapshot and no local RAW result evidence,
WARN,4017,9240,2023,raw_snapshot_absent,raw_provenance,SQLite rows exist,0,C,no local saved TotoBrief detail snapshot was found,
WARN,4017,9240,2023,immutable_result_snapshot_absent,drawing_result_snapshots,0,,C,no immutable result snapshot and no local RAW result evidence,
ERROR,4018,9243,2023,finished_results_incomplete,events.result,"resolved=13,void=0,missing=2,invalid=0",,C,no local RAW/API snapshot is available,
WARN,4018,9243,2023,raw_snapshot_absent,raw_provenance,SQLite rows exist,0,C,no local saved TotoBrief detail snapshot was found,
WARN,4018,9243,2023,immutable_result_snapshot_absent,drawing_result_snapshots,0,,C,no immutable result snapshot and no local RAW result evidence,
WARN,4019,9246,2023,raw_snapshot_absent,raw_provenance,SQLite rows exist,0,C,no local saved TotoBrief detail snapshot was found,
WARN,4019,9246,2023,immutable_result_snapshot_absent,drawing_result_snapshots,0,,C,no immutable result snapshot and no local RAW result evidence,
WARN,4020,9249,2023,raw_snapshot_absent,raw_provenance,SQLite rows exist,0,C,no local saved TotoBrief detail snapshot was found,
WARN,4020,9249,2023,immutable_result_snapshot_absent,drawing_result_snapshots,0,,C,no immutable result snapshot and no local RAW result evidence,
WARN,4021,9252,2023,raw_snapshot_absent,raw_provenance,SQLite rows exist,0,C,no local saved TotoBrief detail snapshot was found,
WARN,4021,9252,2023,immutable_result_snapshot_absent,drawing_result_snapshots,0,,C,no immutable result snapshot and no local RAW result evidence,
ERROR,4022,9254,2023,finished_results_incomplete,events.result,"resolved=14,void=0,missing=1,invalid=0",,C,no local RAW/API snapshot is available,
WARN,4022,9254,2023,raw_snapshot_absent,raw_provenance,SQLite rows exist,0,C,no local saved TotoBrief detail snapshot was found,
WARN,4022,9254,2023,immutable_result_snapshot_absent,drawing_result_snapshots,0,,C,no immutable result snapshot and no local RAW result evidence,
WARN,4023,9257,2023,raw_snapshot_absent,raw_provenance,SQLite rows exist,0,C,no local saved TotoBrief detail snapshot was found,
WARN,4023,9257,2023,immutable_result_snapshot_absent,drawing_result_snapshots,0,,C,no immutable result snapshot and no local RAW result evidence,
ERROR,4024,9260,2023,finished_results_incomplete,events.result,"resolved=14,void=0,missing=1,invalid=0",,C,no local RAW/API snapshot is available,
WARN,4024,9260,2023,raw_snapshot_absent,raw_provenance,SQLite rows exist,0,C,no local saved TotoBrief detail snapshot was found,
WARN,4024,9260,2023,immutable_result_snapshot_absent,drawing_result_snapshots,0,,C,no immutable result snapshot and no local RAW result evidence,
ERROR,4025,9263,2023,finished_results_incomplete,events.result,"resolved=14,void=0,missing=1,invalid=0",,C,no local RAW/API snapshot is available,
WARN,4025,9263,2023,raw_snapshot_absent,raw_provenance,SQLite rows exist,0,C,no local saved TotoBrief detail snapshot was found,
WARN,4025,9263,2023,immutable_result_snapshot_absent,drawing_result_snapshots,0,,C,no immutable result snapshot and no local RAW result evidence,
WARN,4026,9267,2024,raw_snapshot_absent,raw_provenance,SQLite rows exist,0,C,no local saved TotoBrief detail snapshot was found,
WARN,4026,9267,2024,immutable_result_snapshot_absent,drawing_result_snapshots,0,,C,no immutable result snapshot and no local RAW result evidence,
WARN,4027,9269,2024,raw_snapshot_absent,raw_provenance,SQLite rows exist,0,C,no local saved TotoBrief detail snapshot was found,
WARN,4027,9269,2024,immutable_result_snapshot_absent,drawing_result_snapshots,0,,C,no immutable result snapshot and no local RAW result evidence,
WARN,4028,9273,2024,raw_snapshot_absent,raw_provenance,SQLite rows exist,0,C,no local saved TotoBrief detail snapshot was found,
WARN,4028,9273,2024,immutable_result_snapshot_absent,drawing_result_snapshots,0,,C,no immutable result snapshot and no local RAW result evidence,
WARN,4029,9277,2024,raw_snapshot_absent,raw_provenance,SQLite rows exist,0,C,no local saved TotoBrief detail snapshot was found,
WARN,4029,9277,2024,immutable_result_snapshot_absent,drawing_result_snapshots,0,,C,no immutable result snapshot and no local RAW result evidence,
WARN,4030,9279,2024,raw_snapshot_absent,raw_provenance,SQLite rows exist,0,C,no local saved TotoBrief detail snapshot was found,
WARN,4030,9279,2024,immutable_result_snapshot_absent,drawing_result_snapshots,0,,C,no immutable result snapshot and no local RAW result evidence,
WARN,4031,9282,2024,raw_snapshot_absent,raw_provenance,SQLite rows exist,0,C,no local saved TotoBrief detail snapshot was found,
WARN,4031,9282,2024,immutable_result_snapshot_absent,drawing_result_snapshots,0,,C,no immutable result snapshot and no local RAW result evidence,
WARN,4032,9285,2024,raw_snapshot_absent,raw_provenance,SQLite rows exist,0,C,no local saved TotoBrief detail snapshot was found,
WARN,4032,9285,2024,immutable_result_snapshot_absent,drawing_result_snapshots,0,,C,no immutable result snapshot and no local RAW result evidence,
ERROR,4033,9289,2024,pool_quotes_incomplete,quotes.pool,0/15,,C,no local RAW/API snapshot is available,
WARN,4033,9289,2024,raw_snapshot_absent,raw_provenance,SQLite rows exist,0,C,no local saved TotoBrief detail snapshot was found,
WARN,4033,9289,2024,immutable_result_snapshot_absent,drawing_result_snapshots,0,,C,no immutable result snapshot and no local RAW result evidence,
ERROR,4034,9291,2024,finished_results_incomplete,events.result,"resolved=13,void=0,missing=2,invalid=0",,C,no local RAW/API snapshot is available,
WARN,4034,9291,2024,raw_snapshot_absent,raw_provenance,SQLite rows exist,0,C,no local saved TotoBrief detail snapshot was found,
WARN,4034,9291,2024,immutable_result_snapshot_absent,drawing_result_snapshots,0,,C,no immutable result snapshot and no local RAW result evidence,
ERROR,4035,9294,2024,finished_results_incomplete,events.result,"resolved=14,void=0,missing=1,invalid=0",,C,no local RAW/API snapshot is available,
WARN,4035,9294,2024,raw_snapshot_absent,raw_provenance,SQLite rows exist,0,C,no local saved TotoBrief detail snapshot was found,
WARN,4035,9294,2024,immutable_result_snapshot_absent,drawing_result_snapshots,0,,C,no immutable result snapshot and no local RAW result evidence,
ERROR,4036,9297,2024,pool_quotes_incomplete,quotes.pool,0/15,,C,no local RAW/API snapshot is available,
WARN,4036,9297,2024,raw_snapshot_absent,raw_provenance,SQLite rows exist,0,C,no local saved TotoBrief detail snapshot was found,
WARN,4036,9297,2024,immutable_result_snapshot_absent,drawing_result_snapshots,0,,C,no immutable result snapshot and no local RAW result evidence,
WARN,4037,9300,2024,raw_snapshot_absent,raw_provenance,SQLite rows exist,0,C,no local saved TotoBrief detail snapshot was found,
WARN,4037,9300,2024,immutable_result_snapshot_absent,drawing_result_snapshots,0,,C,no immutable result snapshot and no local RAW result evidence,
WARN,4038,9302,2024,raw_snapshot_absent,raw_provenance,SQLite rows exist,0,C,no local saved TotoBrief detail snapshot was found,
WARN,4038,9302,2024,immutable_result_snapshot_absent,drawing_result_snapshots,0,,C,no immutable result snapshot and no local RAW result evidence,
WARN,4039,9305,2024,raw_snapshot_absent,raw_provenance,SQLite rows exist,0,C,no local saved TotoBrief detail snapshot was found,
WARN,4039,9305,2024,immutable_result_snapshot_absent,drawing_result_snapshots,0,,C,no immutable result snapshot and no local RAW result evidence,
ERROR,4040,9309,2024,pool_quotes_incomplete,quotes.pool,0/15,,C,no local RAW/API snapshot is available,
ERROR,4040,9309,2024,finished_results_incomplete,events.result,"resolved=13,void=0,missing=2,invalid=0",,C,no local RAW/API snapshot is available,
WARN,4040,9309,2024,raw_snapshot_absent,raw_provenance,SQLite rows exist,0,C,no local saved TotoBrief detail snapshot was found,
WARN,4040,9309,2024,immutable_result_snapshot_absent,drawing_result_snapshots,0,,C,no immutable result snapshot and no local RAW result evidence,
ERROR,4041,9311,2024,pool_quotes_incomplete,quotes.pool,0/15,,C,no local RAW/API snapshot is available,
ERROR,4041,9311,2024,finished_results_incomplete,events.result,"resolved=8,void=0,missing=7,invalid=0",,C,no local RAW/API snapshot is available,
WARN,4041,9311,2024,raw_snapshot_absent,raw_provenance,SQLite rows exist,0,C,no local saved TotoBrief detail snapshot was found,
WARN,4041,9311,2024,immutable_result_snapshot_absent,drawing_result_snapshots,0,,C,no immutable result snapshot and no local RAW result evidence,
WARN,4042,9315,2024,raw_snapshot_absent,raw_provenance,SQLite rows exist,0,C,no local saved TotoBrief detail snapshot was found,
WARN,4042,9315,2024,immutable_result_snapshot_absent,drawing_result_snapshots,0,,C,no immutable result snapshot and no local RAW result evidence,
WARN,4043,9317,2024,raw_snapshot_absent,raw_provenance,SQLite rows exist,0,C,no local saved TotoBrief detail snapshot was found,
WARN,4043,9317,2024,immutable_result_snapshot_absent,drawing_result_snapshots,0,,C,no immutable result snapshot and no local RAW result evidence,
ERROR,4044,9320,2024,finished_results_incomplete,events.result,"resolved=11,void=0,missing=4,invalid=0",,C,no local RAW/API snapshot is available,
WARN,4044,9320,2024,raw_snapshot_absent,raw_provenance,SQLite rows exist,0,C,no local saved TotoBrief detail snapshot was found,
WARN,4044,9320,2024,immutable_result_snapshot_absent,drawing_result_snapshots,0,,C,no immutable result snapshot and no local RAW result evidence,
ERROR,4045,9322,2024,finished_results_incomplete,events.result,"resolved=14,void=0,missing=1,invalid=0",,C,no local RAW/API snapshot is available,
WARN,4045,9322,2024,raw_snapshot_absent,raw_provenance,SQLite rows exist,0,C,no local saved TotoBrief detail snapshot was found,
WARN,4045,9322,2024,immutable_result_snapshot_absent,drawing_result_snapshots,0,,C,no immutable result snapshot and no local RAW result evidence,
WARN,4046,9325,2024,raw_snapshot_absent,raw_provenance,SQLite rows exist,0,C,no local saved TotoBrief detail snapshot was found,
WARN,4046,9325,2024,immutable_result_snapshot_absent,drawing_result_snapshots,0,,C,no immutable result snapshot and no local RAW result evidence,
ERROR,4047,9329,2024,pool_quotes_incomplete,quotes.pool,0/15,,C,no local RAW/API snapshot is available,
WARN,4047,9329,2024,raw_snapshot_absent,raw_provenance,SQLite rows exist,0,C,no local saved TotoBrief detail snapshot was found,
WARN,4047,9329,2024,immutable_result_snapshot_absent,drawing_result_snapshots,0,,C,no immutable result snapshot and no local RAW result evidence,
WARN,4048,9331,2024,raw_snapshot_absent,raw_provenance,SQLite rows exist,0,C,no local saved TotoBrief detail snapshot was found,
WARN,4048,9331,2024,immutable_result_snapshot_absent,drawing_result_snapshots,0,,C,no immutable result snapshot and no local RAW result evidence,
WARN,4049,9334,2024,raw_snapshot_absent,raw_provenance,SQLite rows exist,0,C,no local saved TotoBrief detail snapshot was found,
WARN,4049,9334,2024,immutable_result_snapshot_absent,drawing_result_snapshots,0,,C,no immutable result snapshot and no local RAW result evidence,
ERROR,4050,9336,2024,finished_results_incomplete,events.result,"resolved=14,void=0,missing=1,invalid=0",,C,no local RAW/API snapshot is available,
WARN,4050,9336,2024,raw_snapshot_absent,raw_provenance,SQLite rows exist,0,C,no local saved TotoBrief detail snapshot was found,
WARN,4050,9336,2024,immutable_result_snapshot_absent,drawing_result_snapshots,0,,C,no immutable result snapshot and no local RAW result evidence,
WARN,4051,9341,2024,raw_snapshot_absent,raw_provenance,SQLite rows exist,0,C,no local saved TotoBrief detail snapshot was found,
WARN,4051,9341,2024,immutable_result_snapshot_absent,drawing_result_snapshots,0,,C,no immutable result snapshot and no local RAW result evidence,
WARN,4052,9343,2024,raw_snapshot_absent,raw_provenance,SQLite rows exist,0,C,no local saved TotoBrief detail snapshot was found,
WARN,4052,9343,2024,immutable_result_snapshot_absent,drawing_result_snapshots,0,,C,no immutable result snapshot and no local RAW result evidence,
WARN,4053,9346,2024,raw_snapshot_absent,raw_provenance,SQLite rows exist,0,C,no local saved TotoBrief detail snapshot was found,
WARN,4053,9346,2024,immutable_result_snapshot_absent,drawing_result_snapshots,0,,C,no immutable result snapshot and no local RAW result evidence,
ERROR,4054,9349,2024,pool_quotes_incomplete,quotes.pool,0/15,,C,no local RAW/API snapshot is available,
ERROR,4054,9349,2024,finished_results_incomplete,events.result,"resolved=14,void=0,missing=1,invalid=0",,C,no local RAW/API snapshot is available,
WARN,4054,9349,2024,raw_snapshot_absent,raw_provenance,SQLite rows exist,0,C,no local saved TotoBrief detail snapshot was found,
WARN,4054,9349,2024,immutable_result_snapshot_absent,drawing_result_snapshots,0,,C,no immutable result snapshot and no local RAW result evidence,
WARN,4055,9352,2024,raw_snapshot_absent,raw_provenance,SQLite rows exist,0,C,no local saved TotoBrief detail snapshot was found,
WARN,4055,9352,2024,immutable_result_snapshot_absent,drawing_result_snapshots,0,,C,no immutable result snapshot and no local RAW result evidence,
WARN,4056,9356,2024,raw_snapshot_absent,raw_provenance,SQLite rows exist,0,C,no local saved TotoBrief detail snapshot was found,
WARN,4056,9356,2024,immutable_result_snapshot_absent,drawing_result_snapshots,0,,C,no immutable result snapshot and no local RAW result evidence,
WARN,4057,9358,2024,raw_snapshot_absent,raw_provenance,SQLite rows exist,0,C,no local saved TotoBrief detail snapshot was found,
WARN,4057,9358,2024,immutable_result_snapshot_absent,drawing_result_snapshots,0,,C,no immutable result snapshot and no local RAW result evidence,
WARN,4058,9360,2024,raw_snapshot_absent,raw_provenance,SQLite rows exist,0,C,no local saved TotoBrief detail snapshot was found,
WARN,4058,9360,2024,immutable_result_snapshot_absent,drawing_result_snapshots,0,,C,no immutable result snapshot and no local RAW result evidence,
WARN,4059,9364,2024,raw_snapshot_absent,raw_provenance,SQLite rows exist,0,C,no local saved TotoBrief detail snapshot was found,
WARN,4059,9364,2024,immutable_result_snapshot_absent,drawing_result_snapshots,0,,C,no immutable result snapshot and no local RAW result evidence,
ERROR,4060,9367,2024,finished_results_incomplete,events.result,"resolved=14,void=0,missing=1,invalid=0",,C,no local RAW/API snapshot is available,
WARN,4060,9367,2024,raw_snapshot_absent,raw_provenance,SQLite rows exist,0,C,no local saved TotoBrief detail snapshot was found,
WARN,4060,9367,2024,immutable_result_snapshot_absent,drawing_result_snapshots,0,,C,no immutable result snapshot and no local RAW result evidence,
ERROR,4061,9370,2024,pool_quotes_incomplete,quotes.pool,0/15,,C,no local RAW/API snapshot is available,
WARN,4061,9370,2024,raw_snapshot_absent,raw_provenance,SQLite rows exist,0,C,no local saved TotoBrief detail snapshot was found,
WARN,4061,9370,2024,immutable_result_snapshot_absent,drawing_result_snapshots,0,,C,no immutable result snapshot and no local RAW result evidence,
ERROR,4062,9373,2024,finished_results_incomplete,events.result,"resolved=13,void=0,missing=2,invalid=0",,C,no local RAW/API snapshot is available,
WARN,4062,9373,2024,raw_snapshot_absent,raw_provenance,SQLite rows exist,0,C,no local saved TotoBrief detail snapshot was found,
WARN,4062,9373,2024,immutable_result_snapshot_absent,drawing_result_snapshots,0,,C,no immutable result snapshot and no local RAW result evidence,
WARN,4063,9376,2024,raw_snapshot_absent,raw_provenance,SQLite rows exist,0,C,no local saved TotoBrief detail snapshot was found,
WARN,4063,9376,2024,immutable_result_snapshot_absent,drawing_result_snapshots,0,,C,no immutable result snapshot and no local RAW result evidence,
WARN,4064,9379,2024,raw_snapshot_absent,raw_provenance,SQLite rows exist,0,C,no local saved TotoBrief detail snapshot was found,
WARN,4064,9379,2024,immutable_result_snapshot_absent,drawing_result_snapshots,0,,C,no immutable result snapshot and no local RAW result evidence,
WARN,4065,9382,2024,raw_snapshot_absent,raw_provenance,SQLite rows exist,0,C,no local saved TotoBrief detail snapshot was found,
WARN,4065,9382,2024,immutable_result_snapshot_absent,drawing_result_snapshots,0,,C,no immutable result snapshot and no local RAW result evidence,
WARN,4066,9386,2024,raw_snapshot_absent,raw_provenance,SQLite rows exist,0,C,no local saved TotoBrief detail snapshot was found,
WARN,4066,9386,2024,immutable_result_snapshot_absent,drawing_result_snapshots,0,,C,no immutable result snapshot and no local RAW result evidence,
WARN,4067,9389,2024,raw_snapshot_absent,raw_provenance,SQLite rows exist,0,C,no local saved TotoBrief detail snapshot was found,
WARN,4067,9389,2024,immutable_result_snapshot_absent,drawing_result_snapshots,0,,C,no immutable result snapshot and no local RAW result evidence,
WARN,4068,9392,2024,raw_snapshot_absent,raw_provenance,SQLite rows exist,0,C,no local saved TotoBrief detail snapshot was found,
WARN,4068,9392,2024,immutable_result_snapshot_absent,drawing_result_snapshots,0,,C,no immutable result snapshot and no local RAW result evidence,
ERROR,4069,9394,2024,finished_results_incomplete,events.result,"resolved=14,void=0,missing=1,invalid=0",,C,no local RAW/API snapshot is available,
WARN,4069,9394,2024,raw_snapshot_absent,raw_provenance,SQLite rows exist,0,C,no local saved TotoBrief detail snapshot was found,
WARN,4069,9394,2024,immutable_result_snapshot_absent,drawing_result_snapshots,0,,C,no immutable result snapshot and no local RAW result evidence,
ERROR,4070,9397,2024,pool_quotes_incomplete,quotes.pool,0/15,,C,no local RAW/API snapshot is available,
WARN,4070,9397,2024,raw_snapshot_absent,raw_provenance,SQLite rows exist,0,C,no local saved TotoBrief detail snapshot was found,
WARN,4070,9397,2024,immutable_result_snapshot_absent,drawing_result_snapshots,0,,C,no immutable result snapshot and no local RAW result evidence,
WARN,4071,9400,2024,raw_snapshot_absent,raw_provenance,SQLite rows exist,0,C,no local saved TotoBrief detail snapshot was found,
WARN,4071,9400,2024,immutable_result_snapshot_absent,drawing_result_snapshots,0,,C,no immutable result snapshot and no local RAW result evidence,
WARN,4072,9403,2024,raw_snapshot_absent,raw_provenance,SQLite rows exist,0,C,no local saved TotoBrief detail snapshot was found,
WARN,4072,9403,2024,immutable_result_snapshot_absent,drawing_result_snapshots,0,,C,no immutable result snapshot and no local RAW result evidence,
WARN,4073,9406,2024,raw_snapshot_absent,raw_provenance,SQLite rows exist,0,C,no local saved TotoBrief detail snapshot was found,
WARN,4073,9406,2024,immutable_result_snapshot_absent,drawing_result_snapshots,0,,C,no immutable result snapshot and no local RAW result evidence,
WARN,4074,9409,2024,raw_snapshot_absent,raw_provenance,SQLite rows exist,0,C,no local saved TotoBrief detail snapshot was found,
WARN,4074,9409,2024,immutable_result_snapshot_absent,drawing_result_snapshots,0,,C,no immutable result snapshot and no local RAW result evidence,
ERROR,4075,9411,2024,pool_quotes_incomplete,quotes.pool,0/15,,C,no local RAW/API snapshot is available,
WARN,4075,9411,2024,raw_snapshot_absent,raw_provenance,SQLite rows exist,0,C,no local saved TotoBrief detail snapshot was found,
WARN,4075,9411,2024,immutable_result_snapshot_absent,drawing_result_snapshots,0,,C,no immutable result snapshot and no local RAW result evidence,
ERROR,4076,9415,2024,finished_results_incomplete,events.result,"resolved=14,void=0,missing=1,invalid=0",,C,no local RAW/API snapshot is available,
WARN,4076,9415,2024,raw_snapshot_absent,raw_provenance,SQLite rows exist,0,C,no local saved TotoBrief detail snapshot was found,
WARN,4076,9415,2024,immutable_result_snapshot_absent,drawing_result_snapshots,0,,C,no immutable result snapshot and no local RAW result evidence,
WARN,4077,9417,2024,raw_snapshot_absent,raw_provenance,SQLite rows exist,0,C,no local saved TotoBrief detail snapshot was found,
WARN,4077,9417,2024,immutable_result_snapshot_absent,drawing_result_snapshots,0,,C,no immutable result snapshot and no local RAW result evidence,
WARN,4078,9421,2024,raw_snapshot_absent,raw_provenance,SQLite rows exist,0,C,no local saved TotoBrief detail snapshot was found,
WARN,4078,9421,2024,immutable_result_snapshot_absent,drawing_result_snapshots,0,,C,no immutable result snapshot and no local RAW result evidence,
WARN,4079,9424,2024,raw_snapshot_absent,raw_provenance,SQLite rows exist,0,C,no local saved TotoBrief detail snapshot was found,
WARN,4079,9424,2024,immutable_result_snapshot_absent,drawing_result_snapshots,0,,C,no immutable result snapshot and no local RAW result evidence,
WARN,4080,9427,2024,raw_snapshot_absent,raw_provenance,SQLite rows exist,0,C,no local saved TotoBrief detail snapshot was found,
WARN,4080,9427,2024,immutable_result_snapshot_absent,drawing_result_snapshots,0,,C,no immutable result snapshot and no local RAW result evidence,
WARN,4081,9430,2024,raw_snapshot_absent,raw_provenance,SQLite rows exist,0,C,no local saved TotoBrief detail snapshot was found,
WARN,4081,9430,2024,immutable_result_snapshot_absent,drawing_result_snapshots,0,,C,no immutable result snapshot and no local RAW result evidence,
WARN,4082,9434,2024,raw_snapshot_absent,raw_provenance,SQLite rows exist,0,C,no local saved TotoBrief detail snapshot was found,
WARN,4082,9434,2024,immutable_result_snapshot_absent,drawing_result_snapshots,0,,C,no immutable result snapshot and no local RAW result evidence,
WARN,4083,9437,2024,raw_snapshot_absent,raw_provenance,SQLite rows exist,0,C,no local saved TotoBrief detail snapshot was found,
WARN,4083,9437,2024,immutable_result_snapshot_absent,drawing_result_snapshots,0,,C,no immutable result snapshot and no local RAW result evidence,
WARN,4084,9439,2024,raw_snapshot_absent,raw_provenance,SQLite rows exist,0,C,no local saved TotoBrief detail snapshot was found,
WARN,4084,9439,2024,immutable_result_snapshot_absent,drawing_result_snapshots,0,,C,no immutable result snapshot and no local RAW result evidence,
WARN,4085,9442,2024,raw_snapshot_absent,raw_provenance,SQLite rows exist,0,C,no local saved TotoBrief detail snapshot was found,
WARN,4085,9442,2024,immutable_result_snapshot_absent,drawing_result_snapshots,0,,C,no immutable result snapshot and no local RAW result evidence,
WARN,4086,9445,2024,raw_snapshot_absent,raw_provenance,SQLite rows exist,0,C,no local saved TotoBrief detail snapshot was found,
WARN,4086,9445,2024,immutable_result_snapshot_absent,drawing_result_snapshots,0,,C,no immutable result snapshot and no local RAW result evidence,
WARN,4087,9447,2024,raw_snapshot_absent,raw_provenance,SQLite rows exist,0,C,no local saved TotoBrief detail snapshot was found,
WARN,4087,9447,2024,immutable_result_snapshot_absent,drawing_result_snapshots,0,,C,no immutable result snapshot and no local RAW result evidence,
WARN,4088,9451,2024,raw_snapshot_absent,raw_provenance,SQLite rows exist,0,C,no local saved TotoBrief detail snapshot was found,
WARN,4088,9451,2024,immutable_result_snapshot_absent,drawing_result_snapshots,0,,C,no immutable result snapshot and no local RAW result evidence,
WARN,4089,9453,2024,raw_snapshot_absent,raw_provenance,SQLite rows exist,0,C,no local saved TotoBrief detail snapshot was found,
WARN,4089,9453,2024,immutable_result_snapshot_absent,drawing_result_snapshots,0,,C,no immutable result snapshot and no local RAW result evidence,
ERROR,4090,9457,2024,pool_quotes_incomplete,quotes.pool,0/15,,C,no local RAW/API snapshot is available,
WARN,4090,9457,2024,raw_snapshot_absent,raw_provenance,SQLite rows exist,0,C,no local saved TotoBrief detail snapshot was found,
WARN,4090,9457,2024,immutable_result_snapshot_absent,drawing_result_snapshots,0,,C,no immutable result snapshot and no local RAW result evidence,
WARN,4091,9460,2024,raw_snapshot_absent,raw_provenance,SQLite rows exist,0,C,no local saved TotoBrief detail snapshot was found,
WARN,4091,9460,2024,immutable_result_snapshot_absent,drawing_result_snapshots,0,,C,no immutable result snapshot and no local RAW result evidence,
WARN,4092,9463,2024,raw_snapshot_absent,raw_provenance,SQLite rows exist,0,C,no local saved TotoBrief detail snapshot was found,
WARN,4092,9463,2024,immutable_result_snapshot_absent,drawing_result_snapshots,0,,C,no immutable result snapshot and no local RAW result evidence,
WARN,4093,9466,2024,raw_snapshot_absent,raw_provenance,SQLite rows exist,0,C,no local saved TotoBrief detail snapshot was found,
WARN,4093,9466,2024,immutable_result_snapshot_absent,drawing_result_snapshots,0,,C,no immutable result snapshot and no local RAW result evidence,
WARN,4094,9470,2024,raw_snapshot_absent,raw_provenance,SQLite rows exist,0,C,no local saved TotoBrief detail snapshot was found,
WARN,4094,9470,2024,immutable_result_snapshot_absent,drawing_result_snapshots,0,,C,no immutable result snapshot and no local RAW result evidence,
WARN,4095,9473,2024,raw_snapshot_absent,raw_provenance,SQLite rows exist,0,C,no local saved TotoBrief detail snapshot was found,
WARN,4095,9473,2024,immutable_result_snapshot_absent,drawing_result_snapshots,0,,C,no immutable result snapshot and no local RAW result evidence,
ERROR,4096,9476,2024,pool_quotes_incomplete,quotes.pool,0/15,,C,no local RAW/API snapshot is available,
WARN,4096,9476,2024,raw_snapshot_absent,raw_provenance,SQLite rows exist,0,C,no local saved TotoBrief detail snapshot was found,
WARN,4096,9476,2024,immutable_result_snapshot_absent,drawing_result_snapshots,0,,C,no immutable result snapshot and no local RAW result evidence,
ERROR,4097,9479,2024,pool_quotes_incomplete,quotes.pool,0/15,,C,no local RAW/API snapshot is available,
ERROR,4097,9479,2024,finished_results_incomplete,events.result,"resolved=13,void=0,missing=2,invalid=0",,C,no local RAW/API snapshot is available,
WARN,4097,9479,2024,raw_snapshot_absent,raw_provenance,SQLite rows exist,0,C,no local saved TotoBrief detail snapshot was found,
WARN,4097,9479,2024,immutable_result_snapshot_absent,drawing_result_snapshots,0,,C,no immutable result snapshot and no local RAW result evidence,
ERROR,4098,9480,2024,pool_quotes_incomplete,quotes.pool,0/15,,C,no local RAW/API snapshot is available,
WARN,4098,9480,2024,raw_snapshot_absent,raw_provenance,SQLite rows exist,0,C,no local saved TotoBrief detail snapshot was found,
WARN,4098,9480,2024,immutable_result_snapshot_absent,drawing_result_snapshots,0,,C,no immutable result snapshot and no local RAW result evidence,
WARN,4099,9484,2024,raw_snapshot_absent,raw_provenance,SQLite rows exist,0,C,no local saved TotoBrief detail snapshot was found,
WARN,4099,9484,2024,immutable_result_snapshot_absent,drawing_result_snapshots,0,,C,no immutable result snapshot and no local RAW result evidence,
WARN,4100,9486,2024,raw_snapshot_absent,raw_provenance,SQLite rows exist,0,C,no local saved TotoBrief detail snapshot was found,
WARN,4100,9486,2024,immutable_result_snapshot_absent,drawing_result_snapshots,0,,C,no immutable result snapshot and no local RAW result evidence,
WARN,4101,9490,2024,raw_snapshot_absent,raw_provenance,SQLite rows exist,0,C,no local saved TotoBrief detail snapshot was found,
WARN,4101,9490,2024,immutable_result_snapshot_absent,drawing_result_snapshots,0,,C,no immutable result snapshot and no local RAW result evidence,
WARN,4102,9491,2024,raw_snapshot_absent,raw_provenance,SQLite rows exist,0,C,no local saved TotoBrief detail snapshot was found,
WARN,4102,9491,2024,immutable_result_snapshot_absent,drawing_result_snapshots,0,,C,no immutable result snapshot and no local RAW result evidence,
WARN,4103,9496,2024,raw_snapshot_absent,raw_provenance,SQLite rows exist,0,C,no local saved TotoBrief detail snapshot was found,
WARN,4103,9496,2024,immutable_result_snapshot_absent,drawing_result_snapshots,0,,C,no immutable result snapshot and no local RAW result evidence,
ERROR,4104,9498,2024,pool_quotes_incomplete,quotes.pool,0/15,,C,no local RAW/API snapshot is available,
WARN,4104,9498,2024,raw_snapshot_absent,raw_provenance,SQLite rows exist,0,C,no local saved TotoBrief detail snapshot was found,
WARN,4104,9498,2024,immutable_result_snapshot_absent,drawing_result_snapshots,0,,C,no immutable result snapshot and no local RAW result evidence,
ERROR,4105,9500,2024,finished_results_incomplete,events.result,"resolved=14,void=0,missing=1,invalid=0",,C,no local RAW/API snapshot is available,
WARN,4105,9500,2024,raw_snapshot_absent,raw_provenance,SQLite rows exist,0,C,no local saved TotoBrief detail snapshot was found,
WARN,4105,9500,2024,immutable_result_snapshot_absent,drawing_result_snapshots,0,,C,no immutable result snapshot and no local RAW result evidence,
WARN,4106,9504,2024,raw_snapshot_absent,raw_provenance,SQLite rows exist,0,C,no local saved TotoBrief detail snapshot was found,
WARN,4106,9504,2024,immutable_result_snapshot_absent,drawing_result_snapshots,0,,C,no immutable result snapshot and no local RAW result evidence,
WARN,4107,9507,2024,raw_snapshot_absent,raw_provenance,SQLite rows exist,0,C,no local saved TotoBrief detail snapshot was found,
WARN,4107,9507,2024,immutable_result_snapshot_absent,drawing_result_snapshots,0,,C,no immutable result snapshot and no local RAW result evidence,
ERROR,4108,9510,2024,finished_results_incomplete,events.result,"resolved=14,void=0,missing=1,invalid=0",,C,no local RAW/API snapshot is available,
WARN,4108,9510,2024,raw_snapshot_absent,raw_provenance,SQLite rows exist,0,C,no local saved TotoBrief detail snapshot was found,
WARN,4108,9510,2024,immutable_result_snapshot_absent,drawing_result_snapshots,0,,C,no immutable result snapshot and no local RAW result evidence,
ERROR,4109,9513,2024,pool_quotes_incomplete,quotes.pool,0/15,,C,no local RAW/API snapshot is available,
WARN,4109,9513,2024,raw_snapshot_absent,raw_provenance,SQLite rows exist,0,C,no local saved TotoBrief detail snapshot was found,
WARN,4109,9513,2024,immutable_result_snapshot_absent,drawing_result_snapshots,0,,C,no immutable result snapshot and no local RAW result evidence,
WARN,4110,9515,2024,raw_snapshot_absent,raw_provenance,SQLite rows exist,0,C,no local saved TotoBrief detail snapshot was found,
WARN,4110,9515,2024,immutable_result_snapshot_absent,drawing_result_snapshots,0,,C,no immutable result snapshot and no local RAW result evidence,
ERROR,4111,9519,2024,pool_quotes_incomplete,quotes.pool,0/15,,C,no local RAW/API snapshot is available,
ERROR,4111,9519,2024,finished_results_incomplete,events.result,"resolved=13,void=0,missing=2,invalid=0",,C,no local RAW/API snapshot is available,
WARN,4111,9519,2024,raw_snapshot_absent,raw_provenance,SQLite rows exist,0,C,no local saved TotoBrief detail snapshot was found,
WARN,4111,9519,2024,immutable_result_snapshot_absent,drawing_result_snapshots,0,,C,no immutable result snapshot and no local RAW result evidence,
WARN,4112,9523,2024,raw_snapshot_absent,raw_provenance,SQLite rows exist,0,C,no local saved TotoBrief detail snapshot was found,
WARN,4112,9523,2024,immutable_result_snapshot_absent,drawing_result_snapshots,0,,C,no immutable result snapshot and no local RAW result evidence,
WARN,4113,9527,2024,raw_snapshot_absent,raw_provenance,SQLite rows exist,0,C,no local saved TotoBrief detail snapshot was found,
WARN,4113,9527,2024,immutable_result_snapshot_absent,drawing_result_snapshots,0,,C,no immutable result snapshot and no local RAW result evidence,
WARN,4114,9528,2024,raw_snapshot_absent,raw_provenance,SQLite rows exist,0,C,no local saved TotoBrief detail snapshot was found,
WARN,4114,9528,2024,immutable_result_snapshot_absent,drawing_result_snapshots,0,,C,no immutable result snapshot and no local RAW result evidence,
WARN,4115,9529,2024,raw_snapshot_absent,raw_provenance,SQLite rows exist,0,C,no local saved TotoBrief detail snapshot was found,
WARN,4115,9529,2024,immutable_result_snapshot_absent,drawing_result_snapshots,0,,C,no immutable result snapshot and no local RAW result evidence,
WARN,4116,9534,2024,raw_snapshot_absent,raw_provenance,SQLite rows exist,0,C,no local saved TotoBrief detail snapshot was found,
WARN,4116,9534,2024,immutable_result_snapshot_absent,drawing_result_snapshots,0,,C,no immutable result snapshot and no local RAW result evidence,
WARN,4117,9537,2024,raw_snapshot_absent,raw_provenance,SQLite rows exist,0,C,no local saved TotoBrief detail snapshot was found,
WARN,4117,9537,2024,immutable_result_snapshot_absent,drawing_result_snapshots,0,,C,no immutable result snapshot and no local RAW result evidence,
WARN,4118,9540,2024,raw_snapshot_absent,raw_provenance,SQLite rows exist,0,C,no local saved TotoBrief detail snapshot was found,
WARN,4118,9540,2024,immutable_result_snapshot_absent,drawing_result_snapshots,0,,C,no immutable result snapshot and no local RAW result evidence,
WARN,4119,9541,2024,raw_snapshot_absent,raw_provenance,SQLite rows exist,0,C,no local saved TotoBrief detail snapshot was found,
WARN,4119,9541,2024,immutable_result_snapshot_absent,drawing_result_snapshots,0,,C,no immutable result snapshot and no local RAW result evidence,
WARN,4120,9545,2024,raw_snapshot_absent,raw_provenance,SQLite rows exist,0,C,no local saved TotoBrief detail snapshot was found,
WARN,4120,9545,2024,immutable_result_snapshot_absent,drawing_result_snapshots,0,,C,no immutable result snapshot and no local RAW result evidence,
WARN,4121,9548,2024,raw_snapshot_absent,raw_provenance,SQLite rows exist,0,C,no local saved TotoBrief detail snapshot was found,
WARN,4121,9548,2024,immutable_result_snapshot_absent,drawing_result_snapshots,0,,C,no immutable result snapshot and no local RAW result evidence,
WARN,4122,9551,2024,raw_snapshot_absent,raw_provenance,SQLite rows exist,0,C,no local saved TotoBrief detail snapshot was found,
WARN,4122,9551,2024,immutable_result_snapshot_absent,drawing_result_snapshots,0,,C,no immutable result snapshot and no local RAW result evidence,
WARN,4123,9555,2024,raw_snapshot_absent,raw_provenance,SQLite rows exist,0,C,no local saved TotoBrief detail snapshot was found,
WARN,4123,9555,2024,immutable_result_snapshot_absent,drawing_result_snapshots,0,,C,no immutable result snapshot and no local RAW result evidence,
ERROR,4124,9558,2024,pool_quotes_incomplete,quotes.pool,0/15,,C,no local RAW/API snapshot is available,
WARN,4124,9558,2024,raw_snapshot_absent,raw_provenance,SQLite rows exist,0,C,no local saved TotoBrief detail snapshot was found,
WARN,4124,9558,2024,immutable_result_snapshot_absent,drawing_result_snapshots,0,,C,no immutable result snapshot and no local RAW result evidence,
WARN,4125,9561,2024,raw_snapshot_absent,raw_provenance,SQLite rows exist,0,C,no local saved TotoBrief detail snapshot was found,
WARN,4125,9561,2024,immutable_result_snapshot_absent,drawing_result_snapshots,0,,C,no immutable result snapshot and no local RAW result evidence,
WARN,4126,9564,2024,raw_snapshot_absent,raw_provenance,SQLite rows exist,0,C,no local saved TotoBrief detail snapshot was found,
WARN,4126,9564,2024,immutable_result_snapshot_absent,drawing_result_snapshots,0,,C,no immutable result snapshot and no local RAW result evidence,
ERROR,4127,9567,2024,pool_quotes_incomplete,quotes.pool,0/15,,C,no local RAW/API snapshot is available,
WARN,4127,9567,2024,raw_snapshot_absent,raw_provenance,SQLite rows exist,0,C,no local saved TotoBrief detail snapshot was found,
WARN,4127,9567,2024,immutable_result_snapshot_absent,drawing_result_snapshots,0,,C,no immutable result snapshot and no local RAW result evidence,
WARN,4128,9569,2024,raw_snapshot_absent,raw_provenance,SQLite rows exist,0,C,no local saved TotoBrief detail snapshot was found,
WARN,4128,9569,2024,immutable_result_snapshot_absent,drawing_result_snapshots,0,,C,no immutable result snapshot and no local RAW result evidence,
WARN,4129,9572,2024,raw_snapshot_absent,raw_provenance,SQLite rows exist,0,C,no local saved TotoBrief detail snapshot was found,
WARN,4129,9572,2024,immutable_result_snapshot_absent,drawing_result_snapshots,0,,C,no immutable result snapshot and no local RAW result evidence,
ERROR,4130,9576,2024,finished_results_incomplete,events.result,"resolved=14,void=0,missing=1,invalid=0",,C,no local RAW/API snapshot is available,
WARN,4130,9576,2024,raw_snapshot_absent,raw_provenance,SQLite rows exist,0,C,no local saved TotoBrief detail snapshot was found,
WARN,4130,9576,2024,immutable_result_snapshot_absent,drawing_result_snapshots,0,,C,no immutable result snapshot and no local RAW result evidence,
WARN,4131,9579,2024,raw_snapshot_absent,raw_provenance,SQLite rows exist,0,C,no local saved TotoBrief detail snapshot was found,
WARN,4131,9579,2024,immutable_result_snapshot_absent,drawing_result_snapshots,0,,C,no immutable result snapshot and no local RAW result evidence,
WARN,4132,9581,2024,raw_snapshot_absent,raw_provenance,SQLite rows exist,0,C,no local saved TotoBrief detail snapshot was found,
WARN,4132,9581,2024,immutable_result_snapshot_absent,drawing_result_snapshots,0,,C,no immutable result snapshot and no local RAW result evidence,
WARN,4133,9584,2024,raw_snapshot_absent,raw_provenance,SQLite rows exist,0,C,no local saved TotoBrief detail snapshot was found,
WARN,4133,9584,2024,immutable_result_snapshot_absent,drawing_result_snapshots,0,,C,no immutable result snapshot and no local RAW result evidence,
WARN,4134,9586,2024,raw_snapshot_absent,raw_provenance,SQLite rows exist,0,C,no local saved TotoBrief detail snapshot was found,
WARN,4134,9586,2024,immutable_result_snapshot_absent,drawing_result_snapshots,0,,C,no immutable result snapshot and no local RAW result evidence,
WARN,4135,9590,2024,raw_snapshot_absent,raw_provenance,SQLite rows exist,0,C,no local saved TotoBrief detail snapshot was found,
WARN,4135,9590,2024,immutable_result_snapshot_absent,drawing_result_snapshots,0,,C,no immutable result snapshot and no local RAW result evidence,
WARN,4136,9593,2024,raw_snapshot_absent,raw_provenance,SQLite rows exist,0,C,no local saved TotoBrief detail snapshot was found,
WARN,4136,9593,2024,immutable_result_snapshot_absent,drawing_result_snapshots,0,,C,no immutable result snapshot and no local RAW result evidence,
WARN,4137,9596,2024,raw_snapshot_absent,raw_provenance,SQLite rows exist,0,C,no local saved TotoBrief detail snapshot was found,
WARN,4137,9596,2024,immutable_result_snapshot_absent,drawing_result_snapshots,0,,C,no immutable result snapshot and no local RAW result evidence,
WARN,4138,9599,2024,raw_snapshot_absent,raw_provenance,SQLite rows exist,0,C,no local saved TotoBrief detail snapshot was found,
WARN,4138,9599,2024,immutable_result_snapshot_absent,drawing_result_snapshots,0,,C,no immutable result snapshot and no local RAW result evidence,
WARN,4139,9603,2024,raw_snapshot_absent,raw_provenance,SQLite rows exist,0,C,no local saved TotoBrief detail snapshot was found,
WARN,4139,9603,2024,immutable_result_snapshot_absent,drawing_result_snapshots,0,,C,no immutable result snapshot and no local RAW result evidence,
WARN,4140,9605,2024,raw_snapshot_absent,raw_provenance,SQLite rows exist,0,C,no local saved TotoBrief detail snapshot was found,
WARN,4140,9605,2024,immutable_result_snapshot_absent,drawing_result_snapshots,0,,C,no immutable result snapshot and no local RAW result evidence,
WARN,4141,9608,2024,raw_snapshot_absent,raw_provenance,SQLite rows exist,0,C,no local saved TotoBrief detail snapshot was found,
WARN,4141,9608,2024,immutable_result_snapshot_absent,drawing_result_snapshots,0,,C,no immutable result snapshot and no local RAW result evidence,
WARN,4142,9611,2024,raw_snapshot_absent,raw_provenance,SQLite rows exist,0,C,no local saved TotoBrief detail snapshot was found,
WARN,4142,9611,2024,immutable_result_snapshot_absent,drawing_result_snapshots,0,,C,no immutable result snapshot and no local RAW result evidence,
WARN,4143,9614,2024,raw_snapshot_absent,raw_provenance,SQLite rows exist,0,C,no local saved TotoBrief detail snapshot was found,
WARN,4143,9614,2024,immutable_result_snapshot_absent,drawing_result_snapshots,0,,C,no immutable result snapshot and no local RAW result evidence,
WARN,4144,9617,2024,raw_snapshot_absent,raw_provenance,SQLite rows exist,0,C,no local saved TotoBrief detail snapshot was found,
WARN,4144,9617,2024,immutable_result_snapshot_absent,drawing_result_snapshots,0,,C,no immutable result snapshot and no local RAW result evidence,
WARN,4145,9620,2024,raw_snapshot_absent,raw_provenance,SQLite rows exist,0,C,no local saved TotoBrief detail snapshot was found,
WARN,4145,9620,2024,immutable_result_snapshot_absent,drawing_result_snapshots,0,,C,no immutable result snapshot and no local RAW result evidence,
WARN,4146,9623,2024,raw_snapshot_absent,raw_provenance,SQLite rows exist,0,C,no local saved TotoBrief detail snapshot was found,
WARN,4146,9623,2024,immutable_result_snapshot_absent,drawing_result_snapshots,0,,C,no immutable result snapshot and no local RAW result evidence,
WARN,4147,9626,2024,raw_snapshot_absent,raw_provenance,SQLite rows exist,0,C,no local saved TotoBrief detail snapshot was found,
WARN,4147,9626,2024,immutable_result_snapshot_absent,drawing_result_snapshots,0,,C,no immutable result snapshot and no local RAW result evidence,
WARN,4148,9628,2024,raw_snapshot_absent,raw_provenance,SQLite rows exist,0,C,no local saved TotoBrief detail snapshot was found,
WARN,4148,9628,2024,immutable_result_snapshot_absent,drawing_result_snapshots,0,,C,no immutable result snapshot and no local RAW result evidence,
WARN,4149,9631,2024,raw_snapshot_absent,raw_provenance,SQLite rows exist,0,C,no local saved TotoBrief detail snapshot was found,
WARN,4149,9631,2024,immutable_result_snapshot_absent,drawing_result_snapshots,0,,C,no immutable result snapshot and no local RAW result evidence,
WARN,4150,9634,2024,raw_snapshot_absent,raw_provenance,SQLite rows exist,0,C,no local saved TotoBrief detail snapshot was found,
WARN,4150,9634,2024,immutable_result_snapshot_absent,drawing_result_snapshots,0,,C,no immutable result snapshot and no local RAW result evidence,
WARN,4151,9637,2024,raw_snapshot_absent,raw_provenance,SQLite rows exist,0,C,no local saved TotoBrief detail snapshot was found,
WARN,4151,9637,2024,immutable_result_snapshot_absent,drawing_result_snapshots,0,,C,no immutable result snapshot and no local RAW result evidence,
ERROR,4152,9640,2024,finished_results_incomplete,events.result,"resolved=14,void=0,missing=1,invalid=0",,C,no local RAW/API snapshot is available,
WARN,4152,9640,2024,raw_snapshot_absent,raw_provenance,SQLite rows exist,0,C,no local saved TotoBrief detail snapshot was found,
WARN,4152,9640,2024,immutable_result_snapshot_absent,drawing_result_snapshots,0,,C,no immutable result snapshot and no local RAW result evidence,
WARN,4153,9643,2024,raw_snapshot_absent,raw_provenance,SQLite rows exist,0,C,no local saved TotoBrief detail snapshot was found,
WARN,4153,9643,2024,immutable_result_snapshot_absent,drawing_result_snapshots,0,,C,no immutable result snapshot and no local RAW result evidence,
WARN,4154,9646,2024,raw_snapshot_absent,raw_provenance,SQLite rows exist,0,C,no local saved TotoBrief detail snapshot was found,
WARN,4154,9646,2024,immutable_result_snapshot_absent,drawing_result_snapshots,0,,C,no immutable result snapshot and no local RAW result evidence,
WARN,4155,9650,2024,raw_snapshot_absent,raw_provenance,SQLite rows exist,0,C,no local saved TotoBrief detail snapshot was found,
WARN,4155,9650,2024,immutable_result_snapshot_absent,drawing_result_snapshots,0,,C,no immutable result snapshot and no local RAW result evidence,
ERROR,4156,9652,2024,finished_results_incomplete,events.result,"resolved=14,void=0,missing=1,invalid=0",,C,no local RAW/API snapshot is available,
WARN,4156,9652,2024,raw_snapshot_absent,raw_provenance,SQLite rows exist,0,C,no local saved TotoBrief detail snapshot was found,
WARN,4156,9652,2024,immutable_result_snapshot_absent,drawing_result_snapshots,0,,C,no immutable result snapshot and no local RAW result evidence,
WARN,4157,9655,2024,raw_snapshot_absent,raw_provenance,SQLite rows exist,0,C,no local saved TotoBrief detail snapshot was found,
WARN,4157,9655,2024,immutable_result_snapshot_absent,drawing_result_snapshots,0,,C,no immutable result snapshot and no local RAW result evidence,
WARN,4158,9658,2024,raw_snapshot_absent,raw_provenance,SQLite rows exist,0,C,no local saved TotoBrief detail snapshot was found,
WARN,4158,9658,2024,immutable_result_snapshot_absent,drawing_result_snapshots,0,,C,no immutable result snapshot and no local RAW result evidence,
WARN,4159,9660,2024,raw_snapshot_absent,raw_provenance,SQLite rows exist,0,C,no local saved TotoBrief detail snapshot was found,
WARN,4159,9660,2024,immutable_result_snapshot_absent,drawing_result_snapshots,0,,C,no immutable result snapshot and no local RAW result evidence,
WARN,4160,9664,2024,raw_snapshot_absent,raw_provenance,SQLite rows exist,0,C,no local saved TotoBrief detail snapshot was found,
WARN,4160,9664,2024,immutable_result_snapshot_absent,drawing_result_snapshots,0,,C,no immutable result snapshot and no local RAW result evidence,
WARN,4161,9667,2024,raw_snapshot_absent,raw_provenance,SQLite rows exist,0,C,no local saved TotoBrief detail snapshot was found,
WARN,4161,9667,2024,immutable_result_snapshot_absent,drawing_result_snapshots,0,,C,no immutable result snapshot and no local RAW result evidence,
WARN,4162,9669,2024,raw_snapshot_absent,raw_provenance,SQLite rows exist,0,C,no local saved TotoBrief detail snapshot was found,
WARN,4162,9669,2024,immutable_result_snapshot_absent,drawing_result_snapshots,0,,C,no immutable result snapshot and no local RAW result evidence,
WARN,4163,9673,2024,raw_snapshot_absent,raw_provenance,SQLite rows exist,0,C,no local saved TotoBrief detail snapshot was found,
WARN,4163,9673,2024,immutable_result_snapshot_absent,drawing_result_snapshots,0,,C,no immutable result snapshot and no local RAW result evidence,
WARN,4164,9676,2024,raw_snapshot_absent,raw_provenance,SQLite rows exist,0,C,no local saved TotoBrief detail snapshot was found,
WARN,4164,9676,2024,immutable_result_snapshot_absent,drawing_result_snapshots,0,,C,no immutable result snapshot and no local RAW result evidence,
WARN,4165,9679,2024,raw_snapshot_absent,raw_provenance,SQLite rows exist,0,C,no local saved TotoBrief detail snapshot was found,
WARN,4165,9679,2024,immutable_result_snapshot_absent,drawing_result_snapshots,0,,C,no immutable result snapshot and no local RAW result evidence,
WARN,4166,9683,2024,raw_snapshot_absent,raw_provenance,SQLite rows exist,0,C,no local saved TotoBrief detail snapshot was found,
WARN,4166,9683,2024,immutable_result_snapshot_absent,drawing_result_snapshots,0,,C,no immutable result snapshot and no local RAW result evidence,
ERROR,4167,9686,2024,finished_results_incomplete,events.result,"resolved=14,void=0,missing=1,invalid=0",,C,no local RAW/API snapshot is available,
WARN,4167,9686,2024,raw_snapshot_absent,raw_provenance,SQLite rows exist,0,C,no local saved TotoBrief detail snapshot was found,
WARN,4167,9686,2024,immutable_result_snapshot_absent,drawing_result_snapshots,0,,C,no immutable result snapshot and no local RAW result evidence,
ERROR,4168,9688,2024,pool_quotes_incomplete,quotes.pool,0/15,,C,no local RAW/API snapshot is available,
WARN,4168,9688,2024,raw_snapshot_absent,raw_provenance,SQLite rows exist,0,C,no local saved TotoBrief detail snapshot was found,
WARN,4168,9688,2024,immutable_result_snapshot_absent,drawing_result_snapshots,0,,C,no immutable result snapshot and no local RAW result evidence,
WARN,4169,9690,2024,raw_snapshot_absent,raw_provenance,SQLite rows exist,0,C,no local saved TotoBrief detail snapshot was found,
WARN,4169,9690,2024,immutable_result_snapshot_absent,drawing_result_snapshots,0,,C,no immutable result snapshot and no local RAW result evidence,
WARN,4170,9694,2024,raw_snapshot_absent,raw_provenance,SQLite rows exist,0,C,no local saved TotoBrief detail snapshot was found,
WARN,4170,9694,2024,immutable_result_snapshot_absent,drawing_result_snapshots,0,,C,no immutable result snapshot and no local RAW result evidence,
WARN,4171,9697,2024,raw_snapshot_absent,raw_provenance,SQLite rows exist,0,C,no local saved TotoBrief detail snapshot was found,
WARN,4171,9697,2024,immutable_result_snapshot_absent,drawing_result_snapshots,0,,C,no immutable result snapshot and no local RAW result evidence,
WARN,4172,9700,2024,raw_snapshot_absent,raw_provenance,SQLite rows exist,0,C,no local saved TotoBrief detail snapshot was found,
WARN,4172,9700,2024,immutable_result_snapshot_absent,drawing_result_snapshots,0,,C,no immutable result snapshot and no local RAW result evidence,
ERROR,4173,9702,2024,pool_quotes_incomplete,quotes.pool,0/15,,C,no local RAW/API snapshot is available,
WARN,4173,9702,2024,raw_snapshot_absent,raw_provenance,SQLite rows exist,0,C,no local saved TotoBrief detail snapshot was found,
WARN,4173,9702,2024,immutable_result_snapshot_absent,drawing_result_snapshots,0,,C,no immutable result snapshot and no local RAW result evidence,
WARN,4174,9706,2024,raw_snapshot_absent,raw_provenance,SQLite rows exist,0,C,no local saved TotoBrief detail snapshot was found,
WARN,4174,9706,2024,immutable_result_snapshot_absent,drawing_result_snapshots,0,,C,no immutable result snapshot and no local RAW result evidence,
ERROR,4175,9709,2024,pool_quotes_incomplete,quotes.pool,0/15,,C,no local RAW/API snapshot is available,
ERROR,4175,9709,2024,finished_results_incomplete,events.result,"resolved=14,void=0,missing=1,invalid=0",,C,no local RAW/API snapshot is available,
WARN,4175,9709,2024,raw_snapshot_absent,raw_provenance,SQLite rows exist,0,C,no local saved TotoBrief detail snapshot was found,
WARN,4175,9709,2024,immutable_result_snapshot_absent,drawing_result_snapshots,0,,C,no immutable result snapshot and no local RAW result evidence,
WARN,4176,9711,2024,raw_snapshot_absent,raw_provenance,SQLite rows exist,0,C,no local saved TotoBrief detail snapshot was found,
WARN,4176,9711,2024,immutable_result_snapshot_absent,drawing_result_snapshots,0,,C,no immutable result snapshot and no local RAW result evidence,
WARN,4177,9715,2024,raw_snapshot_absent,raw_provenance,SQLite rows exist,0,C,no local saved TotoBrief detail snapshot was found,
WARN,4177,9715,2024,immutable_result_snapshot_absent,drawing_result_snapshots,0,,C,no immutable result snapshot and no local RAW result evidence,
WARN,4178,9718,2024,raw_snapshot_absent,raw_provenance,SQLite rows exist,0,C,no local saved TotoBrief detail snapshot was found,
WARN,4178,9718,2024,immutable_result_snapshot_absent,drawing_result_snapshots,0,,C,no immutable result snapshot and no local RAW result evidence,
WARN,4179,9722,2024,raw_snapshot_absent,raw_provenance,SQLite rows exist,0,C,no local saved TotoBrief detail snapshot was found,
WARN,4179,9722,2024,immutable_result_snapshot_absent,drawing_result_snapshots,0,,C,no immutable result snapshot and no local RAW result evidence,
ERROR,4180,9723,2024,pool_quotes_incomplete,quotes.pool,0/15,,C,no local RAW/API snapshot is available,
WARN,4180,9723,2024,raw_snapshot_absent,raw_provenance,SQLite rows exist,0,C,no local saved TotoBrief detail snapshot was found,
WARN,4180,9723,2024,immutable_result_snapshot_absent,drawing_result_snapshots,0,,C,no immutable result snapshot and no local RAW result evidence,
WARN,4181,9727,2024,raw_snapshot_absent,raw_provenance,SQLite rows exist,0,C,no local saved TotoBrief detail snapshot was found,
WARN,4181,9727,2024,immutable_result_snapshot_absent,drawing_result_snapshots,0,,C,no immutable result snapshot and no local RAW result evidence,
ERROR,4182,9729,2024,pool_quotes_incomplete,quotes.pool,0/15,,C,no local RAW/API snapshot is available,
WARN,4182,9729,2024,raw_snapshot_absent,raw_provenance,SQLite rows exist,0,C,no local saved TotoBrief detail snapshot was found,
WARN,4182,9729,2024,immutable_result_snapshot_absent,drawing_result_snapshots,0,,C,no immutable result snapshot and no local RAW result evidence,
WARN,4183,9732,2024,raw_snapshot_absent,raw_provenance,SQLite rows exist,0,C,no local saved TotoBrief detail snapshot was found,
WARN,4183,9732,2024,immutable_result_snapshot_absent,drawing_result_snapshots,0,,C,no immutable result snapshot and no local RAW result evidence,
WARN,4184,9736,2024,raw_snapshot_absent,raw_provenance,SQLite rows exist,0,C,no local saved TotoBrief detail snapshot was found,
WARN,4184,9736,2024,immutable_result_snapshot_absent,drawing_result_snapshots,0,,C,no immutable result snapshot and no local RAW result evidence,
WARN,4185,9739,2024,raw_snapshot_absent,raw_provenance,SQLite rows exist,0,C,no local saved TotoBrief detail snapshot was found,
WARN,4185,9739,2024,immutable_result_snapshot_absent,drawing_result_snapshots,0,,C,no immutable result snapshot and no local RAW result evidence,
ERROR,4186,9743,2024,finished_results_incomplete,events.result,"resolved=14,void=0,missing=1,invalid=0",,C,no local RAW/API snapshot is available,
WARN,4186,9743,2024,raw_snapshot_absent,raw_provenance,SQLite rows exist,0,C,no local saved TotoBrief detail snapshot was found,
WARN,4186,9743,2024,immutable_result_snapshot_absent,drawing_result_snapshots,0,,C,no immutable result snapshot and no local RAW result evidence,
WARN,4187,9744,2024,raw_snapshot_absent,raw_provenance,SQLite rows exist,0,C,no local saved TotoBrief detail snapshot was found,
WARN,4187,9744,2024,immutable_result_snapshot_absent,drawing_result_snapshots,0,,C,no immutable result snapshot and no local RAW result evidence,
WARN,4188,9747,2024,raw_snapshot_absent,raw_provenance,SQLite rows exist,0,C,no local saved TotoBrief detail snapshot was found,
WARN,4188,9747,2024,immutable_result_snapshot_absent,drawing_result_snapshots,0,,C,no immutable result snapshot and no local RAW result evidence,
ERROR,4189,9750,2024,pool_quotes_incomplete,quotes.pool,0/15,,C,no local RAW/API snapshot is available,
WARN,4189,9750,2024,raw_snapshot_absent,raw_provenance,SQLite rows exist,0,C,no local saved TotoBrief detail snapshot was found,
WARN,4189,9750,2024,immutable_result_snapshot_absent,drawing_result_snapshots,0,,C,no immutable result snapshot and no local RAW result evidence,
WARN,4190,9753,2024,raw_snapshot_absent,raw_provenance,SQLite rows exist,0,C,no local saved TotoBrief detail snapshot was found,
WARN,4190,9753,2024,immutable_result_snapshot_absent,drawing_result_snapshots,0,,C,no immutable result snapshot and no local RAW result evidence,
WARN,4191,9755,2024,raw_snapshot_absent,raw_provenance,SQLite rows exist,0,C,no local saved TotoBrief detail snapshot was found,
WARN,4191,9755,2024,immutable_result_snapshot_absent,drawing_result_snapshots,0,,C,no immutable result snapshot and no local RAW result evidence,
WARN,4192,9758,2024,raw_snapshot_absent,raw_provenance,SQLite rows exist,0,C,no local saved TotoBrief detail snapshot was found,
WARN,4192,9758,2024,immutable_result_snapshot_absent,drawing_result_snapshots,0,,C,no immutable result snapshot and no local RAW result evidence,
WARN,4193,9760,2024,raw_snapshot_absent,raw_provenance,SQLite rows exist,0,C,no local saved TotoBrief detail snapshot was found,
WARN,4193,9760,2024,immutable_result_snapshot_absent,drawing_result_snapshots,0,,C,no immutable result snapshot and no local RAW result evidence,
ERROR,4194,9763,2024,pool_quotes_incomplete,quotes.pool,0/15,,C,no local RAW/API snapshot is available,
WARN,4194,9763,2024,raw_snapshot_absent,raw_provenance,SQLite rows exist,0,C,no local saved TotoBrief detail snapshot was found,
WARN,4194,9763,2024,immutable_result_snapshot_absent,drawing_result_snapshots,0,,C,no immutable result snapshot and no local RAW result evidence,
WARN,4195,9766,2024,raw_snapshot_absent,raw_provenance,SQLite rows exist,0,C,no local saved TotoBrief detail snapshot was found,
WARN,4195,9766,2024,immutable_result_snapshot_absent,drawing_result_snapshots,0,,C,no immutable result snapshot and no local RAW result evidence,
WARN,4196,9769,2024,raw_snapshot_absent,raw_provenance,SQLite rows exist,0,C,no local saved TotoBrief detail snapshot was found,
WARN,4196,9769,2024,immutable_result_snapshot_absent,drawing_result_snapshots,0,,C,no immutable result snapshot and no local RAW result evidence,
WARN,4197,9773,2024,raw_snapshot_absent,raw_provenance,SQLite rows exist,0,C,no local saved TotoBrief detail snapshot was found,
WARN,4197,9773,2024,immutable_result_snapshot_absent,drawing_result_snapshots,0,,C,no immutable result snapshot and no local RAW result evidence,
WARN,4198,9775,2024,raw_snapshot_absent,raw_provenance,SQLite rows exist,0,C,no local saved TotoBrief detail snapshot was found,
WARN,4198,9775,2024,immutable_result_snapshot_absent,drawing_result_snapshots,0,,C,no immutable result snapshot and no local RAW result evidence,
WARN,4199,9776,2024,raw_snapshot_absent,raw_provenance,SQLite rows exist,0,C,no local saved TotoBrief detail snapshot was found,
WARN,4199,9776,2024,immutable_result_snapshot_absent,drawing_result_snapshots,0,,C,no immutable result snapshot and no local RAW result evidence,
WARN,4200,9779,2024,raw_snapshot_absent,raw_provenance,SQLite rows exist,0,C,no local saved TotoBrief detail snapshot was found,
WARN,4200,9779,2024,immutable_result_snapshot_absent,drawing_result_snapshots,0,,C,no immutable result snapshot and no local RAW result evidence,
WARN,4201,9783,2024,raw_snapshot_absent,raw_provenance,SQLite rows exist,0,C,no local saved TotoBrief detail snapshot was found,
WARN,4201,9783,2024,immutable_result_snapshot_absent,drawing_result_snapshots,0,,C,no immutable result snapshot and no local RAW result evidence,
ERROR,4202,9784,2024,pool_quotes_incomplete,quotes.pool,0/15,,C,no local RAW/API snapshot is available,
WARN,4202,9784,2024,raw_snapshot_absent,raw_provenance,SQLite rows exist,0,C,no local saved TotoBrief detail snapshot was found,
WARN,4202,9784,2024,immutable_result_snapshot_absent,drawing_result_snapshots,0,,C,no immutable result snapshot and no local RAW result evidence,
WARN,4203,9787,2024,raw_snapshot_absent,raw_provenance,SQLite rows exist,0,C,no local saved TotoBrief detail snapshot was found,
WARN,4203,9787,2024,immutable_result_snapshot_absent,drawing_result_snapshots,0,,C,no immutable result snapshot and no local RAW result evidence,
WARN,4204,9789,2024,raw_snapshot_absent,raw_provenance,SQLite rows exist,0,C,no local saved TotoBrief detail snapshot was found,
WARN,4204,9789,2024,immutable_result_snapshot_absent,drawing_result_snapshots,0,,C,no immutable result snapshot and no local RAW result evidence,
WARN,4205,9792,2024,raw_snapshot_absent,raw_provenance,SQLite rows exist,0,C,no local saved TotoBrief detail snapshot was found,
WARN,4205,9792,2024,immutable_result_snapshot_absent,drawing_result_snapshots,0,,C,no immutable result snapshot and no local RAW result evidence,
WARN,4206,9795,2024,raw_snapshot_absent,raw_provenance,SQLite rows exist,0,C,no local saved TotoBrief detail snapshot was found,
WARN,4206,9795,2024,immutable_result_snapshot_absent,drawing_result_snapshots,0,,C,no immutable result snapshot and no local RAW result evidence,
ERROR,4207,9796,2024,pool_quotes_incomplete,quotes.pool,0/15,,C,no local RAW/API snapshot is available,
WARN,4207,9796,2024,raw_snapshot_absent,raw_provenance,SQLite rows exist,0,C,no local saved TotoBrief detail snapshot was found,
WARN,4207,9796,2024,immutable_result_snapshot_absent,drawing_result_snapshots,0,,C,no immutable result snapshot and no local RAW result evidence,
WARN,4208,9800,2024,raw_snapshot_absent,raw_provenance,SQLite rows exist,0,C,no local saved TotoBrief detail snapshot was found,
WARN,4208,9800,2024,immutable_result_snapshot_absent,drawing_result_snapshots,0,,C,no immutable result snapshot and no local RAW result evidence,
ERROR,4209,9803,2024,pool_quotes_incomplete,quotes.pool,0/15,,C,no local RAW/API snapshot is available,
WARN,4209,9803,2024,raw_snapshot_absent,raw_provenance,SQLite rows exist,0,C,no local saved TotoBrief detail snapshot was found,
WARN,4209,9803,2024,immutable_result_snapshot_absent,drawing_result_snapshots,0,,C,no immutable result snapshot and no local RAW result evidence,
ERROR,4210,9804,2024,pool_quotes_incomplete,quotes.pool,0/15,,C,no local RAW/API snapshot is available,
WARN,4210,9804,2024,raw_snapshot_absent,raw_provenance,SQLite rows exist,0,C,no local saved TotoBrief detail snapshot was found,
WARN,4210,9804,2024,immutable_result_snapshot_absent,drawing_result_snapshots,0,,C,no immutable result snapshot and no local RAW result evidence,
WARN,4211,9807,2024,raw_snapshot_absent,raw_provenance,SQLite rows exist,0,C,no local saved TotoBrief detail snapshot was found,
WARN,4211,9807,2024,immutable_result_snapshot_absent,drawing_result_snapshots,0,,C,no immutable result snapshot and no local RAW result evidence,
WARN,4212,9809,2024,raw_snapshot_absent,raw_provenance,SQLite rows exist,0,C,no local saved TotoBrief detail snapshot was found,
WARN,4212,9809,2024,immutable_result_snapshot_absent,drawing_result_snapshots,0,,C,no immutable result snapshot and no local RAW result evidence,
WARN,4213,9811,2024,raw_snapshot_absent,raw_provenance,SQLite rows exist,0,C,no local saved TotoBrief detail snapshot was found,
WARN,4213,9811,2024,immutable_result_snapshot_absent,drawing_result_snapshots,0,,C,no immutable result snapshot and no local RAW result evidence,
ERROR,4214,9815,2024,pool_quotes_incomplete,quotes.pool,0/15,,C,no local RAW/API snapshot is available,
ERROR,4214,9815,2024,finished_results_incomplete,events.result,"resolved=14,void=0,missing=1,invalid=0",,C,no local RAW/API snapshot is available,
WARN,4214,9815,2024,raw_snapshot_absent,raw_provenance,SQLite rows exist,0,C,no local saved TotoBrief detail snapshot was found,
WARN,4214,9815,2024,immutable_result_snapshot_absent,drawing_result_snapshots,0,,C,no immutable result snapshot and no local RAW result evidence,
ERROR,4215,9817,2024,pool_quotes_incomplete,quotes.pool,0/15,,C,no local RAW/API snapshot is available,
WARN,4215,9817,2024,raw_snapshot_absent,raw_provenance,SQLite rows exist,0,C,no local saved TotoBrief detail snapshot was found,
WARN,4215,9817,2024,immutable_result_snapshot_absent,drawing_result_snapshots,0,,C,no immutable result snapshot and no local RAW result evidence,
WARN,4216,9820,2024,raw_snapshot_absent,raw_provenance,SQLite rows exist,0,C,no local saved TotoBrief detail snapshot was found,
WARN,4216,9820,2024,immutable_result_snapshot_absent,drawing_result_snapshots,0,,C,no immutable result snapshot and no local RAW result evidence,
ERROR,4217,9824,2024,pool_quotes_incomplete,quotes.pool,0/15,,C,no local RAW/API snapshot is available,
WARN,4217,9824,2024,raw_snapshot_absent,raw_provenance,SQLite rows exist,0,C,no local saved TotoBrief detail snapshot was found,
WARN,4217,9824,2024,immutable_result_snapshot_absent,drawing_result_snapshots,0,,C,no immutable result snapshot and no local RAW result evidence,
WARN,4218,9825,2024,raw_snapshot_absent,raw_provenance,SQLite rows exist,0,C,no local saved TotoBrief detail snapshot was found,
WARN,4218,9825,2024,immutable_result_snapshot_absent,drawing_result_snapshots,0,,C,no immutable result snapshot and no local RAW result evidence,
ERROR,4219,9828,2024,finished_results_incomplete,events.result,"resolved=14,void=0,missing=1,invalid=0",,C,no local RAW/API snapshot is available,
WARN,4219,9828,2024,raw_snapshot_absent,raw_provenance,SQLite rows exist,0,C,no local saved TotoBrief detail snapshot was found,
WARN,4219,9828,2024,immutable_result_snapshot_absent,drawing_result_snapshots,0,,C,no immutable result snapshot and no local RAW result evidence,
WARN,4220,9831,2024,raw_snapshot_absent,raw_provenance,SQLite rows exist,0,C,no local saved TotoBrief detail snapshot was found,
WARN,4220,9831,2024,immutable_result_snapshot_absent,drawing_result_snapshots,0,,C,no immutable result snapshot and no local RAW result evidence,
WARN,4221,9834,2024,raw_snapshot_absent,raw_provenance,SQLite rows exist,0,C,no local saved TotoBrief detail snapshot was found,
WARN,4221,9834,2024,immutable_result_snapshot_absent,drawing_result_snapshots,0,,C,no immutable result snapshot and no local RAW result evidence,
WARN,4222,9836,2024,raw_snapshot_absent,raw_provenance,SQLite rows exist,0,C,no local saved TotoBrief detail snapshot was found,
WARN,4222,9836,2024,immutable_result_snapshot_absent,drawing_result_snapshots,0,,C,no immutable result snapshot and no local RAW result evidence,
ERROR,4223,9839,2024,pool_quotes_incomplete,quotes.pool,0/15,,C,no local RAW/API snapshot is available,
WARN,4223,9839,2024,raw_snapshot_absent,raw_provenance,SQLite rows exist,0,C,no local saved TotoBrief detail snapshot was found,
WARN,4223,9839,2024,immutable_result_snapshot_absent,drawing_result_snapshots,0,,C,no immutable result snapshot and no local RAW result evidence,
WARN,4224,9842,2024,raw_snapshot_absent,raw_provenance,SQLite rows exist,0,C,no local saved TotoBrief detail snapshot was found,
WARN,4224,9842,2024,immutable_result_snapshot_absent,drawing_result_snapshots,0,,C,no immutable result snapshot and no local RAW result evidence,
WARN,4225,9845,2024,raw_snapshot_absent,raw_provenance,SQLite rows exist,0,C,no local saved TotoBrief detail snapshot was found,
WARN,4225,9845,2024,immutable_result_snapshot_absent,drawing_result_snapshots,0,,C,no immutable result snapshot and no local RAW result evidence,
ERROR,4226,9849,2024,finished_results_incomplete,events.result,"resolved=14,void=0,missing=1,invalid=0",,C,no local RAW/API snapshot is available,
WARN,4226,9849,2024,raw_snapshot_absent,raw_provenance,SQLite rows exist,0,C,no local saved TotoBrief detail snapshot was found,
WARN,4226,9849,2024,immutable_result_snapshot_absent,drawing_result_snapshots,0,,C,no immutable result snapshot and no local RAW result evidence,
WARN,4227,9851,2024,raw_snapshot_absent,raw_provenance,SQLite rows exist,0,C,no local saved TotoBrief detail snapshot was found,
WARN,4227,9851,2024,immutable_result_snapshot_absent,drawing_result_snapshots,0,,C,no immutable result snapshot and no local RAW result evidence,
ERROR,4228,9854,2024,pool_quotes_incomplete,quotes.pool,0/15,,C,no local RAW/API snapshot is available,
WARN,4228,9854,2024,raw_snapshot_absent,raw_provenance,SQLite rows exist,0,C,no local saved TotoBrief detail snapshot was found,
WARN,4228,9854,2024,immutable_result_snapshot_absent,drawing_result_snapshots,0,,C,no immutable result snapshot and no local RAW result evidence,
WARN,4229,9858,2024,raw_snapshot_absent,raw_provenance,SQLite rows exist,0,C,no local saved TotoBrief detail snapshot was found,
WARN,4229,9858,2024,immutable_result_snapshot_absent,drawing_result_snapshots,0,,C,no immutable result snapshot and no local RAW result evidence,
ERROR,4230,9860,2024,pool_quotes_incomplete,quotes.pool,0/15,,C,no local RAW/API snapshot is available,
WARN,4230,9860,2024,raw_snapshot_absent,raw_provenance,SQLite rows exist,0,C,no local saved TotoBrief detail snapshot was found,
WARN,4230,9860,2024,immutable_result_snapshot_absent,drawing_result_snapshots,0,,C,no immutable result snapshot and no local RAW result evidence,
WARN,4231,9863,2024,raw_snapshot_absent,raw_provenance,SQLite rows exist,0,C,no local saved TotoBrief detail snapshot was found,
WARN,4231,9863,2024,immutable_result_snapshot_absent,drawing_result_snapshots,0,,C,no immutable result snapshot and no local RAW result evidence,
WARN,4232,9866,2024,raw_snapshot_absent,raw_provenance,SQLite rows exist,0,C,no local saved TotoBrief detail snapshot was found,
WARN,4232,9866,2024,immutable_result_snapshot_absent,drawing_result_snapshots,0,,C,no immutable result snapshot and no local RAW result evidence,
ERROR,4233,9868,2024,finished_results_incomplete,events.result,"resolved=14,void=0,missing=1,invalid=0",,C,no local RAW/API snapshot is available,
WARN,4233,9868,2024,raw_snapshot_absent,raw_provenance,SQLite rows exist,0,C,no local saved TotoBrief detail snapshot was found,
WARN,4233,9868,2024,immutable_result_snapshot_absent,drawing_result_snapshots,0,,C,no immutable result snapshot and no local RAW result evidence,
WARN,4234,9871,2024,raw_snapshot_absent,raw_provenance,SQLite rows exist,0,C,no local saved TotoBrief detail snapshot was found,
WARN,4234,9871,2024,immutable_result_snapshot_absent,drawing_result_snapshots,0,,C,no immutable result snapshot and no local RAW result evidence,
ERROR,4235,9876,2024,pool_quotes_incomplete,quotes.pool,0/15,,C,no local RAW/API snapshot is available,
WARN,4235,9876,2024,raw_snapshot_absent,raw_provenance,SQLite rows exist,0,C,no local saved TotoBrief detail snapshot was found,
WARN,4235,9876,2024,immutable_result_snapshot_absent,drawing_result_snapshots,0,,C,no immutable result snapshot and no local RAW result evidence,
WARN,4236,9878,2024,raw_snapshot_absent,raw_provenance,SQLite rows exist,0,C,no local saved TotoBrief detail snapshot was found,
WARN,4236,9878,2024,immutable_result_snapshot_absent,drawing_result_snapshots,0,,C,no immutable result snapshot and no local RAW result evidence,
WARN,4237,9880,2024,raw_snapshot_absent,raw_provenance,SQLite rows exist,0,C,no local saved TotoBrief detail snapshot was found,
WARN,4237,9880,2024,immutable_result_snapshot_absent,drawing_result_snapshots,0,,C,no immutable result snapshot and no local RAW result evidence,
ERROR,4238,9883,2024,pool_quotes_incomplete,quotes.pool,0/15,,C,no local RAW/API snapshot is available,
WARN,4238,9883,2024,raw_snapshot_absent,raw_provenance,SQLite rows exist,0,C,no local saved TotoBrief detail snapshot was found,
WARN,4238,9883,2024,immutable_result_snapshot_absent,drawing_result_snapshots,0,,C,no immutable result snapshot and no local RAW result evidence,
WARN,4239,9886,2024,raw_snapshot_absent,raw_provenance,SQLite rows exist,0,C,no local saved TotoBrief detail snapshot was found,
WARN,4239,9886,2024,immutable_result_snapshot_absent,drawing_result_snapshots,0,,C,no immutable result snapshot and no local RAW result evidence,
WARN,4240,9889,2024,raw_snapshot_absent,raw_provenance,SQLite rows exist,0,C,no local saved TotoBrief detail snapshot was found,
WARN,4240,9889,2024,immutable_result_snapshot_absent,drawing_result_snapshots,0,,C,no immutable result snapshot and no local RAW result evidence,
WARN,4241,9893,2024,raw_snapshot_absent,raw_provenance,SQLite rows exist,0,C,no local saved TotoBrief detail snapshot was found,
WARN,4241,9893,2024,immutable_result_snapshot_absent,drawing_result_snapshots,0,,C,no immutable result snapshot and no local RAW result evidence,
WARN,4242,9896,2024,raw_snapshot_absent,raw_provenance,SQLite rows exist,0,C,no local saved TotoBrief detail snapshot was found,
WARN,4242,9896,2024,immutable_result_snapshot_absent,drawing_result_snapshots,0,,C,no immutable result snapshot and no local RAW result evidence,
WARN,4243,9899,2024,raw_snapshot_absent,raw_provenance,SQLite rows exist,0,C,no local saved TotoBrief detail snapshot was found,
WARN,4243,9899,2024,immutable_result_snapshot_absent,drawing_result_snapshots,0,,C,no immutable result snapshot and no local RAW result evidence,
ERROR,4244,9900,2024,pool_quotes_incomplete,quotes.pool,0/15,,C,no local RAW/API snapshot is available,
ERROR,4244,9900,2024,finished_results_incomplete,events.result,"resolved=14,void=0,missing=1,invalid=0",,C,no local RAW/API snapshot is available,
WARN,4244,9900,2024,raw_snapshot_absent,raw_provenance,SQLite rows exist,0,C,no local saved TotoBrief detail snapshot was found,
WARN,4244,9900,2024,immutable_result_snapshot_absent,drawing_result_snapshots,0,,C,no immutable result snapshot and no local RAW result evidence,
WARN,4245,9904,2024,raw_snapshot_absent,raw_provenance,SQLite rows exist,0,C,no local saved TotoBrief detail snapshot was found,
WARN,4245,9904,2024,immutable_result_snapshot_absent,drawing_result_snapshots,0,,C,no immutable result snapshot and no local RAW result evidence,
WARN,4246,9906,2024,raw_snapshot_absent,raw_provenance,SQLite rows exist,0,C,no local saved TotoBrief detail snapshot was found,
WARN,4246,9906,2024,immutable_result_snapshot_absent,drawing_result_snapshots,0,,C,no immutable result snapshot and no local RAW result evidence,
WARN,4247,9909,2024,raw_snapshot_absent,raw_provenance,SQLite rows exist,0,C,no local saved TotoBrief detail snapshot was found,
WARN,4247,9909,2024,immutable_result_snapshot_absent,drawing_result_snapshots,0,,C,no immutable result snapshot and no local RAW result evidence,
WARN,4248,9911,2024,raw_snapshot_absent,raw_provenance,SQLite rows exist,0,C,no local saved TotoBrief detail snapshot was found,
WARN,4248,9911,2024,immutable_result_snapshot_absent,drawing_result_snapshots,0,,C,no immutable result snapshot and no local RAW result evidence,
WARN,4249,9916,2024,raw_snapshot_absent,raw_provenance,SQLite rows exist,0,C,no local saved TotoBrief detail snapshot was found,
WARN,4249,9916,2024,immutable_result_snapshot_absent,drawing_result_snapshots,0,,C,no immutable result snapshot and no local RAW result evidence,
WARN,4250,9919,2024,raw_snapshot_absent,raw_provenance,SQLite rows exist,0,C,no local saved TotoBrief detail snapshot was found,
WARN,4250,9919,2024,immutable_result_snapshot_absent,drawing_result_snapshots,0,,C,no immutable result snapshot and no local RAW result evidence,
WARN,4251,9920,2024,raw_snapshot_absent,raw_provenance,SQLite rows exist,0,C,no local saved TotoBrief detail snapshot was found,
WARN,4251,9920,2024,immutable_result_snapshot_absent,drawing_result_snapshots,0,,C,no immutable result snapshot and no local RAW result evidence,
WARN,4252,9923,2024,raw_snapshot_absent,raw_provenance,SQLite rows exist,0,C,no local saved TotoBrief detail snapshot was found,
WARN,4252,9923,2024,immutable_result_snapshot_absent,drawing_result_snapshots,0,,C,no immutable result snapshot and no local RAW result evidence,
WARN,4253,9926,2024,raw_snapshot_absent,raw_provenance,SQLite rows exist,0,C,no local saved TotoBrief detail snapshot was found,
WARN,4253,9926,2024,immutable_result_snapshot_absent,drawing_result_snapshots,0,,C,no immutable result snapshot and no local RAW result evidence,
WARN,4254,9930,2024,raw_snapshot_absent,raw_provenance,SQLite rows exist,0,C,no local saved TotoBrief detail snapshot was found,
WARN,4254,9930,2024,immutable_result_snapshot_absent,drawing_result_snapshots,0,,C,no immutable result snapshot and no local RAW result evidence,
WARN,4255,9932,2024,raw_snapshot_absent,raw_provenance,SQLite rows exist,0,C,no local saved TotoBrief detail snapshot was found,
WARN,4255,9932,2024,immutable_result_snapshot_absent,drawing_result_snapshots,0,,C,no immutable result snapshot and no local RAW result evidence,
WARN,4256,9936,2024,raw_snapshot_absent,raw_provenance,SQLite rows exist,0,C,no local saved TotoBrief detail snapshot was found,
WARN,4256,9936,2024,immutable_result_snapshot_absent,drawing_result_snapshots,0,,C,no immutable result snapshot and no local RAW result evidence,
WARN,4257,9939,2024,raw_snapshot_absent,raw_provenance,SQLite rows exist,0,C,no local saved TotoBrief detail snapshot was found,
WARN,4257,9939,2024,immutable_result_snapshot_absent,drawing_result_snapshots,0,,C,no immutable result snapshot and no local RAW result evidence,
WARN,4258,9942,2024,raw_snapshot_absent,raw_provenance,SQLite rows exist,0,C,no local saved TotoBrief detail snapshot was found,
WARN,4258,9942,2024,immutable_result_snapshot_absent,drawing_result_snapshots,0,,C,no immutable result snapshot and no local RAW result evidence,
WARN,4259,9945,2024,raw_snapshot_absent,raw_provenance,SQLite rows exist,0,C,no local saved TotoBrief detail snapshot was found,
WARN,4259,9945,2024,immutable_result_snapshot_absent,drawing_result_snapshots,0,,C,no immutable result snapshot and no local RAW result evidence,
WARN,4260,9947,2024,raw_snapshot_absent,raw_provenance,SQLite rows exist,0,C,no local saved TotoBrief detail snapshot was found,
WARN,4260,9947,2024,immutable_result_snapshot_absent,drawing_result_snapshots,0,,C,no immutable result snapshot and no local RAW result evidence,
WARN,4261,9950,2024,raw_snapshot_absent,raw_provenance,SQLite rows exist,0,C,no local saved TotoBrief detail snapshot was found,
WARN,4261,9950,2024,immutable_result_snapshot_absent,drawing_result_snapshots,0,,C,no immutable result snapshot and no local RAW result evidence,
WARN,4262,9954,2024,raw_snapshot_absent,raw_provenance,SQLite rows exist,0,C,no local saved TotoBrief detail snapshot was found,
WARN,4262,9954,2024,immutable_result_snapshot_absent,drawing_result_snapshots,0,,C,no immutable result snapshot and no local RAW result evidence,
WARN,4263,9957,2024,raw_snapshot_absent,raw_provenance,SQLite rows exist,0,C,no local saved TotoBrief detail snapshot was found,
WARN,4263,9957,2024,immutable_result_snapshot_absent,drawing_result_snapshots,0,,C,no immutable result snapshot and no local RAW result evidence,
WARN,4264,9960,2024,raw_snapshot_absent,raw_provenance,SQLite rows exist,0,C,no local saved TotoBrief detail snapshot was found,
WARN,4264,9960,2024,immutable_result_snapshot_absent,drawing_result_snapshots,0,,C,no immutable result snapshot and no local RAW result evidence,
ERROR,4265,9963,2024,finished_results_incomplete,events.result,"resolved=12,void=0,missing=3,invalid=0",,C,no local RAW/API snapshot is available,
WARN,4265,9963,2024,raw_snapshot_absent,raw_provenance,SQLite rows exist,0,C,no local saved TotoBrief detail snapshot was found,
WARN,4265,9963,2024,immutable_result_snapshot_absent,drawing_result_snapshots,0,,C,no immutable result snapshot and no local RAW result evidence,
WARN,4266,9967,2024,raw_snapshot_absent,raw_provenance,SQLite rows exist,0,C,no local saved TotoBrief detail snapshot was found,
WARN,4266,9967,2024,immutable_result_snapshot_absent,drawing_result_snapshots,0,,C,no immutable result snapshot and no local RAW result evidence,
WARN,4267,9970,2024,raw_snapshot_absent,raw_provenance,SQLite rows exist,0,C,no local saved TotoBrief detail snapshot was found,
WARN,4267,9970,2024,immutable_result_snapshot_absent,drawing_result_snapshots,0,,C,no immutable result snapshot and no local RAW result evidence,
WARN,4268,9972,2024,raw_snapshot_absent,raw_provenance,SQLite rows exist,0,C,no local saved TotoBrief detail snapshot was found,
WARN,4268,9972,2024,immutable_result_snapshot_absent,drawing_result_snapshots,0,,C,no immutable result snapshot and no local RAW result evidence,
WARN,4269,9974,2024,raw_snapshot_absent,raw_provenance,SQLite rows exist,0,C,no local saved TotoBrief detail snapshot was found,
WARN,4269,9974,2024,immutable_result_snapshot_absent,drawing_result_snapshots,0,,C,no immutable result snapshot and no local RAW result evidence,
WARN,4270,9978,2024,raw_snapshot_absent,raw_provenance,SQLite rows exist,0,C,no local saved TotoBrief detail snapshot was found,
WARN,4270,9978,2024,immutable_result_snapshot_absent,drawing_result_snapshots,0,,C,no immutable result snapshot and no local RAW result evidence,
WARN,4271,9982,2024,raw_snapshot_absent,raw_provenance,SQLite rows exist,0,C,no local saved TotoBrief detail snapshot was found,
WARN,4271,9982,2024,immutable_result_snapshot_absent,drawing_result_snapshots,0,,C,no immutable result snapshot and no local RAW result evidence,
WARN,4272,9984,2024,raw_snapshot_absent,raw_provenance,SQLite rows exist,0,C,no local saved TotoBrief detail snapshot was found,
WARN,4272,9984,2024,immutable_result_snapshot_absent,drawing_result_snapshots,0,,C,no immutable result snapshot and no local RAW result evidence,
ERROR,4273,9988,2024,finished_results_incomplete,events.result,"resolved=14,void=0,missing=1,invalid=0",,C,no local RAW/API snapshot is available,
WARN,4273,9988,2024,raw_snapshot_absent,raw_provenance,SQLite rows exist,0,C,no local saved TotoBrief detail snapshot was found,
WARN,4273,9988,2024,immutable_result_snapshot_absent,drawing_result_snapshots,0,,C,no immutable result snapshot and no local RAW result evidence,
ERROR,4274,9989,2024,finished_results_incomplete,events.result,"resolved=13,void=0,missing=2,invalid=0",,C,no local RAW/API snapshot is available,
WARN,4274,9989,2024,raw_snapshot_absent,raw_provenance,SQLite rows exist,0,C,no local saved TotoBrief detail snapshot was found,
WARN,4274,9989,2024,immutable_result_snapshot_absent,drawing_result_snapshots,0,,C,no immutable result snapshot and no local RAW result evidence,
WARN,4275,9993,2024,raw_snapshot_absent,raw_provenance,SQLite rows exist,0,C,no local saved TotoBrief detail snapshot was found,
WARN,4275,9993,2024,immutable_result_snapshot_absent,drawing_result_snapshots,0,,C,no immutable result snapshot and no local RAW result evidence,
WARN,4276,9996,2024,raw_snapshot_absent,raw_provenance,SQLite rows exist,0,C,no local saved TotoBrief detail snapshot was found,
WARN,4276,9996,2024,immutable_result_snapshot_absent,drawing_result_snapshots,0,,C,no immutable result snapshot and no local RAW result evidence,
ERROR,4277,9998,2024,finished_results_incomplete,events.result,"resolved=14,void=0,missing=1,invalid=0",,C,no local RAW/API snapshot is available,
WARN,4277,9998,2024,raw_snapshot_absent,raw_provenance,SQLite rows exist,0,C,no local saved TotoBrief detail snapshot was found,
WARN,4277,9998,2024,immutable_result_snapshot_absent,drawing_result_snapshots,0,,C,no immutable result snapshot and no local RAW result evidence,
WARN,4278,10003,2024,raw_snapshot_absent,raw_provenance,SQLite rows exist,0,C,no local saved TotoBrief detail snapshot was found,
WARN,4278,10003,2024,immutable_result_snapshot_absent,drawing_result_snapshots,0,,C,no immutable result snapshot and no local RAW result evidence,
WARN,4279,10006,2024,raw_snapshot_absent,raw_provenance,SQLite rows exist,0,C,no local saved TotoBrief detail snapshot was found,
WARN,4279,10006,2024,immutable_result_snapshot_absent,drawing_result_snapshots,0,,C,no immutable result snapshot and no local RAW result evidence,
WARN,4280,10008,2024,raw_snapshot_absent,raw_provenance,SQLite rows exist,0,C,no local saved TotoBrief detail snapshot was found,
WARN,4280,10008,2024,immutable_result_snapshot_absent,drawing_result_snapshots,0,,C,no immutable result snapshot and no local RAW result evidence,
WARN,4281,10012,2024,raw_snapshot_absent,raw_provenance,SQLite rows exist,0,C,no local saved TotoBrief detail snapshot was found,
WARN,4281,10012,2024,immutable_result_snapshot_absent,drawing_result_snapshots,0,,C,no immutable result snapshot and no local RAW result evidence,
WARN,4282,10016,2024,raw_snapshot_absent,raw_provenance,SQLite rows exist,0,C,no local saved TotoBrief detail snapshot was found,
WARN,4282,10016,2024,immutable_result_snapshot_absent,drawing_result_snapshots,0,,C,no immutable result snapshot and no local RAW result evidence,
ERROR,4283,10019,2024,finished_results_incomplete,events.result,"resolved=14,void=0,missing=1,invalid=0",,C,no local RAW/API snapshot is available,
WARN,4283,10019,2024,raw_snapshot_absent,raw_provenance,SQLite rows exist,0,C,no local saved TotoBrief detail snapshot was found,
WARN,4283,10019,2024,immutable_result_snapshot_absent,drawing_result_snapshots,0,,C,no immutable result snapshot and no local RAW result evidence,
WARN,4284,10023,2024,raw_snapshot_absent,raw_provenance,SQLite rows exist,0,C,no local saved TotoBrief detail snapshot was found,
WARN,4284,10023,2024,immutable_result_snapshot_absent,drawing_result_snapshots,0,,C,no immutable result snapshot and no local RAW result evidence,
WARN,4285,10028,2024,raw_snapshot_absent,raw_provenance,SQLite rows exist,0,C,no local saved TotoBrief detail snapshot was found,
WARN,4285,10028,2024,immutable_result_snapshot_absent,drawing_result_snapshots,0,,C,no immutable result snapshot and no local RAW result evidence,
WARN,4286,10030,2024,raw_snapshot_absent,raw_provenance,SQLite rows exist,0,C,no local saved TotoBrief detail snapshot was found,
WARN,4286,10030,2024,immutable_result_snapshot_absent,drawing_result_snapshots,0,,C,no immutable result snapshot and no local RAW result evidence,
WARN,4287,10033,2024,raw_snapshot_absent,raw_provenance,SQLite rows exist,0,C,no local saved TotoBrief detail snapshot was found,
WARN,4287,10033,2024,immutable_result_snapshot_absent,drawing_result_snapshots,0,,C,no immutable result snapshot and no local RAW result evidence,
WARN,4288,10036,2024,raw_snapshot_absent,raw_provenance,SQLite rows exist,0,C,no local saved TotoBrief detail snapshot was found,
WARN,4288,10036,2024,immutable_result_snapshot_absent,drawing_result_snapshots,0,,C,no immutable result snapshot and no local RAW result evidence,
WARN,4289,10039,2024,raw_snapshot_absent,raw_provenance,SQLite rows exist,0,C,no local saved TotoBrief detail snapshot was found,
WARN,4289,10039,2024,immutable_result_snapshot_absent,drawing_result_snapshots,0,,C,no immutable result snapshot and no local RAW result evidence,
WARN,4290,10043,2024,raw_snapshot_absent,raw_provenance,SQLite rows exist,0,C,no local saved TotoBrief detail snapshot was found,
WARN,4290,10043,2024,immutable_result_snapshot_absent,drawing_result_snapshots,0,,C,no immutable result snapshot and no local RAW result evidence,
WARN,4291,10048,2024,raw_snapshot_absent,raw_provenance,SQLite rows exist,0,C,no local saved TotoBrief detail snapshot was found,
WARN,4291,10048,2024,immutable_result_snapshot_absent,drawing_result_snapshots,0,,C,no immutable result snapshot and no local RAW result evidence,
WARN,4292,10051,2024,raw_snapshot_absent,raw_provenance,SQLite rows exist,0,C,no local saved TotoBrief detail snapshot was found,
WARN,4292,10051,2024,immutable_result_snapshot_absent,drawing_result_snapshots,0,,C,no immutable result snapshot and no local RAW result evidence,
WARN,4293,10053,2024,raw_snapshot_absent,raw_provenance,SQLite rows exist,0,C,no local saved TotoBrief detail snapshot was found,
WARN,4293,10053,2024,immutable_result_snapshot_absent,drawing_result_snapshots,0,,C,no immutable result snapshot and no local RAW result evidence,
ERROR,4294,10058,2024,finished_results_incomplete,events.result,"resolved=14,void=0,missing=1,invalid=0",,C,no local RAW/API snapshot is available,
WARN,4294,10058,2024,raw_snapshot_absent,raw_provenance,SQLite rows exist,0,C,no local saved TotoBrief detail snapshot was found,
WARN,4294,10058,2024,immutable_result_snapshot_absent,drawing_result_snapshots,0,,C,no immutable result snapshot and no local RAW result evidence,
WARN,4295,10060,2024,raw_snapshot_absent,raw_provenance,SQLite rows exist,0,C,no local saved TotoBrief detail snapshot was found,
WARN,4295,10060,2024,immutable_result_snapshot_absent,drawing_result_snapshots,0,,C,no immutable result snapshot and no local RAW result evidence,
ERROR,4296,10063,2024,finished_results_incomplete,events.result,"resolved=14,void=0,missing=1,invalid=0",,C,no local RAW/API snapshot is available,
WARN,4296,10063,2024,raw_snapshot_absent,raw_provenance,SQLite rows exist,0,C,no local saved TotoBrief detail snapshot was found,
WARN,4296,10063,2024,immutable_result_snapshot_absent,drawing_result_snapshots,0,,C,no immutable result snapshot and no local RAW result evidence,
WARN,4297,10066,2024,raw_snapshot_absent,raw_provenance,SQLite rows exist,0,C,no local saved TotoBrief detail snapshot was found,
WARN,4297,10066,2024,immutable_result_snapshot_absent,drawing_result_snapshots,0,,C,no immutable result snapshot and no local RAW result evidence,
WARN,4298,10071,2024,raw_snapshot_absent,raw_provenance,SQLite rows exist,0,C,no local saved TotoBrief detail snapshot was found,
WARN,4298,10071,2024,immutable_result_snapshot_absent,drawing_result_snapshots,0,,C,no immutable result snapshot and no local RAW result evidence,
WARN,4299,10074,2024,raw_snapshot_absent,raw_provenance,SQLite rows exist,0,C,no local saved TotoBrief detail snapshot was found,
WARN,4299,10074,2024,immutable_result_snapshot_absent,drawing_result_snapshots,0,,C,no immutable result snapshot and no local RAW result evidence,
WARN,4300,10077,2024,raw_snapshot_absent,raw_provenance,SQLite rows exist,0,C,no local saved TotoBrief detail snapshot was found,
WARN,4300,10077,2024,immutable_result_snapshot_absent,drawing_result_snapshots,0,,C,no immutable result snapshot and no local RAW result evidence,
ERROR,4301,10080,2024,finished_results_incomplete,events.result,"resolved=14,void=0,missing=1,invalid=0",,C,no local RAW/API snapshot is available,
WARN,4301,10080,2024,raw_snapshot_absent,raw_provenance,SQLite rows exist,0,C,no local saved TotoBrief detail snapshot was found,
WARN,4301,10080,2024,immutable_result_snapshot_absent,drawing_result_snapshots,0,,C,no immutable result snapshot and no local RAW result evidence,
WARN,4302,10082,2024,raw_snapshot_absent,raw_provenance,SQLite rows exist,0,C,no local saved TotoBrief detail snapshot was found,
WARN,4302,10082,2024,immutable_result_snapshot_absent,drawing_result_snapshots,0,,C,no immutable result snapshot and no local RAW result evidence,
WARN,4303,10085,2024,raw_snapshot_absent,raw_provenance,SQLite rows exist,0,C,no local saved TotoBrief detail snapshot was found,
WARN,4303,10085,2024,immutable_result_snapshot_absent,drawing_result_snapshots,0,,C,no immutable result snapshot and no local RAW result evidence,
WARN,4304,10089,2024,raw_snapshot_absent,raw_provenance,SQLite rows exist,0,C,no local saved TotoBrief detail snapshot was found,
WARN,4304,10089,2024,immutable_result_snapshot_absent,drawing_result_snapshots,0,,C,no immutable result snapshot and no local RAW result evidence,
WARN,4305,10095,2024,raw_snapshot_absent,raw_provenance,SQLite rows exist,0,C,no local saved TotoBrief detail snapshot was found,
WARN,4305,10095,2024,immutable_result_snapshot_absent,drawing_result_snapshots,0,,C,no immutable result snapshot and no local RAW result evidence,
ERROR,4306,10097,2024,pool_quotes_incomplete,quotes.pool,0/15,,C,no local RAW/API snapshot is available,
WARN,4306,10097,2024,raw_snapshot_absent,raw_provenance,SQLite rows exist,0,C,no local saved TotoBrief detail snapshot was found,
WARN,4306,10097,2024,immutable_result_snapshot_absent,drawing_result_snapshots,0,,C,no immutable result snapshot and no local RAW result evidence,
WARN,4307,10100,2024,raw_snapshot_absent,raw_provenance,SQLite rows exist,0,C,no local saved TotoBrief detail snapshot was found,
WARN,4307,10100,2024,immutable_result_snapshot_absent,drawing_result_snapshots,0,,C,no immutable result snapshot and no local RAW result evidence,
WARN,4308,10103,2024,raw_snapshot_absent,raw_provenance,SQLite rows exist,0,C,no local saved TotoBrief detail snapshot was found,
WARN,4308,10103,2024,immutable_result_snapshot_absent,drawing_result_snapshots,0,,C,no immutable result snapshot and no local RAW result evidence,
WARN,4309,10106,2024,raw_snapshot_absent,raw_provenance,SQLite rows exist,0,C,no local saved TotoBrief detail snapshot was found,
WARN,4309,10106,2024,immutable_result_snapshot_absent,drawing_result_snapshots,0,,C,no immutable result snapshot and no local RAW result evidence,
WARN,4310,10109,2024,raw_snapshot_absent,raw_provenance,SQLite rows exist,0,C,no local saved TotoBrief detail snapshot was found,
WARN,4310,10109,2024,immutable_result_snapshot_absent,drawing_result_snapshots,0,,C,no immutable result snapshot and no local RAW result evidence,
WARN,4311,10113,2024,raw_snapshot_absent,raw_provenance,SQLite rows exist,0,C,no local saved TotoBrief detail snapshot was found,
WARN,4311,10113,2024,immutable_result_snapshot_absent,drawing_result_snapshots,0,,C,no immutable result snapshot and no local RAW result evidence,
WARN,4312,10116,2024,raw_snapshot_absent,raw_provenance,SQLite rows exist,0,C,no local saved TotoBrief detail snapshot was found,
WARN,4312,10116,2024,immutable_result_snapshot_absent,drawing_result_snapshots,0,,C,no immutable result snapshot and no local RAW result evidence,
WARN,4313,10119,2024,raw_snapshot_absent,raw_provenance,SQLite rows exist,0,C,no local saved TotoBrief detail snapshot was found,
WARN,4313,10119,2024,immutable_result_snapshot_absent,drawing_result_snapshots,0,,C,no immutable result snapshot and no local RAW result evidence,
ERROR,4314,10122,2024,pool_quotes_incomplete,quotes.pool,0/15,,C,no local RAW/API snapshot is available,
ERROR,4314,10122,2024,finished_results_incomplete,events.result,"resolved=14,void=0,missing=1,invalid=0",,C,no local RAW/API snapshot is available,
WARN,4314,10122,2024,raw_snapshot_absent,raw_provenance,SQLite rows exist,0,C,no local saved TotoBrief detail snapshot was found,
WARN,4314,10122,2024,immutable_result_snapshot_absent,drawing_result_snapshots,0,,C,no immutable result snapshot and no local RAW result evidence,
WARN,4315,10125,2024,raw_snapshot_absent,raw_provenance,SQLite rows exist,0,C,no local saved TotoBrief detail snapshot was found,
WARN,4315,10125,2024,immutable_result_snapshot_absent,drawing_result_snapshots,0,,C,no immutable result snapshot and no local RAW result evidence,
WARN,4316,10128,2024,raw_snapshot_absent,raw_provenance,SQLite rows exist,0,C,no local saved TotoBrief detail snapshot was found,
WARN,4316,10128,2024,immutable_result_snapshot_absent,drawing_result_snapshots,0,,C,no immutable result snapshot and no local RAW result evidence,
WARN,4317,10130,2024,raw_snapshot_absent,raw_provenance,SQLite rows exist,0,C,no local saved TotoBrief detail snapshot was found,
WARN,4317,10130,2024,immutable_result_snapshot_absent,drawing_result_snapshots,0,,C,no immutable result snapshot and no local RAW result evidence,
WARN,4318,10135,2024,raw_snapshot_absent,raw_provenance,SQLite rows exist,0,C,no local saved TotoBrief detail snapshot was found,
WARN,4318,10135,2024,immutable_result_snapshot_absent,drawing_result_snapshots,0,,C,no immutable result snapshot and no local RAW result evidence,
WARN,4319,10138,2024,raw_snapshot_absent,raw_provenance,SQLite rows exist,0,C,no local saved TotoBrief detail snapshot was found,
WARN,4319,10138,2024,immutable_result_snapshot_absent,drawing_result_snapshots,0,,C,no immutable result snapshot and no local RAW result evidence,
WARN,4320,10141,2024,raw_snapshot_absent,raw_provenance,SQLite rows exist,0,C,no local saved TotoBrief detail snapshot was found,
WARN,4320,10141,2024,immutable_result_snapshot_absent,drawing_result_snapshots,0,,C,no immutable result snapshot and no local RAW result evidence,
WARN,4321,10144,2024,raw_snapshot_absent,raw_provenance,SQLite rows exist,0,C,no local saved TotoBrief detail snapshot was found,
WARN,4321,10144,2024,immutable_result_snapshot_absent,drawing_result_snapshots,0,,C,no immutable result snapshot and no local RAW result evidence,
WARN,4322,10148,2024,raw_snapshot_absent,raw_provenance,SQLite rows exist,0,C,no local saved TotoBrief detail snapshot was found,
WARN,4322,10148,2024,immutable_result_snapshot_absent,drawing_result_snapshots,0,,C,no immutable result snapshot and no local RAW result evidence,
WARN,4323,10151,2024,raw_snapshot_absent,raw_provenance,SQLite rows exist,0,C,no local saved TotoBrief detail snapshot was found,
WARN,4323,10151,2024,immutable_result_snapshot_absent,drawing_result_snapshots,0,,C,no immutable result snapshot and no local RAW result evidence,
WARN,4324,10154,2024,raw_snapshot_absent,raw_provenance,SQLite rows exist,0,C,no local saved TotoBrief detail snapshot was found,
WARN,4324,10154,2024,immutable_result_snapshot_absent,drawing_result_snapshots,0,,C,no immutable result snapshot and no local RAW result evidence,
WARN,4325,10157,2024,raw_snapshot_absent,raw_provenance,SQLite rows exist,0,C,no local saved TotoBrief detail snapshot was found,
WARN,4325,10157,2024,immutable_result_snapshot_absent,drawing_result_snapshots,0,,C,no immutable result snapshot and no local RAW result evidence,
WARN,4326,10161,2024,raw_snapshot_absent,raw_provenance,SQLite rows exist,0,C,no local saved TotoBrief detail snapshot was found,
WARN,4326,10161,2024,immutable_result_snapshot_absent,drawing_result_snapshots,0,,C,no immutable result snapshot and no local RAW result evidence,
WARN,4327,10166,2024,raw_snapshot_absent,raw_provenance,SQLite rows exist,0,C,no local saved TotoBrief detail snapshot was found,
WARN,4327,10166,2024,immutable_result_snapshot_absent,drawing_result_snapshots,0,,C,no immutable result snapshot and no local RAW result evidence,
WARN,4328,10167,2024,raw_snapshot_absent,raw_provenance,SQLite rows exist,0,C,no local saved TotoBrief detail snapshot was found,
WARN,4328,10167,2024,immutable_result_snapshot_absent,drawing_result_snapshots,0,,C,no immutable result snapshot and no local RAW result evidence,
WARN,4329,10169,2024,raw_snapshot_absent,raw_provenance,SQLite rows exist,0,C,no local saved TotoBrief detail snapshot was found,
WARN,4329,10169,2024,immutable_result_snapshot_absent,drawing_result_snapshots,0,,C,no immutable result snapshot and no local RAW result evidence,
WARN,4330,10172,2024,raw_snapshot_absent,raw_provenance,SQLite rows exist,0,C,no local saved TotoBrief detail snapshot was found,
WARN,4330,10172,2024,immutable_result_snapshot_absent,drawing_result_snapshots,0,,C,no immutable result snapshot and no local RAW result evidence,
WARN,4331,10174,2024,raw_snapshot_absent,raw_provenance,SQLite rows exist,0,C,no local saved TotoBrief detail snapshot was found,
WARN,4331,10174,2024,immutable_result_snapshot_absent,drawing_result_snapshots,0,,C,no immutable result snapshot and no local RAW result evidence,
WARN,4332,10175,2024,raw_snapshot_absent,raw_provenance,SQLite rows exist,0,C,no local saved TotoBrief detail snapshot was found,
WARN,4332,10175,2024,immutable_result_snapshot_absent,drawing_result_snapshots,0,,C,no immutable result snapshot and no local RAW result evidence,
ERROR,4333,10177,2024,pool_quotes_incomplete,quotes.pool,0/15,,C,no local RAW/API snapshot is available,
WARN,4333,10177,2024,raw_snapshot_absent,raw_provenance,SQLite rows exist,0,C,no local saved TotoBrief detail snapshot was found,
WARN,4333,10177,2024,immutable_result_snapshot_absent,drawing_result_snapshots,0,,C,no immutable result snapshot and no local RAW result evidence,
WARN,4334,10180,2024,raw_snapshot_absent,raw_provenance,SQLite rows exist,0,C,no local saved TotoBrief detail snapshot was found,
WARN,4334,10180,2024,immutable_result_snapshot_absent,drawing_result_snapshots,0,,C,no immutable result snapshot and no local RAW result evidence,
WARN,4335,10183,2024,raw_snapshot_absent,raw_provenance,SQLite rows exist,0,C,no local saved TotoBrief detail snapshot was found,
WARN,4335,10183,2024,immutable_result_snapshot_absent,drawing_result_snapshots,0,,C,no immutable result snapshot and no local RAW result evidence,
WARN,4336,10187,2024,raw_snapshot_absent,raw_provenance,SQLite rows exist,0,C,no local saved TotoBrief detail snapshot was found,
WARN,4336,10187,2024,immutable_result_snapshot_absent,drawing_result_snapshots,0,,C,no immutable result snapshot and no local RAW result evidence,
WARN,4337,10191,2024,raw_snapshot_absent,raw_provenance,SQLite rows exist,0,C,no local saved TotoBrief detail snapshot was found,
WARN,4337,10191,2024,immutable_result_snapshot_absent,drawing_result_snapshots,0,,C,no immutable result snapshot and no local RAW result evidence,
WARN,4338,10192,2024,raw_snapshot_absent,raw_provenance,SQLite rows exist,0,C,no local saved TotoBrief detail snapshot was found,
WARN,4338,10192,2024,immutable_result_snapshot_absent,drawing_result_snapshots,0,,C,no immutable result snapshot and no local RAW result evidence,
WARN,4339,10197,2024,raw_snapshot_absent,raw_provenance,SQLite rows exist,0,C,no local saved TotoBrief detail snapshot was found,
WARN,4339,10197,2024,immutable_result_snapshot_absent,drawing_result_snapshots,0,,C,no immutable result snapshot and no local RAW result evidence,
WARN,4340,10202,2024,raw_snapshot_absent,raw_provenance,SQLite rows exist,0,C,no local saved TotoBrief detail snapshot was found,
WARN,4340,10202,2024,immutable_result_snapshot_absent,drawing_result_snapshots,0,,C,no immutable result snapshot and no local RAW result evidence,
WARN,4341,10204,2024,raw_snapshot_absent,raw_provenance,SQLite rows exist,0,C,no local saved TotoBrief detail snapshot was found,
WARN,4341,10204,2024,immutable_result_snapshot_absent,drawing_result_snapshots,0,,C,no immutable result snapshot and no local RAW result evidence,
ERROR,4342,10207,2024,finished_results_incomplete,events.result,"resolved=14,void=0,missing=1,invalid=0",,C,no local RAW/API snapshot is available,
WARN,4342,10207,2024,raw_snapshot_absent,raw_provenance,SQLite rows exist,0,C,no local saved TotoBrief detail snapshot was found,
WARN,4342,10207,2024,immutable_result_snapshot_absent,drawing_result_snapshots,0,,C,no immutable result snapshot and no local RAW result evidence,
WARN,4343,10210,2024,raw_snapshot_absent,raw_provenance,SQLite rows exist,0,C,no local saved TotoBrief detail snapshot was found,
WARN,4343,10210,2024,immutable_result_snapshot_absent,drawing_result_snapshots,0,,C,no immutable result snapshot and no local RAW result evidence,
WARN,4344,10212,2024,raw_snapshot_absent,raw_provenance,SQLite rows exist,0,C,no local saved TotoBrief detail snapshot was found,
WARN,4344,10212,2024,immutable_result_snapshot_absent,drawing_result_snapshots,0,,C,no immutable result snapshot and no local RAW result evidence,
WARN,4345,10215,2024,raw_snapshot_absent,raw_provenance,SQLite rows exist,0,C,no local saved TotoBrief detail snapshot was found,
WARN,4345,10215,2024,immutable_result_snapshot_absent,drawing_result_snapshots,0,,C,no immutable result snapshot and no local RAW result evidence,
WARN,4346,10218,2024,raw_snapshot_absent,raw_provenance,SQLite rows exist,0,C,no local saved TotoBrief detail snapshot was found,
WARN,4346,10218,2024,immutable_result_snapshot_absent,drawing_result_snapshots,0,,C,no immutable result snapshot and no local RAW result evidence,
WARN,4347,10222,2024,raw_snapshot_absent,raw_provenance,SQLite rows exist,0,C,no local saved TotoBrief detail snapshot was found,
WARN,4347,10222,2024,immutable_result_snapshot_absent,drawing_result_snapshots,0,,C,no immutable result snapshot and no local RAW result evidence,
ERROR,4348,10225,2024,finished_results_incomplete,events.result,"resolved=12,void=0,missing=3,invalid=0",,C,no local RAW/API snapshot is available,
WARN,4348,10225,2024,raw_snapshot_absent,raw_provenance,SQLite rows exist,0,C,no local saved TotoBrief detail snapshot was found,
WARN,4348,10225,2024,immutable_result_snapshot_absent,drawing_result_snapshots,0,,C,no immutable result snapshot and no local RAW result evidence,
WARN,4349,10227,2024,raw_snapshot_absent,raw_provenance,SQLite rows exist,0,C,no local saved TotoBrief detail snapshot was found,
WARN,4349,10227,2024,immutable_result_snapshot_absent,drawing_result_snapshots,0,,C,no immutable result snapshot and no local RAW result evidence,
WARN,4350,10231,2024,raw_snapshot_absent,raw_provenance,SQLite rows exist,0,C,no local saved TotoBrief detail snapshot was found,
WARN,4350,10231,2024,immutable_result_snapshot_absent,drawing_result_snapshots,0,,C,no immutable result snapshot and no local RAW result evidence,
ERROR,4351,10233,2024,finished_results_incomplete,events.result,"resolved=13,void=0,missing=2,invalid=0",,C,no local RAW/API snapshot is available,
WARN,4351,10233,2024,raw_snapshot_absent,raw_provenance,SQLite rows exist,0,C,no local saved TotoBrief detail snapshot was found,
WARN,4351,10233,2024,immutable_result_snapshot_absent,drawing_result_snapshots,0,,C,no immutable result snapshot and no local RAW result evidence,
WARN,4352,10236,2024,raw_snapshot_absent,raw_provenance,SQLite rows exist,0,C,no local saved TotoBrief detail snapshot was found,
WARN,4352,10236,2024,immutable_result_snapshot_absent,drawing_result_snapshots,0,,C,no immutable result snapshot and no local RAW result evidence,
WARN,4353,10239,2024,raw_snapshot_absent,raw_provenance,SQLite rows exist,0,C,no local saved TotoBrief detail snapshot was found,
WARN,4353,10239,2024,immutable_result_snapshot_absent,drawing_result_snapshots,0,,C,no immutable result snapshot and no local RAW result evidence,
WARN,4354,10243,2024,raw_snapshot_absent,raw_provenance,SQLite rows exist,0,C,no local saved TotoBrief detail snapshot was found,
WARN,4354,10243,2024,immutable_result_snapshot_absent,drawing_result_snapshots,0,,C,no immutable result snapshot and no local RAW result evidence,
WARN,4355,10245,2024,raw_snapshot_absent,raw_provenance,SQLite rows exist,0,C,no local saved TotoBrief detail snapshot was found,
WARN,4355,10245,2024,immutable_result_snapshot_absent,drawing_result_snapshots,0,,C,no immutable result snapshot and no local RAW result evidence,
ERROR,4356,10249,2024,finished_results_incomplete,events.result,"resolved=14,void=0,missing=1,invalid=0",,C,no local RAW/API snapshot is available,
WARN,4356,10249,2024,raw_snapshot_absent,raw_provenance,SQLite rows exist,0,C,no local saved TotoBrief detail snapshot was found,
WARN,4356,10249,2024,immutable_result_snapshot_absent,drawing_result_snapshots,0,,C,no immutable result snapshot and no local RAW result evidence,
WARN,4357,10251,2024,raw_snapshot_absent,raw_provenance,SQLite rows exist,0,C,no local saved TotoBrief detail snapshot was found,
WARN,4357,10251,2024,immutable_result_snapshot_absent,drawing_result_snapshots,0,,C,no immutable result snapshot and no local RAW result evidence,
WARN,4358,10254,2024,raw_snapshot_absent,raw_provenance,SQLite rows exist,0,C,no local saved TotoBrief detail snapshot was found,
WARN,4358,10254,2024,immutable_result_snapshot_absent,drawing_result_snapshots,0,,C,no immutable result snapshot and no local RAW result evidence,
WARN,4359,10258,2024,raw_snapshot_absent,raw_provenance,SQLite rows exist,0,C,no local saved TotoBrief detail snapshot was found,
WARN,4359,10258,2024,immutable_result_snapshot_absent,drawing_result_snapshots,0,,C,no immutable result snapshot and no local RAW result evidence,
WARN,4360,10260,2024,raw_snapshot_absent,raw_provenance,SQLite rows exist,0,C,no local saved TotoBrief detail snapshot was found,
WARN,4360,10260,2024,immutable_result_snapshot_absent,drawing_result_snapshots,0,,C,no immutable result snapshot and no local RAW result evidence,
WARN,4361,10264,2024,raw_snapshot_absent,raw_provenance,SQLite rows exist,0,C,no local saved TotoBrief detail snapshot was found,
WARN,4361,10264,2024,immutable_result_snapshot_absent,drawing_result_snapshots,0,,C,no immutable result snapshot and no local RAW result evidence,
ERROR,4362,10266,2024,pool_quotes_incomplete,quotes.pool,0/15,,C,no local RAW/API snapshot is available,
ERROR,4362,10266,2024,finished_results_incomplete,events.result,"resolved=13,void=0,missing=2,invalid=0",,C,no local RAW/API snapshot is available,
WARN,4362,10266,2024,raw_snapshot_absent,raw_provenance,SQLite rows exist,0,C,no local saved TotoBrief detail snapshot was found,
WARN,4362,10266,2024,immutable_result_snapshot_absent,drawing_result_snapshots,0,,C,no immutable result snapshot and no local RAW result evidence,
WARN,4363,10269,2024,raw_snapshot_absent,raw_provenance,SQLite rows exist,0,C,no local saved TotoBrief detail snapshot was found,
WARN,4363,10269,2024,immutable_result_snapshot_absent,drawing_result_snapshots,0,,C,no immutable result snapshot and no local RAW result evidence,
WARN,4364,10272,2024,raw_snapshot_absent,raw_provenance,SQLite rows exist,0,C,no local saved TotoBrief detail snapshot was found,
WARN,4364,10272,2024,immutable_result_snapshot_absent,drawing_result_snapshots,0,,C,no immutable result snapshot and no local RAW result evidence,
WARN,4365,10275,2024,raw_snapshot_absent,raw_provenance,SQLite rows exist,0,C,no local saved TotoBrief detail snapshot was found,
WARN,4365,10275,2024,immutable_result_snapshot_absent,drawing_result_snapshots,0,,C,no immutable result snapshot and no local RAW result evidence,
ERROR,4366,10279,2024,finished_results_incomplete,events.result,"resolved=13,void=0,missing=2,invalid=0",,C,no local RAW/API snapshot is available,
WARN,4366,10279,2024,raw_snapshot_absent,raw_provenance,SQLite rows exist,0,C,no local saved TotoBrief detail snapshot was found,
WARN,4366,10279,2024,immutable_result_snapshot_absent,drawing_result_snapshots,0,,C,no immutable result snapshot and no local RAW result evidence,
WARN,4367,10281,2024,raw_snapshot_absent,raw_provenance,SQLite rows exist,0,C,no local saved TotoBrief detail snapshot was found,
WARN,4367,10281,2024,immutable_result_snapshot_absent,drawing_result_snapshots,0,,C,no immutable result snapshot and no local RAW result evidence,
WARN,4368,10286,2024,raw_snapshot_absent,raw_provenance,SQLite rows exist,0,C,no local saved TotoBrief detail snapshot was found,
WARN,4368,10286,2024,immutable_result_snapshot_absent,drawing_result_snapshots,0,,C,no immutable result snapshot and no local RAW result evidence,
WARN,4369,10290,2024,raw_snapshot_absent,raw_provenance,SQLite rows exist,0,C,no local saved TotoBrief detail snapshot was found,
WARN,4369,10290,2024,immutable_result_snapshot_absent,drawing_result_snapshots,0,,C,no immutable result snapshot and no local RAW result evidence,
WARN,4370,10292,2024,raw_snapshot_absent,raw_provenance,SQLite rows exist,0,C,no local saved TotoBrief detail snapshot was found,
WARN,4370,10292,2024,immutable_result_snapshot_absent,drawing_result_snapshots,0,,C,no immutable result snapshot and no local RAW result evidence,
WARN,4371,10295,2024,raw_snapshot_absent,raw_provenance,SQLite rows exist,0,C,no local saved TotoBrief detail snapshot was found,
WARN,4371,10295,2024,immutable_result_snapshot_absent,drawing_result_snapshots,0,,C,no immutable result snapshot and no local RAW result evidence,
WARN,4372,10299,2024,raw_snapshot_absent,raw_provenance,SQLite rows exist,0,C,no local saved TotoBrief detail snapshot was found,
WARN,4372,10299,2024,immutable_result_snapshot_absent,drawing_result_snapshots,0,,C,no immutable result snapshot and no local RAW result evidence,
WARN,4373,10302,2024,raw_snapshot_absent,raw_provenance,SQLite rows exist,0,C,no local saved TotoBrief detail snapshot was found,
WARN,4373,10302,2024,immutable_result_snapshot_absent,drawing_result_snapshots,0,,C,no immutable result snapshot and no local RAW result evidence,
ERROR,4374,10303,2024,finished_results_incomplete,events.result,"resolved=14,void=0,missing=1,invalid=0",,C,no local RAW/API snapshot is available,
WARN,4374,10303,2024,raw_snapshot_absent,raw_provenance,SQLite rows exist,0,C,no local saved TotoBrief detail snapshot was found,
WARN,4374,10303,2024,immutable_result_snapshot_absent,drawing_result_snapshots,0,,C,no immutable result snapshot and no local RAW result evidence,
WARN,4375,10308,2024,raw_snapshot_absent,raw_provenance,SQLite rows exist,0,C,no local saved TotoBrief detail snapshot was found,
WARN,4375,10308,2024,immutable_result_snapshot_absent,drawing_result_snapshots,0,,C,no immutable result snapshot and no local RAW result evidence,
ERROR,4376,10310,2024,finished_results_incomplete,events.result,"resolved=14,void=0,missing=1,invalid=0",,C,no local RAW/API snapshot is available,
WARN,4376,10310,2024,raw_snapshot_absent,raw_provenance,SQLite rows exist,0,C,no local saved TotoBrief detail snapshot was found,
WARN,4376,10310,2024,immutable_result_snapshot_absent,drawing_result_snapshots,0,,C,no immutable result snapshot and no local RAW result evidence,
WARN,4377,10313,2024,raw_snapshot_absent,raw_provenance,SQLite rows exist,0,C,no local saved TotoBrief detail snapshot was found,
WARN,4377,10313,2024,immutable_result_snapshot_absent,drawing_result_snapshots,0,,C,no immutable result snapshot and no local RAW result evidence,
WARN,4378,10315,2024,raw_snapshot_absent,raw_provenance,SQLite rows exist,0,C,no local saved TotoBrief detail snapshot was found,
WARN,4378,10315,2024,immutable_result_snapshot_absent,drawing_result_snapshots,0,,C,no immutable result snapshot and no local RAW result evidence,
WARN,4379,10317,2024,raw_snapshot_absent,raw_provenance,SQLite rows exist,0,C,no local saved TotoBrief detail snapshot was found,
WARN,4379,10317,2024,immutable_result_snapshot_absent,drawing_result_snapshots,0,,C,no immutable result snapshot and no local RAW result evidence,
ERROR,4380,10320,2024,finished_results_incomplete,events.result,"resolved=14,void=0,missing=1,invalid=0",,C,no local RAW/API snapshot is available,
WARN,4380,10320,2024,raw_snapshot_absent,raw_provenance,SQLite rows exist,0,C,no local saved TotoBrief detail snapshot was found,
WARN,4380,10320,2024,immutable_result_snapshot_absent,drawing_result_snapshots,0,,C,no immutable result snapshot and no local RAW result evidence,
WARN,4381,10324,2024,raw_snapshot_absent,raw_provenance,SQLite rows exist,0,C,no local saved TotoBrief detail snapshot was found,
WARN,4381,10324,2024,immutable_result_snapshot_absent,drawing_result_snapshots,0,,C,no immutable result snapshot and no local RAW result evidence,
WARN,4382,10325,2024,raw_snapshot_absent,raw_provenance,SQLite rows exist,0,C,no local saved TotoBrief detail snapshot was found,
WARN,4382,10325,2024,immutable_result_snapshot_absent,drawing_result_snapshots,0,,C,no immutable result snapshot and no local RAW result evidence,
ERROR,4383,10329,2024,finished_results_incomplete,events.result,"resolved=14,void=0,missing=1,invalid=0",,C,no local RAW/API snapshot is available,
WARN,4383,10329,2024,raw_snapshot_absent,raw_provenance,SQLite rows exist,0,C,no local saved TotoBrief detail snapshot was found,
WARN,4383,10329,2024,immutable_result_snapshot_absent,drawing_result_snapshots,0,,C,no immutable result snapshot and no local RAW result evidence,
WARN,4384,10332,2024,raw_snapshot_absent,raw_provenance,SQLite rows exist,0,C,no local saved TotoBrief detail snapshot was found,
WARN,4384,10332,2024,immutable_result_snapshot_absent,drawing_result_snapshots,0,,C,no immutable result snapshot and no local RAW result evidence,
WARN,4385,10336,2024,raw_snapshot_absent,raw_provenance,SQLite rows exist,0,C,no local saved TotoBrief detail snapshot was found,
WARN,4385,10336,2024,immutable_result_snapshot_absent,drawing_result_snapshots,0,,C,no immutable result snapshot and no local RAW result evidence,
WARN,4386,10338,2024,raw_snapshot_absent,raw_provenance,SQLite rows exist,0,C,no local saved TotoBrief detail snapshot was found,
WARN,4386,10338,2024,immutable_result_snapshot_absent,drawing_result_snapshots,0,,C,no immutable result snapshot and no local RAW result evidence,
ERROR,4387,10343,2024,finished_results_incomplete,events.result,"resolved=14,void=0,missing=1,invalid=0",,C,no local RAW/API snapshot is available,
WARN,4387,10343,2024,raw_snapshot_absent,raw_provenance,SQLite rows exist,0,C,no local saved TotoBrief detail snapshot was found,
WARN,4387,10343,2024,immutable_result_snapshot_absent,drawing_result_snapshots,0,,C,no immutable result snapshot and no local RAW result evidence,
ERROR,4388,10345,2024,finished_results_incomplete,events.result,"resolved=14,void=0,missing=1,invalid=0",,C,no local RAW/API snapshot is available,
WARN,4388,10345,2024,raw_snapshot_absent,raw_provenance,SQLite rows exist,0,C,no local saved TotoBrief detail snapshot was found,
WARN,4388,10345,2024,immutable_result_snapshot_absent,drawing_result_snapshots,0,,C,no immutable result snapshot and no local RAW result evidence,
ERROR,4389,10347,2025,pool_quotes_incomplete,quotes.pool,0/15,,C,no local RAW/API snapshot is available,
ERROR,4389,10347,2025,finished_results_incomplete,events.result,"resolved=14,void=0,missing=1,invalid=0",,C,no local RAW/API snapshot is available,
WARN,4389,10347,2025,raw_snapshot_absent,raw_provenance,SQLite rows exist,0,C,no local saved TotoBrief detail snapshot was found,
WARN,4389,10347,2025,immutable_result_snapshot_absent,drawing_result_snapshots,0,,C,no immutable result snapshot and no local RAW result evidence,
WARN,4390,10349,2025,raw_snapshot_absent,raw_provenance,SQLite rows exist,0,C,no local saved TotoBrief detail snapshot was found,
WARN,4390,10349,2025,immutable_result_snapshot_absent,drawing_result_snapshots,0,,C,no immutable result snapshot and no local RAW result evidence,
WARN,4391,10353,2025,raw_snapshot_absent,raw_provenance,SQLite rows exist,0,C,no local saved TotoBrief detail snapshot was found,
WARN,4391,10353,2025,immutable_result_snapshot_absent,drawing_result_snapshots,0,,C,no immutable result snapshot and no local RAW result evidence,
WARN,4392,10356,2025,raw_snapshot_absent,raw_provenance,SQLite rows exist,0,C,no local saved TotoBrief detail snapshot was found,
WARN,4392,10356,2025,immutable_result_snapshot_absent,drawing_result_snapshots,0,,C,no immutable result snapshot and no local RAW result evidence,
ERROR,4393,10359,2025,finished_results_incomplete,events.result,"resolved=13,void=0,missing=2,invalid=0",,C,no local RAW/API snapshot is available,
WARN,4393,10359,2025,raw_snapshot_absent,raw_provenance,SQLite rows exist,0,C,no local saved TotoBrief detail snapshot was found,
WARN,4393,10359,2025,immutable_result_snapshot_absent,drawing_result_snapshots,0,,C,no immutable result snapshot and no local RAW result evidence,
WARN,4394,10362,2025,raw_snapshot_absent,raw_provenance,SQLite rows exist,0,C,no local saved TotoBrief detail snapshot was found,
WARN,4394,10362,2025,immutable_result_snapshot_absent,drawing_result_snapshots,0,,C,no immutable result snapshot and no local RAW result evidence,
ERROR,4395,10365,2025,pool_quotes_incomplete,quotes.pool,0/15,,C,no local RAW/API snapshot is available,
WARN,4395,10365,2025,raw_snapshot_absent,raw_provenance,SQLite rows exist,0,C,no local saved TotoBrief detail snapshot was found,
WARN,4395,10365,2025,immutable_result_snapshot_absent,drawing_result_snapshots,0,,C,no immutable result snapshot and no local RAW result evidence,
ERROR,4396,10368,2025,finished_results_incomplete,events.result,"resolved=14,void=0,missing=1,invalid=0",,C,no local RAW/API snapshot is available,
WARN,4396,10368,2025,raw_snapshot_absent,raw_provenance,SQLite rows exist,0,C,no local saved TotoBrief detail snapshot was found,
WARN,4396,10368,2025,immutable_result_snapshot_absent,drawing_result_snapshots,0,,C,no immutable result snapshot and no local RAW result evidence,
WARN,4397,10371,2025,raw_snapshot_absent,raw_provenance,SQLite rows exist,0,C,no local saved TotoBrief detail snapshot was found,
WARN,4397,10371,2025,immutable_result_snapshot_absent,drawing_result_snapshots,0,,C,no immutable result snapshot and no local RAW result evidence,
WARN,4398,10373,2025,raw_snapshot_absent,raw_provenance,SQLite rows exist,0,C,no local saved TotoBrief detail snapshot was found,
WARN,4398,10373,2025,immutable_result_snapshot_absent,drawing_result_snapshots,0,,C,no immutable result snapshot and no local RAW result evidence,
ERROR,4399,10376,2025,finished_results_incomplete,events.result,"resolved=14,void=0,missing=1,invalid=0",,C,no local RAW/API snapshot is available,
WARN,4399,10376,2025,raw_snapshot_absent,raw_provenance,SQLite rows exist,0,C,no local saved TotoBrief detail snapshot was found,
WARN,4399,10376,2025,immutable_result_snapshot_absent,drawing_result_snapshots,0,,C,no immutable result snapshot and no local RAW result evidence,
WARN,4400,10377,2025,raw_snapshot_absent,raw_provenance,SQLite rows exist,0,C,no local saved TotoBrief detail snapshot was found,
WARN,4400,10377,2025,immutable_result_snapshot_absent,drawing_result_snapshots,0,,C,no immutable result snapshot and no local RAW result evidence,
WARN,4401,10381,2025,raw_snapshot_absent,raw_provenance,SQLite rows exist,0,C,no local saved TotoBrief detail snapshot was found,
WARN,4401,10381,2025,immutable_result_snapshot_absent,drawing_result_snapshots,0,,C,no immutable result snapshot and no local RAW result evidence,
WARN,4402,10383,2025,raw_snapshot_absent,raw_provenance,SQLite rows exist,0,C,no local saved TotoBrief detail snapshot was found,
WARN,4402,10383,2025,immutable_result_snapshot_absent,drawing_result_snapshots,0,,C,no immutable result snapshot and no local RAW result evidence,
WARN,4403,10386,2025,raw_snapshot_absent,raw_provenance,SQLite rows exist,0,C,no local saved TotoBrief detail snapshot was found,
WARN,4403,10386,2025,immutable_result_snapshot_absent,drawing_result_snapshots,0,,C,no immutable result snapshot and no local RAW result evidence,
WARN,4404,10389,2025,raw_snapshot_absent,raw_provenance,SQLite rows exist,0,C,no local saved TotoBrief detail snapshot was found,
WARN,4404,10389,2025,immutable_result_snapshot_absent,drawing_result_snapshots,0,,C,no immutable result snapshot and no local RAW result evidence,
WARN,4405,10392,2025,raw_snapshot_absent,raw_provenance,SQLite rows exist,0,C,no local saved TotoBrief detail snapshot was found,
WARN,4405,10392,2025,immutable_result_snapshot_absent,drawing_result_snapshots,0,,C,no immutable result snapshot and no local RAW result evidence,
WARN,4406,10395,2025,raw_snapshot_absent,raw_provenance,SQLite rows exist,0,C,no local saved TotoBrief detail snapshot was found,
WARN,4406,10395,2025,immutable_result_snapshot_absent,drawing_result_snapshots,0,,C,no immutable result snapshot and no local RAW result evidence,
WARN,4407,10398,2025,raw_snapshot_absent,raw_provenance,SQLite rows exist,0,C,no local saved TotoBrief detail snapshot was found,
WARN,4407,10398,2025,immutable_result_snapshot_absent,drawing_result_snapshots,0,,C,no immutable result snapshot and no local RAW result evidence,
WARN,4408,10402,2025,raw_snapshot_absent,raw_provenance,SQLite rows exist,0,C,no local saved TotoBrief detail snapshot was found,
WARN,4408,10402,2025,immutable_result_snapshot_absent,drawing_result_snapshots,0,,C,no immutable result snapshot and no local RAW result evidence,
WARN,4409,10404,2025,raw_snapshot_absent,raw_provenance,SQLite rows exist,0,C,no local saved TotoBrief detail snapshot was found,
WARN,4409,10404,2025,immutable_result_snapshot_absent,drawing_result_snapshots,0,,C,no immutable result snapshot and no local RAW result evidence,
WARN,4410,10407,2025,raw_snapshot_absent,raw_provenance,SQLite rows exist,0,C,no local saved TotoBrief detail snapshot was found,
WARN,4410,10407,2025,immutable_result_snapshot_absent,drawing_result_snapshots,0,,C,no immutable result snapshot and no local RAW result evidence,
ERROR,4411,10411,2025,finished_results_incomplete,events.result,"resolved=14,void=0,missing=1,invalid=0",,C,no local RAW/API snapshot is available,
WARN,4411,10411,2025,raw_snapshot_absent,raw_provenance,SQLite rows exist,0,C,no local saved TotoBrief detail snapshot was found,
WARN,4411,10411,2025,immutable_result_snapshot_absent,drawing_result_snapshots,0,,C,no immutable result snapshot and no local RAW result evidence,
WARN,4412,10413,2025,raw_snapshot_absent,raw_provenance,SQLite rows exist,0,C,no local saved TotoBrief detail snapshot was found,
WARN,4412,10413,2025,immutable_result_snapshot_absent,drawing_result_snapshots,0,,C,no immutable result snapshot and no local RAW result evidence,
WARN,4413,10416,2025,raw_snapshot_absent,raw_provenance,SQLite rows exist,0,C,no local saved TotoBrief detail snapshot was found,
WARN,4413,10416,2025,immutable_result_snapshot_absent,drawing_result_snapshots,0,,C,no immutable result snapshot and no local RAW result evidence,
ERROR,4414,10420,2025,finished_results_incomplete,events.result,"resolved=14,void=0,missing=1,invalid=0",,C,no local RAW/API snapshot is available,
WARN,4414,10420,2025,raw_snapshot_absent,raw_provenance,SQLite rows exist,0,C,no local saved TotoBrief detail snapshot was found,
WARN,4414,10420,2025,immutable_result_snapshot_absent,drawing_result_snapshots,0,,C,no immutable result snapshot and no local RAW result evidence,
ERROR,4415,10422,2025,finished_results_incomplete,events.result,"resolved=13,void=0,missing=2,invalid=0",,C,no local RAW/API snapshot is available,
WARN,4415,10422,2025,raw_snapshot_absent,raw_provenance,SQLite rows exist,0,C,no local saved TotoBrief detail snapshot was found,
WARN,4415,10422,2025,immutable_result_snapshot_absent,drawing_result_snapshots,0,,C,no immutable result snapshot and no local RAW result evidence,
ERROR,4416,10426,2025,finished_results_incomplete,events.result,"resolved=14,void=0,missing=1,invalid=0",,C,no local RAW/API snapshot is available,
WARN,4416,10426,2025,raw_snapshot_absent,raw_provenance,SQLite rows exist,0,C,no local saved TotoBrief detail snapshot was found,
WARN,4416,10426,2025,immutable_result_snapshot_absent,drawing_result_snapshots,0,,C,no immutable result snapshot and no local RAW result evidence,
WARN,4417,10427,2025,raw_snapshot_absent,raw_provenance,SQLite rows exist,0,C,no local saved TotoBrief detail snapshot was found,
WARN,4417,10427,2025,immutable_result_snapshot_absent,drawing_result_snapshots,0,,C,no immutable result snapshot and no local RAW result evidence,
WARN,4418,10431,2025,raw_snapshot_absent,raw_provenance,SQLite rows exist,0,C,no local saved TotoBrief detail snapshot was found,
WARN,4418,10431,2025,immutable_result_snapshot_absent,drawing_result_snapshots,0,,C,no immutable result snapshot and no local RAW result evidence,
WARN,4419,10434,2025,raw_snapshot_absent,raw_provenance,SQLite rows exist,0,C,no local saved TotoBrief detail snapshot was found,
WARN,4419,10434,2025,immutable_result_snapshot_absent,drawing_result_snapshots,0,,C,no immutable result snapshot and no local RAW result evidence,
WARN,4420,10437,2025,raw_snapshot_absent,raw_provenance,SQLite rows exist,0,C,no local saved TotoBrief detail snapshot was found,
WARN,4420,10437,2025,immutable_result_snapshot_absent,drawing_result_snapshots,0,,C,no immutable result snapshot and no local RAW result evidence,
WARN,4421,10440,2025,raw_snapshot_absent,raw_provenance,SQLite rows exist,0,C,no local saved TotoBrief detail snapshot was found,
WARN,4421,10440,2025,immutable_result_snapshot_absent,drawing_result_snapshots,0,,C,no immutable result snapshot and no local RAW result evidence,
ERROR,4422,10444,2025,finished_results_incomplete,events.result,"resolved=14,void=0,missing=1,invalid=0",,C,no local RAW/API snapshot is available,
WARN,4422,10444,2025,raw_snapshot_absent,raw_provenance,SQLite rows exist,0,C,no local saved TotoBrief detail snapshot was found,
WARN,4422,10444,2025,immutable_result_snapshot_absent,drawing_result_snapshots,0,,C,no immutable result snapshot and no local RAW result evidence,
ERROR,4423,10447,2025,pool_quotes_incomplete,quotes.pool,0/15,,C,no local RAW/API snapshot is available,
ERROR,4423,10447,2025,finished_results_incomplete,events.result,"resolved=12,void=0,missing=3,invalid=0",,C,no local RAW/API snapshot is available,
WARN,4423,10447,2025,raw_snapshot_absent,raw_provenance,SQLite rows exist,0,C,no local saved TotoBrief detail snapshot was found,
WARN,4423,10447,2025,immutable_result_snapshot_absent,drawing_result_snapshots,0,,C,no immutable result snapshot and no local RAW result evidence,
WARN,4424,10450,2025,raw_snapshot_absent,raw_provenance,SQLite rows exist,0,C,no local saved TotoBrief detail snapshot was found,
WARN,4424,10450,2025,immutable_result_snapshot_absent,drawing_result_snapshots,0,,C,no immutable result snapshot and no local RAW result evidence,
ERROR,4425,10453,2025,finished_results_incomplete,events.result,"resolved=14,void=0,missing=1,invalid=0",,C,no local RAW/API snapshot is available,
WARN,4425,10453,2025,raw_snapshot_absent,raw_provenance,SQLite rows exist,0,C,no local saved TotoBrief detail snapshot was found,
WARN,4425,10453,2025,immutable_result_snapshot_absent,drawing_result_snapshots,0,,C,no immutable result snapshot and no local RAW result evidence,
WARN,4426,10457,2025,raw_snapshot_absent,raw_provenance,SQLite rows exist,0,C,no local saved TotoBrief detail snapshot was found,
WARN,4426,10457,2025,immutable_result_snapshot_absent,drawing_result_snapshots,0,,C,no immutable result snapshot and no local RAW result evidence,
WARN,4427,10460,2025,raw_snapshot_absent,raw_provenance,SQLite rows exist,0,C,no local saved TotoBrief detail snapshot was found,
WARN,4427,10460,2025,immutable_result_snapshot_absent,drawing_result_snapshots,0,,C,no immutable result snapshot and no local RAW result evidence,
WARN,4428,10463,2025,raw_snapshot_absent,raw_provenance,SQLite rows exist,0,C,no local saved TotoBrief detail snapshot was found,
WARN,4428,10463,2025,immutable_result_snapshot_absent,drawing_result_snapshots,0,,C,no immutable result snapshot and no local RAW result evidence,
WARN,4429,10467,2025,raw_snapshot_absent,raw_provenance,SQLite rows exist,0,C,no local saved TotoBrief detail snapshot was found,
WARN,4429,10467,2025,immutable_result_snapshot_absent,drawing_result_snapshots,0,,C,no immutable result snapshot and no local RAW result evidence,
WARN,4430,10469,2025,raw_snapshot_absent,raw_provenance,SQLite rows exist,0,C,no local saved TotoBrief detail snapshot was found,
WARN,4430,10469,2025,immutable_result_snapshot_absent,drawing_result_snapshots,0,,C,no immutable result snapshot and no local RAW result evidence,
WARN,4431,10473,2025,raw_snapshot_absent,raw_provenance,SQLite rows exist,0,C,no local saved TotoBrief detail snapshot was found,
WARN,4431,10473,2025,immutable_result_snapshot_absent,drawing_result_snapshots,0,,C,no immutable result snapshot and no local RAW result evidence,
WARN,4432,10475,2025,raw_snapshot_absent,raw_provenance,SQLite rows exist,0,C,no local saved TotoBrief detail snapshot was found,
WARN,4432,10475,2025,immutable_result_snapshot_absent,drawing_result_snapshots,0,,C,no immutable result snapshot and no local RAW result evidence,
WARN,4433,10480,2025,raw_snapshot_absent,raw_provenance,SQLite rows exist,0,C,no local saved TotoBrief detail snapshot was found,
WARN,4433,10480,2025,immutable_result_snapshot_absent,drawing_result_snapshots,0,,C,no immutable result snapshot and no local RAW result evidence,
WARN,4434,10482,2025,raw_snapshot_absent,raw_provenance,SQLite rows exist,0,C,no local saved TotoBrief detail snapshot was found,
WARN,4434,10482,2025,immutable_result_snapshot_absent,drawing_result_snapshots,0,,C,no immutable result snapshot and no local RAW result evidence,
WARN,4435,10486,2025,raw_snapshot_absent,raw_provenance,SQLite rows exist,0,C,no local saved TotoBrief detail snapshot was found,
WARN,4435,10486,2025,immutable_result_snapshot_absent,drawing_result_snapshots,0,,C,no immutable result snapshot and no local RAW result evidence,
ERROR,4436,10489,2025,finished_results_incomplete,events.result,"resolved=14,void=0,missing=1,invalid=0",,C,no local RAW/API snapshot is available,
WARN,4436,10489,2025,raw_snapshot_absent,raw_provenance,SQLite rows exist,0,C,no local saved TotoBrief detail snapshot was found,
WARN,4436,10489,2025,immutable_result_snapshot_absent,drawing_result_snapshots,0,,C,no immutable result snapshot and no local RAW result evidence,
WARN,4437,10492,2025,raw_snapshot_absent,raw_provenance,SQLite rows exist,0,C,no local saved TotoBrief detail snapshot was found,
WARN,4437,10492,2025,immutable_result_snapshot_absent,drawing_result_snapshots,0,,C,no immutable result snapshot and no local RAW result evidence,
WARN,4438,10496,2025,raw_snapshot_absent,raw_provenance,SQLite rows exist,0,C,no local saved TotoBrief detail snapshot was found,
WARN,4438,10496,2025,immutable_result_snapshot_absent,drawing_result_snapshots,0,,C,no immutable result snapshot and no local RAW result evidence,
WARN,4439,10499,2025,raw_snapshot_absent,raw_provenance,SQLite rows exist,0,C,no local saved TotoBrief detail snapshot was found,
WARN,4439,10499,2025,immutable_result_snapshot_absent,drawing_result_snapshots,0,,C,no immutable result snapshot and no local RAW result evidence,
WARN,4440,10502,2025,raw_snapshot_absent,raw_provenance,SQLite rows exist,0,C,no local saved TotoBrief detail snapshot was found,
WARN,4440,10502,2025,immutable_result_snapshot_absent,drawing_result_snapshots,0,,C,no immutable result snapshot and no local RAW result evidence,
WARN,4441,10504,2025,raw_snapshot_absent,raw_provenance,SQLite rows exist,0,C,no local saved TotoBrief detail snapshot was found,
WARN,4441,10504,2025,immutable_result_snapshot_absent,drawing_result_snapshots,0,,C,no immutable result snapshot and no local RAW result evidence,
WARN,4442,10507,2025,raw_snapshot_absent,raw_provenance,SQLite rows exist,0,C,no local saved TotoBrief detail snapshot was found,
WARN,4442,10507,2025,immutable_result_snapshot_absent,drawing_result_snapshots,0,,C,no immutable result snapshot and no local RAW result evidence,
WARN,4443,10511,2025,raw_snapshot_absent,raw_provenance,SQLite rows exist,0,C,no local saved TotoBrief detail snapshot was found,
WARN,4443,10511,2025,immutable_result_snapshot_absent,drawing_result_snapshots,0,,C,no immutable result snapshot and no local RAW result evidence,
WARN,4444,10514,2025,raw_snapshot_absent,raw_provenance,SQLite rows exist,0,C,no local saved TotoBrief detail snapshot was found,
WARN,4444,10514,2025,immutable_result_snapshot_absent,drawing_result_snapshots,0,,C,no immutable result snapshot and no local RAW result evidence,
WARN,4445,10517,2025,raw_snapshot_absent,raw_provenance,SQLite rows exist,0,C,no local saved TotoBrief detail snapshot was found,
WARN,4445,10517,2025,immutable_result_snapshot_absent,drawing_result_snapshots,0,,C,no immutable result snapshot and no local RAW result evidence,
WARN,4446,10521,2025,raw_snapshot_absent,raw_provenance,SQLite rows exist,0,C,no local saved TotoBrief detail snapshot was found,
WARN,4446,10521,2025,immutable_result_snapshot_absent,drawing_result_snapshots,0,,C,no immutable result snapshot and no local RAW result evidence,
WARN,4447,10524,2025,raw_snapshot_absent,raw_provenance,SQLite rows exist,0,C,no local saved TotoBrief detail snapshot was found,
WARN,4447,10524,2025,immutable_result_snapshot_absent,drawing_result_snapshots,0,,C,no immutable result snapshot and no local RAW result evidence,
WARN,4448,10528,2025,raw_snapshot_absent,raw_provenance,SQLite rows exist,0,C,no local saved TotoBrief detail snapshot was found,
WARN,4448,10528,2025,immutable_result_snapshot_absent,drawing_result_snapshots,0,,C,no immutable result snapshot and no local RAW result evidence,
WARN,4449,10529,2025,raw_snapshot_absent,raw_provenance,SQLite rows exist,0,C,no local saved TotoBrief detail snapshot was found,
WARN,4449,10529,2025,immutable_result_snapshot_absent,drawing_result_snapshots,0,,C,no immutable result snapshot and no local RAW result evidence,
WARN,4450,10534,2025,raw_snapshot_absent,raw_provenance,SQLite rows exist,0,C,no local saved TotoBrief detail snapshot was found,
WARN,4450,10534,2025,immutable_result_snapshot_absent,drawing_result_snapshots,0,,C,no immutable result snapshot and no local RAW result evidence,
WARN,4451,10536,2025,raw_snapshot_absent,raw_provenance,SQLite rows exist,0,C,no local saved TotoBrief detail snapshot was found,
WARN,4451,10536,2025,immutable_result_snapshot_absent,drawing_result_snapshots,0,,C,no immutable result snapshot and no local RAW result evidence,
WARN,4452,10540,2025,raw_snapshot_absent,raw_provenance,SQLite rows exist,0,C,no local saved TotoBrief detail snapshot was found,
WARN,4452,10540,2025,immutable_result_snapshot_absent,drawing_result_snapshots,0,,C,no immutable result snapshot and no local RAW result evidence,
WARN,4453,10542,2025,raw_snapshot_absent,raw_provenance,SQLite rows exist,0,C,no local saved TotoBrief detail snapshot was found,
WARN,4453,10542,2025,immutable_result_snapshot_absent,drawing_result_snapshots,0,,C,no immutable result snapshot and no local RAW result evidence,
WARN,4454,10546,2025,raw_snapshot_absent,raw_provenance,SQLite rows exist,0,C,no local saved TotoBrief detail snapshot was found,
WARN,4454,10546,2025,immutable_result_snapshot_absent,drawing_result_snapshots,0,,C,no immutable result snapshot and no local RAW result evidence,
WARN,4455,10550,2025,raw_snapshot_absent,raw_provenance,SQLite rows exist,0,C,no local saved TotoBrief detail snapshot was found,
WARN,4455,10550,2025,immutable_result_snapshot_absent,drawing_result_snapshots,0,,C,no immutable result snapshot and no local RAW result evidence,
WARN,4456,10552,2025,raw_snapshot_absent,raw_provenance,SQLite rows exist,0,C,no local saved TotoBrief detail snapshot was found,
WARN,4456,10552,2025,immutable_result_snapshot_absent,drawing_result_snapshots,0,,C,no immutable result snapshot and no local RAW result evidence,
WARN,4457,10557,2025,raw_snapshot_absent,raw_provenance,SQLite rows exist,0,C,no local saved TotoBrief detail snapshot was found,
WARN,4457,10557,2025,immutable_result_snapshot_absent,drawing_result_snapshots,0,,C,no immutable result snapshot and no local RAW result evidence,
WARN,4458,10560,2025,raw_snapshot_absent,raw_provenance,SQLite rows exist,0,C,no local saved TotoBrief detail snapshot was found,
WARN,4458,10560,2025,immutable_result_snapshot_absent,drawing_result_snapshots,0,,C,no immutable result snapshot and no local RAW result evidence,
WARN,4459,10563,2025,raw_snapshot_absent,raw_provenance,SQLite rows exist,0,C,no local saved TotoBrief detail snapshot was found,
WARN,4459,10563,2025,immutable_result_snapshot_absent,drawing_result_snapshots,0,,C,no immutable result snapshot and no local RAW result evidence,
WARN,4460,10565,2025,raw_snapshot_absent,raw_provenance,SQLite rows exist,0,C,no local saved TotoBrief detail snapshot was found,
WARN,4460,10565,2025,immutable_result_snapshot_absent,drawing_result_snapshots,0,,C,no immutable result snapshot and no local RAW result evidence,
WARN,4461,10568,2025,raw_snapshot_absent,raw_provenance,SQLite rows exist,0,C,no local saved TotoBrief detail snapshot was found,
WARN,4461,10568,2025,immutable_result_snapshot_absent,drawing_result_snapshots,0,,C,no immutable result snapshot and no local RAW result evidence,
WARN,4462,10572,2025,raw_snapshot_absent,raw_provenance,SQLite rows exist,0,C,no local saved TotoBrief detail snapshot was found,
WARN,4462,10572,2025,immutable_result_snapshot_absent,drawing_result_snapshots,0,,C,no immutable result snapshot and no local RAW result evidence,
ERROR,4463,10574,2025,finished_results_incomplete,events.result,"resolved=14,void=0,missing=1,invalid=0",,C,no local RAW/API snapshot is available,
WARN,4463,10574,2025,raw_snapshot_absent,raw_provenance,SQLite rows exist,0,C,no local saved TotoBrief detail snapshot was found,
WARN,4463,10574,2025,immutable_result_snapshot_absent,drawing_result_snapshots,0,,C,no immutable result snapshot and no local RAW result evidence,
WARN,4464,10578,2025,raw_snapshot_absent,raw_provenance,SQLite rows exist,0,C,no local saved TotoBrief detail snapshot was found,
WARN,4464,10578,2025,immutable_result_snapshot_absent,drawing_result_snapshots,0,,C,no immutable result snapshot and no local RAW result evidence,
ERROR,4465,10581,2025,finished_results_incomplete,events.result,"resolved=14,void=0,missing=1,invalid=0",,C,no local RAW/API snapshot is available,
WARN,4465,10581,2025,raw_snapshot_absent,raw_provenance,SQLite rows exist,0,C,no local saved TotoBrief detail snapshot was found,
WARN,4465,10581,2025,immutable_result_snapshot_absent,drawing_result_snapshots,0,,C,no immutable result snapshot and no local RAW result evidence,
ERROR,4466,10585,2025,pool_quotes_incomplete,quotes.pool,0/15,,C,no local RAW/API snapshot is available,
WARN,4466,10585,2025,raw_snapshot_absent,raw_provenance,SQLite rows exist,0,C,no local saved TotoBrief detail snapshot was found,
WARN,4466,10585,2025,immutable_result_snapshot_absent,drawing_result_snapshots,0,,C,no immutable result snapshot and no local RAW result evidence,
WARN,4467,10587,2025,raw_snapshot_absent,raw_provenance,SQLite rows exist,0,C,no local saved TotoBrief detail snapshot was found,
WARN,4467,10587,2025,immutable_result_snapshot_absent,drawing_result_snapshots,0,,C,no immutable result snapshot and no local RAW result evidence,
WARN,4468,10590,2025,raw_snapshot_absent,raw_provenance,SQLite rows exist,0,C,no local saved TotoBrief detail snapshot was found,
WARN,4468,10590,2025,immutable_result_snapshot_absent,drawing_result_snapshots,0,,C,no immutable result snapshot and no local RAW result evidence,
WARN,4469,10594,2025,raw_snapshot_absent,raw_provenance,SQLite rows exist,0,C,no local saved TotoBrief detail snapshot was found,
WARN,4469,10594,2025,immutable_result_snapshot_absent,drawing_result_snapshots,0,,C,no immutable result snapshot and no local RAW result evidence,
WARN,4470,10596,2025,raw_snapshot_absent,raw_provenance,SQLite rows exist,0,C,no local saved TotoBrief detail snapshot was found,
WARN,4470,10596,2025,immutable_result_snapshot_absent,drawing_result_snapshots,0,,C,no immutable result snapshot and no local RAW result evidence,
WARN,4471,10601,2025,raw_snapshot_absent,raw_provenance,SQLite rows exist,0,C,no local saved TotoBrief detail snapshot was found,
WARN,4471,10601,2025,immutable_result_snapshot_absent,drawing_result_snapshots,0,,C,no immutable result snapshot and no local RAW result evidence,
WARN,4472,10603,2025,raw_snapshot_absent,raw_provenance,SQLite rows exist,0,C,no local saved TotoBrief detail snapshot was found,
WARN,4472,10603,2025,immutable_result_snapshot_absent,drawing_result_snapshots,0,,C,no immutable result snapshot and no local RAW result evidence,
ERROR,4473,10605,2025,pool_quotes_incomplete,quotes.pool,0/15,,C,no local RAW/API snapshot is available,
WARN,4473,10605,2025,raw_snapshot_absent,raw_provenance,SQLite rows exist,0,C,no local saved TotoBrief detail snapshot was found,
WARN,4473,10605,2025,immutable_result_snapshot_absent,drawing_result_snapshots,0,,C,no immutable result snapshot and no local RAW result evidence,
WARN,4474,10609,2025,raw_snapshot_absent,raw_provenance,SQLite rows exist,0,C,no local saved TotoBrief detail snapshot was found,
WARN,4474,10609,2025,immutable_result_snapshot_absent,drawing_result_snapshots,0,,C,no immutable result snapshot and no local RAW result evidence,
WARN,4475,10611,2025,raw_snapshot_absent,raw_provenance,SQLite rows exist,0,C,no local saved TotoBrief detail snapshot was found,
WARN,4475,10611,2025,immutable_result_snapshot_absent,drawing_result_snapshots,0,,C,no immutable result snapshot and no local RAW result evidence,
WARN,4476,10614,2025,raw_snapshot_absent,raw_provenance,SQLite rows exist,0,C,no local saved TotoBrief detail snapshot was found,
WARN,4476,10614,2025,immutable_result_snapshot_absent,drawing_result_snapshots,0,,C,no immutable result snapshot and no local RAW result evidence,
WARN,4477,10616,2025,raw_snapshot_absent,raw_provenance,SQLite rows exist,0,C,no local saved TotoBrief detail snapshot was found,
WARN,4477,10616,2025,immutable_result_snapshot_absent,drawing_result_snapshots,0,,C,no immutable result snapshot and no local RAW result evidence,
WARN,4478,10620,2025,raw_snapshot_absent,raw_provenance,SQLite rows exist,0,C,no local saved TotoBrief detail snapshot was found,
WARN,4478,10620,2025,immutable_result_snapshot_absent,drawing_result_snapshots,0,,C,no immutable result snapshot and no local RAW result evidence,
WARN,4479,10622,2025,raw_snapshot_absent,raw_provenance,SQLite rows exist,0,C,no local saved TotoBrief detail snapshot was found,
WARN,4479,10622,2025,immutable_result_snapshot_absent,drawing_result_snapshots,0,,C,no immutable result snapshot and no local RAW result evidence,
WARN,4480,10627,2025,raw_snapshot_absent,raw_provenance,SQLite rows exist,0,C,no local saved TotoBrief detail snapshot was found,
WARN,4480,10627,2025,immutable_result_snapshot_absent,drawing_result_snapshots,0,,C,no immutable result snapshot and no local RAW result evidence,
WARN,4481,10628,2025,raw_snapshot_absent,raw_provenance,SQLite rows exist,0,C,no local saved TotoBrief detail snapshot was found,
WARN,4481,10628,2025,immutable_result_snapshot_absent,drawing_result_snapshots,0,,C,no immutable result snapshot and no local RAW result evidence,
WARN,4482,10632,2025,raw_snapshot_absent,raw_provenance,SQLite rows exist,0,C,no local saved TotoBrief detail snapshot was found,
WARN,4482,10632,2025,immutable_result_snapshot_absent,drawing_result_snapshots,0,,C,no immutable result snapshot and no local RAW result evidence,
WARN,4483,10635,2025,raw_snapshot_absent,raw_provenance,SQLite rows exist,0,C,no local saved TotoBrief detail snapshot was found,
WARN,4483,10635,2025,immutable_result_snapshot_absent,drawing_result_snapshots,0,,C,no immutable result snapshot and no local RAW result evidence,
WARN,4484,10638,2025,raw_snapshot_absent,raw_provenance,SQLite rows exist,0,C,no local saved TotoBrief detail snapshot was found,
WARN,4484,10638,2025,immutable_result_snapshot_absent,drawing_result_snapshots,0,,C,no immutable result snapshot and no local RAW result evidence,
WARN,4485,10640,2025,raw_snapshot_absent,raw_provenance,SQLite rows exist,0,C,no local saved TotoBrief detail snapshot was found,
WARN,4485,10640,2025,immutable_result_snapshot_absent,drawing_result_snapshots,0,,C,no immutable result snapshot and no local RAW result evidence,
WARN,4486,10643,2025,raw_snapshot_absent,raw_provenance,SQLite rows exist,0,C,no local saved TotoBrief detail snapshot was found,
WARN,4486,10643,2025,immutable_result_snapshot_absent,drawing_result_snapshots,0,,C,no immutable result snapshot and no local RAW result evidence,
WARN,4487,10646,2025,raw_snapshot_absent,raw_provenance,SQLite rows exist,0,C,no local saved TotoBrief detail snapshot was found,
WARN,4487,10646,2025,immutable_result_snapshot_absent,drawing_result_snapshots,0,,C,no immutable result snapshot and no local RAW result evidence,
WARN,4488,10649,2025,raw_snapshot_absent,raw_provenance,SQLite rows exist,0,C,no local saved TotoBrief detail snapshot was found,
WARN,4488,10649,2025,immutable_result_snapshot_absent,drawing_result_snapshots,0,,C,no immutable result snapshot and no local RAW result evidence,
WARN,4489,10652,2025,raw_snapshot_absent,raw_provenance,SQLite rows exist,0,C,no local saved TotoBrief detail snapshot was found,
WARN,4489,10652,2025,immutable_result_snapshot_absent,drawing_result_snapshots,0,,C,no immutable result snapshot and no local RAW result evidence,
WARN,4490,10656,2025,raw_snapshot_absent,raw_provenance,SQLite rows exist,0,C,no local saved TotoBrief detail snapshot was found,
WARN,4490,10656,2025,immutable_result_snapshot_absent,drawing_result_snapshots,0,,C,no immutable result snapshot and no local RAW result evidence,
WARN,4491,10660,2025,raw_snapshot_absent,raw_provenance,SQLite rows exist,0,C,no local saved TotoBrief detail snapshot was found,
WARN,4491,10660,2025,immutable_result_snapshot_absent,drawing_result_snapshots,0,,C,no immutable result snapshot and no local RAW result evidence,
WARN,4492,10662,2025,raw_snapshot_absent,raw_provenance,SQLite rows exist,0,C,no local saved TotoBrief detail snapshot was found,
WARN,4492,10662,2025,immutable_result_snapshot_absent,drawing_result_snapshots,0,,C,no immutable result snapshot and no local RAW result evidence,
ERROR,4493,10665,2025,finished_results_incomplete,events.result,"resolved=13,void=0,missing=2,invalid=0",,C,no local RAW/API snapshot is available,
WARN,4493,10665,2025,raw_snapshot_absent,raw_provenance,SQLite rows exist,0,C,no local saved TotoBrief detail snapshot was found,
WARN,4493,10665,2025,immutable_result_snapshot_absent,drawing_result_snapshots,0,,C,no immutable result snapshot and no local RAW result evidence,
ERROR,4494,10668,2025,finished_results_incomplete,events.result,"resolved=14,void=0,missing=1,invalid=0",,C,no local RAW/API snapshot is available,
WARN,4494,10668,2025,raw_snapshot_absent,raw_provenance,SQLite rows exist,0,C,no local saved TotoBrief detail snapshot was found,
WARN,4494,10668,2025,immutable_result_snapshot_absent,drawing_result_snapshots,0,,C,no immutable result snapshot and no local RAW result evidence,
WARN,4495,10670,2025,raw_snapshot_absent,raw_provenance,SQLite rows exist,0,C,no local saved TotoBrief detail snapshot was found,
WARN,4495,10670,2025,immutable_result_snapshot_absent,drawing_result_snapshots,0,,C,no immutable result snapshot and no local RAW result evidence,
WARN,4496,10674,2025,raw_snapshot_absent,raw_provenance,SQLite rows exist,0,C,no local saved TotoBrief detail snapshot was found,
WARN,4496,10674,2025,immutable_result_snapshot_absent,drawing_result_snapshots,0,,C,no immutable result snapshot and no local RAW result evidence,
WARN,4497,10676,2025,raw_snapshot_absent,raw_provenance,SQLite rows exist,0,C,no local saved TotoBrief detail snapshot was found,
WARN,4497,10676,2025,immutable_result_snapshot_absent,drawing_result_snapshots,0,,C,no immutable result snapshot and no local RAW result evidence,
WARN,4498,10681,2025,raw_snapshot_absent,raw_provenance,SQLite rows exist,0,C,no local saved TotoBrief detail snapshot was found,
WARN,4498,10681,2025,immutable_result_snapshot_absent,drawing_result_snapshots,0,,C,no immutable result snapshot and no local RAW result evidence,
ERROR,4499,10683,2025,pool_quotes_incomplete,quotes.pool,0/15,,C,no local RAW/API snapshot is available,
ERROR,4499,10683,2025,finished_results_incomplete,events.result,"resolved=0,void=0,missing=15,invalid=0",,C,no local RAW/API snapshot is available,
WARN,4499,10683,2025,raw_snapshot_absent,raw_provenance,SQLite rows exist,0,C,no local saved TotoBrief detail snapshot was found,
WARN,4499,10683,2025,immutable_result_snapshot_absent,drawing_result_snapshots,0,,C,no immutable result snapshot and no local RAW result evidence,
ERROR,4500,10685,2025,stale_nonfinished_status,drawings.status,expected after 2025-04-21T20:10:00.000000Z,,C,no local RAW snapshot exists to distinguish source vs import staleness,
WARN,4500,10685,2025,raw_snapshot_absent,raw_provenance,SQLite rows exist,0,C,no local saved TotoBrief detail snapshot was found,
WARN,4501,10688,2025,raw_snapshot_absent,raw_provenance,SQLite rows exist,0,C,no local saved TotoBrief detail snapshot was found,
WARN,4501,10688,2025,immutable_result_snapshot_absent,drawing_result_snapshots,0,,C,no immutable result snapshot and no local RAW result evidence,
WARN,4502,10690,2025,raw_snapshot_absent,raw_provenance,SQLite rows exist,0,C,no local saved TotoBrief detail snapshot was found,
WARN,4502,10690,2025,immutable_result_snapshot_absent,drawing_result_snapshots,0,,C,no immutable result snapshot and no local RAW result evidence,
WARN,4503,10693,2025,raw_snapshot_absent,raw_provenance,SQLite rows exist,0,C,no local saved TotoBrief detail snapshot was found,
WARN,4503,10693,2025,immutable_result_snapshot_absent,drawing_result_snapshots,0,,C,no immutable result snapshot and no local RAW result evidence,
WARN,4504,10696,2025,raw_snapshot_absent,raw_provenance,SQLite rows exist,0,C,no local saved TotoBrief detail snapshot was found,
WARN,4504,10696,2025,immutable_result_snapshot_absent,drawing_result_snapshots,0,,C,no immutable result snapshot and no local RAW result evidence,
WARN,4505,10698,2025,raw_snapshot_absent,raw_provenance,SQLite rows exist,0,C,no local saved TotoBrief detail snapshot was found,
WARN,4505,10698,2025,immutable_result_snapshot_absent,drawing_result_snapshots,0,,C,no immutable result snapshot and no local RAW result evidence,
WARN,4506,10702,2025,raw_snapshot_absent,raw_provenance,SQLite rows exist,0,C,no local saved TotoBrief detail snapshot was found,
WARN,4506,10702,2025,immutable_result_snapshot_absent,drawing_result_snapshots,0,,C,no immutable result snapshot and no local RAW result evidence,
ERROR,4507,10706,2025,finished_results_incomplete,events.result,"resolved=13,void=0,missing=2,invalid=0",,C,no local RAW/API snapshot is available,
WARN,4507,10706,2025,raw_snapshot_absent,raw_provenance,SQLite rows exist,0,C,no local saved TotoBrief detail snapshot was found,
WARN,4507,10706,2025,immutable_result_snapshot_absent,drawing_result_snapshots,0,,C,no immutable result snapshot and no local RAW result evidence,
WARN,4508,10709,2025,raw_snapshot_absent,raw_provenance,SQLite rows exist,0,C,no local saved TotoBrief detail snapshot was found,
WARN,4508,10709,2025,immutable_result_snapshot_absent,drawing_result_snapshots,0,,C,no immutable result snapshot and no local RAW result evidence,
WARN,4509,10712,2025,raw_snapshot_absent,raw_provenance,SQLite rows exist,0,C,no local saved TotoBrief detail snapshot was found,
WARN,4509,10712,2025,immutable_result_snapshot_absent,drawing_result_snapshots,0,,C,no immutable result snapshot and no local RAW result evidence,
WARN,4510,10714,2025,raw_snapshot_absent,raw_provenance,SQLite rows exist,0,C,no local saved TotoBrief detail snapshot was found,
WARN,4510,10714,2025,immutable_result_snapshot_absent,drawing_result_snapshots,0,,C,no immutable result snapshot and no local RAW result evidence,
WARN,4511,10717,2025,raw_snapshot_absent,raw_provenance,SQLite rows exist,0,C,no local saved TotoBrief detail snapshot was found,
WARN,4511,10717,2025,immutable_result_snapshot_absent,drawing_result_snapshots,0,,C,no immutable result snapshot and no local RAW result evidence,
WARN,4512,10720,2025,raw_snapshot_absent,raw_provenance,SQLite rows exist,0,C,no local saved TotoBrief detail snapshot was found,
WARN,4512,10720,2025,immutable_result_snapshot_absent,drawing_result_snapshots,0,,C,no immutable result snapshot and no local RAW result evidence,
WARN,4513,10724,2025,raw_snapshot_absent,raw_provenance,SQLite rows exist,0,C,no local saved TotoBrief detail snapshot was found,
WARN,4513,10724,2025,immutable_result_snapshot_absent,drawing_result_snapshots,0,,C,no immutable result snapshot and no local RAW result evidence,
WARN,4514,10727,2025,raw_snapshot_absent,raw_provenance,SQLite rows exist,0,C,no local saved TotoBrief detail snapshot was found,
WARN,4514,10727,2025,immutable_result_snapshot_absent,drawing_result_snapshots,0,,C,no immutable result snapshot and no local RAW result evidence,
WARN,4515,10729,2025,raw_snapshot_absent,raw_provenance,SQLite rows exist,0,C,no local saved TotoBrief detail snapshot was found,
WARN,4515,10729,2025,immutable_result_snapshot_absent,drawing_result_snapshots,0,,C,no immutable result snapshot and no local RAW result evidence,
WARN,4516,10731,2025,raw_snapshot_absent,raw_provenance,SQLite rows exist,0,C,no local saved TotoBrief detail snapshot was found,
WARN,4516,10731,2025,immutable_result_snapshot_absent,drawing_result_snapshots,0,,C,no immutable result snapshot and no local RAW result evidence,
WARN,4517,10734,2025,raw_snapshot_absent,raw_provenance,SQLite rows exist,0,C,no local saved TotoBrief detail snapshot was found,
WARN,4517,10734,2025,immutable_result_snapshot_absent,drawing_result_snapshots,0,,C,no immutable result snapshot and no local RAW result evidence,
WARN,4518,10738,2025,raw_snapshot_absent,raw_provenance,SQLite rows exist,0,C,no local saved TotoBrief detail snapshot was found,
WARN,4518,10738,2025,immutable_result_snapshot_absent,drawing_result_snapshots,0,,C,no immutable result snapshot and no local RAW result evidence,
WARN,4519,10740,2025,raw_snapshot_absent,raw_provenance,SQLite rows exist,0,C,no local saved TotoBrief detail snapshot was found,
WARN,4519,10740,2025,immutable_result_snapshot_absent,drawing_result_snapshots,0,,C,no immutable result snapshot and no local RAW result evidence,
WARN,4520,10745,2025,raw_snapshot_absent,raw_provenance,SQLite rows exist,0,C,no local saved TotoBrief detail snapshot was found,
WARN,4520,10745,2025,immutable_result_snapshot_absent,drawing_result_snapshots,0,,C,no immutable result snapshot and no local RAW result evidence,
WARN,4521,10747,2025,raw_snapshot_absent,raw_provenance,SQLite rows exist,0,C,no local saved TotoBrief detail snapshot was found,
WARN,4521,10747,2025,immutable_result_snapshot_absent,drawing_result_snapshots,0,,C,no immutable result snapshot and no local RAW result evidence,
WARN,4522,10750,2025,raw_snapshot_absent,raw_provenance,SQLite rows exist,0,C,no local saved TotoBrief detail snapshot was found,
WARN,4522,10750,2025,immutable_result_snapshot_absent,drawing_result_snapshots,0,,C,no immutable result snapshot and no local RAW result evidence,
WARN,4523,10753,2025,raw_snapshot_absent,raw_provenance,SQLite rows exist,0,C,no local saved TotoBrief detail snapshot was found,
WARN,4523,10753,2025,immutable_result_snapshot_absent,drawing_result_snapshots,0,,C,no immutable result snapshot and no local RAW result evidence,
WARN,4524,10757,2025,raw_snapshot_absent,raw_provenance,SQLite rows exist,0,C,no local saved TotoBrief detail snapshot was found,
WARN,4524,10757,2025,immutable_result_snapshot_absent,drawing_result_snapshots,0,,C,no immutable result snapshot and no local RAW result evidence,
ERROR,4525,10759,2025,finished_results_incomplete,events.result,"resolved=14,void=0,missing=1,invalid=0",,C,no local RAW/API snapshot is available,
WARN,4525,10759,2025,raw_snapshot_absent,raw_provenance,SQLite rows exist,0,C,no local saved TotoBrief detail snapshot was found,
WARN,4525,10759,2025,immutable_result_snapshot_absent,drawing_result_snapshots,0,,C,no immutable result snapshot and no local RAW result evidence,
WARN,4526,10762,2025,raw_snapshot_absent,raw_provenance,SQLite rows exist,0,C,no local saved TotoBrief detail snapshot was found,
WARN,4526,10762,2025,immutable_result_snapshot_absent,drawing_result_snapshots,0,,C,no immutable result snapshot and no local RAW result evidence,
WARN,4527,10764,2025,raw_snapshot_absent,raw_provenance,SQLite rows exist,0,C,no local saved TotoBrief detail snapshot was found,
WARN,4527,10764,2025,immutable_result_snapshot_absent,drawing_result_snapshots,0,,C,no immutable result snapshot and no local RAW result evidence,
WARN,4528,10768,2025,raw_snapshot_absent,raw_provenance,SQLite rows exist,0,C,no local saved TotoBrief detail snapshot was found,
WARN,4528,10768,2025,immutable_result_snapshot_absent,drawing_result_snapshots,0,,C,no immutable result snapshot and no local RAW result evidence,
WARN,4529,10770,2025,raw_snapshot_absent,raw_provenance,SQLite rows exist,0,C,no local saved TotoBrief detail snapshot was found,
WARN,4529,10770,2025,immutable_result_snapshot_absent,drawing_result_snapshots,0,,C,no immutable result snapshot and no local RAW result evidence,
WARN,4530,10774,2025,raw_snapshot_absent,raw_provenance,SQLite rows exist,0,C,no local saved TotoBrief detail snapshot was found,
WARN,4530,10774,2025,immutable_result_snapshot_absent,drawing_result_snapshots,0,,C,no immutable result snapshot and no local RAW result evidence,
WARN,4531,10776,2025,raw_snapshot_absent,raw_provenance,SQLite rows exist,0,C,no local saved TotoBrief detail snapshot was found,
WARN,4531,10776,2025,immutable_result_snapshot_absent,drawing_result_snapshots,0,,C,no immutable result snapshot and no local RAW result evidence,
WARN,4532,10779,2025,raw_snapshot_absent,raw_provenance,SQLite rows exist,0,C,no local saved TotoBrief detail snapshot was found,
WARN,4532,10779,2025,immutable_result_snapshot_absent,drawing_result_snapshots,0,,C,no immutable result snapshot and no local RAW result evidence,
WARN,4533,10781,2025,raw_snapshot_absent,raw_provenance,SQLite rows exist,0,C,no local saved TotoBrief detail snapshot was found,
WARN,4533,10781,2025,immutable_result_snapshot_absent,drawing_result_snapshots,0,,C,no immutable result snapshot and no local RAW result evidence,
WARN,4534,10785,2025,raw_snapshot_absent,raw_provenance,SQLite rows exist,0,C,no local saved TotoBrief detail snapshot was found,
WARN,4534,10785,2025,immutable_result_snapshot_absent,drawing_result_snapshots,0,,C,no immutable result snapshot and no local RAW result evidence,
ERROR,4535,10788,2025,finished_results_incomplete,events.result,"resolved=14,void=0,missing=1,invalid=0",,C,no local RAW/API snapshot is available,
WARN,4535,10788,2025,raw_snapshot_absent,raw_provenance,SQLite rows exist,0,C,no local saved TotoBrief detail snapshot was found,
WARN,4535,10788,2025,immutable_result_snapshot_absent,drawing_result_snapshots,0,,C,no immutable result snapshot and no local RAW result evidence,
ERROR,4536,10791,2025,pool_quotes_incomplete,quotes.pool,0/15,,C,no local RAW/API snapshot is available,
WARN,4536,10791,2025,raw_snapshot_absent,raw_provenance,SQLite rows exist,0,C,no local saved TotoBrief detail snapshot was found,
WARN,4536,10791,2025,immutable_result_snapshot_absent,drawing_result_snapshots,0,,C,no immutable result snapshot and no local RAW result evidence,
WARN,4537,10794,2025,raw_snapshot_absent,raw_provenance,SQLite rows exist,0,C,no local saved TotoBrief detail snapshot was found,
WARN,4537,10794,2025,immutable_result_snapshot_absent,drawing_result_snapshots,0,,C,no immutable result snapshot and no local RAW result evidence,
WARN,4538,10798,2025,raw_snapshot_absent,raw_provenance,SQLite rows exist,0,C,no local saved TotoBrief detail snapshot was found,
WARN,4538,10798,2025,immutable_result_snapshot_absent,drawing_result_snapshots,0,,C,no immutable result snapshot and no local RAW result evidence,
WARN,4539,10801,2025,raw_snapshot_absent,raw_provenance,SQLite rows exist,0,C,no local saved TotoBrief detail snapshot was found,
WARN,4539,10801,2025,immutable_result_snapshot_absent,drawing_result_snapshots,0,,C,no immutable result snapshot and no local RAW result evidence,
WARN,4540,10803,2025,raw_snapshot_absent,raw_provenance,SQLite rows exist,0,C,no local saved TotoBrief detail snapshot was found,
WARN,4540,10803,2025,immutable_result_snapshot_absent,drawing_result_snapshots,0,,C,no immutable result snapshot and no local RAW result evidence,
WARN,4541,10807,2025,raw_snapshot_absent,raw_provenance,SQLite rows exist,0,C,no local saved TotoBrief detail snapshot was found,
WARN,4541,10807,2025,immutable_result_snapshot_absent,drawing_result_snapshots,0,,C,no immutable result snapshot and no local RAW result evidence,
ERROR,4542,10810,2025,finished_results_incomplete,events.result,"resolved=14,void=0,missing=1,invalid=0",,C,no local RAW/API snapshot is available,
WARN,4542,10810,2025,raw_snapshot_absent,raw_provenance,SQLite rows exist,0,C,no local saved TotoBrief detail snapshot was found,
WARN,4542,10810,2025,immutable_result_snapshot_absent,drawing_result_snapshots,0,,C,no immutable result snapshot and no local RAW result evidence,
WARN,4543,10813,2025,raw_snapshot_absent,raw_provenance,SQLite rows exist,0,C,no local saved TotoBrief detail snapshot was found,
WARN,4543,10813,2025,immutable_result_snapshot_absent,drawing_result_snapshots,0,,C,no immutable result snapshot and no local RAW result evidence,
WARN,4544,10815,2025,raw_snapshot_absent,raw_provenance,SQLite rows exist,0,C,no local saved TotoBrief detail snapshot was found,
WARN,4544,10815,2025,immutable_result_snapshot_absent,drawing_result_snapshots,0,,C,no immutable result snapshot and no local RAW result evidence,
WARN,4545,10819,2025,raw_snapshot_absent,raw_provenance,SQLite rows exist,0,C,no local saved TotoBrief detail snapshot was found,
WARN,4545,10819,2025,immutable_result_snapshot_absent,drawing_result_snapshots,0,,C,no immutable result snapshot and no local RAW result evidence,
WARN,4546,10822,2025,raw_snapshot_absent,raw_provenance,SQLite rows exist,0,C,no local saved TotoBrief detail snapshot was found,
WARN,4546,10822,2025,immutable_result_snapshot_absent,drawing_result_snapshots,0,,C,no immutable result snapshot and no local RAW result evidence,
WARN,4547,10824,2025,raw_snapshot_absent,raw_provenance,SQLite rows exist,0,C,no local saved TotoBrief detail snapshot was found,
WARN,4547,10824,2025,immutable_result_snapshot_absent,drawing_result_snapshots,0,,C,no immutable result snapshot and no local RAW result evidence,
WARN,4548,10827,2025,raw_snapshot_absent,raw_provenance,SQLite rows exist,0,C,no local saved TotoBrief detail snapshot was found,
WARN,4548,10827,2025,immutable_result_snapshot_absent,drawing_result_snapshots,0,,C,no immutable result snapshot and no local RAW result evidence,
WARN,4549,10829,2025,raw_snapshot_absent,raw_provenance,SQLite rows exist,0,C,no local saved TotoBrief detail snapshot was found,
WARN,4549,10829,2025,immutable_result_snapshot_absent,drawing_result_snapshots,0,,C,no immutable result snapshot and no local RAW result evidence,
WARN,4550,10833,2025,raw_snapshot_absent,raw_provenance,SQLite rows exist,0,C,no local saved TotoBrief detail snapshot was found,
WARN,4550,10833,2025,immutable_result_snapshot_absent,drawing_result_snapshots,0,,C,no immutable result snapshot and no local RAW result evidence,
WARN,4551,10834,2025,raw_snapshot_absent,raw_provenance,SQLite rows exist,0,C,no local saved TotoBrief detail snapshot was found,
WARN,4551,10834,2025,immutable_result_snapshot_absent,drawing_result_snapshots,0,,C,no immutable result snapshot and no local RAW result evidence,
WARN,4552,10836,2025,raw_snapshot_absent,raw_provenance,SQLite rows exist,0,C,no local saved TotoBrief detail snapshot was found,
WARN,4552,10836,2025,immutable_result_snapshot_absent,drawing_result_snapshots,0,,C,no immutable result snapshot and no local RAW result evidence,
WARN,4553,10840,2025,raw_snapshot_absent,raw_provenance,SQLite rows exist,0,C,no local saved TotoBrief detail snapshot was found,
WARN,4553,10840,2025,immutable_result_snapshot_absent,drawing_result_snapshots,0,,C,no immutable result snapshot and no local RAW result evidence,
WARN,4554,10844,2025,raw_snapshot_absent,raw_provenance,SQLite rows exist,0,C,no local saved TotoBrief detail snapshot was found,
WARN,4554,10844,2025,immutable_result_snapshot_absent,drawing_result_snapshots,0,,C,no immutable result snapshot and no local RAW result evidence,
ERROR,4555,10847,2025,finished_results_incomplete,events.result,"resolved=14,void=0,missing=1,invalid=0",,C,no local RAW/API snapshot is available,
WARN,4555,10847,2025,raw_snapshot_absent,raw_provenance,SQLite rows exist,0,C,no local saved TotoBrief detail snapshot was found,
WARN,4555,10847,2025,immutable_result_snapshot_absent,drawing_result_snapshots,0,,C,no immutable result snapshot and no local RAW result evidence,
WARN,4556,10850,2025,raw_snapshot_absent,raw_provenance,SQLite rows exist,0,C,no local saved TotoBrief detail snapshot was found,
WARN,4556,10850,2025,immutable_result_snapshot_absent,drawing_result_snapshots,0,,C,no immutable result snapshot and no local RAW result evidence,
ERROR,4557,10852,2025,finished_results_incomplete,events.result,"resolved=14,void=0,missing=1,invalid=0",,C,no local RAW/API snapshot is available,
WARN,4557,10852,2025,raw_snapshot_absent,raw_provenance,SQLite rows exist,0,C,no local saved TotoBrief detail snapshot was found,
WARN,4557,10852,2025,immutable_result_snapshot_absent,drawing_result_snapshots,0,,C,no immutable result snapshot and no local RAW result evidence,
WARN,4558,10854,2025,raw_snapshot_absent,raw_provenance,SQLite rows exist,0,C,no local saved TotoBrief detail snapshot was found,
WARN,4558,10854,2025,immutable_result_snapshot_absent,drawing_result_snapshots,0,,C,no immutable result snapshot and no local RAW result evidence,
WARN,4559,10857,2025,raw_snapshot_absent,raw_provenance,SQLite rows exist,0,C,no local saved TotoBrief detail snapshot was found,
WARN,4559,10857,2025,immutable_result_snapshot_absent,drawing_result_snapshots,0,,C,no immutable result snapshot and no local RAW result evidence,
WARN,4560,10859,2025,raw_snapshot_absent,raw_provenance,SQLite rows exist,0,C,no local saved TotoBrief detail snapshot was found,
WARN,4560,10859,2025,immutable_result_snapshot_absent,drawing_result_snapshots,0,,C,no immutable result snapshot and no local RAW result evidence,
WARN,4561,10862,2025,raw_snapshot_absent,raw_provenance,SQLite rows exist,0,C,no local saved TotoBrief detail snapshot was found,
WARN,4561,10862,2025,immutable_result_snapshot_absent,drawing_result_snapshots,0,,C,no immutable result snapshot and no local RAW result evidence,
WARN,4562,10865,2025,raw_snapshot_absent,raw_provenance,SQLite rows exist,0,C,no local saved TotoBrief detail snapshot was found,
WARN,4562,10865,2025,immutable_result_snapshot_absent,drawing_result_snapshots,0,,C,no immutable result snapshot and no local RAW result evidence,
ERROR,4563,10867,2025,pool_quotes_incomplete,quotes.pool,0/15,,C,no local RAW/API snapshot is available,
WARN,4563,10867,2025,raw_snapshot_absent,raw_provenance,SQLite rows exist,0,C,no local saved TotoBrief detail snapshot was found,
WARN,4563,10867,2025,immutable_result_snapshot_absent,drawing_result_snapshots,0,,C,no immutable result snapshot and no local RAW result evidence,
ERROR,4564,10870,2025,pool_quotes_incomplete,quotes.pool,0/15,,C,no local RAW/API snapshot is available,
WARN,4564,10870,2025,raw_snapshot_absent,raw_provenance,SQLite rows exist,0,C,no local saved TotoBrief detail snapshot was found,
WARN,4564,10870,2025,immutable_result_snapshot_absent,drawing_result_snapshots,0,,C,no immutable result snapshot and no local RAW result evidence,
WARN,4565,10873,2025,raw_snapshot_absent,raw_provenance,SQLite rows exist,0,C,no local saved TotoBrief detail snapshot was found,
WARN,4565,10873,2025,immutable_result_snapshot_absent,drawing_result_snapshots,0,,C,no immutable result snapshot and no local RAW result evidence,
WARN,4566,10876,2025,raw_snapshot_absent,raw_provenance,SQLite rows exist,0,C,no local saved TotoBrief detail snapshot was found,
WARN,4566,10876,2025,immutable_result_snapshot_absent,drawing_result_snapshots,0,,C,no immutable result snapshot and no local RAW result evidence,
WARN,4567,10878,2025,raw_snapshot_absent,raw_provenance,SQLite rows exist,0,C,no local saved TotoBrief detail snapshot was found,
WARN,4567,10878,2025,immutable_result_snapshot_absent,drawing_result_snapshots,0,,C,no immutable result snapshot and no local RAW result evidence,
WARN,4568,10881,2025,raw_snapshot_absent,raw_provenance,SQLite rows exist,0,C,no local saved TotoBrief detail snapshot was found,
WARN,4568,10881,2025,immutable_result_snapshot_absent,drawing_result_snapshots,0,,C,no immutable result snapshot and no local RAW result evidence,
ERROR,4569,10884,2025,finished_results_incomplete,events.result,"resolved=13,void=0,missing=2,invalid=0",,C,no local RAW/API snapshot is available,
WARN,4569,10884,2025,raw_snapshot_absent,raw_provenance,SQLite rows exist,0,C,no local saved TotoBrief detail snapshot was found,
WARN,4569,10884,2025,immutable_result_snapshot_absent,drawing_result_snapshots,0,,C,no immutable result snapshot and no local RAW result evidence,
ERROR,4570,10887,2025,pool_quotes_incomplete,quotes.pool,0/15,,C,no local RAW/API snapshot is available,
WARN,4570,10887,2025,raw_snapshot_absent,raw_provenance,SQLite rows exist,0,C,no local saved TotoBrief detail snapshot was found,
WARN,4570,10887,2025,immutable_result_snapshot_absent,drawing_result_snapshots,0,,C,no immutable result snapshot and no local RAW result evidence,
ERROR,4571,10892,2025,finished_results_incomplete,events.result,"resolved=14,void=0,missing=1,invalid=0",,C,no local RAW/API snapshot is available,
WARN,4571,10892,2025,raw_snapshot_absent,raw_provenance,SQLite rows exist,0,C,no local saved TotoBrief detail snapshot was found,
WARN,4571,10892,2025,immutable_result_snapshot_absent,drawing_result_snapshots,0,,C,no immutable result snapshot and no local RAW result evidence,
WARN,4572,10895,2025,raw_snapshot_absent,raw_provenance,SQLite rows exist,0,C,no local saved TotoBrief detail snapshot was found,
WARN,4572,10895,2025,immutable_result_snapshot_absent,drawing_result_snapshots,0,,C,no immutable result snapshot and no local RAW result evidence,
WARN,4573,10898,2025,raw_snapshot_absent,raw_provenance,SQLite rows exist,0,C,no local saved TotoBrief detail snapshot was found,
WARN,4573,10898,2025,immutable_result_snapshot_absent,drawing_result_snapshots,0,,C,no immutable result snapshot and no local RAW result evidence,
WARN,4574,10901,2025,raw_snapshot_absent,raw_provenance,SQLite rows exist,0,C,no local saved TotoBrief detail snapshot was found,
WARN,4574,10901,2025,immutable_result_snapshot_absent,drawing_result_snapshots,0,,C,no immutable result snapshot and no local RAW result evidence,
WARN,4575,10904,2025,raw_snapshot_absent,raw_provenance,SQLite rows exist,0,C,no local saved TotoBrief detail snapshot was found,
WARN,4575,10904,2025,immutable_result_snapshot_absent,drawing_result_snapshots,0,,C,no immutable result snapshot and no local RAW result evidence,
WARN,4576,10906,2025,raw_snapshot_absent,raw_provenance,SQLite rows exist,0,C,no local saved TotoBrief detail snapshot was found,
WARN,4576,10906,2025,immutable_result_snapshot_absent,drawing_result_snapshots,0,,C,no immutable result snapshot and no local RAW result evidence,
WARN,4577,10909,2025,raw_snapshot_absent,raw_provenance,SQLite rows exist,0,C,no local saved TotoBrief detail snapshot was found,
WARN,4577,10909,2025,immutable_result_snapshot_absent,drawing_result_snapshots,0,,C,no immutable result snapshot and no local RAW result evidence,
WARN,4578,10910,2025,raw_snapshot_absent,raw_provenance,SQLite rows exist,0,C,no local saved TotoBrief detail snapshot was found,
WARN,4578,10910,2025,immutable_result_snapshot_absent,drawing_result_snapshots,0,,C,no immutable result snapshot and no local RAW result evidence,
WARN,4579,10914,2025,raw_snapshot_absent,raw_provenance,SQLite rows exist,0,C,no local saved TotoBrief detail snapshot was found,
WARN,4579,10914,2025,immutable_result_snapshot_absent,drawing_result_snapshots,0,,C,no immutable result snapshot and no local RAW result evidence,
WARN,4580,10917,2025,raw_snapshot_absent,raw_provenance,SQLite rows exist,0,C,no local saved TotoBrief detail snapshot was found,
WARN,4580,10917,2025,immutable_result_snapshot_absent,drawing_result_snapshots,0,,C,no immutable result snapshot and no local RAW result evidence,
WARN,4581,10919,2025,raw_snapshot_absent,raw_provenance,SQLite rows exist,0,C,no local saved TotoBrief detail snapshot was found,
WARN,4581,10919,2025,immutable_result_snapshot_absent,drawing_result_snapshots,0,,C,no immutable result snapshot and no local RAW result evidence,
WARN,4582,10922,2025,raw_snapshot_absent,raw_provenance,SQLite rows exist,0,C,no local saved TotoBrief detail snapshot was found,
WARN,4582,10922,2025,immutable_result_snapshot_absent,drawing_result_snapshots,0,,C,no immutable result snapshot and no local RAW result evidence,
WARN,4583,10925,2025,raw_snapshot_absent,raw_provenance,SQLite rows exist,0,C,no local saved TotoBrief detail snapshot was found,
WARN,4583,10925,2025,immutable_result_snapshot_absent,drawing_result_snapshots,0,,C,no immutable result snapshot and no local RAW result evidence,
WARN,4584,10928,2025,raw_snapshot_absent,raw_provenance,SQLite rows exist,0,C,no local saved TotoBrief detail snapshot was found,
WARN,4584,10928,2025,immutable_result_snapshot_absent,drawing_result_snapshots,0,,C,no immutable result snapshot and no local RAW result evidence,
WARN,4585,10930,2025,raw_snapshot_absent,raw_provenance,SQLite rows exist,0,C,no local saved TotoBrief detail snapshot was found,
WARN,4585,10930,2025,immutable_result_snapshot_absent,drawing_result_snapshots,0,,C,no immutable result snapshot and no local RAW result evidence,
WARN,4586,10933,2025,raw_snapshot_absent,raw_provenance,SQLite rows exist,0,C,no local saved TotoBrief detail snapshot was found,
WARN,4586,10933,2025,immutable_result_snapshot_absent,drawing_result_snapshots,0,,C,no immutable result snapshot and no local RAW result evidence,
WARN,4587,10936,2025,raw_snapshot_absent,raw_provenance,SQLite rows exist,0,C,no local saved TotoBrief detail snapshot was found,
WARN,4587,10936,2025,immutable_result_snapshot_absent,drawing_result_snapshots,0,,C,no immutable result snapshot and no local RAW result evidence,
WARN,4588,10938,2025,raw_snapshot_absent,raw_provenance,SQLite rows exist,0,C,no local saved TotoBrief detail snapshot was found,
WARN,4588,10938,2025,immutable_result_snapshot_absent,drawing_result_snapshots,0,,C,no immutable result snapshot and no local RAW result evidence,
WARN,4589,10941,2025,raw_snapshot_absent,raw_provenance,SQLite rows exist,0,C,no local saved TotoBrief detail snapshot was found,
WARN,4589,10941,2025,immutable_result_snapshot_absent,drawing_result_snapshots,0,,C,no immutable result snapshot and no local RAW result evidence,
WARN,4590,10945,2025,raw_snapshot_absent,raw_provenance,SQLite rows exist,0,C,no local saved TotoBrief detail snapshot was found,
WARN,4590,10945,2025,immutable_result_snapshot_absent,drawing_result_snapshots,0,,C,no immutable result snapshot and no local RAW result evidence,
WARN,4591,10948,2025,raw_snapshot_absent,raw_provenance,SQLite rows exist,0,C,no local saved TotoBrief detail snapshot was found,
WARN,4591,10948,2025,immutable_result_snapshot_absent,drawing_result_snapshots,0,,C,no immutable result snapshot and no local RAW result evidence,
WARN,4592,10950,2025,raw_snapshot_absent,raw_provenance,SQLite rows exist,0,C,no local saved TotoBrief detail snapshot was found,
WARN,4592,10950,2025,immutable_result_snapshot_absent,drawing_result_snapshots,0,,C,no immutable result snapshot and no local RAW result evidence,
WARN,4593,10954,2025,raw_snapshot_absent,raw_provenance,SQLite rows exist,0,C,no local saved TotoBrief detail snapshot was found,
WARN,4593,10954,2025,immutable_result_snapshot_absent,drawing_result_snapshots,0,,C,no immutable result snapshot and no local RAW result evidence,
WARN,4594,10956,2025,raw_snapshot_absent,raw_provenance,SQLite rows exist,0,C,no local saved TotoBrief detail snapshot was found,
WARN,4594,10956,2025,immutable_result_snapshot_absent,drawing_result_snapshots,0,,C,no immutable result snapshot and no local RAW result evidence,
WARN,4595,10960,2025,raw_snapshot_absent,raw_provenance,SQLite rows exist,0,C,no local saved TotoBrief detail snapshot was found,
WARN,4595,10960,2025,immutable_result_snapshot_absent,drawing_result_snapshots,0,,C,no immutable result snapshot and no local RAW result evidence,
WARN,4596,10962,2025,raw_snapshot_absent,raw_provenance,SQLite rows exist,0,C,no local saved TotoBrief detail snapshot was found,
WARN,4596,10962,2025,immutable_result_snapshot_absent,drawing_result_snapshots,0,,C,no immutable result snapshot and no local RAW result evidence,
WARN,4597,10964,2025,raw_snapshot_absent,raw_provenance,SQLite rows exist,0,C,no local saved TotoBrief detail snapshot was found,
WARN,4597,10964,2025,immutable_result_snapshot_absent,drawing_result_snapshots,0,,C,no immutable result snapshot and no local RAW result evidence,
WARN,4598,10967,2025,raw_snapshot_absent,raw_provenance,SQLite rows exist,0,C,no local saved TotoBrief detail snapshot was found,
WARN,4598,10967,2025,immutable_result_snapshot_absent,drawing_result_snapshots,0,,C,no immutable result snapshot and no local RAW result evidence,
WARN,4599,10971,2025,raw_snapshot_absent,raw_provenance,SQLite rows exist,0,C,no local saved TotoBrief detail snapshot was found,
WARN,4599,10971,2025,immutable_result_snapshot_absent,drawing_result_snapshots,0,,C,no immutable result snapshot and no local RAW result evidence,
WARN,4600,10975,2025,raw_snapshot_absent,raw_provenance,SQLite rows exist,0,C,no local saved TotoBrief detail snapshot was found,
WARN,4600,10975,2025,immutable_result_snapshot_absent,drawing_result_snapshots,0,,C,no immutable result snapshot and no local RAW result evidence,
WARN,4601,10977,2025,raw_snapshot_absent,raw_provenance,SQLite rows exist,0,C,no local saved TotoBrief detail snapshot was found,
WARN,4601,10977,2025,immutable_result_snapshot_absent,drawing_result_snapshots,0,,C,no immutable result snapshot and no local RAW result evidence,
ERROR,4602,10980,2025,pool_quotes_incomplete,quotes.pool,0/15,,C,no local RAW/API snapshot is available,
WARN,4602,10980,2025,raw_snapshot_absent,raw_provenance,SQLite rows exist,0,C,no local saved TotoBrief detail snapshot was found,
WARN,4602,10980,2025,immutable_result_snapshot_absent,drawing_result_snapshots,0,,C,no immutable result snapshot and no local RAW result evidence,
WARN,4603,10983,2025,raw_snapshot_absent,raw_provenance,SQLite rows exist,0,C,no local saved TotoBrief detail snapshot was found,
WARN,4603,10983,2025,immutable_result_snapshot_absent,drawing_result_snapshots,0,,C,no immutable result snapshot and no local RAW result evidence,
ERROR,4604,10986,2025,finished_results_incomplete,events.result,"resolved=14,void=0,missing=1,invalid=0",,C,no local RAW/API snapshot is available,
WARN,4604,10986,2025,raw_snapshot_absent,raw_provenance,SQLite rows exist,0,C,no local saved TotoBrief detail snapshot was found,
WARN,4604,10986,2025,immutable_result_snapshot_absent,drawing_result_snapshots,0,,C,no immutable result snapshot and no local RAW result evidence,
WARN,4605,10988,2025,raw_snapshot_absent,raw_provenance,SQLite rows exist,0,C,no local saved TotoBrief detail snapshot was found,
WARN,4605,10988,2025,immutable_result_snapshot_absent,drawing_result_snapshots,0,,C,no immutable result snapshot and no local RAW result evidence,
WARN,4606,10991,2025,raw_snapshot_absent,raw_provenance,SQLite rows exist,0,C,no local saved TotoBrief detail snapshot was found,
WARN,4606,10991,2025,immutable_result_snapshot_absent,drawing_result_snapshots,0,,C,no immutable result snapshot and no local RAW result evidence,
WARN,4607,10996,2025,raw_snapshot_absent,raw_provenance,SQLite rows exist,0,C,no local saved TotoBrief detail snapshot was found,
WARN,4607,10996,2025,immutable_result_snapshot_absent,drawing_result_snapshots,0,,C,no immutable result snapshot and no local RAW result evidence,
WARN,4608,10998,2025,raw_snapshot_absent,raw_provenance,SQLite rows exist,0,C,no local saved TotoBrief detail snapshot was found,
WARN,4608,10998,2025,immutable_result_snapshot_absent,drawing_result_snapshots,0,,C,no immutable result snapshot and no local RAW result evidence,
WARN,4609,11000,2025,raw_snapshot_absent,raw_provenance,SQLite rows exist,0,C,no local saved TotoBrief detail snapshot was found,
WARN,4609,11000,2025,immutable_result_snapshot_absent,drawing_result_snapshots,0,,C,no immutable result snapshot and no local RAW result evidence,
ERROR,4610,11003,2025,finished_results_incomplete,events.result,"resolved=13,void=0,missing=2,invalid=0",,C,no local RAW/API snapshot is available,
WARN,4610,11003,2025,raw_snapshot_absent,raw_provenance,SQLite rows exist,0,C,no local saved TotoBrief detail snapshot was found,
WARN,4610,11003,2025,immutable_result_snapshot_absent,drawing_result_snapshots,0,,C,no immutable result snapshot and no local RAW result evidence,
WARN,4611,11007,2025,raw_snapshot_absent,raw_provenance,SQLite rows exist,0,C,no local saved TotoBrief detail snapshot was found,
WARN,4611,11007,2025,immutable_result_snapshot_absent,drawing_result_snapshots,0,,C,no immutable result snapshot and no local RAW result evidence,
WARN,4612,11009,2025,raw_snapshot_absent,raw_provenance,SQLite rows exist,0,C,no local saved TotoBrief detail snapshot was found,
WARN,4612,11009,2025,immutable_result_snapshot_absent,drawing_result_snapshots,0,,C,no immutable result snapshot and no local RAW result evidence,
WARN,4613,11012,2025,raw_snapshot_absent,raw_provenance,SQLite rows exist,0,C,no local saved TotoBrief detail snapshot was found,
WARN,4613,11012,2025,immutable_result_snapshot_absent,drawing_result_snapshots,0,,C,no immutable result snapshot and no local RAW result evidence,
WARN,4614,11016,2025,raw_snapshot_absent,raw_provenance,SQLite rows exist,0,C,no local saved TotoBrief detail snapshot was found,
WARN,4614,11016,2025,immutable_result_snapshot_absent,drawing_result_snapshots,0,,C,no immutable result snapshot and no local RAW result evidence,
WARN,4615,11020,2025,raw_snapshot_absent,raw_provenance,SQLite rows exist,0,C,no local saved TotoBrief detail snapshot was found,
WARN,4615,11020,2025,immutable_result_snapshot_absent,drawing_result_snapshots,0,,C,no immutable result snapshot and no local RAW result evidence,
WARN,4616,11021,2025,raw_snapshot_absent,raw_provenance,SQLite rows exist,0,C,no local saved TotoBrief detail snapshot was found,
WARN,4616,11021,2025,immutable_result_snapshot_absent,drawing_result_snapshots,0,,C,no immutable result snapshot and no local RAW result evidence,
WARN,4617,11024,2025,raw_snapshot_absent,raw_provenance,SQLite rows exist,0,C,no local saved TotoBrief detail snapshot was found,
WARN,4617,11024,2025,immutable_result_snapshot_absent,drawing_result_snapshots,0,,C,no immutable result snapshot and no local RAW result evidence,
WARN,4618,11028,2025,raw_snapshot_absent,raw_provenance,SQLite rows exist,0,C,no local saved TotoBrief detail snapshot was found,
WARN,4618,11028,2025,immutable_result_snapshot_absent,drawing_result_snapshots,0,,C,no immutable result snapshot and no local RAW result evidence,
WARN,4619,11031,2025,raw_snapshot_absent,raw_provenance,SQLite rows exist,0,C,no local saved TotoBrief detail snapshot was found,
WARN,4619,11031,2025,immutable_result_snapshot_absent,drawing_result_snapshots,0,,C,no immutable result snapshot and no local RAW result evidence,
WARN,4620,11033,2025,raw_snapshot_absent,raw_provenance,SQLite rows exist,0,C,no local saved TotoBrief detail snapshot was found,
WARN,4620,11033,2025,immutable_result_snapshot_absent,drawing_result_snapshots,0,,C,no immutable result snapshot and no local RAW result evidence,
WARN,4621,11036,2025,raw_snapshot_absent,raw_provenance,SQLite rows exist,0,C,no local saved TotoBrief detail snapshot was found,
WARN,4621,11036,2025,immutable_result_snapshot_absent,drawing_result_snapshots,0,,C,no immutable result snapshot and no local RAW result evidence,
WARN,4622,11041,2025,raw_snapshot_absent,raw_provenance,SQLite rows exist,0,C,no local saved TotoBrief detail snapshot was found,
WARN,4622,11041,2025,immutable_result_snapshot_absent,drawing_result_snapshots,0,,C,no immutable result snapshot and no local RAW result evidence,
WARN,4623,11042,2025,raw_snapshot_absent,raw_provenance,SQLite rows exist,0,C,no local saved TotoBrief detail snapshot was found,
WARN,4623,11042,2025,immutable_result_snapshot_absent,drawing_result_snapshots,0,,C,no immutable result snapshot and no local RAW result evidence,
ERROR,4624,11047,2025,finished_results_incomplete,events.result,"resolved=14,void=0,missing=1,invalid=0",,C,no local RAW/API snapshot is available,
WARN,4624,11047,2025,raw_snapshot_absent,raw_provenance,SQLite rows exist,0,C,no local saved TotoBrief detail snapshot was found,
WARN,4624,11047,2025,immutable_result_snapshot_absent,drawing_result_snapshots,0,,C,no immutable result snapshot and no local RAW result evidence,
WARN,4625,11050,2025,raw_snapshot_absent,raw_provenance,SQLite rows exist,0,C,no local saved TotoBrief detail snapshot was found,
WARN,4625,11050,2025,immutable_result_snapshot_absent,drawing_result_snapshots,0,,C,no immutable result snapshot and no local RAW result evidence,
WARN,4626,11051,2025,raw_snapshot_absent,raw_provenance,SQLite rows exist,0,C,no local saved TotoBrief detail snapshot was found,
WARN,4626,11051,2025,immutable_result_snapshot_absent,drawing_result_snapshots,0,,C,no immutable result snapshot and no local RAW result evidence,
WARN,4627,11054,2025,raw_snapshot_absent,raw_provenance,SQLite rows exist,0,C,no local saved TotoBrief detail snapshot was found,
WARN,4627,11054,2025,immutable_result_snapshot_absent,drawing_result_snapshots,0,,C,no immutable result snapshot and no local RAW result evidence,
WARN,4628,11059,2025,raw_snapshot_absent,raw_provenance,SQLite rows exist,0,C,no local saved TotoBrief detail snapshot was found,
WARN,4628,11059,2025,immutable_result_snapshot_absent,drawing_result_snapshots,0,,C,no immutable result snapshot and no local RAW result evidence,
WARN,4629,11062,2025,raw_snapshot_absent,raw_provenance,SQLite rows exist,0,C,no local saved TotoBrief detail snapshot was found,
WARN,4629,11062,2025,immutable_result_snapshot_absent,drawing_result_snapshots,0,,C,no immutable result snapshot and no local RAW result evidence,
WARN,4630,11063,2025,raw_snapshot_absent,raw_provenance,SQLite rows exist,0,C,no local saved TotoBrief detail snapshot was found,
WARN,4630,11063,2025,immutable_result_snapshot_absent,drawing_result_snapshots,0,,C,no immutable result snapshot and no local RAW result evidence,
WARN,4631,11067,2025,raw_snapshot_absent,raw_provenance,SQLite rows exist,0,C,no local saved TotoBrief detail snapshot was found,
WARN,4631,11067,2025,immutable_result_snapshot_absent,drawing_result_snapshots,0,,C,no immutable result snapshot and no local RAW result evidence,
WARN,4632,11068,2025,raw_snapshot_absent,raw_provenance,SQLite rows exist,0,C,no local saved TotoBrief detail snapshot was found,
WARN,4632,11068,2025,immutable_result_snapshot_absent,drawing_result_snapshots,0,,C,no immutable result snapshot and no local RAW result evidence,
WARN,4633,11071,2025,raw_snapshot_absent,raw_provenance,SQLite rows exist,0,C,no local saved TotoBrief detail snapshot was found,
WARN,4633,11071,2025,immutable_result_snapshot_absent,drawing_result_snapshots,0,,C,no immutable result snapshot and no local RAW result evidence,
ERROR,4634,11074,2025,finished_results_incomplete,events.result,"resolved=14,void=0,missing=1,invalid=0",,C,no local RAW/API snapshot is available,
WARN,4634,11074,2025,raw_snapshot_absent,raw_provenance,SQLite rows exist,0,C,no local saved TotoBrief detail snapshot was found,
WARN,4634,11074,2025,immutable_result_snapshot_absent,drawing_result_snapshots,0,,C,no immutable result snapshot and no local RAW result evidence,
WARN,4635,11078,2025,raw_snapshot_absent,raw_provenance,SQLite rows exist,0,C,no local saved TotoBrief detail snapshot was found,
WARN,4635,11078,2025,immutable_result_snapshot_absent,drawing_result_snapshots,0,,C,no immutable result snapshot and no local RAW result evidence,
WARN,4636,11081,2025,raw_snapshot_absent,raw_provenance,SQLite rows exist,0,C,no local saved TotoBrief detail snapshot was found,
WARN,4636,11081,2025,immutable_result_snapshot_absent,drawing_result_snapshots,0,,C,no immutable result snapshot and no local RAW result evidence,
WARN,4637,11084,2025,raw_snapshot_absent,raw_provenance,SQLite rows exist,0,C,no local saved TotoBrief detail snapshot was found,
WARN,4637,11084,2025,immutable_result_snapshot_absent,drawing_result_snapshots,0,,C,no immutable result snapshot and no local RAW result evidence,
ERROR,4638,11086,2025,pool_quotes_incomplete,quotes.pool,0/15,,C,no local RAW/API snapshot is available,
WARN,4638,11086,2025,raw_snapshot_absent,raw_provenance,SQLite rows exist,0,C,no local saved TotoBrief detail snapshot was found,
WARN,4638,11086,2025,immutable_result_snapshot_absent,drawing_result_snapshots,0,,C,no immutable result snapshot and no local RAW result evidence,
WARN,4639,11088,2025,raw_snapshot_absent,raw_provenance,SQLite rows exist,0,C,no local saved TotoBrief detail snapshot was found,
WARN,4639,11088,2025,immutable_result_snapshot_absent,drawing_result_snapshots,0,,C,no immutable result snapshot and no local RAW result evidence,
WARN,4640,11091,2025,raw_snapshot_absent,raw_provenance,SQLite rows exist,0,C,no local saved TotoBrief detail snapshot was found,
WARN,4640,11091,2025,immutable_result_snapshot_absent,drawing_result_snapshots,0,,C,no immutable result snapshot and no local RAW result evidence,
WARN,4641,11093,2025,raw_snapshot_absent,raw_provenance,SQLite rows exist,0,C,no local saved TotoBrief detail snapshot was found,
WARN,4641,11093,2025,immutable_result_snapshot_absent,drawing_result_snapshots,0,,C,no immutable result snapshot and no local RAW result evidence,
WARN,4642,11097,2025,raw_snapshot_absent,raw_provenance,SQLite rows exist,0,C,no local saved TotoBrief detail snapshot was found,
WARN,4642,11097,2025,immutable_result_snapshot_absent,drawing_result_snapshots,0,,C,no immutable result snapshot and no local RAW result evidence,
WARN,4643,11100,2025,raw_snapshot_absent,raw_provenance,SQLite rows exist,0,C,no local saved TotoBrief detail snapshot was found,
WARN,4643,11100,2025,immutable_result_snapshot_absent,drawing_result_snapshots,0,,C,no immutable result snapshot and no local RAW result evidence,
WARN,4644,11102,2025,raw_snapshot_absent,raw_provenance,SQLite rows exist,0,C,no local saved TotoBrief detail snapshot was found,
WARN,4644,11102,2025,immutable_result_snapshot_absent,drawing_result_snapshots,0,,C,no immutable result snapshot and no local RAW result evidence,
WARN,4645,11105,2025,raw_snapshot_absent,raw_provenance,SQLite rows exist,0,C,no local saved TotoBrief detail snapshot was found,
WARN,4645,11105,2025,immutable_result_snapshot_absent,drawing_result_snapshots,0,,C,no immutable result snapshot and no local RAW result evidence,
WARN,4646,11108,2025,raw_snapshot_absent,raw_provenance,SQLite rows exist,0,C,no local saved TotoBrief detail snapshot was found,
WARN,4646,11108,2025,immutable_result_snapshot_absent,drawing_result_snapshots,0,,C,no immutable result snapshot and no local RAW result evidence,
WARN,4647,11110,2025,raw_snapshot_absent,raw_provenance,SQLite rows exist,0,C,no local saved TotoBrief detail snapshot was found,
WARN,4647,11110,2025,immutable_result_snapshot_absent,drawing_result_snapshots,0,,C,no immutable result snapshot and no local RAW result evidence,
WARN,4648,11112,2025,raw_snapshot_absent,raw_provenance,SQLite rows exist,0,C,no local saved TotoBrief detail snapshot was found,
WARN,4648,11112,2025,immutable_result_snapshot_absent,drawing_result_snapshots,0,,C,no immutable result snapshot and no local RAW result evidence,
WARN,4649,11116,2025,raw_snapshot_absent,raw_provenance,SQLite rows exist,0,C,no local saved TotoBrief detail snapshot was found,
WARN,4649,11116,2025,immutable_result_snapshot_absent,drawing_result_snapshots,0,,C,no immutable result snapshot and no local RAW result evidence,
WARN,4650,11119,2025,raw_snapshot_absent,raw_provenance,SQLite rows exist,0,C,no local saved TotoBrief detail snapshot was found,
WARN,4650,11119,2025,immutable_result_snapshot_absent,drawing_result_snapshots,0,,C,no immutable result snapshot and no local RAW result evidence,
WARN,4651,11121,2025,raw_snapshot_absent,raw_provenance,SQLite rows exist,0,C,no local saved TotoBrief detail snapshot was found,
WARN,4651,11121,2025,immutable_result_snapshot_absent,drawing_result_snapshots,0,,C,no immutable result snapshot and no local RAW result evidence,
WARN,4652,11124,2025,raw_snapshot_absent,raw_provenance,SQLite rows exist,0,C,no local saved TotoBrief detail snapshot was found,
WARN,4652,11124,2025,immutable_result_snapshot_absent,drawing_result_snapshots,0,,C,no immutable result snapshot and no local RAW result evidence,
WARN,4653,11127,2025,raw_snapshot_absent,raw_provenance,SQLite rows exist,0,C,no local saved TotoBrief detail snapshot was found,
WARN,4653,11127,2025,immutable_result_snapshot_absent,drawing_result_snapshots,0,,C,no immutable result snapshot and no local RAW result evidence,
WARN,4654,11130,2025,raw_snapshot_absent,raw_provenance,SQLite rows exist,0,C,no local saved TotoBrief detail snapshot was found,
WARN,4654,11130,2025,immutable_result_snapshot_absent,drawing_result_snapshots,0,,C,no immutable result snapshot and no local RAW result evidence,
WARN,4655,11133,2025,raw_snapshot_absent,raw_provenance,SQLite rows exist,0,C,no local saved TotoBrief detail snapshot was found,
WARN,4655,11133,2025,immutable_result_snapshot_absent,drawing_result_snapshots,0,,C,no immutable result snapshot and no local RAW result evidence,
WARN,4656,11137,2025,raw_snapshot_absent,raw_provenance,SQLite rows exist,0,C,no local saved TotoBrief detail snapshot was found,
WARN,4656,11137,2025,immutable_result_snapshot_absent,drawing_result_snapshots,0,,C,no immutable result snapshot and no local RAW result evidence,
WARN,4657,11140,2025,raw_snapshot_absent,raw_provenance,SQLite rows exist,0,C,no local saved TotoBrief detail snapshot was found,
WARN,4657,11140,2025,immutable_result_snapshot_absent,drawing_result_snapshots,0,,C,no immutable result snapshot and no local RAW result evidence,
WARN,4658,11143,2025,raw_snapshot_absent,raw_provenance,SQLite rows exist,0,C,no local saved TotoBrief detail snapshot was found,
WARN,4658,11143,2025,immutable_result_snapshot_absent,drawing_result_snapshots,0,,C,no immutable result snapshot and no local RAW result evidence,
WARN,4659,11147,2025,raw_snapshot_absent,raw_provenance,SQLite rows exist,0,C,no local saved TotoBrief detail snapshot was found,
WARN,4659,11147,2025,immutable_result_snapshot_absent,drawing_result_snapshots,0,,C,no immutable result snapshot and no local RAW result evidence,
WARN,4660,11148,2025,raw_snapshot_absent,raw_provenance,SQLite rows exist,0,C,no local saved TotoBrief detail snapshot was found,
WARN,4660,11148,2025,immutable_result_snapshot_absent,drawing_result_snapshots,0,,C,no immutable result snapshot and no local RAW result evidence,
WARN,4661,11151,2025,raw_snapshot_absent,raw_provenance,SQLite rows exist,0,C,no local saved TotoBrief detail snapshot was found,
WARN,4661,11151,2025,immutable_result_snapshot_absent,drawing_result_snapshots,0,,C,no immutable result snapshot and no local RAW result evidence,
WARN,4662,11155,2025,raw_snapshot_absent,raw_provenance,SQLite rows exist,0,C,no local saved TotoBrief detail snapshot was found,
WARN,4662,11155,2025,immutable_result_snapshot_absent,drawing_result_snapshots,0,,C,no immutable result snapshot and no local RAW result evidence,
WARN,4663,11158,2025,raw_snapshot_absent,raw_provenance,SQLite rows exist,0,C,no local saved TotoBrief detail snapshot was found,
WARN,4663,11158,2025,immutable_result_snapshot_absent,drawing_result_snapshots,0,,C,no immutable result snapshot and no local RAW result evidence,
ERROR,4664,11161,2025,finished_results_incomplete,events.result,"resolved=14,void=0,missing=1,invalid=0",,C,no local RAW/API snapshot is available,
WARN,4664,11161,2025,raw_snapshot_absent,raw_provenance,SQLite rows exist,0,C,no local saved TotoBrief detail snapshot was found,
WARN,4664,11161,2025,immutable_result_snapshot_absent,drawing_result_snapshots,0,,C,no immutable result snapshot and no local RAW result evidence,
ERROR,4665,11164,2025,finished_results_incomplete,events.result,"resolved=14,void=0,missing=1,invalid=0",,C,no local RAW/API snapshot is available,
WARN,4665,11164,2025,raw_snapshot_absent,raw_provenance,SQLite rows exist,0,C,no local saved TotoBrief detail snapshot was found,
WARN,4665,11164,2025,immutable_result_snapshot_absent,drawing_result_snapshots,0,,C,no immutable result snapshot and no local RAW result evidence,
WARN,4666,11166,2025,raw_snapshot_absent,raw_provenance,SQLite rows exist,0,C,no local saved TotoBrief detail snapshot was found,
WARN,4666,11166,2025,immutable_result_snapshot_absent,drawing_result_snapshots,0,,C,no immutable result snapshot and no local RAW result evidence,
ERROR,4667,11169,2025,finished_results_incomplete,events.result,"resolved=14,void=0,missing=1,invalid=0",,C,no local RAW/API snapshot is available,
WARN,4667,11169,2025,raw_snapshot_absent,raw_provenance,SQLite rows exist,0,C,no local saved TotoBrief detail snapshot was found,
WARN,4667,11169,2025,immutable_result_snapshot_absent,drawing_result_snapshots,0,,C,no immutable result snapshot and no local RAW result evidence,
WARN,4668,11172,2025,raw_snapshot_absent,raw_provenance,SQLite rows exist,0,C,no local saved TotoBrief detail snapshot was found,
WARN,4668,11172,2025,immutable_result_snapshot_absent,drawing_result_snapshots,0,,C,no immutable result snapshot and no local RAW result evidence,
ERROR,4669,11174,2025,finished_results_incomplete,events.result,"resolved=14,void=0,missing=1,invalid=0",,C,no local RAW/API snapshot is available,
WARN,4669,11174,2025,raw_snapshot_absent,raw_provenance,SQLite rows exist,0,C,no local saved TotoBrief detail snapshot was found,
WARN,4669,11174,2025,immutable_result_snapshot_absent,drawing_result_snapshots,0,,C,no immutable result snapshot and no local RAW result evidence,
ERROR,4670,11178,2025,finished_results_incomplete,events.result,"resolved=14,void=0,missing=1,invalid=0",,C,no local RAW/API snapshot is available,
WARN,4670,11178,2025,raw_snapshot_absent,raw_provenance,SQLite rows exist,0,C,no local saved TotoBrief detail snapshot was found,
WARN,4670,11178,2025,immutable_result_snapshot_absent,drawing_result_snapshots,0,,C,no immutable result snapshot and no local RAW result evidence,
WARN,4671,11182,2025,raw_snapshot_absent,raw_provenance,SQLite rows exist,0,C,no local saved TotoBrief detail snapshot was found,
WARN,4671,11182,2025,immutable_result_snapshot_absent,drawing_result_snapshots,0,,C,no immutable result snapshot and no local RAW result evidence,
WARN,4672,11183,2025,raw_snapshot_absent,raw_provenance,SQLite rows exist,0,C,no local saved TotoBrief detail snapshot was found,
WARN,4672,11183,2025,immutable_result_snapshot_absent,drawing_result_snapshots,0,,C,no immutable result snapshot and no local RAW result evidence,
WARN,4673,11186,2025,raw_snapshot_absent,raw_provenance,SQLite rows exist,0,C,no local saved TotoBrief detail snapshot was found,
WARN,4673,11186,2025,immutable_result_snapshot_absent,drawing_result_snapshots,0,,C,no immutable result snapshot and no local RAW result evidence,
WARN,4674,11189,2025,raw_snapshot_absent,raw_provenance,SQLite rows exist,0,C,no local saved TotoBrief detail snapshot was found,
WARN,4674,11189,2025,immutable_result_snapshot_absent,drawing_result_snapshots,0,,C,no immutable result snapshot and no local RAW result evidence,
WARN,4675,11192,2025,raw_snapshot_absent,raw_provenance,SQLite rows exist,0,C,no local saved TotoBrief detail snapshot was found,
WARN,4675,11192,2025,immutable_result_snapshot_absent,drawing_result_snapshots,0,,C,no immutable result snapshot and no local RAW result evidence,
WARN,4676,11194,2025,raw_snapshot_absent,raw_provenance,SQLite rows exist,0,C,no local saved TotoBrief detail snapshot was found,
WARN,4676,11194,2025,immutable_result_snapshot_absent,drawing_result_snapshots,0,,C,no immutable result snapshot and no local RAW result evidence,
WARN,4677,11198,2025,raw_snapshot_absent,raw_provenance,SQLite rows exist,0,C,no local saved TotoBrief detail snapshot was found,
WARN,4677,11198,2025,immutable_result_snapshot_absent,drawing_result_snapshots,0,,C,no immutable result snapshot and no local RAW result evidence,
WARN,4678,11201,2025,raw_snapshot_absent,raw_provenance,SQLite rows exist,0,C,no local saved TotoBrief detail snapshot was found,
WARN,4678,11201,2025,immutable_result_snapshot_absent,drawing_result_snapshots,0,,C,no immutable result snapshot and no local RAW result evidence,
WARN,4679,11203,2025,raw_snapshot_absent,raw_provenance,SQLite rows exist,0,C,no local saved TotoBrief detail snapshot was found,
WARN,4679,11203,2025,immutable_result_snapshot_absent,drawing_result_snapshots,0,,C,no immutable result snapshot and no local RAW result evidence,
WARN,4680,11206,2025,raw_snapshot_absent,raw_provenance,SQLite rows exist,0,C,no local saved TotoBrief detail snapshot was found,
WARN,4680,11206,2025,immutable_result_snapshot_absent,drawing_result_snapshots,0,,C,no immutable result snapshot and no local RAW result evidence,
WARN,4681,11210,2025,raw_snapshot_absent,raw_provenance,SQLite rows exist,0,C,no local saved TotoBrief detail snapshot was found,
WARN,4681,11210,2025,immutable_result_snapshot_absent,drawing_result_snapshots,0,,C,no immutable result snapshot and no local RAW result evidence,
ERROR,4682,11213,2025,finished_results_incomplete,events.result,"resolved=14,void=0,missing=1,invalid=0",,C,no local RAW/API snapshot is available,
WARN,4682,11213,2025,raw_snapshot_absent,raw_provenance,SQLite rows exist,0,C,no local saved TotoBrief detail snapshot was found,
WARN,4682,11213,2025,immutable_result_snapshot_absent,drawing_result_snapshots,0,,C,no immutable result snapshot and no local RAW result evidence,
WARN,4683,11216,2025,raw_snapshot_absent,raw_provenance,SQLite rows exist,0,C,no local saved TotoBrief detail snapshot was found,
WARN,4683,11216,2025,immutable_result_snapshot_absent,drawing_result_snapshots,0,,C,no immutable result snapshot and no local RAW result evidence,
WARN,4684,11218,2025,raw_snapshot_absent,raw_provenance,SQLite rows exist,0,C,no local saved TotoBrief detail snapshot was found,
WARN,4684,11218,2025,immutable_result_snapshot_absent,drawing_result_snapshots,0,,C,no immutable result snapshot and no local RAW result evidence,
WARN,4685,11222,2025,raw_snapshot_absent,raw_provenance,SQLite rows exist,0,C,no local saved TotoBrief detail snapshot was found,
WARN,4685,11222,2025,immutable_result_snapshot_absent,drawing_result_snapshots,0,,C,no immutable result snapshot and no local RAW result evidence,
WARN,4686,11225,2025,raw_snapshot_absent,raw_provenance,SQLite rows exist,0,C,no local saved TotoBrief detail snapshot was found,
WARN,4686,11225,2025,immutable_result_snapshot_absent,drawing_result_snapshots,0,,C,no immutable result snapshot and no local RAW result evidence,
WARN,4687,11226,2025,raw_snapshot_absent,raw_provenance,SQLite rows exist,0,C,no local saved TotoBrief detail snapshot was found,
WARN,4687,11226,2025,immutable_result_snapshot_absent,drawing_result_snapshots,0,,C,no immutable result snapshot and no local RAW result evidence,
WARN,4688,11229,2025,raw_snapshot_absent,raw_provenance,SQLite rows exist,0,C,no local saved TotoBrief detail snapshot was found,
WARN,4688,11229,2025,immutable_result_snapshot_absent,drawing_result_snapshots,0,,C,no immutable result snapshot and no local RAW result evidence,
WARN,4689,11232,2025,raw_snapshot_absent,raw_provenance,SQLite rows exist,0,C,no local saved TotoBrief detail snapshot was found,
WARN,4689,11232,2025,immutable_result_snapshot_absent,drawing_result_snapshots,0,,C,no immutable result snapshot and no local RAW result evidence,
WARN,4690,11234,2025,raw_snapshot_absent,raw_provenance,SQLite rows exist,0,C,no local saved TotoBrief detail snapshot was found,
WARN,4690,11234,2025,immutable_result_snapshot_absent,drawing_result_snapshots,0,,C,no immutable result snapshot and no local RAW result evidence,
WARN,4691,11239,2025,raw_snapshot_absent,raw_provenance,SQLite rows exist,0,C,no local saved TotoBrief detail snapshot was found,
WARN,4691,11239,2025,immutable_result_snapshot_absent,drawing_result_snapshots,0,,C,no immutable result snapshot and no local RAW result evidence,
WARN,4692,11242,2025,raw_snapshot_absent,raw_provenance,SQLite rows exist,0,C,no local saved TotoBrief detail snapshot was found,
WARN,4692,11242,2025,immutable_result_snapshot_absent,drawing_result_snapshots,0,,C,no immutable result snapshot and no local RAW result evidence,
WARN,4693,11243,2025,raw_snapshot_absent,raw_provenance,SQLite rows exist,0,C,no local saved TotoBrief detail snapshot was found,
WARN,4693,11243,2025,immutable_result_snapshot_absent,drawing_result_snapshots,0,,C,no immutable result snapshot and no local RAW result evidence,
WARN,4694,11247,2025,raw_snapshot_absent,raw_provenance,SQLite rows exist,0,C,no local saved TotoBrief detail snapshot was found,
WARN,4694,11247,2025,immutable_result_snapshot_absent,drawing_result_snapshots,0,,C,no immutable result snapshot and no local RAW result evidence,
WARN,4695,11250,2025,raw_snapshot_absent,raw_provenance,SQLite rows exist,0,C,no local saved TotoBrief detail snapshot was found,
WARN,4695,11250,2025,immutable_result_snapshot_absent,drawing_result_snapshots,0,,C,no immutable result snapshot and no local RAW result evidence,
WARN,4696,11253,2025,raw_snapshot_absent,raw_provenance,SQLite rows exist,0,C,no local saved TotoBrief detail snapshot was found,
WARN,4696,11253,2025,immutable_result_snapshot_absent,drawing_result_snapshots,0,,C,no immutable result snapshot and no local RAW result evidence,
WARN,4697,11256,2025,raw_snapshot_absent,raw_provenance,SQLite rows exist,0,C,no local saved TotoBrief detail snapshot was found,
WARN,4697,11256,2025,immutable_result_snapshot_absent,drawing_result_snapshots,0,,C,no immutable result snapshot and no local RAW result evidence,
WARN,4698,11260,2025,raw_snapshot_absent,raw_provenance,SQLite rows exist,0,C,no local saved TotoBrief detail snapshot was found,
WARN,4698,11260,2025,immutable_result_snapshot_absent,drawing_result_snapshots,0,,C,no immutable result snapshot and no local RAW result evidence,
WARN,4699,11261,2025,raw_snapshot_absent,raw_provenance,SQLite rows exist,0,C,no local saved TotoBrief detail snapshot was found,
WARN,4699,11261,2025,immutable_result_snapshot_absent,drawing_result_snapshots,0,,C,no immutable result snapshot and no local RAW result evidence,
ERROR,4700,11265,2025,finished_results_incomplete,events.result,"resolved=14,void=0,missing=1,invalid=0",,C,no local RAW/API snapshot is available,
WARN,4700,11265,2025,raw_snapshot_absent,raw_provenance,SQLite rows exist,0,C,no local saved TotoBrief detail snapshot was found,
WARN,4700,11265,2025,immutable_result_snapshot_absent,drawing_result_snapshots,0,,C,no immutable result snapshot and no local RAW result evidence,
ERROR,4701,11266,2025,finished_results_incomplete,events.result,"resolved=14,void=0,missing=1,invalid=0",,C,no local RAW/API snapshot is available,
WARN,4701,11266,2025,raw_snapshot_absent,raw_provenance,SQLite rows exist,0,C,no local saved TotoBrief detail snapshot was found,
WARN,4701,11266,2025,immutable_result_snapshot_absent,drawing_result_snapshots,0,,C,no immutable result snapshot and no local RAW result evidence,
WARN,4702,11269,2025,raw_snapshot_absent,raw_provenance,SQLite rows exist,0,C,no local saved TotoBrief detail snapshot was found,
WARN,4702,11269,2025,immutable_result_snapshot_absent,drawing_result_snapshots,0,,C,no immutable result snapshot and no local RAW result evidence,
WARN,4703,11272,2025,raw_snapshot_absent,raw_provenance,SQLite rows exist,0,C,no local saved TotoBrief detail snapshot was found,
WARN,4703,11272,2025,immutable_result_snapshot_absent,drawing_result_snapshots,0,,C,no immutable result snapshot and no local RAW result evidence,
WARN,4704,11275,2025,raw_snapshot_absent,raw_provenance,SQLite rows exist,0,C,no local saved TotoBrief detail snapshot was found,
WARN,4704,11275,2025,immutable_result_snapshot_absent,drawing_result_snapshots,0,,C,no immutable result snapshot and no local RAW result evidence,
WARN,4705,11277,2025,raw_snapshot_absent,raw_provenance,SQLite rows exist,0,C,no local saved TotoBrief detail snapshot was found,
WARN,4705,11277,2025,immutable_result_snapshot_absent,drawing_result_snapshots,0,,C,no immutable result snapshot and no local RAW result evidence,
WARN,4706,11280,2025,raw_snapshot_absent,raw_provenance,SQLite rows exist,0,C,no local saved TotoBrief detail snapshot was found,
WARN,4706,11280,2025,immutable_result_snapshot_absent,drawing_result_snapshots,0,,C,no immutable result snapshot and no local RAW result evidence,
WARN,4707,11283,2025,raw_snapshot_absent,raw_provenance,SQLite rows exist,0,C,no local saved TotoBrief detail snapshot was found,
WARN,4707,11283,2025,immutable_result_snapshot_absent,drawing_result_snapshots,0,,C,no immutable result snapshot and no local RAW result evidence,
ERROR,4708,11285,2025,pool_quotes_incomplete,quotes.pool,0/15,,C,no local RAW/API snapshot is available,
WARN,4708,11285,2025,raw_snapshot_absent,raw_provenance,SQLite rows exist,0,C,no local saved TotoBrief detail snapshot was found,
WARN,4708,11285,2025,immutable_result_snapshot_absent,drawing_result_snapshots,0,,C,no immutable result snapshot and no local RAW result evidence,
WARN,4709,11289,2025,raw_snapshot_absent,raw_provenance,SQLite rows exist,0,C,no local saved TotoBrief detail snapshot was found,
WARN,4709,11289,2025,immutable_result_snapshot_absent,drawing_result_snapshots,0,,C,no immutable result snapshot and no local RAW result evidence,
WARN,4710,11291,2025,raw_snapshot_absent,raw_provenance,SQLite rows exist,0,C,no local saved TotoBrief detail snapshot was found,
WARN,4710,11291,2025,immutable_result_snapshot_absent,drawing_result_snapshots,0,,C,no immutable result snapshot and no local RAW result evidence,
WARN,4711,11294,2025,raw_snapshot_absent,raw_provenance,SQLite rows exist,0,C,no local saved TotoBrief detail snapshot was found,
WARN,4711,11294,2025,immutable_result_snapshot_absent,drawing_result_snapshots,0,,C,no immutable result snapshot and no local RAW result evidence,
WARN,4712,11297,2025,raw_snapshot_absent,raw_provenance,SQLite rows exist,0,C,no local saved TotoBrief detail snapshot was found,
WARN,4712,11297,2025,immutable_result_snapshot_absent,drawing_result_snapshots,0,,C,no immutable result snapshot and no local RAW result evidence,
WARN,4713,11300,2025,raw_snapshot_absent,raw_provenance,SQLite rows exist,0,C,no local saved TotoBrief detail snapshot was found,
WARN,4713,11300,2025,immutable_result_snapshot_absent,drawing_result_snapshots,0,,C,no immutable result snapshot and no local RAW result evidence,
ERROR,4714,11302,2025,finished_results_incomplete,events.result,"resolved=14,void=0,missing=1,invalid=0",,C,no local RAW/API snapshot is available,
WARN,4714,11302,2025,raw_snapshot_absent,raw_provenance,SQLite rows exist,0,C,no local saved TotoBrief detail snapshot was found,
WARN,4714,11302,2025,immutable_result_snapshot_absent,drawing_result_snapshots,0,,C,no immutable result snapshot and no local RAW result evidence,
ERROR,4715,11306,2025,finished_results_incomplete,events.result,"resolved=14,void=0,missing=1,invalid=0",,C,no local RAW/API snapshot is available,
WARN,4715,11306,2025,raw_snapshot_absent,raw_provenance,SQLite rows exist,0,C,no local saved TotoBrief detail snapshot was found,
WARN,4715,11306,2025,immutable_result_snapshot_absent,drawing_result_snapshots,0,,C,no immutable result snapshot and no local RAW result evidence,
WARN,4716,11308,2025,raw_snapshot_absent,raw_provenance,SQLite rows exist,0,C,no local saved TotoBrief detail snapshot was found,
WARN,4716,11308,2025,immutable_result_snapshot_absent,drawing_result_snapshots,0,,C,no immutable result snapshot and no local RAW result evidence,
WARN,4717,11311,2025,raw_snapshot_absent,raw_provenance,SQLite rows exist,0,C,no local saved TotoBrief detail snapshot was found,
WARN,4717,11311,2025,immutable_result_snapshot_absent,drawing_result_snapshots,0,,C,no immutable result snapshot and no local RAW result evidence,
WARN,4718,11314,2025,raw_snapshot_absent,raw_provenance,SQLite rows exist,0,C,no local saved TotoBrief detail snapshot was found,
WARN,4718,11314,2025,immutable_result_snapshot_absent,drawing_result_snapshots,0,,C,no immutable result snapshot and no local RAW result evidence,
WARN,4719,11318,2025,raw_snapshot_absent,raw_provenance,SQLite rows exist,0,C,no local saved TotoBrief detail snapshot was found,
WARN,4719,11318,2025,immutable_result_snapshot_absent,drawing_result_snapshots,0,,C,no immutable result snapshot and no local RAW result evidence,
WARN,4720,11321,2025,raw_snapshot_absent,raw_provenance,SQLite rows exist,0,C,no local saved TotoBrief detail snapshot was found,
WARN,4720,11321,2025,immutable_result_snapshot_absent,drawing_result_snapshots,0,,C,no immutable result snapshot and no local RAW result evidence,
WARN,4721,11323,2025,raw_snapshot_absent,raw_provenance,SQLite rows exist,0,C,no local saved TotoBrief detail snapshot was found,
WARN,4721,11323,2025,immutable_result_snapshot_absent,drawing_result_snapshots,0,,C,no immutable result snapshot and no local RAW result evidence,
ERROR,4722,11326,2025,finished_results_incomplete,events.result,"resolved=14,void=0,missing=1,invalid=0",,C,no local RAW/API snapshot is available,
WARN,4722,11326,2025,raw_snapshot_absent,raw_provenance,SQLite rows exist,0,C,no local saved TotoBrief detail snapshot was found,
WARN,4722,11326,2025,immutable_result_snapshot_absent,drawing_result_snapshots,0,,C,no immutable result snapshot and no local RAW result evidence,
WARN,4723,11329,2025,raw_snapshot_absent,raw_provenance,SQLite rows exist,0,C,no local saved TotoBrief detail snapshot was found,
WARN,4723,11329,2025,immutable_result_snapshot_absent,drawing_result_snapshots,0,,C,no immutable result snapshot and no local RAW result evidence,
ERROR,4724,11332,2025,finished_results_incomplete,events.result,"resolved=14,void=0,missing=1,invalid=0",,C,no local RAW/API snapshot is available,
WARN,4724,11332,2025,raw_snapshot_absent,raw_provenance,SQLite rows exist,0,C,no local saved TotoBrief detail snapshot was found,
WARN,4724,11332,2025,immutable_result_snapshot_absent,drawing_result_snapshots,0,,C,no immutable result snapshot and no local RAW result evidence,
ERROR,4725,11335,2025,pool_quotes_incomplete,quotes.pool,0/15,,C,no local RAW/API snapshot is available,
WARN,4725,11335,2025,raw_snapshot_absent,raw_provenance,SQLite rows exist,0,C,no local saved TotoBrief detail snapshot was found,
WARN,4725,11335,2025,immutable_result_snapshot_absent,drawing_result_snapshots,0,,C,no immutable result snapshot and no local RAW result evidence,
WARN,4726,11338,2025,raw_snapshot_absent,raw_provenance,SQLite rows exist,0,C,no local saved TotoBrief detail snapshot was found,
WARN,4726,11338,2025,immutable_result_snapshot_absent,drawing_result_snapshots,0,,C,no immutable result snapshot and no local RAW result evidence,
WARN,4727,11342,2025,raw_snapshot_absent,raw_provenance,SQLite rows exist,0,C,no local saved TotoBrief detail snapshot was found,
WARN,4727,11342,2025,immutable_result_snapshot_absent,drawing_result_snapshots,0,,C,no immutable result snapshot and no local RAW result evidence,
ERROR,4728,11343,2025,finished_results_incomplete,events.result,"resolved=14,void=0,missing=1,invalid=0",,C,no local RAW/API snapshot is available,
WARN,4728,11343,2025,raw_snapshot_absent,raw_provenance,SQLite rows exist,0,C,no local saved TotoBrief detail snapshot was found,
WARN,4728,11343,2025,immutable_result_snapshot_absent,drawing_result_snapshots,0,,C,no immutable result snapshot and no local RAW result evidence,
WARN,4729,11348,2025,raw_snapshot_absent,raw_provenance,SQLite rows exist,0,C,no local saved TotoBrief detail snapshot was found,
WARN,4729,11348,2025,immutable_result_snapshot_absent,drawing_result_snapshots,0,,C,no immutable result snapshot and no local RAW result evidence,
WARN,4730,11350,2025,raw_snapshot_absent,raw_provenance,SQLite rows exist,0,C,no local saved TotoBrief detail snapshot was found,
WARN,4730,11350,2025,immutable_result_snapshot_absent,drawing_result_snapshots,0,,C,no immutable result snapshot and no local RAW result evidence,
WARN,4731,11353,2025,raw_snapshot_absent,raw_provenance,SQLite rows exist,0,C,no local saved TotoBrief detail snapshot was found,
WARN,4731,11353,2025,immutable_result_snapshot_absent,drawing_result_snapshots,0,,C,no immutable result snapshot and no local RAW result evidence,
ERROR,4732,11356,2025,finished_results_incomplete,events.result,"resolved=14,void=0,missing=1,invalid=0",,C,no local RAW/API snapshot is available,
WARN,4732,11356,2025,raw_snapshot_absent,raw_provenance,SQLite rows exist,0,C,no local saved TotoBrief detail snapshot was found,
WARN,4732,11356,2025,immutable_result_snapshot_absent,drawing_result_snapshots,0,,C,no immutable result snapshot and no local RAW result evidence,
WARN,4733,11359,2025,raw_snapshot_absent,raw_provenance,SQLite rows exist,0,C,no local saved TotoBrief detail snapshot was found,
WARN,4733,11359,2025,immutable_result_snapshot_absent,drawing_result_snapshots,0,,C,no immutable result snapshot and no local RAW result evidence,
WARN,4734,11363,2025,raw_snapshot_absent,raw_provenance,SQLite rows exist,0,C,no local saved TotoBrief detail snapshot was found,
WARN,4734,11363,2025,immutable_result_snapshot_absent,drawing_result_snapshots,0,,C,no immutable result snapshot and no local RAW result evidence,
WARN,4735,11364,2025,raw_snapshot_absent,raw_provenance,SQLite rows exist,0,C,no local saved TotoBrief detail snapshot was found,
WARN,4735,11364,2025,immutable_result_snapshot_absent,drawing_result_snapshots,0,,C,no immutable result snapshot and no local RAW result evidence,
WARN,4736,11367,2025,raw_snapshot_absent,raw_provenance,SQLite rows exist,0,C,no local saved TotoBrief detail snapshot was found,
WARN,4736,11367,2025,immutable_result_snapshot_absent,drawing_result_snapshots,0,,C,no immutable result snapshot and no local RAW result evidence,
WARN,4737,11370,2025,raw_snapshot_absent,raw_provenance,SQLite rows exist,0,C,no local saved TotoBrief detail snapshot was found,
WARN,4737,11370,2025,immutable_result_snapshot_absent,drawing_result_snapshots,0,,C,no immutable result snapshot and no local RAW result evidence,
WARN,4738,11372,2025,raw_snapshot_absent,raw_provenance,SQLite rows exist,0,C,no local saved TotoBrief detail snapshot was found,
WARN,4738,11372,2025,immutable_result_snapshot_absent,drawing_result_snapshots,0,,C,no immutable result snapshot and no local RAW result evidence,
WARN,4739,11374,2025,raw_snapshot_absent,raw_provenance,SQLite rows exist,0,C,no local saved TotoBrief detail snapshot was found,
WARN,4739,11374,2025,immutable_result_snapshot_absent,drawing_result_snapshots,0,,C,no immutable result snapshot and no local RAW result evidence,
WARN,4740,11378,2025,raw_snapshot_absent,raw_provenance,SQLite rows exist,0,C,no local saved TotoBrief detail snapshot was found,
WARN,4740,11378,2025,immutable_result_snapshot_absent,drawing_result_snapshots,0,,C,no immutable result snapshot and no local RAW result evidence,
WARN,4741,11380,2025,raw_snapshot_absent,raw_provenance,SQLite rows exist,0,C,no local saved TotoBrief detail snapshot was found,
WARN,4741,11380,2025,immutable_result_snapshot_absent,drawing_result_snapshots,0,,C,no immutable result snapshot and no local RAW result evidence,
WARN,4742,11382,2025,raw_snapshot_absent,raw_provenance,SQLite rows exist,0,C,no local saved TotoBrief detail snapshot was found,
WARN,4742,11382,2025,immutable_result_snapshot_absent,drawing_result_snapshots,0,,C,no immutable result snapshot and no local RAW result evidence,
WARN,4743,11386,2025,raw_snapshot_absent,raw_provenance,SQLite rows exist,0,C,no local saved TotoBrief detail snapshot was found,
WARN,4743,11386,2025,immutable_result_snapshot_absent,drawing_result_snapshots,0,,C,no immutable result snapshot and no local RAW result evidence,
ERROR,4744,11388,2025,finished_results_incomplete,events.result,"resolved=14,void=0,missing=1,invalid=0",,C,no local RAW/API snapshot is available,
WARN,4744,11388,2025,raw_snapshot_absent,raw_provenance,SQLite rows exist,0,C,no local saved TotoBrief detail snapshot was found,
WARN,4744,11388,2025,immutable_result_snapshot_absent,drawing_result_snapshots,0,,C,no immutable result snapshot and no local RAW result evidence,
WARN,4745,11392,2025,raw_snapshot_absent,raw_provenance,SQLite rows exist,0,C,no local saved TotoBrief detail snapshot was found,
WARN,4745,11392,2025,immutable_result_snapshot_absent,drawing_result_snapshots,0,,C,no immutable result snapshot and no local RAW result evidence,
WARN,4746,11394,2025,raw_snapshot_absent,raw_provenance,SQLite rows exist,0,C,no local saved TotoBrief detail snapshot was found,
WARN,4746,11394,2025,immutable_result_snapshot_absent,drawing_result_snapshots,0,,C,no immutable result snapshot and no local RAW result evidence,
WARN,4747,11398,2025,raw_snapshot_absent,raw_provenance,SQLite rows exist,0,C,no local saved TotoBrief detail snapshot was found,
WARN,4747,11398,2025,immutable_result_snapshot_absent,drawing_result_snapshots,0,,C,no immutable result snapshot and no local RAW result evidence,
WARN,4748,11400,2025,raw_snapshot_absent,raw_provenance,SQLite rows exist,0,C,no local saved TotoBrief detail snapshot was found,
WARN,4748,11400,2025,immutable_result_snapshot_absent,drawing_result_snapshots,0,,C,no immutable result snapshot and no local RAW result evidence,
WARN,4749,11402,2025,raw_snapshot_absent,raw_provenance,SQLite rows exist,0,C,no local saved TotoBrief detail snapshot was found,
WARN,4749,11402,2025,immutable_result_snapshot_absent,drawing_result_snapshots,0,,C,no immutable result snapshot and no local RAW result evidence,
WARN,4750,11406,2025,raw_snapshot_absent,raw_provenance,SQLite rows exist,0,C,no local saved TotoBrief detail snapshot was found,
WARN,4750,11406,2025,immutable_result_snapshot_absent,drawing_result_snapshots,0,,C,no immutable result snapshot and no local RAW result evidence,
WARN,4751,11408,2026,raw_snapshot_absent,raw_provenance,SQLite rows exist,0,C,no local saved TotoBrief detail snapshot was found,
WARN,4751,11408,2026,immutable_result_snapshot_absent,drawing_result_snapshots,0,,C,no immutable result snapshot and no local RAW result evidence,
WARN,4752,11410,2026,raw_snapshot_absent,raw_provenance,SQLite rows exist,0,C,no local saved TotoBrief detail snapshot was found,
WARN,4752,11410,2026,immutable_result_snapshot_absent,drawing_result_snapshots,0,,C,no immutable result snapshot and no local RAW result evidence,
ERROR,4753,11412,2026,finished_results_incomplete,events.result,"resolved=12,void=0,missing=3,invalid=0",,C,no local RAW/API snapshot is available,
WARN,4753,11412,2026,raw_snapshot_absent,raw_provenance,SQLite rows exist,0,C,no local saved TotoBrief detail snapshot was found,
WARN,4753,11412,2026,immutable_result_snapshot_absent,drawing_result_snapshots,0,,C,no immutable result snapshot and no local RAW result evidence,
ERROR,4754,11416,2026,finished_results_incomplete,events.result,"resolved=12,void=0,missing=3,invalid=0",,C,no local RAW/API snapshot is available,
WARN,4754,11416,2026,raw_snapshot_absent,raw_provenance,SQLite rows exist,0,C,no local saved TotoBrief detail snapshot was found,
WARN,4754,11416,2026,immutable_result_snapshot_absent,drawing_result_snapshots,0,,C,no immutable result snapshot and no local RAW result evidence,
WARN,4755,11418,2026,raw_snapshot_absent,raw_provenance,SQLite rows exist,0,C,no local saved TotoBrief detail snapshot was found,
WARN,4755,11418,2026,immutable_result_snapshot_absent,drawing_result_snapshots,0,,C,no immutable result snapshot and no local RAW result evidence,
ERROR,4756,11421,2026,finished_results_incomplete,events.result,"resolved=13,void=0,missing=2,invalid=0",,C,no local RAW/API snapshot is available,
WARN,4756,11421,2026,raw_snapshot_absent,raw_provenance,SQLite rows exist,0,C,no local saved TotoBrief detail snapshot was found,
WARN,4756,11421,2026,immutable_result_snapshot_absent,drawing_result_snapshots,0,,C,no immutable result snapshot and no local RAW result evidence,
WARN,4757,11423,2026,raw_snapshot_absent,raw_provenance,SQLite rows exist,0,C,no local saved TotoBrief detail snapshot was found,
WARN,4757,11423,2026,immutable_result_snapshot_absent,drawing_result_snapshots,0,,C,no immutable result snapshot and no local RAW result evidence,
WARN,4758,11426,2026,raw_snapshot_absent,raw_provenance,SQLite rows exist,0,C,no local saved TotoBrief detail snapshot was found,
WARN,4758,11426,2026,immutable_result_snapshot_absent,drawing_result_snapshots,0,,C,no immutable result snapshot and no local RAW result evidence,
ERROR,4759,11428,2026,finished_results_incomplete,events.result,"resolved=12,void=0,missing=3,invalid=0",,C,no local RAW/API snapshot is available,
WARN,4759,11428,2026,raw_snapshot_absent,raw_provenance,SQLite rows exist,0,C,no local saved TotoBrief detail snapshot was found,
WARN,4759,11428,2026,immutable_result_snapshot_absent,drawing_result_snapshots,0,,C,no immutable result snapshot and no local RAW result evidence,
ERROR,4760,11430,2026,finished_results_incomplete,events.result,"resolved=14,void=0,missing=1,invalid=0",,C,no local RAW/API snapshot is available,
WARN,4760,11430,2026,raw_snapshot_absent,raw_provenance,SQLite rows exist,0,C,no local saved TotoBrief detail snapshot was found,
WARN,4760,11430,2026,immutable_result_snapshot_absent,drawing_result_snapshots,0,,C,no immutable result snapshot and no local RAW result evidence,
WARN,4761,11434,2026,raw_snapshot_absent,raw_provenance,SQLite rows exist,0,C,no local saved TotoBrief detail snapshot was found,
WARN,4761,11434,2026,immutable_result_snapshot_absent,drawing_result_snapshots,0,,C,no immutable result snapshot and no local RAW result evidence,
WARN,4762,11437,2026,raw_snapshot_absent,raw_provenance,SQLite rows exist,0,C,no local saved TotoBrief detail snapshot was found,
WARN,4762,11437,2026,immutable_result_snapshot_absent,drawing_result_snapshots,0,,C,no immutable result snapshot and no local RAW result evidence,
ERROR,4763,11439,2026,finished_results_incomplete,events.result,"resolved=14,void=0,missing=1,invalid=0",,C,no local RAW/API snapshot is available,
WARN,4763,11439,2026,raw_snapshot_absent,raw_provenance,SQLite rows exist,0,C,no local saved TotoBrief detail snapshot was found,
WARN,4763,11439,2026,immutable_result_snapshot_absent,drawing_result_snapshots,0,,C,no immutable result snapshot and no local RAW result evidence,
WARN,4764,11441,2026,raw_snapshot_absent,raw_provenance,SQLite rows exist,0,C,no local saved TotoBrief detail snapshot was found,
WARN,4764,11441,2026,immutable_result_snapshot_absent,drawing_result_snapshots,0,,C,no immutable result snapshot and no local RAW result evidence,
WARN,4765,11444,2026,raw_snapshot_absent,raw_provenance,SQLite rows exist,0,C,no local saved TotoBrief detail snapshot was found,
WARN,4765,11444,2026,immutable_result_snapshot_absent,drawing_result_snapshots,0,,C,no immutable result snapshot and no local RAW result evidence,
WARN,4766,11446,2026,raw_snapshot_absent,raw_provenance,SQLite rows exist,0,C,no local saved TotoBrief detail snapshot was found,
WARN,4766,11446,2026,immutable_result_snapshot_absent,drawing_result_snapshots,0,,C,no immutable result snapshot and no local RAW result evidence,
WARN,4767,11449,2026,raw_snapshot_absent,raw_provenance,SQLite rows exist,0,C,no local saved TotoBrief detail snapshot was found,
WARN,4767,11449,2026,immutable_result_snapshot_absent,drawing_result_snapshots,0,,C,no immutable result snapshot and no local RAW result evidence,
WARN,4768,11452,2026,raw_snapshot_absent,raw_provenance,SQLite rows exist,0,C,no local saved TotoBrief detail snapshot was found,
WARN,4768,11452,2026,immutable_result_snapshot_absent,drawing_result_snapshots,0,,C,no immutable result snapshot and no local RAW result evidence,
WARN,4769,11456,2026,raw_snapshot_absent,raw_provenance,SQLite rows exist,0,C,no local saved TotoBrief detail snapshot was found,
WARN,4769,11456,2026,immutable_result_snapshot_absent,drawing_result_snapshots,0,,C,no immutable result snapshot and no local RAW result evidence,
WARN,4770,11457,2026,raw_snapshot_absent,raw_provenance,SQLite rows exist,0,C,no local saved TotoBrief detail snapshot was found,
WARN,4770,11457,2026,immutable_result_snapshot_absent,drawing_result_snapshots,0,,C,no immutable result snapshot and no local RAW result evidence,
WARN,4771,11460,2026,raw_snapshot_absent,raw_provenance,SQLite rows exist,0,C,no local saved TotoBrief detail snapshot was found,
WARN,4771,11460,2026,immutable_result_snapshot_absent,drawing_result_snapshots,0,,C,no immutable result snapshot and no local RAW result evidence,
WARN,4772,11463,2026,raw_snapshot_absent,raw_provenance,SQLite rows exist,0,C,no local saved TotoBrief detail snapshot was found,
WARN,4772,11463,2026,immutable_result_snapshot_absent,drawing_result_snapshots,0,,C,no immutable result snapshot and no local RAW result evidence,
WARN,4773,11467,2026,raw_snapshot_absent,raw_provenance,SQLite rows exist,0,C,no local saved TotoBrief detail snapshot was found,
WARN,4773,11467,2026,immutable_result_snapshot_absent,drawing_result_snapshots,0,,C,no immutable result snapshot and no local RAW result evidence,
WARN,4774,11468,2026,raw_snapshot_absent,raw_provenance,SQLite rows exist,0,C,no local saved TotoBrief detail snapshot was found,
WARN,4774,11468,2026,immutable_result_snapshot_absent,drawing_result_snapshots,0,,C,no immutable result snapshot and no local RAW result evidence,
WARN,4775,11473,2026,raw_snapshot_absent,raw_provenance,SQLite rows exist,0,C,no local saved TotoBrief detail snapshot was found,
WARN,4775,11473,2026,immutable_result_snapshot_absent,drawing_result_snapshots,0,,C,no immutable result snapshot and no local RAW result evidence,
ERROR,4776,11475,2026,finished_results_incomplete,events.result,"resolved=14,void=0,missing=1,invalid=0",,C,no local RAW/API snapshot is available,
WARN,4776,11475,2026,raw_snapshot_absent,raw_provenance,SQLite rows exist,0,C,no local saved TotoBrief detail snapshot was found,
WARN,4776,11475,2026,immutable_result_snapshot_absent,drawing_result_snapshots,0,,C,no immutable result snapshot and no local RAW result evidence,
ERROR,4777,11477,2026,finished_results_incomplete,events.result,"resolved=12,void=0,missing=3,invalid=0",,C,no local RAW/API snapshot is available,
WARN,4777,11477,2026,raw_snapshot_absent,raw_provenance,SQLite rows exist,0,C,no local saved TotoBrief detail snapshot was found,
WARN,4777,11477,2026,immutable_result_snapshot_absent,drawing_result_snapshots,0,,C,no immutable result snapshot and no local RAW result evidence,
WARN,4778,11481,2026,raw_snapshot_absent,raw_provenance,SQLite rows exist,0,C,no local saved TotoBrief detail snapshot was found,
WARN,4778,11481,2026,immutable_result_snapshot_absent,drawing_result_snapshots,0,,C,no immutable result snapshot and no local RAW result evidence,
WARN,4779,11485,2026,raw_snapshot_absent,raw_provenance,SQLite rows exist,0,C,no local saved TotoBrief detail snapshot was found,
WARN,4779,11485,2026,immutable_result_snapshot_absent,drawing_result_snapshots,0,,C,no immutable result snapshot and no local RAW result evidence,
WARN,4780,11488,2026,raw_snapshot_absent,raw_provenance,SQLite rows exist,0,C,no local saved TotoBrief detail snapshot was found,
WARN,4780,11488,2026,immutable_result_snapshot_absent,drawing_result_snapshots,0,,C,no immutable result snapshot and no local RAW result evidence,
WARN,4781,11489,2026,raw_snapshot_absent,raw_provenance,SQLite rows exist,0,C,no local saved TotoBrief detail snapshot was found,
WARN,4781,11489,2026,immutable_result_snapshot_absent,drawing_result_snapshots,0,,C,no immutable result snapshot and no local RAW result evidence,
WARN,4782,11494,2026,raw_snapshot_absent,raw_provenance,SQLite rows exist,0,C,no local saved TotoBrief detail snapshot was found,
WARN,4782,11494,2026,immutable_result_snapshot_absent,drawing_result_snapshots,0,,C,no immutable result snapshot and no local RAW result evidence,
ERROR,4783,11496,2026,finished_results_incomplete,events.result,"resolved=14,void=0,missing=1,invalid=0",,C,no local RAW/API snapshot is available,
WARN,4783,11496,2026,raw_snapshot_absent,raw_provenance,SQLite rows exist,0,C,no local saved TotoBrief detail snapshot was found,
WARN,4783,11496,2026,immutable_result_snapshot_absent,drawing_result_snapshots,0,,C,no immutable result snapshot and no local RAW result evidence,
ERROR,4784,11499,2026,finished_results_incomplete,events.result,"resolved=14,void=0,missing=1,invalid=0",,C,no local RAW/API snapshot is available,
WARN,4784,11499,2026,raw_snapshot_absent,raw_provenance,SQLite rows exist,0,C,no local saved TotoBrief detail snapshot was found,
WARN,4784,11499,2026,immutable_result_snapshot_absent,drawing_result_snapshots,0,,C,no immutable result snapshot and no local RAW result evidence,
WARN,4785,11501,2026,raw_snapshot_absent,raw_provenance,SQLite rows exist,0,C,no local saved TotoBrief detail snapshot was found,
WARN,4785,11501,2026,immutable_result_snapshot_absent,drawing_result_snapshots,0,,C,no immutable result snapshot and no local RAW result evidence,
WARN,4786,11505,2026,raw_snapshot_absent,raw_provenance,SQLite rows exist,0,C,no local saved TotoBrief detail snapshot was found,
WARN,4786,11505,2026,immutable_result_snapshot_absent,drawing_result_snapshots,0,,C,no immutable result snapshot and no local RAW result evidence,
WARN,4787,11508,2026,raw_snapshot_absent,raw_provenance,SQLite rows exist,0,C,no local saved TotoBrief detail snapshot was found,
WARN,4787,11508,2026,immutable_result_snapshot_absent,drawing_result_snapshots,0,,C,no immutable result snapshot and no local RAW result evidence,
WARN,4788,11511,2026,raw_snapshot_absent,raw_provenance,SQLite rows exist,0,C,no local saved TotoBrief detail snapshot was found,
WARN,4788,11511,2026,immutable_result_snapshot_absent,drawing_result_snapshots,0,,C,no immutable result snapshot and no local RAW result evidence,
WARN,4789,11514,2026,raw_snapshot_absent,raw_provenance,SQLite rows exist,0,C,no local saved TotoBrief detail snapshot was found,
WARN,4789,11514,2026,immutable_result_snapshot_absent,drawing_result_snapshots,0,,C,no immutable result snapshot and no local RAW result evidence,
ERROR,4790,11516,2026,finished_results_incomplete,events.result,"resolved=14,void=0,missing=1,invalid=0",,C,no local RAW/API snapshot is available,
WARN,4790,11516,2026,raw_snapshot_absent,raw_provenance,SQLite rows exist,0,C,no local saved TotoBrief detail snapshot was found,
WARN,4790,11516,2026,immutable_result_snapshot_absent,drawing_result_snapshots,0,,C,no immutable result snapshot and no local RAW result evidence,
ERROR,4791,11519,2026,finished_results_incomplete,events.result,"resolved=14,void=0,missing=1,invalid=0",,C,no local RAW/API snapshot is available,
WARN,4791,11519,2026,raw_snapshot_absent,raw_provenance,SQLite rows exist,0,C,no local saved TotoBrief detail snapshot was found,
WARN,4791,11519,2026,immutable_result_snapshot_absent,drawing_result_snapshots,0,,C,no immutable result snapshot and no local RAW result evidence,
ERROR,4792,11523,2026,finished_results_incomplete,events.result,"resolved=14,void=0,missing=1,invalid=0",,C,no local RAW/API snapshot is available,
WARN,4792,11523,2026,raw_snapshot_absent,raw_provenance,SQLite rows exist,0,C,no local saved TotoBrief detail snapshot was found,
WARN,4792,11523,2026,immutable_result_snapshot_absent,drawing_result_snapshots,0,,C,no immutable result snapshot and no local RAW result evidence,
WARN,4793,11526,2026,raw_snapshot_absent,raw_provenance,SQLite rows exist,0,C,no local saved TotoBrief detail snapshot was found,
WARN,4793,11526,2026,immutable_result_snapshot_absent,drawing_result_snapshots,0,,C,no immutable result snapshot and no local RAW result evidence,
ERROR,4794,11528,2026,finished_results_incomplete,events.result,"resolved=14,void=0,missing=1,invalid=0",,C,no local RAW/API snapshot is available,
WARN,4794,11528,2026,raw_snapshot_absent,raw_provenance,SQLite rows exist,0,C,no local saved TotoBrief detail snapshot was found,
WARN,4794,11528,2026,immutable_result_snapshot_absent,drawing_result_snapshots,0,,C,no immutable result snapshot and no local RAW result evidence,
WARN,4795,11531,2026,raw_snapshot_absent,raw_provenance,SQLite rows exist,0,C,no local saved TotoBrief detail snapshot was found,
WARN,4795,11531,2026,immutable_result_snapshot_absent,drawing_result_snapshots,0,,C,no immutable result snapshot and no local RAW result evidence,
WARN,4796,11535,2026,raw_snapshot_absent,raw_provenance,SQLite rows exist,0,C,no local saved TotoBrief detail snapshot was found,
WARN,4796,11535,2026,immutable_result_snapshot_absent,drawing_result_snapshots,0,,C,no immutable result snapshot and no local RAW result evidence,
WARN,4797,11538,2026,raw_snapshot_absent,raw_provenance,SQLite rows exist,0,C,no local saved TotoBrief detail snapshot was found,
WARN,4797,11538,2026,immutable_result_snapshot_absent,drawing_result_snapshots,0,,C,no immutable result snapshot and no local RAW result evidence,
WARN,4798,11540,2026,raw_snapshot_absent,raw_provenance,SQLite rows exist,0,C,no local saved TotoBrief detail snapshot was found,
WARN,4798,11540,2026,immutable_result_snapshot_absent,drawing_result_snapshots,0,,C,no immutable result snapshot and no local RAW result evidence,
ERROR,4799,11544,2026,finished_results_incomplete,events.result,"resolved=14,void=0,missing=1,invalid=0",,C,no local RAW/API snapshot is available,
WARN,4799,11544,2026,raw_snapshot_absent,raw_provenance,SQLite rows exist,0,C,no local saved TotoBrief detail snapshot was found,
WARN,4799,11544,2026,immutable_result_snapshot_absent,drawing_result_snapshots,0,,C,no immutable result snapshot and no local RAW result evidence,
ERROR,4800,11547,2026,finished_results_incomplete,events.result,"resolved=13,void=0,missing=2,invalid=0",,C,no local RAW/API snapshot is available,
WARN,4800,11547,2026,raw_snapshot_absent,raw_provenance,SQLite rows exist,0,C,no local saved TotoBrief detail snapshot was found,
WARN,4800,11547,2026,immutable_result_snapshot_absent,drawing_result_snapshots,0,,C,no immutable result snapshot and no local RAW result evidence,
WARN,4801,11549,2026,raw_snapshot_absent,raw_provenance,SQLite rows exist,0,C,no local saved TotoBrief detail snapshot was found,
WARN,4801,11549,2026,immutable_result_snapshot_absent,drawing_result_snapshots,0,,C,no immutable result snapshot and no local RAW result evidence,
WARN,4802,11553,2026,raw_snapshot_absent,raw_provenance,SQLite rows exist,0,C,no local saved TotoBrief detail snapshot was found,
WARN,4802,11553,2026,immutable_result_snapshot_absent,drawing_result_snapshots,0,,C,no immutable result snapshot and no local RAW result evidence,
WARN,4803,11557,2026,raw_snapshot_absent,raw_provenance,SQLite rows exist,0,C,no local saved TotoBrief detail snapshot was found,
WARN,4803,11557,2026,immutable_result_snapshot_absent,drawing_result_snapshots,0,,C,no immutable result snapshot and no local RAW result evidence,
WARN,4804,11559,2026,raw_snapshot_absent,raw_provenance,SQLite rows exist,0,C,no local saved TotoBrief detail snapshot was found,
WARN,4804,11559,2026,immutable_result_snapshot_absent,drawing_result_snapshots,0,,C,no immutable result snapshot and no local RAW result evidence,
WARN,4805,11563,2026,raw_snapshot_absent,raw_provenance,SQLite rows exist,0,C,no local saved TotoBrief detail snapshot was found,
WARN,4805,11563,2026,immutable_result_snapshot_absent,drawing_result_snapshots,0,,C,no immutable result snapshot and no local RAW result evidence,
WARN,4806,11566,2026,raw_snapshot_absent,raw_provenance,SQLite rows exist,0,C,no local saved TotoBrief detail snapshot was found,
WARN,4806,11566,2026,immutable_result_snapshot_absent,drawing_result_snapshots,0,,C,no immutable result snapshot and no local RAW result evidence,
WARN,4807,11567,2026,raw_snapshot_absent,raw_provenance,SQLite rows exist,0,C,no local saved TotoBrief detail snapshot was found,
WARN,4807,11567,2026,immutable_result_snapshot_absent,drawing_result_snapshots,0,,C,no immutable result snapshot and no local RAW result evidence,
WARN,4808,11572,2026,raw_snapshot_absent,raw_provenance,SQLite rows exist,0,C,no local saved TotoBrief detail snapshot was found,
WARN,4808,11572,2026,immutable_result_snapshot_absent,drawing_result_snapshots,0,,C,no immutable result snapshot and no local RAW result evidence,
WARN,4809,11573,2026,raw_snapshot_absent,raw_provenance,SQLite rows exist,0,C,no local saved TotoBrief detail snapshot was found,
WARN,4809,11573,2026,immutable_result_snapshot_absent,drawing_result_snapshots,0,,C,no immutable result snapshot and no local RAW result evidence,
WARN,4810,11578,2026,raw_snapshot_absent,raw_provenance,SQLite rows exist,0,C,no local saved TotoBrief detail snapshot was found,
WARN,4810,11578,2026,immutable_result_snapshot_absent,drawing_result_snapshots,0,,C,no immutable result snapshot and no local RAW result evidence,
WARN,4811,11581,2026,raw_snapshot_absent,raw_provenance,SQLite rows exist,0,C,no local saved TotoBrief detail snapshot was found,
WARN,4811,11581,2026,immutable_result_snapshot_absent,drawing_result_snapshots,0,,C,no immutable result snapshot and no local RAW result evidence,
WARN,4812,11583,2026,raw_snapshot_absent,raw_provenance,SQLite rows exist,0,C,no local saved TotoBrief detail snapshot was found,
WARN,4812,11583,2026,immutable_result_snapshot_absent,drawing_result_snapshots,0,,C,no immutable result snapshot and no local RAW result evidence,
ERROR,4813,11585,2026,finished_results_incomplete,events.result,"resolved=14,void=0,missing=1,invalid=0",,C,no local RAW/API snapshot is available,
WARN,4813,11585,2026,raw_snapshot_absent,raw_provenance,SQLite rows exist,0,C,no local saved TotoBrief detail snapshot was found,
WARN,4813,11585,2026,immutable_result_snapshot_absent,drawing_result_snapshots,0,,C,no immutable result snapshot and no local RAW result evidence,
WARN,4814,11588,2026,raw_snapshot_absent,raw_provenance,SQLite rows exist,0,C,no local saved TotoBrief detail snapshot was found,
WARN,4814,11588,2026,immutable_result_snapshot_absent,drawing_result_snapshots,0,,C,no immutable result snapshot and no local RAW result evidence,
WARN,4815,11591,2026,raw_snapshot_absent,raw_provenance,SQLite rows exist,0,C,no local saved TotoBrief detail snapshot was found,
WARN,4815,11591,2026,immutable_result_snapshot_absent,drawing_result_snapshots,0,,C,no immutable result snapshot and no local RAW result evidence,
WARN,4816,11594,2026,raw_snapshot_absent,raw_provenance,SQLite rows exist,0,C,no local saved TotoBrief detail snapshot was found,
WARN,4816,11594,2026,immutable_result_snapshot_absent,drawing_result_snapshots,0,,C,no immutable result snapshot and no local RAW result evidence,
ERROR,4817,11598,2026,finished_results_incomplete,events.result,"resolved=14,void=0,missing=1,invalid=0",,C,no local RAW/API snapshot is available,
WARN,4817,11598,2026,raw_snapshot_absent,raw_provenance,SQLite rows exist,0,C,no local saved TotoBrief detail snapshot was found,
WARN,4817,11598,2026,immutable_result_snapshot_absent,drawing_result_snapshots,0,,C,no immutable result snapshot and no local RAW result evidence,
WARN,4818,11601,2026,raw_snapshot_absent,raw_provenance,SQLite rows exist,0,C,no local saved TotoBrief detail snapshot was found,
WARN,4818,11601,2026,immutable_result_snapshot_absent,drawing_result_snapshots,0,,C,no immutable result snapshot and no local RAW result evidence,
WARN,4819,11604,2026,raw_snapshot_absent,raw_provenance,SQLite rows exist,0,C,no local saved TotoBrief detail snapshot was found,
WARN,4819,11604,2026,immutable_result_snapshot_absent,drawing_result_snapshots,0,,C,no immutable result snapshot and no local RAW result evidence,
WARN,4820,11607,2026,raw_snapshot_absent,raw_provenance,SQLite rows exist,0,C,no local saved TotoBrief detail snapshot was found,
WARN,4820,11607,2026,immutable_result_snapshot_absent,drawing_result_snapshots,0,,C,no immutable result snapshot and no local RAW result evidence,
WARN,4821,11610,2026,raw_snapshot_absent,raw_provenance,SQLite rows exist,0,C,no local saved TotoBrief detail snapshot was found,
WARN,4821,11610,2026,immutable_result_snapshot_absent,drawing_result_snapshots,0,,C,no immutable result snapshot and no local RAW result evidence,
WARN,4822,11613,2026,raw_snapshot_absent,raw_provenance,SQLite rows exist,0,C,no local saved TotoBrief detail snapshot was found,
WARN,4822,11613,2026,immutable_result_snapshot_absent,drawing_result_snapshots,0,,C,no immutable result snapshot and no local RAW result evidence,
WARN,4823,11616,2026,raw_snapshot_absent,raw_provenance,SQLite rows exist,0,C,no local saved TotoBrief detail snapshot was found,
WARN,4823,11616,2026,immutable_result_snapshot_absent,drawing_result_snapshots,0,,C,no immutable result snapshot and no local RAW result evidence,
WARN,4824,11618,2026,raw_snapshot_absent,raw_provenance,SQLite rows exist,0,C,no local saved TotoBrief detail snapshot was found,
WARN,4824,11618,2026,immutable_result_snapshot_absent,drawing_result_snapshots,0,,C,no immutable result snapshot and no local RAW result evidence,
WARN,4825,11622,2026,raw_snapshot_absent,raw_provenance,SQLite rows exist,0,C,no local saved TotoBrief detail snapshot was found,
WARN,4825,11622,2026,immutable_result_snapshot_absent,drawing_result_snapshots,0,,C,no immutable result snapshot and no local RAW result evidence,
ERROR,4826,11625,2026,finished_results_incomplete,events.result,"resolved=14,void=0,missing=1,invalid=0",,C,no local RAW/API snapshot is available,
WARN,4826,11625,2026,raw_snapshot_absent,raw_provenance,SQLite rows exist,0,C,no local saved TotoBrief detail snapshot was found,
WARN,4826,11625,2026,immutable_result_snapshot_absent,drawing_result_snapshots,0,,C,no immutable result snapshot and no local RAW result evidence,
WARN,4827,11627,2026,raw_snapshot_absent,raw_provenance,SQLite rows exist,0,C,no local saved TotoBrief detail snapshot was found,
WARN,4827,11627,2026,immutable_result_snapshot_absent,drawing_result_snapshots,0,,C,no immutable result snapshot and no local RAW result evidence,
WARN,4828,11632,2026,raw_snapshot_absent,raw_provenance,SQLite rows exist,0,C,no local saved TotoBrief detail snapshot was found,
WARN,4828,11632,2026,immutable_result_snapshot_absent,drawing_result_snapshots,0,,C,no immutable result snapshot and no local RAW result evidence,
WARN,4829,11634,2026,raw_snapshot_absent,raw_provenance,SQLite rows exist,0,C,no local saved TotoBrief detail snapshot was found,
WARN,4829,11634,2026,immutable_result_snapshot_absent,drawing_result_snapshots,0,,C,no immutable result snapshot and no local RAW result evidence,
WARN,4830,11636,2026,raw_snapshot_absent,raw_provenance,SQLite rows exist,0,C,no local saved TotoBrief detail snapshot was found,
WARN,4830,11636,2026,immutable_result_snapshot_absent,drawing_result_snapshots,0,,C,no immutable result snapshot and no local RAW result evidence,
WARN,4831,11637,2026,raw_snapshot_absent,raw_provenance,SQLite rows exist,0,C,no local saved TotoBrief detail snapshot was found,
WARN,4831,11637,2026,immutable_result_snapshot_absent,drawing_result_snapshots,0,,C,no immutable result snapshot and no local RAW result evidence,
WARN,4832,11640,2026,raw_snapshot_absent,raw_provenance,SQLite rows exist,0,C,no local saved TotoBrief detail snapshot was found,
WARN,4832,11640,2026,immutable_result_snapshot_absent,drawing_result_snapshots,0,,C,no immutable result snapshot and no local RAW result evidence,
WARN,4833,11643,2026,raw_snapshot_absent,raw_provenance,SQLite rows exist,0,C,no local saved TotoBrief detail snapshot was found,
WARN,4833,11643,2026,immutable_result_snapshot_absent,drawing_result_snapshots,0,,C,no immutable result snapshot and no local RAW result evidence,
WARN,4834,11647,2026,raw_snapshot_absent,raw_provenance,SQLite rows exist,0,C,no local saved TotoBrief detail snapshot was found,
WARN,4834,11647,2026,immutable_result_snapshot_absent,drawing_result_snapshots,0,,C,no immutable result snapshot and no local RAW result evidence,
WARN,4835,11650,2026,raw_snapshot_absent,raw_provenance,SQLite rows exist,0,C,no local saved TotoBrief detail snapshot was found,
WARN,4835,11650,2026,immutable_result_snapshot_absent,drawing_result_snapshots,0,,C,no immutable result snapshot and no local RAW result evidence,
WARN,4836,11653,2026,raw_snapshot_absent,raw_provenance,SQLite rows exist,0,C,no local saved TotoBrief detail snapshot was found,
WARN,4836,11653,2026,immutable_result_snapshot_absent,drawing_result_snapshots,0,,C,no immutable result snapshot and no local RAW result evidence,
WARN,4837,11656,2026,raw_snapshot_absent,raw_provenance,SQLite rows exist,0,C,no local saved TotoBrief detail snapshot was found,
WARN,4837,11656,2026,immutable_result_snapshot_absent,drawing_result_snapshots,0,,C,no immutable result snapshot and no local RAW result evidence,
ERROR,4838,11659,2026,finished_results_incomplete,events.result,"resolved=13,void=0,missing=2,invalid=0",,C,no local RAW/API snapshot is available,
WARN,4838,11659,2026,raw_snapshot_absent,raw_provenance,SQLite rows exist,0,C,no local saved TotoBrief detail snapshot was found,
WARN,4838,11659,2026,immutable_result_snapshot_absent,drawing_result_snapshots,0,,C,no immutable result snapshot and no local RAW result evidence,
WARN,4839,11663,2026,raw_snapshot_absent,raw_provenance,SQLite rows exist,0,C,no local saved TotoBrief detail snapshot was found,
WARN,4839,11663,2026,immutable_result_snapshot_absent,drawing_result_snapshots,0,,C,no immutable result snapshot and no local RAW result evidence,
WARN,4840,11664,2026,raw_snapshot_absent,raw_provenance,SQLite rows exist,0,C,no local saved TotoBrief detail snapshot was found,
WARN,4840,11664,2026,immutable_result_snapshot_absent,drawing_result_snapshots,0,,C,no immutable result snapshot and no local RAW result evidence,
WARN,4841,11668,2026,raw_snapshot_absent,raw_provenance,SQLite rows exist,0,C,no local saved TotoBrief detail snapshot was found,
WARN,4841,11668,2026,immutable_result_snapshot_absent,drawing_result_snapshots,0,,C,no immutable result snapshot and no local RAW result evidence,
WARN,4842,11671,2026,raw_snapshot_absent,raw_provenance,SQLite rows exist,0,C,no local saved TotoBrief detail snapshot was found,
WARN,4842,11671,2026,immutable_result_snapshot_absent,drawing_result_snapshots,0,,C,no immutable result snapshot and no local RAW result evidence,
WARN,4843,11674,2026,raw_snapshot_absent,raw_provenance,SQLite rows exist,0,C,no local saved TotoBrief detail snapshot was found,
WARN,4843,11674,2026,immutable_result_snapshot_absent,drawing_result_snapshots,0,,C,no immutable result snapshot and no local RAW result evidence,
WARN,4844,11676,2026,raw_snapshot_absent,raw_provenance,SQLite rows exist,0,C,no local saved TotoBrief detail snapshot was found,
WARN,4844,11676,2026,immutable_result_snapshot_absent,drawing_result_snapshots,0,,C,no immutable result snapshot and no local RAW result evidence,
WARN,4845,11679,2026,raw_snapshot_absent,raw_provenance,SQLite rows exist,0,C,no local saved TotoBrief detail snapshot was found,
WARN,4845,11679,2026,immutable_result_snapshot_absent,drawing_result_snapshots,0,,C,no immutable result snapshot and no local RAW result evidence,
WARN,4846,11683,2026,raw_snapshot_absent,raw_provenance,SQLite rows exist,0,C,no local saved TotoBrief detail snapshot was found,
WARN,4846,11683,2026,immutable_result_snapshot_absent,drawing_result_snapshots,0,,C,no immutable result snapshot and no local RAW result evidence,
WARN,4847,11685,2026,raw_snapshot_absent,raw_provenance,SQLite rows exist,0,C,no local saved TotoBrief detail snapshot was found,
WARN,4847,11685,2026,immutable_result_snapshot_absent,drawing_result_snapshots,0,,C,no immutable result snapshot and no local RAW result evidence,
WARN,4848,11689,2026,raw_snapshot_absent,raw_provenance,SQLite rows exist,0,C,no local saved TotoBrief detail snapshot was found,
WARN,4848,11689,2026,immutable_result_snapshot_absent,drawing_result_snapshots,0,,C,no immutable result snapshot and no local RAW result evidence,
WARN,4849,11692,2026,raw_snapshot_absent,raw_provenance,SQLite rows exist,0,C,no local saved TotoBrief detail snapshot was found,
WARN,4849,11692,2026,immutable_result_snapshot_absent,drawing_result_snapshots,0,,C,no immutable result snapshot and no local RAW result evidence,
ERROR,4850,11695,2026,finished_results_incomplete,events.result,"resolved=13,void=0,missing=2,invalid=0",13,B,"available RAW is already incomplete (best=13, target=15)",data/raw/drawing_11695.json
WARN,4850,11695,2026,immutable_result_snapshot_absent,drawing_result_snapshots,0,13,A,saved RAW contains more data (13) than SQLite (0),data/raw/drawing_11695.json
WARN,4851,11698,2026,raw_snapshot_absent,raw_provenance,SQLite rows exist,0,C,no local saved TotoBrief detail snapshot was found,
WARN,4851,11698,2026,immutable_result_snapshot_absent,drawing_result_snapshots,0,,C,no immutable result snapshot and no local RAW result evidence,
WARN,4852,11702,2026,raw_snapshot_absent,raw_provenance,SQLite rows exist,0,C,no local saved TotoBrief detail snapshot was found,
WARN,4852,11702,2026,immutable_result_snapshot_absent,drawing_result_snapshots,0,,C,no immutable result snapshot and no local RAW result evidence,
WARN,4853,11703,2026,raw_snapshot_absent,raw_provenance,SQLite rows exist,0,C,no local saved TotoBrief detail snapshot was found,
WARN,4853,11703,2026,immutable_result_snapshot_absent,drawing_result_snapshots,0,,C,no immutable result snapshot and no local RAW result evidence,
WARN,4854,11708,2026,raw_snapshot_absent,raw_provenance,SQLite rows exist,0,C,no local saved TotoBrief detail snapshot was found,
WARN,4854,11708,2026,immutable_result_snapshot_absent,drawing_result_snapshots,0,,C,no immutable result snapshot and no local RAW result evidence,
WARN,4855,11709,2026,raw_snapshot_absent,raw_provenance,SQLite rows exist,0,C,no local saved TotoBrief detail snapshot was found,
WARN,4855,11709,2026,immutable_result_snapshot_absent,drawing_result_snapshots,0,,C,no immutable result snapshot and no local RAW result evidence,
WARN,4856,11713,2026,raw_snapshot_absent,raw_provenance,SQLite rows exist,0,C,no local saved TotoBrief detail snapshot was found,
WARN,4856,11713,2026,immutable_result_snapshot_absent,drawing_result_snapshots,0,,C,no immutable result snapshot and no local RAW result evidence,
WARN,4857,11715,2026,raw_snapshot_absent,raw_provenance,SQLite rows exist,0,C,no local saved TotoBrief detail snapshot was found,
WARN,4857,11715,2026,immutable_result_snapshot_absent,drawing_result_snapshots,0,,C,no immutable result snapshot and no local RAW result evidence,
WARN,4858,11718,2026,raw_snapshot_absent,raw_provenance,SQLite rows exist,0,C,no local saved TotoBrief detail snapshot was found,
WARN,4858,11718,2026,immutable_result_snapshot_absent,drawing_result_snapshots,0,,C,no immutable result snapshot and no local RAW result evidence,
WARN,4859,11719,2026,raw_snapshot_absent,raw_provenance,SQLite rows exist,0,C,no local saved TotoBrief detail snapshot was found,
WARN,4859,11719,2026,immutable_result_snapshot_absent,drawing_result_snapshots,0,,C,no immutable result snapshot and no local RAW result evidence,
WARN,4860,11723,2026,raw_snapshot_absent,raw_provenance,SQLite rows exist,0,C,no local saved TotoBrief detail snapshot was found,
WARN,4860,11723,2026,immutable_result_snapshot_absent,drawing_result_snapshots,0,,C,no immutable result snapshot and no local RAW result evidence,
WARN,4861,11726,2026,raw_snapshot_absent,raw_provenance,SQLite rows exist,0,C,no local saved TotoBrief detail snapshot was found,
WARN,4861,11726,2026,immutable_result_snapshot_absent,drawing_result_snapshots,0,,C,no immutable result snapshot and no local RAW result evidence,
WARN,4862,11728,2026,raw_snapshot_absent,raw_provenance,SQLite rows exist,0,C,no local saved TotoBrief detail snapshot was found,
WARN,4862,11728,2026,immutable_result_snapshot_absent,drawing_result_snapshots,0,,C,no immutable result snapshot and no local RAW result evidence,
WARN,4863,11732,2026,raw_snapshot_absent,raw_provenance,SQLite rows exist,0,C,no local saved TotoBrief detail snapshot was found,
WARN,4863,11732,2026,immutable_result_snapshot_absent,drawing_result_snapshots,0,,C,no immutable result snapshot and no local RAW result evidence,
WARN,4864,11734,2026,raw_snapshot_absent,raw_provenance,SQLite rows exist,0,C,no local saved TotoBrief detail snapshot was found,
WARN,4864,11734,2026,immutable_result_snapshot_absent,drawing_result_snapshots,0,,C,no immutable result snapshot and no local RAW result evidence,
WARN,4865,11737,2026,raw_snapshot_absent,raw_provenance,SQLite rows exist,0,C,no local saved TotoBrief detail snapshot was found,
WARN,4865,11737,2026,immutable_result_snapshot_absent,drawing_result_snapshots,0,,C,no immutable result snapshot and no local RAW result evidence,
WARN,4866,11741,2026,raw_snapshot_absent,raw_provenance,SQLite rows exist,0,C,no local saved TotoBrief detail snapshot was found,
WARN,4866,11741,2026,immutable_result_snapshot_absent,drawing_result_snapshots,0,,C,no immutable result snapshot and no local RAW result evidence,
WARN,4867,11745,2026,raw_snapshot_absent,raw_provenance,SQLite rows exist,0,C,no local saved TotoBrief detail snapshot was found,
WARN,4867,11745,2026,immutable_result_snapshot_absent,drawing_result_snapshots,0,,C,no immutable result snapshot and no local RAW result evidence,
WARN,4868,11746,2026,raw_snapshot_absent,raw_provenance,SQLite rows exist,0,C,no local saved TotoBrief detail snapshot was found,
WARN,4868,11746,2026,immutable_result_snapshot_absent,drawing_result_snapshots,0,,C,no immutable result snapshot and no local RAW result evidence,
WARN,4869,11749,2026,raw_snapshot_absent,raw_provenance,SQLite rows exist,0,C,no local saved TotoBrief detail snapshot was found,
WARN,4869,11749,2026,immutable_result_snapshot_absent,drawing_result_snapshots,0,,C,no immutable result snapshot and no local RAW result evidence,
WARN,4870,11753,2026,raw_snapshot_absent,raw_provenance,SQLite rows exist,0,C,no local saved TotoBrief detail snapshot was found,
WARN,4870,11753,2026,immutable_result_snapshot_absent,drawing_result_snapshots,0,,C,no immutable result snapshot and no local RAW result evidence,
WARN,4871,11756,2026,raw_snapshot_absent,raw_provenance,SQLite rows exist,0,C,no local saved TotoBrief detail snapshot was found,
WARN,4871,11756,2026,immutable_result_snapshot_absent,drawing_result_snapshots,0,,C,no immutable result snapshot and no local RAW result evidence,
WARN,4872,11759,2026,raw_snapshot_absent,raw_provenance,SQLite rows exist,0,C,no local saved TotoBrief detail snapshot was found,
WARN,4872,11759,2026,immutable_result_snapshot_absent,drawing_result_snapshots,0,,C,no immutable result snapshot and no local RAW result evidence,
WARN,4873,11763,2026,raw_snapshot_absent,raw_provenance,SQLite rows exist,0,C,no local saved TotoBrief detail snapshot was found,
WARN,4873,11763,2026,immutable_result_snapshot_absent,drawing_result_snapshots,0,,C,no immutable result snapshot and no local RAW result evidence,
WARN,4874,11766,2026,raw_snapshot_absent,raw_provenance,SQLite rows exist,0,C,no local saved TotoBrief detail snapshot was found,
WARN,4874,11766,2026,immutable_result_snapshot_absent,drawing_result_snapshots,0,,C,no immutable result snapshot and no local RAW result evidence,
ERROR,4875,11769,2026,finished_results_incomplete,events.result,"resolved=14,void=0,missing=1,invalid=0",,C,no local RAW/API snapshot is available,
WARN,4875,11769,2026,raw_snapshot_absent,raw_provenance,SQLite rows exist,0,C,no local saved TotoBrief detail snapshot was found,
WARN,4875,11769,2026,immutable_result_snapshot_absent,drawing_result_snapshots,0,,C,no immutable result snapshot and no local RAW result evidence,
WARN,4876,11770,2026,raw_snapshot_absent,raw_provenance,SQLite rows exist,0,C,no local saved TotoBrief detail snapshot was found,
WARN,4876,11770,2026,immutable_result_snapshot_absent,drawing_result_snapshots,0,,C,no immutable result snapshot and no local RAW result evidence,
WARN,4877,11775,2026,raw_snapshot_absent,raw_provenance,SQLite rows exist,0,C,no local saved TotoBrief detail snapshot was found,
WARN,4877,11775,2026,immutable_result_snapshot_absent,drawing_result_snapshots,0,,C,no immutable result snapshot and no local RAW result evidence,
WARN,4878,11777,2026,raw_snapshot_absent,raw_provenance,SQLite rows exist,0,C,no local saved TotoBrief detail snapshot was found,
WARN,4878,11777,2026,immutable_result_snapshot_absent,drawing_result_snapshots,0,,C,no immutable result snapshot and no local RAW result evidence,
WARN,4879,11780,2026,raw_snapshot_absent,raw_provenance,SQLite rows exist,0,C,no local saved TotoBrief detail snapshot was found,
WARN,4879,11780,2026,immutable_result_snapshot_absent,drawing_result_snapshots,0,,C,no immutable result snapshot and no local RAW result evidence,
WARN,4880,11782,2026,raw_snapshot_absent,raw_provenance,SQLite rows exist,0,C,no local saved TotoBrief detail snapshot was found,
WARN,4880,11782,2026,immutable_result_snapshot_absent,drawing_result_snapshots,0,,C,no immutable result snapshot and no local RAW result evidence,
WARN,4881,11787,2026,raw_snapshot_absent,raw_provenance,SQLite rows exist,0,C,no local saved TotoBrief detail snapshot was found,
WARN,4881,11787,2026,immutable_result_snapshot_absent,drawing_result_snapshots,0,,C,no immutable result snapshot and no local RAW result evidence,
WARN,4882,11790,2026,raw_snapshot_absent,raw_provenance,SQLite rows exist,0,C,no local saved TotoBrief detail snapshot was found,
WARN,4882,11790,2026,immutable_result_snapshot_absent,drawing_result_snapshots,0,,C,no immutable result snapshot and no local RAW result evidence,
WARN,4883,11791,2026,raw_snapshot_absent,raw_provenance,SQLite rows exist,0,C,no local saved TotoBrief detail snapshot was found,
WARN,4883,11791,2026,immutable_result_snapshot_absent,drawing_result_snapshots,0,,C,no immutable result snapshot and no local RAW result evidence,
WARN,4884,11794,2026,raw_snapshot_absent,raw_provenance,SQLite rows exist,0,C,no local saved TotoBrief detail snapshot was found,
WARN,4884,11794,2026,immutable_result_snapshot_absent,drawing_result_snapshots,0,,C,no immutable result snapshot and no local RAW result evidence,
WARN,4885,11798,2026,raw_snapshot_absent,raw_provenance,SQLite rows exist,0,C,no local saved TotoBrief detail snapshot was found,
WARN,4885,11798,2026,immutable_result_snapshot_absent,drawing_result_snapshots,0,,C,no immutable result snapshot and no local RAW result evidence,
ERROR,4886,11801,2026,finished_results_incomplete,events.result,"resolved=14,void=0,missing=1,invalid=0",,C,no local RAW/API snapshot is available,
WARN,4886,11801,2026,raw_snapshot_absent,raw_provenance,SQLite rows exist,0,C,no local saved TotoBrief detail snapshot was found,
WARN,4886,11801,2026,immutable_result_snapshot_absent,drawing_result_snapshots,0,,C,no immutable result snapshot and no local RAW result evidence,
ERROR,4887,11805,2026,pool_quotes_incomplete,quotes.pool,0/15,,C,no local RAW/API snapshot is available,
ERROR,4887,11805,2026,finished_results_incomplete,events.result,"resolved=14,void=0,missing=1,invalid=0",,C,no local RAW/API snapshot is available,
WARN,4887,11805,2026,raw_snapshot_absent,raw_provenance,SQLite rows exist,0,C,no local saved TotoBrief detail snapshot was found,
WARN,4887,11805,2026,immutable_result_snapshot_absent,drawing_result_snapshots,0,,C,no immutable result snapshot and no local RAW result evidence,
WARN,4888,11808,2026,raw_snapshot_absent,raw_provenance,SQLite rows exist,0,C,no local saved TotoBrief detail snapshot was found,
WARN,4888,11808,2026,immutable_result_snapshot_absent,drawing_result_snapshots,0,,C,no immutable result snapshot and no local RAW result evidence,
WARN,4889,11809,2026,raw_snapshot_absent,raw_provenance,SQLite rows exist,0,C,no local saved TotoBrief detail snapshot was found,
WARN,4889,11809,2026,immutable_result_snapshot_absent,drawing_result_snapshots,0,,C,no immutable result snapshot and no local RAW result evidence,
WARN,4890,11812,2026,raw_snapshot_absent,raw_provenance,SQLite rows exist,0,C,no local saved TotoBrief detail snapshot was found,
WARN,4890,11812,2026,immutable_result_snapshot_absent,drawing_result_snapshots,0,,C,no immutable result snapshot and no local RAW result evidence,
WARN,4891,11815,2026,raw_snapshot_absent,raw_provenance,SQLite rows exist,0,C,no local saved TotoBrief detail snapshot was found,
WARN,4891,11815,2026,immutable_result_snapshot_absent,drawing_result_snapshots,0,,C,no immutable result snapshot and no local RAW result evidence,
WARN,4892,11818,2026,raw_snapshot_absent,raw_provenance,SQLite rows exist,0,C,no local saved TotoBrief detail snapshot was found,
WARN,4892,11818,2026,immutable_result_snapshot_absent,drawing_result_snapshots,0,,C,no immutable result snapshot and no local RAW result evidence,
WARN,4893,11820,2026,raw_snapshot_absent,raw_provenance,SQLite rows exist,0,C,no local saved TotoBrief detail snapshot was found,
WARN,4893,11820,2026,immutable_result_snapshot_absent,drawing_result_snapshots,0,,C,no immutable result snapshot and no local RAW result evidence,
WARN,4894,11824,2026,raw_snapshot_absent,raw_provenance,SQLite rows exist,0,C,no local saved TotoBrief detail snapshot was found,
WARN,4894,11824,2026,immutable_result_snapshot_absent,drawing_result_snapshots,0,,C,no immutable result snapshot and no local RAW result evidence,
WARN,4895,11828,2026,raw_snapshot_absent,raw_provenance,SQLite rows exist,0,C,no local saved TotoBrief detail snapshot was found,
WARN,4895,11828,2026,immutable_result_snapshot_absent,drawing_result_snapshots,0,,C,no immutable result snapshot and no local RAW result evidence,
ERROR,4896,11829,2026,pool_quotes_incomplete,quotes.pool,0/15,,C,no local RAW/API snapshot is available,
WARN,4896,11829,2026,raw_snapshot_absent,raw_provenance,SQLite rows exist,0,C,no local saved TotoBrief detail snapshot was found,
WARN,4896,11829,2026,immutable_result_snapshot_absent,drawing_result_snapshots,0,,C,no immutable result snapshot and no local RAW result evidence,
WARN,4897,11833,2026,raw_snapshot_absent,raw_provenance,SQLite rows exist,0,C,no local saved TotoBrief detail snapshot was found,
WARN,4897,11833,2026,immutable_result_snapshot_absent,drawing_result_snapshots,0,,C,no immutable result snapshot and no local RAW result evidence,
WARN,4898,11836,2026,raw_snapshot_absent,raw_provenance,SQLite rows exist,0,C,no local saved TotoBrief detail snapshot was found,
WARN,4898,11836,2026,immutable_result_snapshot_absent,drawing_result_snapshots,0,,C,no immutable result snapshot and no local RAW result evidence,
WARN,4899,11839,2026,raw_snapshot_absent,raw_provenance,SQLite rows exist,0,C,no local saved TotoBrief detail snapshot was found,
WARN,4899,11839,2026,immutable_result_snapshot_absent,drawing_result_snapshots,0,,C,no immutable result snapshot and no local RAW result evidence,
WARN,4900,11842,2026,raw_snapshot_absent,raw_provenance,SQLite rows exist,0,C,no local saved TotoBrief detail snapshot was found,
WARN,4900,11842,2026,immutable_result_snapshot_absent,drawing_result_snapshots,0,,C,no immutable result snapshot and no local RAW result evidence,
WARN,4901,11845,2026,raw_snapshot_absent,raw_provenance,SQLite rows exist,0,C,no local saved TotoBrief detail snapshot was found,
WARN,4901,11845,2026,immutable_result_snapshot_absent,drawing_result_snapshots,0,,C,no immutable result snapshot and no local RAW result evidence,
ERROR,4902,11848,2026,pool_quotes_incomplete,quotes.pool,0/15,,C,no local RAW/API snapshot is available,
ERROR,4902,11848,2026,finished_results_incomplete,events.result,"resolved=14,void=0,missing=1,invalid=0",,C,no local RAW/API snapshot is available,
WARN,4902,11848,2026,raw_snapshot_absent,raw_provenance,SQLite rows exist,0,C,no local saved TotoBrief detail snapshot was found,
WARN,4902,11848,2026,immutable_result_snapshot_absent,drawing_result_snapshots,0,,C,no immutable result snapshot and no local RAW result evidence,
ERROR,4903,11850,2026,finished_results_incomplete,events.result,"resolved=14,void=0,missing=1,invalid=0",,C,no local RAW/API snapshot is available,
WARN,4903,11850,2026,raw_snapshot_absent,raw_provenance,SQLite rows exist,0,C,no local saved TotoBrief detail snapshot was found,
WARN,4903,11850,2026,immutable_result_snapshot_absent,drawing_result_snapshots,0,,C,no immutable result snapshot and no local RAW result evidence,
ERROR,4904,11853,2026,finished_results_incomplete,events.result,"resolved=14,void=0,missing=1,invalid=0",,C,no local RAW/API snapshot is available,
WARN,4904,11853,2026,raw_snapshot_absent,raw_provenance,SQLite rows exist,0,C,no local saved TotoBrief detail snapshot was found,
WARN,4904,11853,2026,immutable_result_snapshot_absent,drawing_result_snapshots,0,,C,no immutable result snapshot and no local RAW result evidence,
WARN,4905,11855,2026,raw_snapshot_absent,raw_provenance,SQLite rows exist,0,C,no local saved TotoBrief detail snapshot was found,
WARN,4905,11855,2026,immutable_result_snapshot_absent,drawing_result_snapshots,0,,C,no immutable result snapshot and no local RAW result evidence,
ERROR,4906,11857,2026,finished_results_incomplete,events.result,"resolved=14,void=0,missing=1,invalid=0",,C,no local RAW/API snapshot is available,
WARN,4906,11857,2026,raw_snapshot_absent,raw_provenance,SQLite rows exist,0,C,no local saved TotoBrief detail snapshot was found,
WARN,4906,11857,2026,immutable_result_snapshot_absent,drawing_result_snapshots,0,,C,no immutable result snapshot and no local RAW result evidence,
WARN,4907,11860,2026,raw_snapshot_absent,raw_provenance,SQLite rows exist,0,C,no local saved TotoBrief detail snapshot was found,
WARN,4907,11860,2026,immutable_result_snapshot_absent,drawing_result_snapshots,0,,C,no immutable result snapshot and no local RAW result evidence,
WARN,4908,11864,2026,raw_snapshot_absent,raw_provenance,SQLite rows exist,0,C,no local saved TotoBrief detail snapshot was found,
WARN,4908,11864,2026,immutable_result_snapshot_absent,drawing_result_snapshots,0,,C,no immutable result snapshot and no local RAW result evidence,
ERROR,4909,11865,2026,finished_results_incomplete,events.result,"resolved=14,void=0,missing=1,invalid=0",,C,no local RAW/API snapshot is available,
WARN,4909,11865,2026,raw_snapshot_absent,raw_provenance,SQLite rows exist,0,C,no local saved TotoBrief detail snapshot was found,
WARN,4909,11865,2026,immutable_result_snapshot_absent,drawing_result_snapshots,0,,C,no immutable result snapshot and no local RAW result evidence,
ERROR,4910,11868,2026,finished_results_incomplete,events.result,"resolved=14,void=0,missing=1,invalid=0",,C,no local RAW/API snapshot is available,
WARN,4910,11868,2026,raw_snapshot_absent,raw_provenance,SQLite rows exist,0,C,no local saved TotoBrief detail snapshot was found,
WARN,4910,11868,2026,immutable_result_snapshot_absent,drawing_result_snapshots,0,,C,no immutable result snapshot and no local RAW result evidence,
WARN,4911,11869,2026,raw_snapshot_absent,raw_provenance,SQLite rows exist,0,C,no local saved TotoBrief detail snapshot was found,
WARN,4911,11869,2026,immutable_result_snapshot_absent,drawing_result_snapshots,0,,C,no immutable result snapshot and no local RAW result evidence,
WARN,4912,11872,2026,raw_snapshot_absent,raw_provenance,SQLite rows exist,0,C,no local saved TotoBrief detail snapshot was found,
WARN,4912,11872,2026,immutable_result_snapshot_absent,drawing_result_snapshots,0,,C,no immutable result snapshot and no local RAW result evidence,
WARN,4913,11873,2026,raw_snapshot_absent,raw_provenance,SQLite rows exist,0,C,no local saved TotoBrief detail snapshot was found,
WARN,4913,11873,2026,immutable_result_snapshot_absent,drawing_result_snapshots,0,,C,no immutable result snapshot and no local RAW result evidence,
WARN,4914,11877,2026,raw_snapshot_absent,raw_provenance,SQLite rows exist,0,C,no local saved TotoBrief detail snapshot was found,
WARN,4914,11877,2026,immutable_result_snapshot_absent,drawing_result_snapshots,0,,C,no immutable result snapshot and no local RAW result evidence,
WARN,4915,11879,2026,raw_snapshot_absent,raw_provenance,SQLite rows exist,0,C,no local saved TotoBrief detail snapshot was found,
WARN,4915,11879,2026,immutable_result_snapshot_absent,drawing_result_snapshots,0,,C,no immutable result snapshot and no local RAW result evidence,
WARN,4916,11881,2026,raw_snapshot_absent,raw_provenance,SQLite rows exist,0,C,no local saved TotoBrief detail snapshot was found,
WARN,4916,11881,2026,immutable_result_snapshot_absent,drawing_result_snapshots,0,,C,no immutable result snapshot and no local RAW result evidence,
WARN,4917,11883,2026,raw_snapshot_absent,raw_provenance,SQLite rows exist,0,C,no local saved TotoBrief detail snapshot was found,
WARN,4917,11883,2026,immutable_result_snapshot_absent,drawing_result_snapshots,0,,C,no immutable result snapshot and no local RAW result evidence,
WARN,4918,11885,2026,raw_snapshot_absent,raw_provenance,SQLite rows exist,0,C,no local saved TotoBrief detail snapshot was found,
WARN,4918,11885,2026,immutable_result_snapshot_absent,drawing_result_snapshots,0,,C,no immutable result snapshot and no local RAW result evidence,
WARN,4919,11888,2026,raw_snapshot_absent,raw_provenance,SQLite rows exist,0,C,no local saved TotoBrief detail snapshot was found,
WARN,4919,11888,2026,immutable_result_snapshot_absent,drawing_result_snapshots,0,,C,no immutable result snapshot and no local RAW result evidence,
WARN,4920,11889,2026,raw_snapshot_absent,raw_provenance,SQLite rows exist,0,C,no local saved TotoBrief detail snapshot was found,
WARN,4920,11889,2026,immutable_result_snapshot_absent,drawing_result_snapshots,0,,C,no immutable result snapshot and no local RAW result evidence,
WARN,4921,11892,2026,raw_snapshot_absent,raw_provenance,SQLite rows exist,0,C,no local saved TotoBrief detail snapshot was found,
WARN,4921,11892,2026,immutable_result_snapshot_absent,drawing_result_snapshots,0,,C,no immutable result snapshot and no local RAW result evidence,
WARN,4922,11894,2026,raw_snapshot_absent,raw_provenance,SQLite rows exist,0,C,no local saved TotoBrief detail snapshot was found,
WARN,4922,11894,2026,immutable_result_snapshot_absent,drawing_result_snapshots,0,,C,no immutable result snapshot and no local RAW result evidence,
ERROR,4923,11897,2026,pool_quotes_incomplete,quotes.pool,0/15,,C,no local RAW/API snapshot is available,
WARN,4923,11897,2026,raw_snapshot_absent,raw_provenance,SQLite rows exist,0,C,no local saved TotoBrief detail snapshot was found,
WARN,4923,11897,2026,immutable_result_snapshot_absent,drawing_result_snapshots,0,,C,no immutable result snapshot and no local RAW result evidence,
WARN,4924,11900,2026,raw_snapshot_absent,raw_provenance,SQLite rows exist,0,C,no local saved TotoBrief detail snapshot was found,
WARN,4924,11900,2026,immutable_result_snapshot_absent,drawing_result_snapshots,0,,C,no immutable result snapshot and no local RAW result evidence,
WARN,4925,11902,2026,raw_snapshot_absent,raw_provenance,SQLite rows exist,0,C,no local saved TotoBrief detail snapshot was found,
WARN,4925,11902,2026,immutable_result_snapshot_absent,drawing_result_snapshots,0,,C,no immutable result snapshot and no local RAW result evidence,
WARN,4926,11905,2026,raw_snapshot_absent,raw_provenance,SQLite rows exist,0,C,no local saved TotoBrief detail snapshot was found,
WARN,4926,11905,2026,immutable_result_snapshot_absent,drawing_result_snapshots,0,,C,no immutable result snapshot and no local RAW result evidence,
WARN,4927,11907,2026,raw_snapshot_absent,raw_provenance,SQLite rows exist,0,C,no local saved TotoBrief detail snapshot was found,
WARN,4927,11907,2026,immutable_result_snapshot_absent,drawing_result_snapshots,0,,C,no immutable result snapshot and no local RAW result evidence,
WARN,4928,11910,2026,raw_snapshot_absent,raw_provenance,SQLite rows exist,0,C,no local saved TotoBrief detail snapshot was found,
WARN,4928,11910,2026,immutable_result_snapshot_absent,drawing_result_snapshots,0,,C,no immutable result snapshot and no local RAW result evidence,
WARN,4929,11912,2026,raw_snapshot_absent,raw_provenance,SQLite rows exist,0,C,no local saved TotoBrief detail snapshot was found,
WARN,4929,11912,2026,immutable_result_snapshot_absent,drawing_result_snapshots,0,,C,no immutable result snapshot and no local RAW result evidence,
ERROR,4930,11916,2026,pool_quotes_incomplete,quotes.pool,0/15,,C,no local RAW/API snapshot is available,
WARN,4930,11916,2026,raw_snapshot_absent,raw_provenance,SQLite rows exist,0,C,no local saved TotoBrief detail snapshot was found,
WARN,4930,11916,2026,immutable_result_snapshot_absent,drawing_result_snapshots,0,,C,no immutable result snapshot and no local RAW result evidence,
ERROR,4931,11917,2026,finished_results_incomplete,events.result,"resolved=14,void=0,missing=1,invalid=0",,C,no local RAW/API snapshot is available,
WARN,4931,11917,2026,raw_snapshot_absent,raw_provenance,SQLite rows exist,0,C,no local saved TotoBrief detail snapshot was found,
WARN,4931,11917,2026,immutable_result_snapshot_absent,drawing_result_snapshots,0,,C,no immutable result snapshot and no local RAW result evidence,
WARN,4932,11919,2026,raw_snapshot_absent,raw_provenance,SQLite rows exist,0,C,no local saved TotoBrief detail snapshot was found,
WARN,4932,11919,2026,immutable_result_snapshot_absent,drawing_result_snapshots,0,,C,no immutable result snapshot and no local RAW result evidence,
WARN,4933,11923,2026,raw_snapshot_absent,raw_provenance,SQLite rows exist,0,C,no local saved TotoBrief detail snapshot was found,
WARN,4933,11923,2026,immutable_result_snapshot_absent,drawing_result_snapshots,0,,C,no immutable result snapshot and no local RAW result evidence,
WARN,4934,11925,2026,raw_snapshot_absent,raw_provenance,SQLite rows exist,0,C,no local saved TotoBrief detail snapshot was found,
WARN,4934,11925,2026,immutable_result_snapshot_absent,drawing_result_snapshots,0,,C,no immutable result snapshot and no local RAW result evidence,
WARN,4935,11928,2026,raw_snapshot_absent,raw_provenance,SQLite rows exist,0,C,no local saved TotoBrief detail snapshot was found,
WARN,4935,11928,2026,immutable_result_snapshot_absent,drawing_result_snapshots,0,,C,no immutable result snapshot and no local RAW result evidence,
WARN,4936,11930,2026,raw_snapshot_absent,raw_provenance,SQLite rows exist,0,C,no local saved TotoBrief detail snapshot was found,
WARN,4936,11930,2026,immutable_result_snapshot_absent,drawing_result_snapshots,0,,C,no immutable result snapshot and no local RAW result evidence,
WARN,4937,11933,2026,raw_snapshot_absent,raw_provenance,SQLite rows exist,0,C,no local saved TotoBrief detail snapshot was found,
WARN,4937,11933,2026,immutable_result_snapshot_absent,drawing_result_snapshots,0,,C,no immutable result snapshot and no local RAW result evidence,
WARN,4938,11935,2026,immutable_result_snapshot_absent,drawing_result_snapshots,0,15,A,saved RAW contains more data (15) than SQLite (0),data/raw/drawing_11935.json
ERROR,4939,11938,2026,finished_results_incomplete,events.result,"resolved=0,void=0,missing=15,invalid=0",0,B,"available RAW is already incomplete (best=0, target=15)",data/raw/drawing_11938.json
WARN,4939,11938,2026,immutable_result_snapshot_absent,drawing_result_snapshots,0,0,B,"available RAW is already incomplete (best=0, target=15)",data/raw/drawing_11938.json
ERROR,4940,11941,2026,finished_results_incomplete,events.result,"resolved=0,void=0,missing=15,invalid=0",0,B,"available RAW is already incomplete (best=0, target=15)",data/raw/drawing_11941.json
WARN,4940,11941,2026,immutable_result_snapshot_absent,drawing_result_snapshots,0,0,B,"available RAW is already incomplete (best=0, target=15)",data/raw/drawing_11941.json
WARN,4941,11944,2026,raw_snapshot_absent,raw_provenance,SQLite rows exist,0,C,no local saved TotoBrief detail snapshot was found,
WARN,4941,11944,2026,immutable_result_snapshot_absent,drawing_result_snapshots,0,,C,no immutable result snapshot and no local RAW result evidence,
WARN,4942,11946,2026,raw_snapshot_absent,raw_provenance,SQLite rows exist,0,C,no local saved TotoBrief detail snapshot was found,
WARN,4942,11946,2026,immutable_result_snapshot_absent,drawing_result_snapshots,0,,C,no immutable result snapshot and no local RAW result evidence,
WARN,4943,11949,2026,raw_snapshot_absent,raw_provenance,SQLite rows exist,0,C,no local saved TotoBrief detail snapshot was found,
WARN,4943,11949,2026,immutable_result_snapshot_absent,drawing_result_snapshots,0,,C,no immutable result snapshot and no local RAW result evidence,
WARN,4944,11951,2026,raw_snapshot_absent,raw_provenance,SQLite rows exist,0,C,no local saved TotoBrief detail snapshot was found,
WARN,4944,11951,2026,immutable_result_snapshot_absent,drawing_result_snapshots,0,,C,no immutable result snapshot and no local RAW result evidence,
ERROR,4945,11953,2026,finished_results_incomplete,events.result,"resolved=0,void=0,missing=15,invalid=0",0,B,"available RAW is already incomplete (best=0, target=15)",data/raw/drawing_11953.json
WARN,4945,11953,2026,immutable_result_snapshot_absent,drawing_result_snapshots,0,0,B,"available RAW is already incomplete (best=0, target=15)",data/raw/drawing_11953.json
ERROR,4946,11955,2026,finished_results_incomplete,events.result,"resolved=14,void=0,missing=1,invalid=0",,C,no local RAW/API snapshot is available,
WARN,4946,11955,2026,raw_snapshot_absent,raw_provenance,SQLite rows exist,0,C,no local saved TotoBrief detail snapshot was found,
WARN,4946,11955,2026,immutable_result_snapshot_absent,drawing_result_snapshots,0,,C,no immutable result snapshot and no local RAW result evidence,
WARN,4947,11957,2026,raw_snapshot_absent,raw_provenance,SQLite rows exist,0,C,no local saved TotoBrief detail snapshot was found,
WARN,4947,11957,2026,immutable_result_snapshot_absent,drawing_result_snapshots,0,,C,no immutable result snapshot and no local RAW result evidence,
WARN,4948,11959,2026,raw_snapshot_absent,raw_provenance,SQLite rows exist,0,C,no local saved TotoBrief detail snapshot was found,
WARN,4948,11959,2026,immutable_result_snapshot_absent,drawing_result_snapshots,0,,C,no immutable result snapshot and no local RAW result evidence,
ERROR,4949,11962,2026,finished_results_incomplete,events.result,"resolved=0,void=0,missing=15,invalid=0",,C,no local RAW/API snapshot is available,
WARN,4949,11962,2026,raw_snapshot_absent,raw_provenance,SQLite rows exist,0,C,no local saved TotoBrief detail snapshot was found,
WARN,4949,11962,2026,immutable_result_snapshot_absent,drawing_result_snapshots,0,,C,no immutable result snapshot and no local RAW result evidence,
ERROR,4950,11964,2026,finished_results_incomplete,events.result,"resolved=0,void=0,missing=15,invalid=0",0,B,"available RAW is already incomplete (best=0, target=15)",data/raw/drawing_11964.json|tests/fixtures/drawing_4950_totobrief.json
WARN,4950,11964,2026,immutable_result_snapshot_absent,drawing_result_snapshots,0,0,B,"available RAW is already incomplete (best=0, target=15)",data/raw/drawing_11964.json|tests/fixtures/drawing_4950_totobrief.json
ERROR,4951,11968,2026,finished_results_incomplete,events.result,"resolved=0,void=0,missing=15,invalid=0",0,B,"available RAW is already incomplete (best=0, target=15)",tests/fixtures/drawing_4951_totobrief_target_cache.json
WARN,4951,11968,2026,immutable_result_snapshot_absent,drawing_result_snapshots,0,0,B,"available RAW is already incomplete (best=0, target=15)",tests/fixtures/drawing_4951_totobrief_target_cache.json
ERROR,4952,11970,2026,finished_results_incomplete,events.result,"resolved=0,void=0,missing=15,invalid=0",0,B,"available RAW is already incomplete (best=0, target=15)",data/raw/drawing_11970.json|reports/rehearsal/current-systematic-early-4952/totobrief-drawing-11970.json
WARN,4952,11970,2026,immutable_result_snapshot_absent,drawing_result_snapshots,0,0,B,"available RAW is already incomplete (best=0, target=15)",data/raw/drawing_11970.json|reports/rehearsal/current-systematic-early-4952/totobrief-drawing-11970.json
ERROR,4954,11975,2026,blank_event_names,events.name,15 blank,15,A,saved RAW contains more data (15) than SQLite (0),data/raw/drawing_11975.json|sqlite:drawing_result_snapshots:4
ERROR,4954,11975,2026,quote_structure_incomplete,quotes,"rows=0,unique_orders=0,missing=1|2|3|4|5|6|7|8|9|10|11|12|13|14|15,duplicates=",15,A,saved RAW contains more data (15) than SQLite (0),data/raw/drawing_11975.json|sqlite:drawing_result_snapshots:4
ERROR,4954,11975,2026,pool_quotes_incomplete,quotes.pool,0/15,15,A,saved RAW contains more data (15) than SQLite (0),data/raw/drawing_11975.json|sqlite:drawing_result_snapshots:4
ERROR,4954,11975,2026,bk_quotes_incomplete,quotes.bk,0/15,15,A,saved RAW contains more data (15) than SQLite (0),data/raw/drawing_11975.json|sqlite:drawing_result_snapshots:4
INFO,4954,11975,2026,void_result,events.result,1,14,OK,explicit void is valid when backed by immutable evidence,data/raw/drawing_11975.json|sqlite:drawing_result_snapshots:4
ERROR,4955,11977,2026,blank_event_names,events.name,15 blank,15,A,saved RAW contains more data (15) than SQLite (0),sqlite:drawing_result_snapshots:1
ERROR,4955,11977,2026,quote_structure_incomplete,quotes,"rows=0,unique_orders=0,missing=1|2|3|4|5|6|7|8|9|10|11|12|13|14|15,duplicates=",15,A,saved RAW contains more data (15) than SQLite (0),sqlite:drawing_result_snapshots:1
ERROR,4955,11977,2026,pool_quotes_incomplete,quotes.pool,0/15,15,A,saved RAW contains more data (15) than SQLite (0),sqlite:drawing_result_snapshots:1
ERROR,4955,11977,2026,bk_quotes_incomplete,quotes.bk,0/15,15,A,saved RAW contains more data (15) than SQLite (0),sqlite:drawing_result_snapshots:1
ERROR,4956,11981,2026,blank_event_names,events.name,15 blank,15,A,saved RAW contains more data (15) than SQLite (0),sqlite:drawing_result_snapshots:2
ERROR,4956,11981,2026,quote_structure_incomplete,quotes,"rows=0,unique_orders=0,missing=1|2|3|4|5|6|7|8|9|10|11|12|13|14|15,duplicates=",15,A,saved RAW contains more data (15) than SQLite (0),sqlite:drawing_result_snapshots:2
ERROR,4956,11981,2026,pool_quotes_incomplete,quotes.pool,0/15,15,A,saved RAW contains more data (15) than SQLite (0),sqlite:drawing_result_snapshots:2
ERROR,4956,11981,2026,bk_quotes_incomplete,quotes.bk,0/15,15,A,saved RAW contains more data (15) than SQLite (0),sqlite:drawing_result_snapshots:2
ERROR,4957,11983,2026,finished_results_incomplete,events.result,"resolved=0,void=0,missing=15,invalid=0",0,B,"available RAW is already incomplete (best=0, target=15)",data/raw/drawing_11983.json|reports/rehearsal/4957-early-rehearsal-20260727T074910Z/frozen-inputs/drawing_11983.json
WARN,4957,11983,2026,immutable_result_snapshot_absent,drawing_result_snapshots,0,0,B,"available RAW is already incomplete (best=0, target=15)",data/raw/drawing_11983.json|reports/rehearsal/4957-early-rehearsal-20260727T074910Z/frozen-inputs/drawing_11983.json
ERROR,4958,11986,2026,finished_results_incomplete,events.result,"resolved=0,void=0,missing=15,invalid=0",0,B,"available RAW is already incomplete (best=0, target=15)",data/raw/drawing_11986.json
WARN,4958,11986,2026,immutable_result_snapshot_absent,drawing_result_snapshots,0,0,B,"available RAW is already incomplete (best=0, target=15)",data/raw/drawing_11986.json
ERROR,4959,11988,2026,package_without_settlement,package_settlements,"packages=1,settlements=0",,C,archived package has no persisted post-draw settlement,/Users/turshevr/toto-ai/reports/rehearsal/manual-sim-4959-20260729T091440Z/runs/4959/20260729T131500000000Z-1c138b3f/package.csv
