drawing_number,drawing_id,bookmaker,status,started_at,ended_at,year,event_count,unique_event_orders,missing_event_orders,duplicate_event_orders,blank_event_names,quote_rows,unique_quote_orders,pool_complete_events,bk_complete_events,norm_complete_events,pin_complete_events,resolved_results,void_results,missing_results,invalid_results,scores_present,result_snapshot_rows,complete_result_snapshots,snapshot_status_resolved,snapshot_status_void,snapshot_status_missing,raw_snapshot_records,raw_unique_payloads,raw_sources,raw_best_event_count,raw_best_nonblank_names,raw_best_pool_complete,raw_best_bk_complete,raw_best_norm_complete,raw_best_resolved_results,preparation_rows,latest_preparation_status,latest_preparation_mapped,pin_rows,valid_pin_rows,package_rows,package_coupons,package_cost,settlement_rows,health_status,hard_anomaly_count,warning_count
2759,202,baltbet-main,finished,,2020-07-06T16:00:00.000000Z,2020,15,15,,,0,15,15,15,15,0,0,0,0,15,0,0,0,0,0,0,0,0,0,,,,,,,,0,,0,0,0,0,0,0,0,FAIL,1,2
2760,203,baltbet-main,finished,,2020-07-07T15:30:00.000000Z,2020,15,15,,,0,15,15,15,15,0,0,0,0,15,0,0,0,0,0,0,0,0,0,,,,,,,,0,,0,0,0,0,0,0,0,FAIL,1,2
2761,204,baltbet-main,finished,,2020-07-08T17:00:00.000000Z,2020,15,15,,,0,15,15,15,15,0,0,0,0,15,0,0,0,0,0,0,0,0,0,,,,,,,,0,,0,0,0,0,0,0,0,FAIL,1,2
2762,205,baltbet-main,finished,,2020-07-09T15:30:00.000000Z,2020,15,15,,,0,15,15,15,15,0,0,0,0,15,0,0,0,0,0,0,0,0,0,,,,,,,,0,,0,0,0,0,0,0,0,FAIL,1,2
2763,206,baltbet-main,finished,,2020-07-10T15:30:00.000000Z,2020,15,15,,,0,15,15,15,15,0,0,0,0,15,0,0,0,0,0,0,0,0,0,,,,,,,,0,,0,0,0,0,0,0,0,FAIL,1,2
2764,207,baltbet-main,finished,,2020-07-11T14:00:00.000000Z,2020,15,15,,,0,15,15,15,15,0,0,15,0,0,0,15,0,0,0,0,0,0,0,,,,,,,,0,,0,0,0,0,0,0,0,WARN,0,2
2765,208,baltbet-main,finished,,2020-07-12T12:30:00.000000Z,2020,15,15,,,0,15,15,15,15,0,0,15,0,0,0,15,0,0,0,0,0,0,0,,,,,,,,0,,0,0,0,0,0,0,0,WARN,0,2
2766,209,baltbet-main,finished,,2020-07-13T16:45:00.000000Z,2020,15,15,,,0,15,15,15,15,0,0,15,0,0,0,15,0,0,0,0,0,0,0,,,,,,,,0,,0,0,0,0,0,0,0,WARN,0,2
2767,210,baltbet-main,finished,,2020-07-14T15:00:00.000000Z,2020,15,15,,,0,15,15,15,15,0,0,15,0,0,0,15,0,0,0,0,0,0,0,,,,,,,,0,,0,0,0,0,0,0,0,WARN,0,2
2768,211,baltbet-main,finished,,2020-07-15T16:00:00.000000Z,2020,15,15,,,0,15,15,15,15,0,0,15,0,0,0,15,0,0,0,0,0,0,0,,,,,,,,0,,0,0,0,0,0,0,0,WARN,0,2
2769,212,baltbet-main,finished,,2020-07-16T14:00:00.000000Z,2020,15,15,,,0,15,15,15,15,0,0,14,0,1,0,15,0,0,0,0,0,0,0,,,,,,,,0,,0,0,0,0,0,0,0,FAIL,1,2
2770,213,baltbet-main,finished,,2020-07-17T15:30:00.000000Z,2020,15,15,,,0,15,15,15,15,0,0,15,0,0,0,15,0,0,0,0,0,0,0,,,,,,,,0,,0,0,0,0,0,0,0,WARN,0,2
2771,214,baltbet-main,finished,,2020-07-18T14:00:00.000000Z,2020,15,15,,,0,15,15,15,15,0,0,15,0,0,0,15,0,0,0,0,0,0,0,,,,,,,,0,,0,0,0,0,0,0,0,WARN,0,2
2772,215,baltbet-main,finished,,2020-07-19T15:00:00.000000Z,2020,15,15,,,0,15,15,15,15,0,0,15,0,0,0,15,0,0,0,0,0,0,0,,,,,,,,0,,0,0,0,0,0,0,0,WARN,0,2
2773,216,baltbet-main,finished,,2020-07-20T13:00:00.000000Z,2020,15,15,,,0,15,15,15,15,0,0,14,0,1,0,15,0,0,0,0,0,0,0,,,,,,,,0,,0,0,0,0,0,0,0,FAIL,1,2
2774,217,baltbet-main,finished,,2020-07-22T15:30:00.000000Z,2020,15,15,,,0,15,15,15,15,0,0,15,0,0,0,15,0,0,0,0,0,0,0,,,,,,,,0,,0,0,0,0,0,0,0,WARN,0,2
2775,218,baltbet-main,finished,,2020-07-23T15:45:00.000000Z,2020,15,15,,,0,15,15,15,15,0,0,15,0,0,0,15,0,0,0,0,0,0,0,,,,,,,,0,,0,0,0,0,0,0,0,WARN,0,2
2776,219,baltbet-main,finished,,2020-07-24T16:15:00.000000Z,2020,15,15,,,0,15,15,15,15,0,0,15,0,0,0,15,0,0,0,0,0,0,0,,,,,,,,0,,0,0,0,0,0,0,0,WARN,0,2
2777,220,baltbet-main,finished,,2020-07-25T12:30:00.000000Z,2020,15,15,,,0,15,15,15,15,0,0,14,0,1,0,14,0,0,0,0,0,0,0,,,,,,,,0,,0,0,0,0,0,0,0,FAIL,1,2
2778,221,baltbet-main,finished,,2020-07-26T14:00:00.000000Z,2020,15,15,,,0,15,15,15,15,0,0,15,0,0,0,15,0,0,0,0,0,0,0,,,,,,,,0,,0,0,0,0,0,0,0,WARN,0,2
2779,222,baltbet-main,finished,,2020-07-27T16:00:00.000000Z,2020,15,15,,,0,15,15,15,15,0,0,15,0,0,0,15,0,0,0,0,0,0,0,,,,,,,,0,,0,0,0,0,0,0,0,WARN,0,2
2780,223,baltbet-main,finished,,2020-07-28T14:00:00.000000Z,2020,15,15,,,0,15,15,15,15,0,0,15,0,0,0,15,0,0,0,0,0,0,0,,,,,,,,0,,0,0,0,0,0,0,0,WARN,0,2
2781,224,baltbet-main,finished,,2020-07-29T14:00:00.000000Z,2020,15,15,,,0,15,15,15,15,0,0,15,0,0,0,15,0,0,0,0,0,0,0,,,,,,,,0,,0,0,0,0,0,0,0,WARN,0,2
2782,225,baltbet-main,finished,,2020-07-30T15:00:00.000000Z,2020,15,15,,,0,15,15,15,15,0,0,15,0,0,0,15,0,0,0,0,0,0,0,,,,,,,,0,,0,0,0,0,0,0,0,WARN,0,2
2783,226,baltbet-main,finished,,2020-07-31T15:40:00.000000Z,2020,15,15,,,0,15,15,15,15,0,0,15,0,0,0,15,0,0,0,0,0,0,0,,,,,,,,0,,0,0,0,0,0,0,0,WARN,0,2
2784,227,baltbet-main,finished,,2020-08-01T14:00:00.000000Z,2020,15,15,,,0,15,15,15,15,0,0,15,0,0,0,15,0,0,0,0,0,0,0,,,,,,,,0,,0,0,0,0,0,0,0,WARN,0,2
2785,228,baltbet-main,finished,,2020-08-02T15:00:00.000000Z,2020,15,15,,,0,15,15,15,15,0,0,15,0,0,0,15,0,0,0,0,0,0,0,,,,,,,,0,,0,0,0,0,0,0,0,WARN,0,2
2786,229,baltbet-main,finished,,2020-08-03T15:00:00.000000Z,2020,15,15,,,0,15,15,15,15,0,0,15,0,0,0,15,0,0,0,0,0,0,0,,,,,,,,0,,0,0,0,0,0,0,0,WARN,0,2
2787,230,baltbet-main,finished,,2020-08-05T10:00:00.000000Z,2020,15,15,,,0,15,15,15,15,0,0,15,0,0,0,15,0,0,0,0,0,0,0,,,,,,,,0,,0,0,0,0,0,0,0,WARN,0,2
2788,231,baltbet-main,finished,,2020-08-06T15:00:00.000000Z,2020,15,15,,,0,15,15,15,15,0,0,15,0,0,0,15,0,0,0,0,0,0,0,,,,,,,,0,,0,0,0,0,0,0,0,WARN,0,2
2789,232,baltbet-main,finished,,2020-08-07T15:00:00.000000Z,2020,15,15,,,0,15,15,15,15,0,0,15,0,0,0,15,0,0,0,0,0,0,0,,,,,,,,0,,0,0,0,0,0,0,0,WARN,0,2
2790,233,baltbet-main,finished,,2020-08-08T14:00:00.000000Z,2020,15,15,,,0,15,15,15,15,0,0,14,0,1,0,14,0,0,0,0,0,0,0,,,,,,,,0,,0,0,0,0,0,0,0,FAIL,1,2
2791,234,baltbet-main,finished,,2020-08-09T14:00:00.000000Z,2020,15,15,,,0,15,15,15,15,0,0,15,0,0,0,15,0,0,0,0,0,0,0,,,,,,,,0,,0,0,0,0,0,0,0,WARN,0,2
2792,235,baltbet-main,finished,,2020-08-10T14:00:00.000000Z,2020,15,15,,,0,15,15,15,15,0,0,15,0,0,0,15,0,0,0,0,0,0,0,,,,,,,,0,,0,0,0,0,0,0,0,WARN,0,2
2793,236,baltbet-main,finished,,2020-08-11T15:00:00.000000Z,2020,15,15,,,0,15,15,15,15,0,0,15,0,0,0,15,0,0,0,0,0,0,0,,,,,,,,0,,0,0,0,0,0,0,0,WARN,0,2
2794,237,baltbet-main,finished,,2020-08-12T15:00:00.000000Z,2020,15,15,,,0,15,15,15,15,0,0,15,0,0,0,15,0,0,0,0,0,0,0,,,,,,,,0,,0,0,0,0,0,0,0,WARN,0,2
2795,238,baltbet-main,finished,,2020-08-13T14:00:00.000000Z,2020,15,15,,,0,15,15,15,15,0,0,15,0,0,0,15,0,0,0,0,0,0,0,,,,,,,,0,,0,0,0,0,0,0,0,WARN,0,2
2796,239,baltbet-main,finished,,2020-08-14T15:00:00.000000Z,2020,15,15,,,0,15,15,15,15,0,0,15,0,0,0,15,0,0,0,0,0,0,0,,,,,,,,0,,0,0,0,0,0,0,0,WARN,0,2
2797,240,baltbet-main,finished,,2020-08-15T14:00:00.000000Z,2020,15,15,,,0,15,15,15,15,0,0,15,0,0,0,15,0,0,0,0,0,0,0,,,,,,,,0,,0,0,0,0,0,0,0,WARN,0,2
2798,241,baltbet-main,finished,,2020-08-16T15:30:00.000000Z,2020,15,15,,,0,15,15,15,15,0,0,15,0,0,0,15,0,0,0,0,0,0,0,,,,,,,,0,,0,0,0,0,0,0,0,WARN,0,2
2799,242,baltbet-main,finished,,2020-08-17T16:00:00.000000Z,2020,15,15,,,0,15,15,15,15,0,0,15,0,0,0,15,0,0,0,0,0,0,0,,,,,,,,0,,0,0,0,0,0,0,0,WARN,0,2
2800,243,baltbet-main,finished,,2020-08-18T14:00:00.000000Z,2020,15,15,,,0,15,15,15,15,0,0,15,0,0,0,15,0,0,0,0,0,0,0,,,,,,,,0,,0,0,0,0,0,0,0,WARN,0,2
2801,244,baltbet-main,finished,,2020-08-19T15:00:00.000000Z,2020,15,15,,,0,15,15,15,15,0,0,14,0,1,0,14,0,0,0,0,0,0,0,,,,,,,,0,,0,0,0,0,0,0,0,FAIL,1,2
2802,245,baltbet-main,finished,,2020-08-20T16:00:00.000000Z,2020,15,15,,,0,15,15,15,15,0,0,15,0,0,0,15,0,0,0,0,0,0,0,,,,,,,,0,,0,0,0,0,0,0,0,WARN,0,2
2803,246,baltbet-main,finished,,2020-08-21T14:00:00.000000Z,2020,15,15,,,0,15,15,15,15,0,0,14,0,1,0,14,0,0,0,0,0,0,0,,,,,,,,0,,0,0,0,0,0,0,0,FAIL,1,2
2804,247,baltbet-main,finished,,2020-08-22T15:00:00.000000Z,2020,15,15,,,0,15,15,15,15,0,0,15,0,0,0,15,0,0,0,0,0,0,0,,,,,,,,0,,0,0,0,0,0,0,0,WARN,0,2
2805,248,baltbet-main,finished,,2020-08-23T14:30:00.000000Z,2020,15,15,,,0,15,15,15,15,0,0,15,0,0,0,15,0,0,0,0,0,0,0,,,,,,,,0,,0,0,0,0,0,0,0,WARN,0,2
2806,249,baltbet-main,finished,,2020-08-24T15:15:00.000000Z,2020,15,15,,,0,15,15,15,15,0,0,15,0,0,0,15,0,0,0,0,0,0,0,,,,,,,,0,,0,0,0,0,0,0,0,WARN,0,2
2807,250,baltbet-main,finished,,2020-08-25T15:00:00.000000Z,2020,15,15,,,0,15,15,15,15,0,0,14,0,1,0,14,0,0,0,0,0,0,0,,,,,,,,0,,0,0,0,0,0,0,0,FAIL,1,2
2808,251,baltbet-main,finished,,2020-08-26T15:30:00.000000Z,2020,15,15,,,0,15,15,15,15,0,0,13,0,2,0,13,0,0,0,0,0,0,0,,,,,,,,0,,0,0,0,0,0,0,0,FAIL,1,2
2809,252,baltbet-main,finished,,2020-08-27T14:00:00.000000Z,2020,15,15,,,0,15,15,15,15,0,0,14,0,1,0,14,0,0,0,0,0,0,0,,,,,,,,0,,0,0,0,0,0,0,0,FAIL,1,2
2810,253,baltbet-main,finished,,2020-08-28T15:30:00.000000Z,2020,15,15,,,0,15,15,15,15,0,0,15,0,0,0,15,0,0,0,0,0,0,0,,,,,,,,0,,0,0,0,0,0,0,0,WARN,0,2
2811,254,baltbet-main,finished,,2020-08-29T16:00:00.000000Z,2020,15,15,,,0,15,15,15,15,0,0,15,0,0,0,15,0,0,0,0,0,0,0,,,,,,,,0,,0,0,0,0,0,0,0,WARN,0,2
2812,255,baltbet-main,finished,,2020-08-30T14:30:00.000000Z,2020,15,15,,,0,15,15,15,15,0,0,15,0,0,0,15,0,0,0,0,0,0,0,,,,,,,,0,,0,0,0,0,0,0,0,WARN,0,2
2813,256,baltbet-main,finished,,2020-08-31T14:00:00.000000Z,2020,15,15,,,0,15,15,15,15,0,0,15,0,0,0,15,0,0,0,0,0,0,0,,,,,,,,0,,0,0,0,0,0,0,0,WARN,0,2
2814,257,baltbet-main,finished,,2020-09-01T15:15:00.000000Z,2020,15,15,,,0,15,15,15,15,0,0,14,0,1,0,14,0,0,0,0,0,0,0,,,,,,,,0,,0,0,0,0,0,0,0,FAIL,1,2
2815,258,baltbet-main,finished,,2020-09-02T15:00:00.000000Z,2020,15,15,,,0,15,15,15,15,0,0,15,0,0,0,15,0,0,0,0,0,0,0,,,,,,,,0,,0,0,0,0,0,0,0,WARN,0,2
2816,259,baltbet-main,finished,,2020-09-03T15:30:00.000000Z,2020,15,15,,,0,15,15,15,15,0,0,12,0,3,0,14,0,0,0,0,0,0,0,,,,,,,,0,,0,0,0,0,0,0,0,FAIL,1,2
2817,260,baltbet-main,finished,,2020-09-04T16:00:00.000000Z,2020,15,15,,,0,15,15,15,15,0,0,14,0,1,0,14,0,0,0,0,0,0,0,,,,,,,,0,,0,0,0,0,0,0,0,FAIL,1,2
2818,261,baltbet-main,finished,,2020-09-05T14:00:00.000000Z,2020,15,15,,,0,15,15,15,15,0,0,15,0,0,0,15,0,0,0,0,0,0,0,,,,,,,,0,,0,0,0,0,0,0,0,WARN,0,2
2819,262,baltbet-main,finished,,2020-09-06T14:00:00.000000Z,2020,15,15,,,0,15,15,15,15,0,0,15,0,0,0,15,0,0,0,0,0,0,0,,,,,,,,0,,0,0,0,0,0,0,0,WARN,0,2
2820,263,baltbet-main,finished,,2020-09-07T14:00:00.000000Z,2020,15,15,,,0,15,15,15,15,0,0,14,0,1,0,14,0,0,0,0,0,0,0,,,,,,,,0,,0,0,0,0,0,0,0,FAIL,1,2
2821,264,baltbet-main,finished,,2020-09-08T15:00:00.000000Z,2020,15,15,,,0,15,15,15,15,0,0,15,0,0,0,15,0,0,0,0,0,0,0,,,,,,,,0,,0,0,0,0,0,0,0,WARN,0,2
2822,265,baltbet-main,finished,,2020-09-09T15:30:00.000000Z,2020,15,15,,,0,15,15,15,15,0,0,15,0,0,0,15,0,0,0,0,0,0,0,,,,,,,,0,,0,0,0,0,0,0,0,WARN,0,2
2823,266,baltbet-main,finished,,2020-09-10T15:30:00.000000Z,2020,15,15,,,0,15,15,15,15,0,0,15,0,0,0,15,0,0,0,0,0,0,0,,,,,,,,0,,0,0,0,0,0,0,0,WARN,0,2
2824,267,baltbet-main,finished,,2020-09-11T15:00:00.000000Z,2020,15,15,,,0,15,15,15,15,0,0,15,0,0,0,15,0,0,0,0,0,0,0,,,,,,,,0,,0,0,0,0,0,0,0,WARN,0,2
2825,268,baltbet-main,finished,,2020-09-12T14:00:00.000000Z,2020,15,15,,,0,15,15,15,15,0,0,15,0,0,0,15,0,0,0,0,0,0,0,,,,,,,,0,,0,0,0,0,0,0,0,WARN,0,2
2826,269,baltbet-main,finished,,2020-09-13T14:00:00.000000Z,2020,15,15,,,0,15,15,15,15,0,0,15,0,0,0,15,0,0,0,0,0,0,0,,,,,,,,0,,0,0,0,0,0,0,0,WARN,0,2
2827,270,baltbet-main,finished,,2020-09-14T15:00:00.000000Z,2020,15,15,,,0,15,15,15,15,0,0,15,0,0,0,15,0,0,0,0,0,0,0,,,,,,,,0,,0,0,0,0,0,0,0,WARN,0,2
2828,271,baltbet-main,finished,,2020-09-15T16:30:00.000000Z,2020,15,15,,,0,15,15,15,15,0,0,14,0,1,0,14,0,0,0,0,0,0,0,,,,,,,,0,,0,0,0,0,0,0,0,FAIL,1,2
2829,272,baltbet-main,finished,,2020-09-16T15:00:00.000000Z,2020,15,15,,,0,15,15,15,15,0,0,14,0,1,0,14,0,0,0,0,0,0,0,,,,,,,,0,,0,0,0,0,0,0,0,FAIL,1,2
2830,273,baltbet-main,finished,,2020-09-17T16:00:00.000000Z,2020,15,15,,,0,15,15,15,15,0,0,15,0,0,0,15,0,0,0,0,0,0,0,,,,,,,,0,,0,0,0,0,0,0,0,WARN,0,2
2831,274,baltbet-main,finished,,2020-09-18T16:00:00.000000Z,2020,15,15,,,0,15,15,15,15,0,0,15,0,0,0,15,0,0,0,0,0,0,0,,,,,,,,0,,0,0,0,0,0,0,0,WARN,0,2
2832,275,baltbet-main,finished,,2020-09-19T13:30:00.000000Z,2020,15,15,,,0,15,15,15,15,0,0,15,0,0,0,15,0,0,0,0,0,0,0,,,,,,,,0,,0,0,0,0,0,0,0,WARN,0,2
2833,276,baltbet-main,finished,,2020-09-20T13:00:00.000000Z,2020,15,15,,,0,15,15,15,15,0,0,15,0,0,0,15,0,0,0,0,0,0,0,,,,,,,,0,,0,0,0,0,0,0,0,WARN,0,2
2834,277,baltbet-main,finished,,2020-09-21T16:00:00.000000Z,2020,15,15,,,0,15,15,15,15,0,0,14,0,1,0,14,0,0,0,0,0,0,0,,,,,,,,0,,0,0,0,0,0,0,0,FAIL,1,2
2835,278,baltbet-main,finished,,2020-09-22T14:30:00.000000Z,2020,15,15,,,0,15,15,15,15,0,0,15,0,0,0,15,0,0,0,0,0,0,0,,,,,,,,0,,0,0,0,0,0,0,0,WARN,0,2
2836,279,baltbet-main,finished,,2020-09-23T15:30:00.000000Z,2020,15,15,,,0,15,15,15,15,0,0,15,0,0,0,15,0,0,0,0,0,0,0,,,,,,,,0,,0,0,0,0,0,0,0,WARN,0,2
2837,280,baltbet-main,finished,,2020-09-24T14:00:00.000000Z,2020,15,15,,,0,15,15,15,15,0,0,15,0,0,0,15,0,0,0,0,0,0,0,,,,,,,,0,,0,0,0,0,0,0,0,WARN,0,2
2838,281,baltbet-main,finished,,2020-09-25T18:00:00.000000Z,2020,15,15,,,0,15,15,15,15,0,0,15,0,0,0,15,0,0,0,0,0,0,0,,,,,,,,0,,0,0,0,0,0,0,0,WARN,0,2
2839,282,baltbet-main,finished,,2020-09-26T13:30:00.000000Z,2020,15,15,,,0,15,15,15,15,0,0,15,0,0,0,15,0,0,0,0,0,0,0,,,,,,,,0,,0,0,0,0,0,0,0,WARN,0,2
2840,283,baltbet-main,finished,,2020-09-27T13:00:00.000000Z,2020,15,15,,,0,15,15,15,15,0,0,15,0,0,0,15,0,0,0,0,0,0,0,,,,,,,,0,,0,0,0,0,0,0,0,WARN,0,2
2841,284,baltbet-main,finished,,2020-09-28T15:00:00.000000Z,2020,15,15,,,0,15,15,15,15,0,0,15,0,0,0,15,0,0,0,0,0,0,0,,,,,,,,0,,0,0,0,0,0,0,0,WARN,0,2
2842,285,baltbet-main,finished,,2020-09-29T16:45:00.000000Z,2020,15,15,,,0,15,15,15,15,0,0,15,0,0,0,15,0,0,0,0,0,0,0,,,,,,,,0,,0,0,0,0,0,0,0,WARN,0,2
2843,286,baltbet-main,finished,,2020-09-30T18:45:00.000000Z,2020,15,15,,,0,15,15,15,15,0,0,15,0,0,0,15,0,0,0,0,0,0,0,,,,,,,,0,,0,0,0,0,0,0,0,WARN,0,2
2844,287,baltbet-main,finished,,2020-10-01T17:00:00.000000Z,2020,15,15,,,0,15,15,15,15,0,0,15,0,0,0,15,0,0,0,0,0,0,0,,,,,,,,0,,0,0,0,0,0,0,0,WARN,0,2
2845,288,baltbet-main,finished,,2020-10-02T18:00:00.000000Z,2020,15,15,,,0,15,15,15,15,0,0,14,0,1,0,14,0,0,0,0,0,0,0,,,,,,,,0,,0,0,0,0,0,0,0,FAIL,1,2
2846,289,baltbet-main,finished,,2020-10-03T16:15:00.000000Z,2020,15,15,,,0,15,15,15,15,0,0,15,0,0,0,15,0,0,0,0,0,0,0,,,,,,,,0,,0,0,0,0,0,0,0,WARN,0,2
2847,290,baltbet-main,finished,,2020-10-04T16:00:00.000000Z,2020,15,15,,,0,15,15,15,15,0,0,14,0,1,0,14,0,0,0,0,0,0,0,,,,,,,,0,,0,0,0,0,0,0,0,FAIL,1,2
2848,291,baltbet-main,finished,,2020-10-05T16:30:00.000000Z,2020,15,15,,,0,15,15,15,15,0,0,15,0,0,0,15,0,0,0,0,0,0,0,,,,,,,,0,,0,0,0,0,0,0,0,WARN,0,2
2849,292,baltbet-main,finished,,2020-10-06T18:45:00.000000Z,2020,15,15,,,0,15,15,15,15,0,0,14,0,1,0,14,0,0,0,0,0,0,0,,,,,,,,0,,0,0,0,0,0,0,0,FAIL,1,2
2850,293,baltbet-main,finished,,2020-10-07T16:00:00.000000Z,2020,15,15,,,0,15,15,15,15,0,0,14,0,1,0,14,0,0,0,0,0,0,0,,,,,,,,0,,0,0,0,0,0,0,0,FAIL,1,2
2851,294,baltbet-main,finished,,2020-10-08T15:30:00.000000Z,2020,15,15,,,0,15,15,15,15,0,0,15,0,0,0,15,0,0,0,0,0,0,0,,,,,,,,0,,0,0,0,0,0,0,0,WARN,0,2
2852,295,baltbet-main,finished,,2020-10-09T15:00:00.000000Z,2020,15,15,,,0,15,15,15,15,0,0,13,0,2,0,13,0,0,0,0,0,0,0,,,,,,,,0,,0,0,0,0,0,0,0,FAIL,1,2
2853,296,baltbet-main,finished,,2020-10-10T16:00:00.000000Z,2020,15,15,,,0,15,15,15,15,0,0,14,0,1,0,14,0,0,0,0,0,0,0,,,,,,,,0,,0,0,0,0,0,0,0,FAIL,1,2
2854,297,baltbet-main,finished,,2020-10-11T16:00:00.000000Z,2020,15,15,,,0,15,15,15,15,0,0,15,0,0,0,15,0,0,0,0,0,0,0,,,,,,,,0,,0,0,0,0,0,0,0,WARN,0,2
2855,298,baltbet-main,finished,,2020-10-12T16:00:00.000000Z,2020,15,15,,,0,15,15,15,15,0,0,15,0,0,0,15,0,0,0,0,0,0,0,,,,,,,,0,,0,0,0,0,0,0,0,WARN,0,2
2856,299,baltbet-main,finished,,2020-10-13T18:45:00.000000Z,2020,15,15,,,0,15,15,15,15,0,0,14,0,1,0,15,0,0,0,0,0,0,0,,,,,,,,0,,0,0,0,0,0,0,0,FAIL,1,2
2857,300,baltbet-main,finished,,2020-10-14T16:00:00.000000Z,2020,15,15,,,0,15,15,15,15,0,0,14,0,1,0,14,0,0,0,0,0,0,0,,,,,,,,0,,0,0,0,0,0,0,0,FAIL,1,2
2858,301,baltbet-main,finished,,2020-10-15T14:00:00.000000Z,2020,15,15,,,0,15,15,15,15,0,0,15,0,0,0,15,0,0,0,0,0,0,0,,,,,,,,0,,0,0,0,0,0,0,0,WARN,0,2
2859,302,baltbet-main,finished,,2020-10-16T15:30:00.000000Z,2020,15,15,,,0,15,15,15,15,0,0,15,0,0,0,15,0,0,0,0,0,0,0,,,,,,,,0,,0,0,0,0,0,0,0,WARN,0,2
2860,303,baltbet-main,finished,,2020-10-17T14:00:00.000000Z,2020,15,15,,,0,15,15,15,15,0,0,15,0,0,0,15,0,0,0,0,0,0,0,,,,,,,,0,,0,0,0,0,0,0,0,WARN,0,2
2861,304,baltbet-main,finished,,2020-10-18T15:00:00.000000Z,2020,15,15,,,0,15,15,15,15,0,0,15,0,0,0,15,0,0,0,0,0,0,0,,,,,,,,0,,0,0,0,0,0,0,0,WARN,0,2
2862,305,baltbet-main,finished,,2020-10-19T15:00:00.000000Z,2020,15,15,,,0,15,15,15,15,0,0,15,0,0,0,15,0,0,0,0,0,0,0,,,,,,,,0,,0,0,0,0,0,0,0,WARN,0,2
2863,306,baltbet-main,finished,,2020-10-20T18:00:00.000000Z,2020,15,15,,,0,15,15,15,15,0,0,15,0,0,0,15,0,0,0,0,0,0,0,,,,,,,,0,,0,0,0,0,0,0,0,WARN,0,2
2864,307,baltbet-main,finished,,2020-10-21T17:00:00.000000Z,2020,15,15,,,0,15,15,15,15,0,0,14,0,1,0,14,0,0,0,0,0,0,0,,,,,,,,0,,0,0,0,0,0,0,0,FAIL,1,2
2865,308,baltbet-main,finished,,2020-10-22T16:55:00.000000Z,2020,15,15,,,0,15,15,15,15,0,0,15,0,0,0,15,0,0,0,0,0,0,0,,,,,,,,0,,0,0,0,0,0,0,0,WARN,0,2
2866,309,baltbet-main,finished,,2020-10-23T15:00:00.000000Z,2020,15,15,,,0,15,15,15,15,0,0,14,0,1,0,14,0,0,0,0,0,0,0,,,,,,,,0,,0,0,0,0,0,0,0,FAIL,1,2
2867,310,baltbet-main,finished,,2020-10-24T14:00:00.000000Z,2020,15,15,,,0,15,15,15,15,0,0,15,0,0,0,15,0,0,0,0,0,0,0,,,,,,,,0,,0,0,0,0,0,0,0,WARN,0,2
2868,311,baltbet-main,finished,,2020-10-25T16:15:00.000000Z,2020,15,15,,,0,15,15,15,15,0,0,13,0,2,0,13,0,0,0,0,0,0,0,,,,,,,,0,,0,0,0,0,0,0,0,FAIL,1,2
2869,312,baltbet-main,finished,,2020-10-26T15:15:00.000000Z,2020,15,15,,,0,15,15,15,15,0,0,15,0,0,0,15,0,0,0,0,0,0,0,,,,,,,,0,,0,0,0,0,0,0,0,WARN,0,2
2870,313,baltbet-main,finished,,2020-10-27T18:30:00.000000Z,2020,15,15,,,0,15,15,15,15,0,0,12,0,3,0,15,0,0,0,0,0,0,0,,,,,,,,0,,0,0,0,0,0,0,0,FAIL,1,2
2871,314,baltbet-main,finished,,2020-10-28T17:00:00.000000Z,2020,15,15,,,0,15,15,15,15,0,0,15,0,0,0,15,0,0,0,0,0,0,0,,,,,,,,0,,0,0,0,0,0,0,0,WARN,0,2
2872,315,baltbet-main,finished,,2020-10-29T16:30:00.000000Z,2020,15,15,,,0,15,15,15,15,0,0,14,0,1,0,15,0,0,0,0,0,0,0,,,,,,,,0,,0,0,0,0,0,0,0,FAIL,1,2
2873,316,baltbet-main,finished,,2020-10-30T16:00:00.000000Z,2020,15,15,,,0,15,15,15,15,0,0,15,0,0,0,15,0,0,0,0,0,0,0,,,,,,,,0,,0,0,0,0,0,0,0,WARN,0,2
2874,317,baltbet-main,finished,,2020-10-31T15:00:00.000000Z,2020,15,15,,,0,15,15,15,15,0,0,14,0,1,0,14,0,0,0,0,0,0,0,,,,,,,,0,,0,0,0,0,0,0,0,FAIL,1,2
2875,318,baltbet-main,finished,,2020-11-01T15:00:00.000000Z,2020,15,15,,,0,15,15,15,15,0,0,14,0,1,0,15,0,0,0,0,0,0,0,,,,,,,,0,,0,0,0,0,0,0,0,FAIL,1,2
2876,319,baltbet-main,finished,,2020-11-02T15:00:00.000000Z,2020,15,15,,,0,15,15,15,15,0,0,15,0,0,0,15,0,0,0,0,0,0,0,,,,,,,,0,,0,0,0,0,0,0,0,WARN,0,2
2877,320,baltbet-main,finished,,2020-11-03T17:55:00.000000Z,2020,15,15,,,0,15,15,15,15,0,0,15,0,0,0,15,0,0,0,0,0,0,0,,,,,,,,0,,0,0,0,0,0,0,0,WARN,0,2
2878,321,baltbet-main,finished,,2020-11-04T16:00:00.000000Z,2020,15,15,,,0,15,15,15,15,0,0,15,0,0,0,15,0,0,0,0,0,0,0,,,,,,,,0,,0,0,0,0,0,0,0,WARN,0,2
2879,322,baltbet-main,finished,,2020-11-05T17:55:00.000000Z,2020,15,15,,,0,15,15,15,15,0,0,15,0,0,0,15,0,0,0,0,0,0,0,,,,,,,,0,,0,0,0,0,0,0,0,WARN,0,2
2880,323,baltbet-main,finished,,2020-11-06T16:40:00.000000Z,2020,15,15,,,0,15,15,15,15,0,0,14,0,1,0,15,0,0,0,0,0,0,0,,,,,,,,0,,0,0,0,0,0,0,0,FAIL,1,2
2881,324,baltbet-main,finished,,2020-11-07T15:00:00.000000Z,2020,15,15,,,0,15,15,15,15,0,0,15,0,0,0,15,0,0,0,0,0,0,0,,,,,,,,0,,0,0,0,0,0,0,0,WARN,0,2
2882,325,baltbet-main,finished,,2020-11-08T14:00:00.000000Z,2020,15,15,,,0,15,15,15,15,0,0,15,0,0,0,15,0,0,0,0,0,0,0,,,,,,,,0,,0,0,0,0,0,0,0,WARN,0,2
2883,326,baltbet-main,finished,,2020-11-09T17:00:00.000000Z,2020,15,15,,,0,15,15,15,15,0,0,15,0,0,0,15,0,0,0,0,0,0,0,,,,,,,,0,,0,0,0,0,0,0,0,WARN,0,2
2884,327,baltbet-main,finished,,2020-11-10T18:00:00.000000Z,2020,15,15,,,0,15,15,15,15,0,0,15,0,0,0,15,0,0,0,0,0,0,0,,,,,,,,0,,0,0,0,0,0,0,0,WARN,0,2
2885,328,baltbet-main,finished,,2020-11-11T16:00:00.000000Z,2020,15,15,,,0,15,15,15,15,0,0,15,0,0,0,15,0,0,0,0,0,0,0,,,,,,,,0,,0,0,0,0,0,0,0,WARN,0,2
2886,329,baltbet-main,finished,,2020-11-12T14:00:00.000000Z,2020,15,15,,,0,15,15,15,15,0,0,15,0,0,0,15,0,0,0,0,0,0,0,,,,,,,,0,,0,0,0,0,0,0,0,WARN,0,2
2887,330,baltbet-main,finished,,2020-11-13T17:00:00.000000Z,2020,15,15,,,0,15,15,15,15,0,0,14,0,1,0,15,0,0,0,0,0,0,0,,,,,,,,0,,0,0,0,0,0,0,0,FAIL,1,2
2888,331,baltbet-main,finished,,2020-11-14T15:00:00.000000Z,2020,15,15,,,0,15,15,15,15,0,0,15,0,0,0,15,0,0,0,0,0,0,0,,,,,,,,0,,0,0,0,0,0,0,0,WARN,0,2
2889,332,baltbet-main,finished,,2020-11-15T15:15:00.000000Z,2020,15,15,,,0,15,15,15,15,0,0,15,0,0,0,15,0,0,0,0,0,0,0,,,,,,,,0,,0,0,0,0,0,0,0,WARN,0,2
2890,333,baltbet-main,finished,,2020-11-16T16:00:00.000000Z,2020,15,15,,,0,15,15,15,15,0,0,15,0,0,0,15,0,0,0,0,0,0,0,,,,,,,,0,,0,0,0,0,0,0,0,WARN,0,2
2891,334,baltbet-main,finished,,2020-11-17T19:00:00.000000Z,2020,15,15,,,0,15,15,15,15,0,0,15,0,0,0,15,0,0,0,0,0,0,0,,,,,,,,0,,0,0,0,0,0,0,0,WARN,0,2
2892,335,baltbet-main,finished,,2020-11-18T16:30:00.000000Z,2020,15,15,,,0,15,15,15,15,0,0,14,0,1,0,15,0,0,0,0,0,0,0,,,,,,,,0,,0,0,0,0,0,0,0,FAIL,1,2
2893,336,baltbet-main,finished,,2020-11-20T15:30:00.000000Z,2020,15,15,,,0,15,15,15,15,0,0,15,0,0,0,15,0,0,0,0,0,0,0,,,,,,,,0,,0,0,0,0,0,0,0,WARN,0,2
2894,337,baltbet-main,finished,,2020-11-21T14:30:00.000000Z,2020,15,15,,,0,15,15,15,15,0,0,15,0,0,0,15,0,0,0,0,0,0,0,,,,,,,,0,,0,0,0,0,0,0,0,WARN,0,2
2895,338,baltbet-main,finished,,2020-11-22T14:00:00.000000Z,2020,15,15,,,0,15,15,15,15,0,0,15,0,0,0,15,0,0,0,0,0,0,0,,,,,,,,0,,0,0,0,0,0,0,0,WARN,0,2
2896,339,baltbet-main,finished,,2020-11-23T16:00:00.000000Z,2020,15,15,,,0,15,15,15,15,0,0,15,0,0,0,15,0,0,0,0,0,0,0,,,,,,,,0,,0,0,0,0,0,0,0,WARN,0,2
2897,340,baltbet-main,finished,,2020-11-24T18:00:00.000000Z,2020,15,15,,,0,15,15,15,15,0,0,15,0,0,0,15,0,0,0,0,0,0,0,,,,,,,,0,,0,0,0,0,0,0,0,WARN,0,2
2898,341,baltbet-main,finished,,2020-11-25T16:00:00.000000Z,2020,15,15,,,0,15,15,15,15,0,0,15,0,0,0,15,0,0,0,0,0,0,0,,,,,,,,0,,0,0,0,0,0,0,0,WARN,0,2
2899,342,baltbet-main,finished,,2020-11-26T17:15:00.000000Z,2020,15,15,,,0,15,15,15,15,0,0,15,0,0,0,15,0,0,0,0,0,0,0,,,,,,,,0,,0,0,0,0,0,0,0,WARN,0,2
2900,343,baltbet-main,finished,,2020-11-27T17:00:00.000000Z,2020,15,15,,,0,15,15,15,15,0,0,15,0,0,0,15,0,0,0,0,0,0,0,,,,,,,,0,,0,0,0,0,0,0,0,WARN,0,2
2901,344,baltbet-main,finished,,2020-11-28T14:00:00.000000Z,2020,15,15,,,0,15,15,15,15,0,0,15,0,0,0,15,0,0,0,0,0,0,0,,,,,,,,0,,0,0,0,0,0,0,0,WARN,0,2
2902,345,baltbet-main,finished,,2020-11-29T14:00:00.000000Z,2020,15,15,,,0,15,15,15,15,0,0,15,0,0,0,15,0,0,0,0,0,0,0,,,,,,,,0,,0,0,0,0,0,0,0,WARN,0,2
2903,346,baltbet-main,finished,,2020-11-30T15:00:00.000000Z,2020,15,15,,,0,15,15,15,15,0,0,14,0,1,0,14,0,0,0,0,0,0,0,,,,,,,,0,,0,0,0,0,0,0,0,FAIL,1,2
2904,347,baltbet-main,finished,,2020-12-01T18:00:00.000000Z,2020,15,15,,,0,15,15,15,15,0,0,14,0,1,0,14,0,0,0,0,0,0,0,,,,,,,,0,,0,0,0,0,0,0,0,FAIL,1,2
2905,348,baltbet-main,finished,,2020-12-02T17:55:00.000000Z,2020,15,15,,,0,15,15,15,15,0,0,15,0,0,0,15,0,0,0,0,0,0,0,,,,,,,,0,,0,0,0,0,0,0,0,WARN,0,2
2906,349,baltbet-main,finished,,2020-12-03T15:45:00.000000Z,2020,15,15,,,0,15,15,15,15,0,0,15,0,0,0,15,0,0,0,0,0,0,0,,,,,,,,0,,0,0,0,0,0,0,0,WARN,0,2
2907,350,baltbet-main,finished,,2020-12-04T17:00:00.000000Z,2020,15,15,,,0,15,15,15,15,0,0,14,0,1,0,14,0,0,0,0,0,0,0,,,,,,,,0,,0,0,0,0,0,0,0,FAIL,1,2
2908,351,baltbet-main,finished,,2020-12-05T14:30:00.000000Z,2020,15,15,,,0,15,15,15,15,0,0,15,0,0,0,15,0,0,0,0,0,0,0,,,,,,,,0,,0,0,0,0,0,0,0,WARN,0,2
2909,352,baltbet-main,finished,,2020-12-06T14:30:00.000000Z,2020,15,15,,,0,15,15,15,15,0,0,15,0,0,0,15,0,0,0,0,0,0,0,,,,,,,,0,,0,0,0,0,0,0,0,WARN,0,2
2910,353,baltbet-main,finished,,2020-12-07T15:30:00.000000Z,2020,15,15,,,0,15,15,15,15,0,0,13,0,2,0,13,0,0,0,0,0,0,0,,,,,,,,0,,0,0,0,0,0,0,0,FAIL,1,2
2911,354,baltbet-main,finished,,2020-12-08T19:00:00.000000Z,2020,15,15,,,0,15,15,15,15,0,0,14,0,1,0,14,0,0,0,0,0,0,0,,,,,,,,0,,0,0,0,0,0,0,0,FAIL,1,2
2912,355,baltbet-main,finished,,2020-12-09T15:30:00.000000Z,2020,15,15,,,0,15,15,15,15,0,0,15,0,0,0,15,0,0,0,0,0,0,0,,,,,,,,0,,0,0,0,0,0,0,0,WARN,0,2
2913,356,baltbet-main,finished,,2020-12-10T16:30:00.000000Z,2020,15,15,,,0,15,15,15,15,0,0,15,0,0,0,15,0,0,0,0,0,0,0,,,,,,,,0,,0,0,0,0,0,0,0,WARN,0,2
2914,357,baltbet-main,finished,,2020-12-11T17:30:00.000000Z,2020,15,15,,,0,15,15,15,15,0,0,15,0,0,0,15,0,0,0,0,0,0,0,,,,,,,,0,,0,0,0,0,0,0,0,WARN,0,2
2915,358,baltbet-main,finished,,2020-12-12T14:00:00.000000Z,2020,15,15,,,0,15,15,15,15,0,0,15,0,0,0,15,0,0,0,0,0,0,0,,,,,,,,0,,0,0,0,0,0,0,0,WARN,0,2
2916,359,baltbet-main,finished,,2020-12-13T14:00:00.000000Z,2020,15,15,,,0,15,15,15,15,0,0,15,0,0,0,15,0,0,0,0,0,0,0,,,,,,,,0,,0,0,0,0,0,0,0,WARN,0,2
2917,360,baltbet-main,finished,,2020-12-15T17:30:00.000000Z,2020,15,15,,,0,15,15,15,15,0,0,15,0,0,0,15,0,0,0,0,0,0,0,,,,,,,,0,,0,0,0,0,0,0,0,WARN,0,2
2918,361,baltbet-main,finished,,2020-12-16T17:30:00.000000Z,2020,15,15,,,0,15,15,15,15,0,0,15,0,0,0,15,0,0,0,0,0,0,0,,,,,,,,0,,0,0,0,0,0,0,0,WARN,0,2
2919,362,baltbet-main,finished,,2020-12-17T14:00:00.000000Z,2020,15,15,,,0,15,15,15,15,0,0,15,0,0,0,15,0,0,0,0,0,0,0,,,,,,,,0,,0,0,0,0,0,0,0,WARN,0,2
2920,363,baltbet-main,finished,,2020-12-18T17:00:00.000000Z,2020,15,15,,,0,15,15,15,15,0,0,15,0,0,0,15,0,0,0,0,0,0,0,,,,,,,,0,,0,0,0,0,0,0,0,WARN,0,2
2921,364,baltbet-main,finished,,2020-12-19T14:30:00.000000Z,2020,15,15,,,0,15,15,15,15,0,0,15,0,0,0,15,0,0,0,0,0,0,0,,,,,,,,0,,0,0,0,0,0,0,0,WARN,0,2
2922,365,baltbet-main,finished,,2020-12-20T14:00:00.000000Z,2020,15,15,,,0,15,15,15,15,0,0,15,0,0,0,15,0,0,0,0,0,0,0,,,,,,,,0,,0,0,0,0,0,0,0,WARN,0,2
2923,366,baltbet-main,finished,,2020-12-21T15:15:00.000000Z,2020,15,15,,,0,15,15,15,15,0,0,14,0,1,0,14,0,0,0,0,0,0,0,,,,,,,,0,,0,0,0,0,0,0,0,FAIL,1,2
2924,367,baltbet-main,finished,,2020-12-22T16:30:00.000000Z,2020,15,15,,,0,15,15,15,15,0,0,14,0,1,0,14,0,0,0,0,0,0,0,,,,,,,,0,,0,0,0,0,0,0,0,FAIL,1,2
2925,368,baltbet-main,finished,,2020-12-23T16:30:00.000000Z,2020,15,15,,,0,15,15,15,15,0,0,15,0,0,0,15,0,0,0,0,0,0,0,,,,,,,,0,,0,0,0,0,0,0,0,WARN,0,2
2926,369,baltbet-main,finished,,2020-12-24T10:00:00.000000Z,2020,15,15,,,0,15,15,15,15,0,0,14,0,1,0,14,0,0,0,0,0,0,0,,,,,,,,0,,0,0,0,0,0,0,0,FAIL,1,2
2927,370,baltbet-main,finished,,2020-12-26T15:00:00.000000Z,2020,15,15,,,0,15,15,15,15,0,0,14,0,1,0,14,0,0,0,0,0,0,0,,,,,,,,0,,0,0,0,0,0,0,0,FAIL,1,2
2928,371,baltbet-main,finished,,2020-12-27T14:00:00.000000Z,2020,15,15,,,0,15,15,15,15,0,0,15,0,0,0,15,0,0,0,0,0,0,0,,,,,,,,0,,0,0,0,0,0,0,0,WARN,0,2
2929,372,baltbet-main,finished,,2020-12-28T15:00:00.000000Z,2020,15,15,,,0,15,15,15,15,0,0,13,0,2,0,13,0,0,0,0,0,0,0,,,,,,,,0,,0,0,0,0,0,0,0,FAIL,1,2
2930,373,baltbet-main,finished,,2020-12-29T17:30:00.000000Z,2020,15,15,,,0,15,15,15,15,0,0,15,0,0,0,15,0,0,0,0,0,0,0,,,,,,,,0,,0,0,0,0,0,0,0,WARN,0,2
2931,374,baltbet-main,finished,,2020-12-30T14:00:00.000000Z,2020,15,15,,,0,15,15,15,15,0,0,14,0,1,0,14,0,0,0,0,0,0,0,,,,,,,,0,,0,0,0,0,0,0,0,FAIL,1,2
2932,375,baltbet-main,finished,,2020-12-31T13:00:00.000000Z,2020,15,15,,,0,15,15,15,15,0,0,14,0,1,0,14,0,0,0,0,0,0,0,,,,,,,,0,,0,0,0,0,0,0,0,FAIL,1,2
2933,376,baltbet-main,finished,,2021-01-02T14:30:00.000000Z,2021,15,15,,,0,15,15,15,15,0,0,8,0,7,0,8,0,0,0,0,0,0,0,,,,,,,,0,,0,0,0,0,0,0,0,FAIL,1,2
2934,377,baltbet-main,finished,,2021-01-03T14:00:00.000000Z,2021,15,15,,,0,15,15,15,15,0,0,15,0,0,0,15,0,0,0,0,0,0,0,,,,,,,,0,,0,0,0,0,0,0,0,WARN,0,2
2935,378,baltbet-main,finished,,2021-01-04T15:00:00.000000Z,2021,15,15,,,0,15,15,15,15,0,0,15,0,0,0,15,0,0,0,0,0,0,0,,,,,,,,0,,0,0,0,0,0,0,0,WARN,0,2
2936,379,baltbet-main,finished,,2021-01-05T17:45:00.000000Z,2021,15,15,,,0,15,15,15,15,0,0,14,0,1,0,14,0,0,0,0,0,0,0,,,,,,,,0,,0,0,0,0,0,0,0,FAIL,1,2
2937,380,baltbet-main,finished,,2021-01-06T14:00:00.000000Z,2021,15,15,,,0,15,15,15,15,0,0,15,0,0,0,15,0,0,0,0,0,0,0,,,,,,,,0,,0,0,0,0,0,0,0,WARN,0,2
2938,381,baltbet-main,finished,,2021-01-07T13:00:00.000000Z,2021,15,15,,,0,15,15,15,15,0,0,14,0,1,0,14,0,0,0,0,0,0,0,,,,,,,,0,,0,0,0,0,0,0,0,FAIL,1,2
2939,382,baltbet-main,finished,,2021-01-08T17:30:00.000000Z,2021,15,15,,,0,15,15,15,15,0,0,15,0,0,0,15,0,0,0,0,0,0,0,,,,,,,,0,,0,0,0,0,0,0,0,WARN,0,2
2940,383,baltbet-main,finished,,2021-01-09T14:30:00.000000Z,2021,15,15,,,0,15,15,15,15,0,0,13,0,2,0,13,0,0,0,0,0,0,0,,,,,,,,0,,0,0,0,0,0,0,0,FAIL,1,2
2941,384,baltbet-main,finished,,2021-01-10T14:30:00.000000Z,2021,15,15,,,0,15,15,15,15,0,0,13,0,2,0,13,0,0,0,0,0,0,0,,,,,,,,0,,0,0,0,0,0,0,0,FAIL,1,2
2942,385,baltbet-main,finished,,2021-01-11T15:00:00.000000Z,2021,15,15,,,0,15,15,15,15,0,0,15,0,0,0,15,0,0,0,0,0,0,0,,,,,,,,0,,0,0,0,0,0,0,0,WARN,0,2
2943,386,baltbet-main,finished,,2021-01-12T17:00:00.000000Z,2021,15,15,,,0,15,15,15,15,0,0,12,0,3,0,12,0,0,0,0,0,0,0,,,,,,,,0,,0,0,0,0,0,0,0,FAIL,1,2
2944,387,baltbet-main,finished,,2021-01-13T14:00:00.000000Z,2021,15,15,,,0,15,15,15,15,0,0,14,0,1,0,14,0,0,0,0,0,0,0,,,,,,,,0,,0,0,0,0,0,0,0,FAIL,1,2
2945,388,baltbet-main,finished,,2021-01-14T14:00:00.000000Z,2021,15,15,,,0,15,15,15,15,0,0,14,0,1,0,14,0,0,0,0,0,0,0,,,,,,,,0,,0,0,0,0,0,0,0,FAIL,1,2
2946,389,baltbet-main,finished,,2021-01-15T16:00:00.000000Z,2021,15,15,,,0,15,15,15,15,0,0,15,0,0,0,15,0,0,0,0,0,0,0,,,,,,,,0,,0,0,0,0,0,0,0,WARN,0,2
2947,390,baltbet-main,finished,,2021-01-16T14:00:00.000000Z,2021,15,15,,,0,15,15,15,15,0,0,15,0,0,0,15,0,0,0,0,0,0,0,,,,,,,,0,,0,0,0,0,0,0,0,WARN,0,2
2948,391,baltbet-main,finished,,2021-01-17T14:00:00.000000Z,2021,15,15,,,0,15,15,15,15,0,0,15,0,0,0,15,0,0,0,0,0,0,0,,,,,,,,0,,0,0,0,0,0,0,0,WARN,0,2
2949,392,baltbet-main,finished,,2021-01-18T15:00:00.000000Z,2021,15,15,,,0,15,15,15,15,0,0,14,0,1,0,14,0,0,0,0,0,0,0,,,,,,,,0,,0,0,0,0,0,0,0,FAIL,1,2
2950,393,baltbet-main,finished,,2021-01-19T18:00:00.000000Z,2021,15,15,,,0,15,15,15,15,0,0,12,0,3,0,12,0,0,0,0,0,0,0,,,,,,,,0,,0,0,0,0,0,0,0,FAIL,1,2
2951,394,baltbet-main,finished,,2021-01-20T17:30:00.000000Z,2021,15,15,,,0,15,15,15,15,0,0,15,0,0,0,15,0,0,0,0,0,0,0,,,,,,,,0,,0,0,0,0,0,0,0,WARN,0,2
2952,395,baltbet-main,finished,,2021-01-21T16:00:00.000000Z,2021,15,15,,,0,15,15,15,15,0,0,15,0,0,0,15,0,0,0,0,0,0,0,,,,,,,,0,,0,0,0,0,0,0,0,WARN,0,2
2953,396,baltbet-main,finished,,2021-01-22T17:00:00.000000Z,2021,15,15,,,0,15,15,15,15,0,0,15,0,0,0,15,0,0,0,0,0,0,0,,,,,,,,0,,0,0,0,0,0,0,0,WARN,0,2
2954,397,baltbet-main,finished,,2021-01-23T14:30:00.000000Z,2021,15,15,,,0,15,15,15,15,0,0,13,0,2,0,13,0,0,0,0,0,0,0,,,,,,,,0,,0,0,0,0,0,0,0,FAIL,1,2
2955,398,baltbet-main,finished,,2021-01-24T14:00:00.000000Z,2021,15,15,,,0,15,15,15,15,0,0,15,0,0,0,15,0,0,0,0,0,0,0,,,,,,,,0,,0,0,0,0,0,0,0,WARN,0,2
2956,399,baltbet-main,finished,,2021-01-25T14:30:00.000000Z,2021,15,15,,,0,15,15,15,15,0,0,15,0,0,0,15,0,0,0,0,0,0,0,,,,,,,,0,,0,0,0,0,0,0,0,WARN,0,2
2957,400,baltbet-main,finished,,2021-01-26T17:30:00.000000Z,2021,15,15,,,0,15,15,15,15,0,0,15,0,0,0,15,0,0,0,0,0,0,0,,,,,,,,0,,0,0,0,0,0,0,0,WARN,0,2
2958,401,baltbet-main,finished,,2021-01-27T17:45:00.000000Z,2021,15,15,,,0,15,15,15,15,0,0,15,0,0,0,15,0,0,0,0,0,0,0,,,,,,,,0,,0,0,0,0,0,0,0,WARN,0,2
2959,2477,baltbet-main,finished,,2021-01-28T14:00:00.000000Z,2021,15,15,,,0,15,15,15,15,0,0,15,0,0,0,15,0,0,0,0,0,0,0,,,,,,,,0,,0,0,0,0,0,0,0,WARN,0,2
2960,2481,baltbet-main,finished,,2021-01-29T15:00:00.000000Z,2021,15,15,,,0,15,15,15,15,0,0,13,0,2,0,13,0,0,0,0,0,0,0,,,,,,,,0,,0,0,0,0,0,0,0,FAIL,1,2
2961,2485,baltbet-main,finished,,2021-01-30T15:00:00.000000Z,2021,15,15,,,0,15,15,15,15,0,0,14,0,1,0,14,0,0,0,0,0,0,0,,,,,,,,0,,0,0,0,0,0,0,0,FAIL,1,2
2962,2490,baltbet-main,finished,,2021-01-31T15:00:00.000000Z,2021,15,15,,,0,15,15,15,15,0,0,15,0,0,0,15,0,0,0,0,0,0,0,,,,,,,,0,,0,0,0,0,0,0,0,WARN,0,2
2963,2495,baltbet-main,finished,,2021-02-01T16:00:00.000000Z,2021,15,15,,,0,15,15,15,15,0,0,15,0,0,0,15,0,0,0,0,0,0,0,,,,,,,,0,,0,0,0,0,0,0,0,WARN,0,2
2964,2499,baltbet-main,finished,,2021-02-02T18:00:00.000000Z,2021,15,15,,,0,15,15,15,15,0,0,15,0,0,0,15,0,0,0,0,0,0,0,,,,,,,,0,,0,0,0,0,0,0,0,WARN,0,2
2965,2503,baltbet-main,finished,,2021-02-03T18:00:00.000000Z,2021,15,15,,,0,15,15,15,15,0,0,14,0,1,0,14,0,0,0,0,0,0,0,,,,,,,,0,,0,0,0,0,0,0,0,FAIL,1,2
2966,2508,baltbet-main,finished,,2021-02-04T14:00:00.000000Z,2021,15,15,,,0,15,15,15,15,0,0,15,0,0,0,15,0,0,0,0,0,0,0,,,,,,,,0,,0,0,0,0,0,0,0,WARN,0,2
2967,2510,baltbet-main,finished,,2021-02-05T16:00:00.000000Z,2021,15,15,,,0,15,15,15,15,0,0,14,0,1,0,14,0,0,0,0,0,0,0,,,,,,,,0,,0,0,0,0,0,0,0,FAIL,1,2
2968,2516,baltbet-main,finished,,2021-02-06T15:00:00.000000Z,2021,15,15,,,0,15,15,15,15,0,0,14,0,1,0,14,0,0,0,0,0,0,0,,,,,,,,0,,0,0,0,0,0,0,0,FAIL,1,2
2969,2520,baltbet-main,finished,,2021-02-07T14:00:00.000000Z,2021,15,15,,,0,15,15,15,15,0,0,14,0,1,0,14,0,0,0,0,0,0,0,,,,,,,,0,,0,0,0,0,0,0,0,FAIL,1,2
2970,2523,baltbet-main,finished,,2021-02-08T15:00:00.000000Z,2021,15,15,,,0,15,15,15,15,0,0,13,0,2,0,13,0,0,0,0,0,0,0,,,,,,,,0,,0,0,0,0,0,0,0,FAIL,1,2
2971,2527,baltbet-main,finished,,2021-02-09T17:00:00.000000Z,2021,15,15,,,0,15,15,15,15,0,0,13,0,2,0,13,0,0,0,0,0,0,0,,,,,,,,0,,0,0,0,0,0,0,0,FAIL,1,2
2972,2531,baltbet-main,finished,,2021-02-10T15:00:00.000000Z,2021,15,15,,,0,15,15,15,15,0,0,14,0,1,0,14,0,0,0,0,0,0,0,,,,,,,,0,,0,0,0,0,0,0,0,FAIL,1,2
2973,2534,baltbet-main,finished,,2021-02-11T15:00:00.000000Z,2021,15,15,,,0,15,15,15,15,0,0,14,0,1,0,14,0,0,0,0,0,0,0,,,,,,,,0,,0,0,0,0,0,0,0,FAIL,1,2
2974,2539,baltbet-main,finished,,2021-02-12T15:30:00.000000Z,2021,15,15,,,0,15,15,15,15,0,0,15,0,0,0,15,0,0,0,0,0,0,0,,,,,,,,0,,0,0,0,0,0,0,0,WARN,0,2
2975,2543,baltbet-main,finished,,2021-02-13T14:30:00.000000Z,2021,15,15,,,0,15,15,15,15,0,0,13,0,2,0,13,0,0,0,0,0,0,0,,,,,,,,0,,0,0,0,0,0,0,0,FAIL,1,2
2976,2548,baltbet-main,finished,,2021-02-14T14:00:00.000000Z,2021,15,15,,,0,15,15,15,15,0,0,15,0,0,0,15,0,0,0,0,0,0,0,,,,,,,,0,,0,0,0,0,0,0,0,WARN,0,2
2977,2554,baltbet-main,finished,,2021-02-15T16:00:00.000000Z,2021,15,15,,,0,15,15,15,15,0,0,15,0,0,0,15,0,0,0,0,0,0,0,,,,,,,,0,,0,0,0,0,0,0,0,WARN,0,2
2978,2556,baltbet-main,finished,,2021-02-16T17:30:00.000000Z,2021,15,15,,,0,15,15,15,15,0,0,15,0,0,0,15,0,0,0,0,0,0,0,,,,,,,,0,,0,0,0,0,0,0,0,WARN,0,2
2979,2561,baltbet-main,finished,,2021-02-17T15:00:00.000000Z,2021,15,15,,,0,15,15,15,15,0,0,14,0,1,0,14,0,0,0,0,0,0,0,,,,,,,,0,,0,0,0,0,0,0,0,FAIL,1,2
2980,2564,baltbet-main,finished,,2021-02-18T14:00:00.000000Z,2021,15,15,,,0,15,15,15,15,0,0,15,0,0,0,15,0,0,0,0,0,0,0,,,,,,,,0,,0,0,0,0,0,0,0,WARN,0,2
2981,2568,baltbet-main,finished,,2021-02-19T16:00:00.000000Z,2021,15,15,,,0,15,15,15,15,0,0,15,0,0,0,15,0,0,0,0,0,0,0,,,,,,,,0,,0,0,0,0,0,0,0,WARN,0,2
2982,2572,baltbet-main,finished,,2021-02-20T14:30:00.000000Z,2021,15,15,,,0,15,15,0,15,0,0,15,0,0,0,15,0,0,0,0,0,0,0,,,,,,,,0,,0,0,0,0,0,0,0,FAIL,1,2
2983,2579,baltbet-main,finished,,2021-02-21T14:00:00.000000Z,2021,15,15,,,0,15,15,15,15,0,0,15,0,0,0,15,0,0,0,0,0,0,0,,,,,,,,0,,0,0,0,0,0,0,0,WARN,0,2
2984,2583,baltbet-main,finished,,2021-02-22T15:30:00.000000Z,2021,15,15,,,0,15,15,15,15,0,0,15,0,0,0,15,0,0,0,0,0,0,0,,,,,,,,0,,0,0,0,0,0,0,0,WARN,0,2
2985,2585,baltbet-main,finished,,2021-02-23T17:00:00.000000Z,2021,15,15,,,0,15,15,15,15,0,0,14,0,1,0,14,0,0,0,0,0,0,0,,,,,,,,0,,0,0,0,0,0,0,0,FAIL,1,2
2986,2588,baltbet-main,finished,,2021-02-24T15:00:00.000000Z,2021,15,15,,,0,15,15,15,15,0,0,15,0,0,0,15,0,0,0,0,0,0,0,,,,,,,,0,,0,0,0,0,0,0,0,WARN,0,2
2987,2592,baltbet-main,finished,,2021-02-25T15:00:00.000000Z,2021,15,15,,,0,15,15,0,15,0,0,15,0,0,0,15,0,0,0,0,0,0,0,,,,,,,,0,,0,0,0,0,0,0,0,FAIL,1,2
2988,2597,baltbet-main,finished,,2021-02-26T17:30:00.000000Z,2021,15,15,,,0,15,15,15,15,0,0,15,0,0,0,15,0,0,0,0,0,0,0,,,,,,,,0,,0,0,0,0,0,0,0,WARN,0,2
2989,2601,baltbet-main,finished,,2021-02-27T15:00:00.000000Z,2021,15,15,,,0,15,15,15,15,0,0,15,0,0,0,15,0,0,0,0,0,0,0,,,,,,,,0,,0,0,0,0,0,0,0,WARN,0,2
2990,2606,baltbet-main,finished,,2021-02-28T14:00:00.000000Z,2021,15,15,,,0,15,15,15,15,0,0,15,0,0,0,15,0,0,0,0,0,0,0,,,,,,,,0,,0,0,0,0,0,0,0,WARN,0,2
2991,2612,baltbet-main,finished,,2021-03-01T15:00:00.000000Z,2021,15,15,,,0,15,15,15,15,0,0,15,0,0,0,15,0,0,0,0,0,0,0,,,,,,,,0,,0,0,0,0,0,0,0,WARN,0,2
2992,2615,baltbet-main,finished,,2021-03-02T18:00:00.000000Z,2021,15,15,,,0,15,15,15,15,0,0,15,0,0,0,15,0,0,0,0,0,0,0,,,,,,,,0,,0,0,0,0,0,0,0,WARN,0,2
2993,2619,baltbet-main,finished,,2021-03-03T17:00:00.000000Z,2021,15,15,,,0,15,15,15,15,0,0,15,0,0,0,15,0,0,0,0,0,0,0,,,,,,,,0,,0,0,0,0,0,0,0,WARN,0,2
2994,2623,baltbet-main,finished,,2021-03-04T14:00:00.000000Z,2021,15,15,,,0,15,15,15,15,0,0,14,0,1,0,14,0,0,0,0,0,0,0,,,,,,,,0,,0,0,0,0,0,0,0,FAIL,1,2
2995,2626,baltbet-main,finished,,2021-03-05T17:00:00.000000Z,2021,15,15,,,0,15,15,15,15,0,0,15,0,0,0,15,0,0,0,0,0,0,0,,,,,,,,0,,0,0,0,0,0,0,0,WARN,0,2
2996,2631,baltbet-main,finished,,2021-03-06T14:30:00.000000Z,2021,15,15,,,0,15,15,15,15,0,0,15,0,0,0,15,0,0,0,0,0,0,0,,,,,,,,0,,0,0,0,0,0,0,0,WARN,0,2
2997,2636,baltbet-main,finished,,2021-03-07T14:00:00.000000Z,2021,15,15,,,0,15,15,15,15,0,0,15,0,0,0,15,0,0,0,0,0,0,0,,,,,,,,0,,0,0,0,0,0,0,0,WARN,0,2
2998,2639,baltbet-main,finished,,2021-03-08T15:00:00.000000Z,2021,15,15,,,0,15,15,15,15,0,0,15,0,0,0,15,0,0,0,0,0,0,0,,,,,,,,0,,0,0,0,0,0,0,0,WARN,0,2
2999,2643,baltbet-main,finished,,2021-03-09T17:45:00.000000Z,2021,15,15,,,0,15,15,15,15,0,0,15,0,0,0,15,0,0,0,0,0,0,0,,,,,,,,0,,0,0,0,0,0,0,0,WARN,0,2
3000,2648,baltbet-main,finished,,2021-03-10T15:00:00.000000Z,2021,15,15,,,0,15,15,15,15,0,0,15,0,0,0,15,0,0,0,0,0,0,0,,,,,,,,0,,0,0,0,0,0,0,0,WARN,0,2
3001,2650,baltbet-main,finished,,2021-03-11T15:00:00.000000Z,2021,15,15,,,0,15,15,15,15,0,0,14,0,1,0,14,0,0,0,0,0,0,0,,,,,,,,0,,0,0,0,0,0,0,0,FAIL,1,2
3002,2656,baltbet-main,finished,,2021-03-12T16:00:00.000000Z,2021,15,15,,,0,15,15,15,15,0,0,14,0,1,0,14,0,0,0,0,0,0,0,,,,,,,,0,,0,0,0,0,0,0,0,FAIL,1,2
3003,2659,baltbet-main,finished,,2021-03-13T15:30:00.000000Z,2021,15,15,,,0,15,15,15,15,0,0,14,0,1,0,14,0,0,0,0,0,0,0,,,,,,,,0,,0,0,0,0,0,0,0,FAIL,1,2
3004,2665,baltbet-main,finished,,2021-03-14T14:00:00.000000Z,2021,15,15,,,0,15,15,15,15,0,0,15,0,0,0,15,0,0,0,0,0,0,0,,,,,,,,0,,0,0,0,0,0,0,0,WARN,0,2
3005,2669,baltbet-main,finished,,2021-03-15T15:30:00.000000Z,2021,15,15,,,0,15,15,0,15,0,0,15,0,0,0,15,0,0,0,0,0,0,0,,,,,,,,0,,0,0,0,0,0,0,0,FAIL,1,2
3006,2672,baltbet-main,finished,,2021-03-16T16:00:00.000000Z,2021,15,15,,,0,15,15,15,15,0,0,15,0,0,0,15,0,0,0,0,0,0,0,,,,,,,,0,,0,0,0,0,0,0,0,WARN,0,2
3007,2677,baltbet-main,finished,,2021-03-17T14:00:00.000000Z,2021,15,15,,,0,15,15,15,15,0,0,15,0,0,0,15,0,0,0,0,0,0,0,,,,,,,,0,,0,0,0,0,0,0,0,WARN,0,2
3008,2680,baltbet-main,finished,,2021-03-18T15:00:00.000000Z,2021,15,15,,,0,15,15,15,15,0,0,15,0,0,0,15,0,0,0,0,0,0,0,,,,,,,,0,,0,0,0,0,0,0,0,WARN,0,2
3009,2684,baltbet-main,finished,,2021-03-19T15:30:00.000000Z,2021,15,15,,,0,15,15,15,15,0,0,13,0,2,0,13,0,0,0,0,0,0,0,,,,,,,,0,,0,0,0,0,0,0,0,FAIL,1,2
3010,2688,baltbet-main,finished,,2021-03-20T15:00:00.000000Z,2021,15,15,,,0,15,15,15,15,0,0,15,0,0,0,15,0,0,0,0,0,0,0,,,,,,,,0,,0,0,0,0,0,0,0,WARN,0,2
3011,2695,baltbet-main,finished,,2021-03-21T14:00:00.000000Z,2021,15,15,,,0,15,15,15,15,0,0,15,0,0,0,15,0,0,0,0,0,0,0,,,,,,,,0,,0,0,0,0,0,0,0,WARN,0,2
3012,2699,baltbet-main,finished,,2021-03-22T16:30:00.000000Z,2021,15,15,,,0,15,15,0,15,0,0,14,0,1,0,14,0,0,0,0,0,0,0,,,,,,,,0,,0,0,0,0,0,0,0,FAIL,2,2
3013,2702,baltbet-main,finished,,2021-03-23T18:00:00.000000Z,2021,15,15,,,0,15,15,15,15,0,0,15,0,0,0,15,0,0,0,0,0,0,0,,,,,,,,0,,0,0,0,0,0,0,0,WARN,0,2
3014,2707,baltbet-main,finished,,2021-03-24T12:00:00.000000Z,2021,15,15,,,0,15,15,15,15,0,0,14,0,1,0,14,0,0,0,0,0,0,0,,,,,,,,0,,0,0,0,0,0,0,0,FAIL,1,2
3015,2709,baltbet-main,finished,,2021-03-25T13:25:00.000000Z,2021,15,15,,,0,15,15,15,15,0,0,13,0,2,0,14,0,0,0,0,0,0,0,,,,,,,,0,,0,0,0,0,0,0,0,FAIL,1,2
3016,2713,baltbet-main,finished,,2021-03-26T13:30:00.000000Z,2021,15,15,,,0,15,15,15,15,0,0,15,0,0,0,15,0,0,0,0,0,0,0,,,,,,,,0,,0,0,0,0,0,0,0,WARN,0,2
3017,2717,baltbet-main,finished,,2021-03-27T14:00:00.000000Z,2021,15,15,,,0,15,15,15,15,0,0,15,0,0,0,15,0,0,0,0,0,0,0,,,,,,,,0,,0,0,0,0,0,0,0,WARN,0,2
3018,2720,baltbet-main,finished,,2021-03-28T14:00:00.000000Z,2021,15,15,,,0,15,15,15,15,0,0,15,0,0,0,15,0,0,0,0,0,0,0,,,,,,,,0,,0,0,0,0,0,0,0,WARN,0,2
3019,2724,baltbet-main,finished,,2021-03-29T13:29:00.000000Z,2021,15,15,,,0,15,15,15,15,0,0,15,0,0,0,15,0,0,0,0,0,0,0,,,,,,,,0,,0,0,0,0,0,0,0,WARN,0,2
3020,2725,baltbet-main,finished,,2021-03-30T16:00:00.000000Z,2021,15,15,,,0,15,15,15,15,0,0,15,0,0,0,15,0,0,0,0,0,0,0,,,,,,,,0,,0,0,0,0,0,0,0,WARN,0,2
3021,2728,baltbet-main,finished,,2021-03-31T16:00:00.000000Z,2021,15,15,,,0,15,15,15,15,0,0,15,0,0,0,15,0,0,0,0,0,0,0,,,,,,,,0,,0,0,0,0,0,0,0,WARN,0,2
3022,2731,baltbet-main,finished,,2021-04-01T14:30:00.000000Z,2021,15,15,,,0,15,15,15,15,0,0,15,0,0,0,15,0,0,0,0,0,0,0,,,,,,,,0,,0,0,0,0,0,0,0,WARN,0,2
3023,2734,baltbet-main,finished,,2021-04-02T14:00:00.000000Z,2021,15,15,,,0,15,15,15,15,0,0,15,0,0,0,15,0,0,0,0,0,0,0,,,,,,,,0,,0,0,0,0,0,0,0,WARN,0,2
3024,2736,baltbet-main,finished,,2021-04-03T15:00:00.000000Z,2021,15,15,,,0,15,15,15,15,0,0,15,0,0,0,15,0,0,0,0,0,0,0,,,,,,,,0,,0,0,0,0,0,0,0,WARN,0,2
3025,2741,baltbet-main,finished,,2021-04-04T15:05:00.000000Z,2021,15,15,,,0,15,15,15,15,0,0,15,0,0,0,15,0,0,0,0,0,0,0,,,,,,,,0,,0,0,0,0,0,0,0,WARN,0,2
3026,2744,baltbet-main,finished,,2021-04-05T14:00:00.000000Z,2021,15,15,,,0,15,15,15,15,0,0,15,0,0,0,15,0,0,0,0,0,0,0,,,,,,,,0,,0,0,0,0,0,0,0,WARN,0,2
3027,2745,baltbet-main,finished,,2021-04-06T16:00:00.000000Z,2021,15,15,,,0,15,15,15,15,0,0,15,0,0,0,15,0,0,0,0,0,0,0,,,,,,,,0,,0,0,0,0,0,0,0,WARN,0,2
3028,2750,baltbet-main,finished,,2021-04-07T16:00:00.000000Z,2021,15,15,,,0,15,15,15,15,0,0,15,0,0,0,15,0,0,0,0,0,0,0,,,,,,,,0,,0,0,0,0,0,0,0,WARN,0,2
3029,2752,baltbet-main,finished,,2021-04-08T13:00:00.000000Z,2021,15,15,,,0,15,15,0,15,0,0,15,0,0,0,15,0,0,0,0,0,0,0,,,,,,,,0,,0,0,0,0,0,0,0,FAIL,1,2
3030,2754,baltbet-main,finished,,2021-04-09T17:00:00.000000Z,2021,15,15,,,0,15,15,15,15,0,0,15,0,0,0,15,0,0,0,0,0,0,0,,,,,,,,0,,0,0,0,0,0,0,0,WARN,0,2
3031,2758,baltbet-main,finished,,2021-04-10T14:00:00.000000Z,2021,15,15,,,0,15,15,15,15,0,0,15,0,0,0,15,0,0,0,0,0,0,0,,,,,,,,0,,0,0,0,0,0,0,0,WARN,0,2
3032,2759,baltbet-main,finished,,2021-04-11T14:15:00.000000Z,2021,15,15,,,0,15,15,15,15,0,0,15,0,0,0,15,0,0,0,0,0,0,0,,,,,,,,0,,0,0,0,0,0,0,0,WARN,0,2
3033,2764,baltbet-main,finished,,2021-04-12T16:00:00.000000Z,2021,15,15,,,0,15,15,15,15,0,0,15,0,0,0,15,0,0,0,0,0,0,0,,,,,,,,0,,0,0,0,0,0,0,0,WARN,0,2
3034,2765,baltbet-main,finished,,2021-04-13T17:00:00.000000Z,2021,15,15,,,0,15,15,15,15,0,0,15,0,0,0,15,0,0,0,0,0,0,0,,,,,,,,0,,0,0,0,0,0,0,0,WARN,0,2
3035,2768,baltbet-main,finished,,2021-04-14T14:30:00.000000Z,2021,15,15,,,0,15,15,15,15,0,0,14,0,1,0,14,0,0,0,0,0,0,0,,,,,,,,0,,0,0,0,0,0,0,0,FAIL,1,2
3036,2770,baltbet-main,finished,,2021-04-15T16:00:00.000000Z,2021,15,15,,,0,15,15,15,15,0,0,15,0,0,0,15,0,0,0,0,0,0,0,,,,,,,,0,,0,0,0,0,0,0,0,WARN,0,2
3037,2773,baltbet-main,finished,,2021-04-16T16:00:00.000000Z,2021,15,15,,,0,15,15,15,15,0,0,15,0,0,0,15,0,0,0,0,0,0,0,,,,,,,,0,,0,0,0,0,0,0,0,WARN,0,2
3038,2775,baltbet-main,finished,,2021-04-17T13:30:00.000000Z,2021,15,15,,,0,15,15,15,15,0,0,15,0,0,0,15,0,0,0,0,0,0,0,,,,,,,,0,,0,0,0,0,0,0,0,WARN,0,2
3039,2779,baltbet-main,finished,,2021-04-18T14:00:00.000000Z,2021,15,15,,,0,15,15,15,15,0,0,15,0,0,0,15,0,0,0,0,0,0,0,,,,,,,,0,,0,0,0,0,0,0,0,WARN,0,2
3040,4391,baltbet-main,finished,,2021-04-19T16:00:00.000000Z,2021,15,15,,,0,15,15,15,15,0,0,15,0,0,0,15,0,0,0,0,0,0,0,,,,,,,,0,,0,0,0,0,0,0,0,WARN,0,2
3041,4395,baltbet-main,finished,,2021-04-20T16:30:00.000000Z,2021,15,15,,,0,15,15,15,15,0,0,15,0,0,0,15,0,0,0,0,0,0,0,,,,,,,,0,,0,0,0,0,0,0,0,WARN,0,2
3042,4398,baltbet-main,finished,,2021-04-21T16:00:00.000000Z,2021,15,15,,,0,15,15,15,15,0,0,15,0,0,0,15,0,0,0,0,0,0,0,,,,,,,,0,,0,0,0,0,0,0,0,WARN,0,2
3043,4402,baltbet-main,finished,,2021-04-22T14:30:00.000000Z,2021,15,15,,,0,15,15,15,15,0,0,15,0,0,0,15,0,0,0,0,0,0,0,,,,,,,,0,,0,0,0,0,0,0,0,WARN,0,2
3044,4407,baltbet-main,finished,,2021-04-23T16:00:00.000000Z,2021,15,15,,,0,15,15,15,15,0,0,15,0,0,0,15,0,0,0,0,0,0,0,,,,,,,,0,,0,0,0,0,0,0,0,WARN,0,2
3045,4414,baltbet-main,finished,,2021-04-24T14:00:00.000000Z,2021,15,15,,,0,15,15,15,15,0,0,15,0,0,0,15,0,0,0,0,0,0,0,,,,,,,,0,,0,0,0,0,0,0,0,WARN,0,2
3046,4419,baltbet-main,finished,,2021-04-25T13:30:00.000000Z,2021,15,15,,,0,15,15,15,15,0,0,15,0,0,0,15,0,0,0,0,0,0,0,,,,,,,,0,,0,0,0,0,0,0,0,WARN,0,2
3047,4423,baltbet-main,finished,,2021-04-26T16:00:00.000000Z,2021,15,15,,,0,15,15,15,15,0,0,15,0,0,0,15,0,0,0,0,0,0,0,,,,,,,,0,,0,0,0,0,0,0,0,WARN,0,2
3048,4428,baltbet-main,finished,,2021-04-27T16:30:00.000000Z,2021,15,15,,,0,15,15,15,15,0,0,14,0,1,0,14,0,0,0,0,0,0,0,,,,,,,,0,,0,0,0,0,0,0,0,FAIL,1,2
3049,4434,baltbet-main,finished,,2021-04-28T15:00:00.000000Z,2021,15,15,,,0,15,15,15,15,0,0,15,0,0,0,15,0,0,0,0,0,0,0,,,,,,,,0,,0,0,0,0,0,0,0,WARN,0,2
3050,4438,baltbet-main,finished,,2021-04-29T16:45:00.000000Z,2021,15,15,,,0,15,15,15,15,0,0,15,0,0,0,15,0,0,0,0,0,0,0,,,,,,,,0,,0,0,0,0,0,0,0,WARN,0,2
3051,4445,baltbet-main,finished,,2021-04-30T16:00:00.000000Z,2021,15,15,,,0,15,15,15,15,0,0,15,0,0,0,15,0,0,0,0,0,0,0,,,,,,,,0,,0,0,0,0,0,0,0,WARN,0,2
3052,4452,baltbet-main,finished,,2021-05-01T14:00:00.000000Z,2021,15,15,,,0,15,15,15,15,0,0,15,0,0,0,15,0,0,0,0,0,0,0,,,,,,,,0,,0,0,0,0,0,0,0,WARN,0,2
3053,4456,baltbet-main,finished,,2021-05-02T13:00:00.000000Z,2021,15,15,,,0,15,15,15,15,0,0,14,0,1,0,14,0,0,0,0,0,0,0,,,,,,,,0,,0,0,0,0,0,0,0,FAIL,1,2
3054,4461,baltbet-main,finished,,2021-05-03T16:00:00.000000Z,2021,15,15,,,0,15,15,15,15,0,0,15,0,0,0,15,0,0,0,0,0,0,0,,,,,,,,0,,0,0,0,0,0,0,0,WARN,0,2
3055,4468,baltbet-main,finished,,2021-05-04T16:00:00.000000Z,2021,15,15,,,0,15,15,15,15,0,0,15,0,0,0,15,0,0,0,0,0,0,0,,,,,,,,0,,0,0,0,0,0,0,0,WARN,0,2
3056,5904,baltbet-main,finished,,2021-05-05T15:00:00.000000Z,2021,15,15,,,0,15,15,15,15,0,0,15,0,0,0,15,0,0,0,0,0,0,0,,,,,,,,0,,0,0,0,0,0,0,0,WARN,0,2
3057,5908,baltbet-main,finished,,2021-05-06T16:00:00.000000Z,2021,15,15,,,0,15,15,15,15,0,0,15,0,0,0,15,0,0,0,0,0,0,0,,,,,,,,0,,0,0,0,0,0,0,0,WARN,0,2
3058,5914,baltbet-main,finished,,2021-05-07T16:30:00.000000Z,2021,15,15,,,0,15,15,15,15,0,0,15,0,0,0,15,0,0,0,0,0,0,0,,,,,,,,0,,0,0,0,0,0,0,0,WARN,0,2
3059,5920,baltbet-main,finished,,2021-05-08T13:30:00.000000Z,2021,15,15,,,0,15,15,15,15,0,0,15,0,0,0,15,0,0,0,0,0,0,0,,,,,,,,0,,0,0,0,0,0,0,0,WARN,0,2
3060,5925,baltbet-main,finished,,2021-05-09T14:00:00.000000Z,2021,15,15,,,0,15,15,15,15,0,0,15,0,0,0,15,0,0,0,0,0,0,0,,,,,,,,0,,0,0,0,0,0,0,0,WARN,0,2
3061,5932,baltbet-main,finished,,2021-05-10T16:00:00.000000Z,2021,15,15,,,0,15,15,15,15,0,0,15,0,0,0,15,0,0,0,0,0,0,0,,,,,,,,0,,0,0,0,0,0,0,0,WARN,0,2
3062,5937,baltbet-main,finished,,2021-05-11T15:00:00.000000Z,2021,15,15,,,0,15,15,15,15,0,0,15,0,0,0,15,0,0,0,0,0,0,0,,,,,,,,0,,0,0,0,0,0,0,0,WARN,0,2
3063,5941,baltbet-main,finished,,2021-05-12T16:15:00.000000Z,2021,15,15,,,0,15,15,15,15,0,0,14,0,1,0,14,0,0,0,0,0,0,0,,,,,,,,0,,0,0,0,0,0,0,0,FAIL,1,2
3064,5948,baltbet-main,finished,,2021-05-13T15:00:00.000000Z,2021,15,15,,,0,15,15,15,15,0,0,15,0,0,0,15,0,0,0,0,0,0,0,,,,,,,,0,,0,0,0,0,0,0,0,WARN,0,2
3065,5954,baltbet-main,finished,,2021-05-14T14:30:00.000000Z,2021,15,15,,,0,15,15,15,15,0,0,15,0,0,0,15,0,0,0,0,0,0,0,,,,,,,,0,,0,0,0,0,0,0,0,WARN,0,2
3066,5959,baltbet-main,finished,,2021-05-15T13:30:00.000000Z,2021,15,15,,,0,15,15,15,15,0,0,15,0,0,0,15,0,0,0,0,0,0,0,,,,,,,,0,,0,0,0,0,0,0,0,WARN,0,2
3067,5966,baltbet-main,finished,,2021-05-16T15:00:00.000000Z,2021,15,15,,,0,15,15,15,15,0,0,15,0,0,0,15,0,0,0,0,0,0,0,,,,,,,,0,,0,0,0,0,0,0,0,WARN,0,2
3068,5972,baltbet-main,finished,,2021-05-17T15:30:00.000000Z,2021,15,15,,,0,15,15,15,15,0,0,15,0,0,0,15,0,0,0,0,0,0,0,,,,,,,,0,,0,0,0,0,0,0,0,WARN,0,2
3069,5976,baltbet-main,finished,,2021-05-18T16:30:00.000000Z,2021,15,15,,,0,15,15,15,15,0,0,15,0,0,0,15,0,0,0,0,0,0,0,,,,,,,,0,,0,0,0,0,0,0,0,WARN,0,2
3070,5980,baltbet-main,finished,,2021-05-19T16:00:00.000000Z,2021,15,15,,,0,15,15,15,15,0,0,15,0,0,0,15,0,0,0,0,0,0,0,,,,,,,,0,,0,0,0,0,0,0,0,WARN,0,2
3071,5987,baltbet-main,finished,,2021-05-20T16:00:00.000000Z,2021,15,15,,,0,15,15,15,15,0,0,15,0,0,0,15,0,0,0,0,0,0,0,,,,,,,,0,,0,0,0,0,0,0,0,WARN,0,2
3072,5991,baltbet-main,finished,,2021-05-21T15:15:00.000000Z,2021,15,15,,,0,15,15,15,15,0,0,15,0,0,0,15,0,0,0,0,0,0,0,,,,,,,,0,,0,0,0,0,0,0,0,WARN,0,2
3073,5997,baltbet-main,finished,,2021-05-22T13:30:00.000000Z,2021,15,15,,,0,15,15,15,15,0,0,15,0,0,0,15,0,0,0,0,0,0,0,,,,,,,,0,,0,0,0,0,0,0,0,WARN,0,2
3074,6002,baltbet-main,finished,,2021-05-23T15:00:00.000000Z,2021,15,15,,,0,15,15,15,15,0,0,15,0,0,0,15,0,0,0,0,0,0,0,,,,,,,,0,,0,0,0,0,0,0,0,WARN,0,2
3075,6008,baltbet-main,finished,,2021-05-24T16:00:00.000000Z,2021,15,15,,,0,15,15,15,15,0,0,15,0,0,0,15,0,0,0,0,0,0,0,,,,,,,,0,,0,0,0,0,0,0,0,WARN,0,2
3076,6014,baltbet-main,finished,,2021-05-25T16:00:00.000000Z,2021,15,15,,,0,15,15,15,15,0,0,15,0,0,0,15,0,0,0,0,0,0,0,,,,,,,,0,,0,0,0,0,0,0,0,WARN,0,2
3077,6018,baltbet-main,finished,,2021-05-26T14:00:00.000000Z,2021,15,15,,,0,15,15,15,15,0,0,15,0,0,0,15,0,0,0,0,0,0,0,,,,,,,,0,,0,0,0,0,0,0,0,WARN,0,2
3078,6021,baltbet-main,finished,,2021-05-27T14:15:00.000000Z,2021,15,15,,,0,15,15,15,15,0,0,14,0,1,0,14,0,0,0,0,0,0,0,,,,,,,,0,,0,0,0,0,0,0,0,FAIL,1,2
3079,6027,baltbet-main,finished,,2021-05-28T15:40:00.000000Z,2021,15,15,,,0,15,15,15,15,0,0,15,0,0,0,15,0,0,0,0,0,0,0,,,,,,,,0,,0,0,0,0,0,0,0,WARN,0,2
3080,6032,baltbet-main,finished,,2021-05-29T15:00:00.000000Z,2021,15,15,,,0,15,15,15,15,0,0,15,0,0,0,15,0,0,0,0,0,0,0,,,,,,,,0,,0,0,0,0,0,0,0,WARN,0,2
3081,6038,baltbet-main,finished,,2021-05-30T15:30:00.000000Z,2021,15,15,,,0,15,15,15,15,0,0,15,0,0,0,15,0,0,0,0,0,0,0,,,,,,,,0,,0,0,0,0,0,0,0,WARN,0,2
3082,6044,baltbet-main,finished,,2021-05-31T16:00:00.000000Z,2021,15,15,,,0,15,15,15,15,0,0,15,0,0,0,15,0,0,0,0,0,0,0,,,,,,,,0,,0,0,0,0,0,0,0,WARN,0,2
3083,6048,baltbet-main,finished,,2021-06-01T14:10:00.000000Z,2021,15,15,,,0,15,15,15,15,0,0,15,0,0,0,15,0,0,0,0,0,0,0,,,,,,,,0,,0,0,0,0,0,0,0,WARN,0,2
3084,6051,baltbet-main,finished,,2021-06-02T13:15:00.000000Z,2021,15,15,,,0,15,15,15,15,0,0,15,0,0,0,15,0,0,0,0,0,0,0,,,,,,,,0,,0,0,0,0,0,0,0,WARN,0,2
3085,6056,baltbet-main,finished,,2021-06-03T14:00:00.000000Z,2021,15,15,,,0,15,15,15,15,0,0,14,0,1,0,14,0,0,0,0,0,0,0,,,,,,,,0,,0,0,0,0,0,0,0,FAIL,1,2
3086,6059,baltbet-main,finished,,2021-06-04T15:00:00.000000Z,2021,15,15,,,0,15,15,15,15,0,0,15,0,0,0,15,0,0,0,0,0,0,0,,,,,,,,0,,0,0,0,0,0,0,0,WARN,0,2
3087,6063,baltbet-main,finished,,2021-06-05T13:00:00.000000Z,2021,15,15,,,0,15,15,15,15,0,0,15,0,0,0,15,0,0,0,0,0,0,0,,,,,,,,0,,0,0,0,0,0,0,0,WARN,0,2
3088,6066,baltbet-main,finished,,2021-06-06T15:00:00.000000Z,2021,15,15,,,0,15,15,15,15,0,0,15,0,0,0,15,0,0,0,0,0,0,0,,,,,,,,0,,0,0,0,0,0,0,0,WARN,0,2
3089,6074,baltbet-main,finished,,2021-06-07T17:00:00.000000Z,2021,15,15,,,0,15,15,15,15,0,0,15,0,0,0,15,0,0,0,0,0,0,0,,,,,,,,0,,0,0,0,0,0,0,0,WARN,0,2
3090,6077,baltbet-main,finished,,2021-06-08T14:10:00.000000Z,2021,15,15,,,0,15,15,15,15,0,0,15,0,0,0,15,0,0,0,0,0,0,0,,,,,,,,0,,0,0,0,0,0,0,0,WARN,0,2
3091,6080,baltbet-main,finished,,2021-06-09T15:30:00.000000Z,2021,15,15,,,0,15,15,15,15,0,0,15,0,0,0,15,0,0,0,0,0,0,0,,,,,,,,0,,0,0,0,0,0,0,0,WARN,0,2
3092,6085,baltbet-main,finished,,2021-06-10T15:30:00.000000Z,2021,15,15,,,0,15,15,15,15,0,0,15,0,0,0,15,0,0,0,0,0,0,0,,,,,,,,0,,0,0,0,0,0,0,0,WARN,0,2
3093,6090,baltbet-main,finished,,2021-06-11T15:00:00.000000Z,2021,15,15,,,0,15,15,15,15,0,0,15,0,0,0,15,0,0,0,0,0,0,0,,,,,,,,0,,0,0,0,0,0,0,0,WARN,0,2
3094,6092,baltbet-main,finished,,2021-06-12T16:00:00.000000Z,2021,15,15,,,0,15,15,15,15,0,0,15,0,0,0,15,0,0,0,0,0,0,0,,,,,,,,0,,0,0,0,0,0,0,0,WARN,0,2
3095,6100,baltbet-main,finished,,2021-06-13T15:00:00.000000Z,2021,15,15,,,0,15,15,15,15,0,0,15,0,0,0,15,0,0,0,0,0,0,0,,,,,,,,0,,0,0,0,0,0,0,0,WARN,0,2
3096,6103,baltbet-main,finished,,2021-06-14T13:00:00.000000Z,2021,15,15,,,0,15,15,15,15,0,0,15,0,0,0,15,0,0,0,0,0,0,0,,,,,,,,0,,0,0,0,0,0,0,0,WARN,0,2
3097,6105,baltbet-main,finished,,2021-06-15T15:00:00.000000Z,2021,15,15,,,0,15,15,15,15,0,0,15,0,0,0,15,0,0,0,0,0,0,0,,,,,,,,0,,0,0,0,0,0,0,0,WARN,0,2
3098,6112,baltbet-main,finished,,2021-06-16T16:00:00.000000Z,2021,15,15,,,0,15,15,15,15,0,0,15,0,0,0,15,0,0,0,0,0,0,0,,,,,,,,0,,0,0,0,0,0,0,0,WARN,0,2
3099,6116,baltbet-main,finished,,2021-06-17T16:00:00.000000Z,2021,15,15,,,0,15,15,15,15,0,0,15,0,0,0,15,0,0,0,0,0,0,0,,,,,,,,0,,0,0,0,0,0,0,0,WARN,0,2
3100,6119,baltbet-main,finished,,2021-06-18T16:00:00.000000Z,2021,15,15,,,0,15,15,15,15,0,0,15,0,0,0,15,0,0,0,0,0,0,0,,,,,,,,0,,0,0,0,0,0,0,0,WARN,0,2
3101,6125,baltbet-main,finished,,2021-06-19T15:00:00.000000Z,2021,15,15,,,0,15,15,15,15,0,0,15,0,0,0,15,0,0,0,0,0,0,0,,,,,,,,0,,0,0,0,0,0,0,0,WARN,0,2
3102,6130,baltbet-main,finished,,2021-06-20T15:30:00.000000Z,2021,15,15,,,0,15,15,15,15,0,0,15,0,0,0,15,0,0,0,0,0,0,0,,,,,,,,0,,0,0,0,0,0,0,0,WARN,0,2
3103,6133,baltbet-main,finished,,2021-06-21T14:30:00.000000Z,2021,15,15,,,0,15,15,15,15,0,0,15,0,0,0,15,0,0,0,0,0,0,0,,,,,,,,0,,0,0,0,0,0,0,0,WARN,0,2
3104,6137,baltbet-main,finished,,2021-06-22T18:00:00.000000Z,2021,15,15,,,0,15,15,15,15,0,0,15,0,0,0,15,0,0,0,0,0,0,0,,,,,,,,0,,0,0,0,0,0,0,0,WARN,0,2
3105,6143,baltbet-main,finished,,2021-06-23T16:00:00.000000Z,2021,15,15,,,0,15,15,15,15,0,0,15,0,0,0,15,0,0,0,0,0,0,0,,,,,,,,0,,0,0,0,0,0,0,0,WARN,0,2
3106,6147,baltbet-main,finished,,2021-06-24T15:30:00.000000Z,2021,15,15,,,0,15,15,15,15,0,0,15,0,0,0,15,0,0,0,0,0,0,0,,,,,,,,0,,0,0,0,0,0,0,0,WARN,0,2
3107,6150,baltbet-main,finished,,2021-06-25T14:40:00.000000Z,2021,15,15,,,0,15,15,15,15,0,0,15,0,0,0,15,0,0,0,0,0,0,0,,,,,,,,0,,0,0,0,0,0,0,0,WARN,0,2
3108,6154,baltbet-main,finished,,2021-06-26T15:45:00.000000Z,2021,15,15,,,0,15,15,15,15,0,0,15,0,0,0,15,0,0,0,0,0,0,0,,,,,,,,0,,0,0,0,0,0,0,0,WARN,0,2
3109,6160,baltbet-main,finished,,2021-06-27T16:00:00.000000Z,2021,15,15,,,0,15,15,15,15,0,0,15,0,0,0,15,0,0,0,0,0,0,0,,,,,,,,0,,0,0,0,0,0,0,0,WARN,0,2
3110,6165,baltbet-main,finished,,2021-06-28T16:45:00.000000Z,2021,15,15,,,0,15,15,15,15,0,0,15,0,0,0,15,0,0,0,0,0,0,0,,,,,,,,0,,0,0,0,0,0,0,0,WARN,0,2
3111,6171,baltbet-main,finished,,2021-06-29T16:00:00.000000Z,2021,15,15,,,0,15,15,15,15,0,0,15,0,0,0,15,0,0,0,0,0,0,0,,,,,,,,0,,0,0,0,0,0,0,0,WARN,0,2
3112,6173,baltbet-main,finished,,2021-06-30T15:30:00.000000Z,2021,15,15,,,0,15,15,15,15,0,0,14,0,1,0,14,0,0,0,0,0,0,0,,,,,,,,0,,0,0,0,0,0,0,0,FAIL,1,2
3113,6179,baltbet-main,finished,,2021-07-01T15:20:00.000000Z,2021,15,15,,,0,15,15,15,15,0,0,15,0,0,0,15,0,0,0,0,0,0,0,,,,,,,,0,,0,0,0,0,0,0,0,WARN,0,2
3114,6182,baltbet-main,finished,,2021-07-02T16:00:00.000000Z,2021,15,15,,,0,15,15,15,15,0,0,15,0,0,0,15,0,0,0,0,0,0,0,,,,,,,,0,,0,0,0,0,0,0,0,WARN,0,2
3115,6185,baltbet-main,finished,,2021-07-03T16:00:00.000000Z,2021,15,15,,,0,15,15,15,15,0,0,15,0,0,0,15,0,0,0,0,0,0,0,,,,,,,,0,,0,0,0,0,0,0,0,WARN,0,2
3116,6190,baltbet-main,finished,,2021-07-04T15:30:00.000000Z,2021,15,15,,,0,15,15,15,15,0,0,15,0,0,0,15,0,0,0,0,0,0,0,,,,,,,,0,,0,0,0,0,0,0,0,WARN,0,2
3117,6194,baltbet-main,finished,,2021-07-05T16:00:00.000000Z,2021,15,15,,,0,15,15,0,15,0,0,15,0,0,0,15,0,0,0,0,0,0,0,,,,,,,,0,,0,0,0,0,0,0,0,FAIL,1,2
3118,6199,baltbet-main,finished,,2021-07-06T15:50:00.000000Z,2021,15,15,,,0,15,15,15,15,0,0,15,0,0,0,15,0,0,0,0,0,0,0,,,,,,,,0,,0,0,0,0,0,0,0,WARN,0,2
3119,6204,baltbet-main,finished,,2021-07-07T16:00:00.000000Z,2021,15,15,,,0,15,15,0,15,0,0,15,0,0,0,15,0,0,0,0,0,0,0,,,,,,,,0,,0,0,0,0,0,0,0,FAIL,1,2
3120,6207,baltbet-main,finished,,2021-07-08T15:30:00.000000Z,2021,15,15,,,0,15,15,15,15,0,0,15,0,0,0,15,0,0,0,0,0,0,0,,,,,,,,0,,0,0,0,0,0,0,0,WARN,0,2
3121,6212,baltbet-main,finished,,2021-07-09T14:00:00.000000Z,2021,15,15,,,0,15,15,15,15,0,0,15,0,0,0,15,0,0,0,0,0,0,0,,,,,,,,0,,0,0,0,0,0,0,0,WARN,0,2
3122,6215,baltbet-main,finished,,2021-07-10T16:00:00.000000Z,2021,15,15,,,0,15,15,15,15,0,0,14,0,1,0,14,0,0,0,0,0,0,0,,,,,,,,0,,0,0,0,0,0,0,0,FAIL,1,2
3123,6222,baltbet-main,finished,,2021-07-11T18:00:00.000000Z,2021,15,15,,,0,15,15,15,15,0,0,15,0,0,0,15,0,0,0,0,0,0,0,,,,,,,,0,,0,0,0,0,0,0,0,WARN,0,2
3124,6227,baltbet-main,finished,,2021-07-12T15:30:00.000000Z,2021,15,15,,,0,15,15,15,15,0,0,15,0,0,0,15,0,0,0,0,0,0,0,,,,,,,,0,,0,0,0,0,0,0,0,WARN,0,2
3125,6229,baltbet-main,finished,,2021-07-13T18:00:00.000000Z,2021,15,15,,,0,15,15,15,15,0,0,15,0,0,0,15,0,0,0,0,0,0,0,,,,,,,,0,,0,0,0,0,0,0,0,WARN,0,2
3126,6234,baltbet-main,finished,,2021-07-14T17:00:00.000000Z,2021,15,15,,,0,15,15,15,15,0,0,15,0,0,0,15,0,0,0,0,0,0,0,,,,,,,,0,,0,0,0,0,0,0,0,WARN,0,2
3127,6239,baltbet-main,finished,,2021-07-15T16:00:00.000000Z,2021,15,15,,,0,15,15,15,15,0,0,15,0,0,0,15,0,0,0,0,0,0,0,,,,,,,,0,,0,0,0,0,0,0,0,WARN,0,2
3128,6241,baltbet-main,finished,,2021-07-16T15:30:00.000000Z,2021,15,15,,,0,15,15,15,15,0,0,15,0,0,0,15,0,0,0,0,0,0,0,,,,,,,,0,,0,0,0,0,0,0,0,WARN,0,2
3129,6243,baltbet-main,finished,,2021-07-17T17:30:00.000000Z,2021,15,15,,,0,15,15,15,15,0,0,15,0,0,0,15,0,0,0,0,0,0,0,,,,,,,,0,,0,0,0,0,0,0,0,WARN,0,2
3130,6251,baltbet-main,finished,,2021-07-18T15:45:00.000000Z,2021,15,15,,,0,15,15,15,15,0,0,14,0,1,0,14,0,0,0,0,0,0,0,,,,,,,,0,,0,0,0,0,0,0,0,FAIL,1,2
3131,6256,baltbet-main,finished,,2021-07-19T16:00:00.000000Z,2021,15,15,,,0,15,15,15,15,0,0,15,0,0,0,15,0,0,0,0,0,0,0,,,,,,,,0,,0,0,0,0,0,0,0,WARN,0,2
3132,6259,baltbet-main,finished,,2021-07-20T16:00:00.000000Z,2021,15,15,,,0,15,15,0,15,0,0,15,0,0,0,15,0,0,0,0,0,0,0,,,,,,,,0,,0,0,0,0,0,0,0,FAIL,1,2
3133,6263,baltbet-main,finished,,2021-07-21T17:00:00.000000Z,2021,15,15,,,0,15,15,15,15,0,0,15,0,0,0,15,0,0,0,0,0,0,0,,,,,,,,0,,0,0,0,0,0,0,0,WARN,0,2
3134,6268,baltbet-main,finished,,2021-07-22T16:00:00.000000Z,2021,15,15,,,0,15,15,15,15,0,0,15,0,0,0,15,0,0,0,0,0,0,0,,,,,,,,0,,0,0,0,0,0,0,0,WARN,0,2
3135,6272,baltbet-main,finished,,2021-07-23T15:30:00.000000Z,2021,15,15,,,0,15,15,15,15,0,0,15,0,0,0,15,0,0,0,0,0,0,0,,,,,,,,0,,0,0,0,0,0,0,0,WARN,0,2
3136,6276,baltbet-main,finished,,2021-07-24T15:30:00.000000Z,2021,15,15,,,0,15,15,15,15,0,0,14,0,1,0,14,0,0,0,0,0,0,0,,,,,,,,0,,0,0,0,0,0,0,0,FAIL,1,2
3137,6283,baltbet-main,finished,,2021-07-25T15:30:00.000000Z,2021,15,15,,,0,15,15,15,15,0,0,15,0,0,0,15,0,0,0,0,0,0,0,,,,,,,,0,,0,0,0,0,0,0,0,WARN,0,2
3138,6288,baltbet-main,finished,,2021-07-26T16:00:00.000000Z,2021,15,15,,,0,15,15,15,15,0,0,15,0,0,0,15,0,0,0,0,0,0,0,,,,,,,,0,,0,0,0,0,0,0,0,WARN,0,2
3139,6293,baltbet-main,finished,,2021-07-27T15:45:00.000000Z,2021,15,15,,,0,15,15,15,15,0,0,15,0,0,0,15,0,0,0,0,0,0,0,,,,,,,,0,,0,0,0,0,0,0,0,WARN,0,2
3140,6297,baltbet-main,finished,,2021-07-28T15:30:00.000000Z,2021,15,15,,,0,15,15,15,15,0,0,15,0,0,0,15,0,0,0,0,0,0,0,,,,,,,,0,,0,0,0,0,0,0,0,WARN,0,2
3141,6300,baltbet-main,finished,,2021-07-29T16:00:00.000000Z,2021,15,15,,,0,15,15,15,15,0,0,15,0,0,0,15,0,0,0,0,0,0,0,,,,,,,,0,,0,0,0,0,0,0,0,WARN,0,2
3142,6304,baltbet-main,finished,,2021-07-30T16:00:00.000000Z,2021,15,15,,,0,15,15,0,15,0,0,15,0,0,0,15,0,0,0,0,0,0,0,,,,,,,,0,,0,0,0,0,0,0,0,FAIL,1,2
3143,6312,baltbet-main,finished,,2021-07-31T15:30:00.000000Z,2021,15,15,,,0,15,15,15,15,0,0,15,0,0,0,15,0,0,0,0,0,0,0,,,,,,,,0,,0,0,0,0,0,0,0,WARN,0,2
3144,6317,baltbet-main,finished,,2021-08-01T15:00:00.000000Z,2021,15,15,,,0,15,15,15,15,0,0,15,0,0,0,15,0,0,0,0,0,0,0,,,,,,,,0,,0,0,0,0,0,0,0,WARN,0,2
3145,6320,baltbet-main,finished,,2021-08-02T17:00:00.000000Z,2021,15,15,,,0,15,15,0,15,0,0,15,0,0,0,15,0,0,0,0,0,0,0,,,,,,,,0,,0,0,0,0,0,0,0,FAIL,1,2
3146,6328,baltbet-main,finished,,2021-08-03T16:30:00.000000Z,2021,15,15,,,0,15,15,15,15,0,0,15,0,0,0,15,0,0,0,0,0,0,0,,,,,,,,0,,0,0,0,0,0,0,0,WARN,0,2
3147,6332,baltbet-main,finished,,2021-08-04T16:00:00.000000Z,2021,15,15,,,0,15,15,15,15,0,0,15,0,0,0,15,0,0,0,0,0,0,0,,,,,,,,0,,0,0,0,0,0,0,0,WARN,0,2
3148,6336,baltbet-main,finished,,2021-08-05T16:00:00.000000Z,2021,15,15,,,0,15,15,15,15,0,0,15,0,0,0,15,0,0,0,0,0,0,0,,,,,,,,0,,0,0,0,0,0,0,0,WARN,0,2
3149,6341,baltbet-main,finished,,2021-08-06T16:00:00.000000Z,2021,15,15,,,0,15,15,15,15,0,0,15,0,0,0,15,0,0,0,0,0,0,0,,,,,,,,0,,0,0,0,0,0,0,0,WARN,0,2
3150,6345,baltbet-main,finished,,2021-08-07T14:30:00.000000Z,2021,15,15,,,0,15,15,15,15,0,0,15,0,0,0,15,0,0,0,0,0,0,0,,,,,,,,0,,0,0,0,0,0,0,0,WARN,0,2
3151,6351,baltbet-main,finished,,2021-08-08T14:30:00.000000Z,2021,15,15,,,0,15,15,15,15,0,0,15,0,0,0,15,0,0,0,0,0,0,0,,,,,,,,0,,0,0,0,0,0,0,0,WARN,0,2
3152,6355,baltbet-main,finished,,2021-08-09T17:00:00.000000Z,2021,15,15,,,0,15,15,15,15,0,0,15,0,0,0,15,0,0,0,0,0,0,0,,,,,,,,0,,0,0,0,0,0,0,0,WARN,0,2
3153,6361,baltbet-main,finished,,2021-08-10T17:00:00.000000Z,2021,15,15,,,0,15,15,15,15,0,0,14,0,1,0,14,0,0,0,0,0,0,0,,,,,,,,0,,0,0,0,0,0,0,0,FAIL,1,2
3154,6365,baltbet-main,finished,,2021-08-11T17:00:00.000000Z,2021,15,15,,,0,15,15,15,15,0,0,15,0,0,0,15,0,0,0,0,0,0,0,,,,,,,,0,,0,0,0,0,0,0,0,WARN,0,2
3155,6368,baltbet-main,finished,,2021-08-12T15:00:00.000000Z,2021,15,15,,,0,15,15,15,15,0,0,14,0,1,0,14,0,0,0,0,0,0,0,,,,,,,,0,,0,0,0,0,0,0,0,FAIL,1,2
3156,6371,baltbet-main,finished,,2021-08-13T16:30:00.000000Z,2021,15,15,,,0,15,15,15,15,0,0,15,0,0,0,15,0,0,0,0,0,0,0,,,,,,,,0,,0,0,0,0,0,0,0,WARN,0,2
3157,6376,baltbet-main,finished,,2021-08-14T14:00:00.000000Z,2021,15,15,,,0,15,15,15,15,0,0,15,0,0,0,15,0,0,0,0,0,0,0,,,,,,,,0,,0,0,0,0,0,0,0,WARN,0,2
3158,6383,baltbet-main,finished,,2021-08-15T15:30:00.000000Z,2021,15,15,,,0,15,15,15,15,0,0,15,0,0,0,15,0,0,0,0,0,0,0,,,,,,,,0,,0,0,0,0,0,0,0,WARN,0,2
3159,6389,baltbet-main,finished,,2021-08-16T17:00:00.000000Z,2021,15,15,,,0,15,15,15,15,0,0,15,0,0,0,15,0,0,0,0,0,0,0,,,,,,,,0,,0,0,0,0,0,0,0,WARN,0,2
3160,6395,baltbet-main,finished,,2021-08-17T18:30:00.000000Z,2021,15,15,,,0,15,15,15,15,0,0,15,0,0,0,15,0,0,0,0,0,0,0,,,,,,,,0,,0,0,0,0,0,0,0,WARN,0,2
3161,6399,baltbet-main,finished,,2021-08-18T15:30:00.000000Z,2021,15,15,,,0,15,15,15,15,0,0,15,0,0,0,15,0,0,0,0,0,0,0,,,,,,,,0,,0,0,0,0,0,0,0,WARN,0,2
3162,6401,baltbet-main,finished,,2021-08-19T16:00:00.000000Z,2021,15,15,,,0,15,15,15,15,0,0,15,0,0,0,15,0,0,0,0,0,0,0,,,,,,,,0,,0,0,0,0,0,0,0,WARN,0,2
3163,6408,baltbet-main,finished,,2021-08-20T15:45:00.000000Z,2021,15,15,,,0,15,15,15,15,0,0,15,0,0,0,15,0,0,0,0,0,0,0,,,,,,,,0,,0,0,0,0,0,0,0,WARN,0,2
3164,6413,baltbet-main,finished,,2021-08-21T13:30:00.000000Z,2021,15,15,,,0,15,15,15,15,0,0,15,0,0,0,15,0,0,0,0,0,0,0,,,,,,,,0,,0,0,0,0,0,0,0,WARN,0,2
3165,6417,baltbet-main,finished,,2021-08-22T15:00:00.000000Z,2021,15,15,,,0,15,15,15,15,0,0,15,0,0,0,14,0,0,0,0,0,0,0,,,,,,,,0,,0,0,0,0,0,0,0,WARN,0,2
3166,6426,baltbet-main,finished,,2021-08-23T16:00:00.000000Z,2021,15,15,,,0,15,15,15,15,0,0,14,0,1,0,14,0,0,0,0,0,0,0,,,,,,,,0,,0,0,0,0,0,0,0,FAIL,1,2
3167,6429,baltbet-main,finished,,2021-08-24T17:00:00.000000Z,2021,15,15,,,0,15,15,15,15,0,0,15,0,0,0,15,0,0,0,0,0,0,0,,,,,,,,0,,0,0,0,0,0,0,0,WARN,0,2
3168,6434,baltbet-main,finished,,2021-08-25T15:30:00.000000Z,2021,15,15,,,0,15,15,15,15,0,0,15,0,0,0,15,0,0,0,0,0,0,0,,,,,,,,0,,0,0,0,0,0,0,0,WARN,0,2
3169,6438,baltbet-main,finished,,2021-08-26T16:00:00.000000Z,2021,15,15,,,0,15,15,15,15,0,0,15,0,0,0,15,0,0,0,0,0,0,0,,,,,,,,0,,0,0,0,0,0,0,0,WARN,0,2
3170,6446,baltbet-main,finished,,2021-08-27T16:00:00.000000Z,2021,15,15,,,0,15,15,15,15,0,0,15,0,0,0,15,0,0,0,0,0,0,0,,,,,,,,0,,0,0,0,0,0,0,0,WARN,0,2
3171,6447,baltbet-main,finished,,2021-08-28T14:00:00.000000Z,2021,15,15,,,0,15,15,15,15,0,0,15,0,0,0,15,0,0,0,0,0,0,0,,,,,,,,0,,0,0,0,0,0,0,0,WARN,0,2
3172,6455,baltbet-main,finished,,2021-08-29T13:00:00.000000Z,2021,15,15,,,0,15,15,15,15,0,0,15,0,0,0,15,0,0,0,0,0,0,0,,,,,,,,0,,0,0,0,0,0,0,0,WARN,0,2
3173,6459,baltbet-main,finished,,2021-08-30T15:00:00.000000Z,2021,15,15,,,0,15,15,15,15,0,0,15,0,0,0,15,0,0,0,0,0,0,0,,,,,,,,0,,0,0,0,0,0,0,0,WARN,0,2
3174,6467,baltbet-main,finished,,2021-08-31T18:00:00.000000Z,2021,15,15,,,0,15,15,15,15,0,0,15,0,0,0,15,0,0,0,0,0,0,0,,,,,,,,0,,0,0,0,0,0,0,0,WARN,0,2
3175,6472,baltbet-main,finished,,2021-09-01T15:30:00.000000Z,2021,15,15,,,0,15,15,15,15,0,0,15,0,0,0,15,0,0,0,0,0,0,0,,,,,,,,0,,0,0,0,0,0,0,0,WARN,0,2
3176,6474,baltbet-main,finished,,2021-09-02T15:30:00.000000Z,2021,15,15,,,0,15,15,15,15,0,0,15,0,0,0,15,0,0,0,0,0,0,0,,,,,,,,0,,0,0,0,0,0,0,0,WARN,0,2
3177,6480,baltbet-main,finished,,2021-09-03T16:00:00.000000Z,2021,15,15,,,0,15,15,15,15,0,0,15,0,0,0,15,0,0,0,0,0,0,0,,,,,,,,0,,0,0,0,0,0,0,0,WARN,0,2
3178,6483,baltbet-main,finished,,2021-09-04T18:00:00.000000Z,2021,15,15,,,0,15,15,15,15,0,0,15,0,0,0,15,0,0,0,0,0,0,0,,,,,,,,0,,0,0,0,0,0,0,0,WARN,0,2
3179,6491,baltbet-main,finished,,2021-09-05T15:00:00.000000Z,2021,15,15,,,0,15,15,15,15,0,0,14,0,1,0,14,0,0,0,0,0,0,0,,,,,,,,0,,0,0,0,0,0,0,0,FAIL,1,2
3180,6496,baltbet-main,finished,,2021-09-06T15:30:00.000000Z,2021,15,15,,,0,15,15,15,15,0,0,14,0,1,0,14,0,0,0,0,0,0,0,,,,,,,,0,,0,0,0,0,0,0,0,FAIL,1,2
3181,6499,baltbet-main,finished,,2021-09-07T15:30:00.000000Z,2021,15,15,,,0,15,15,15,15,0,0,15,0,0,0,15,0,0,0,0,0,0,0,,,,,,,,0,,0,0,0,0,0,0,0,WARN,0,2
3182,6504,baltbet-main,finished,,2021-09-08T15:00:00.000000Z,2021,15,15,,,0,15,15,0,15,0,0,14,0,1,0,14,0,0,0,0,0,0,0,,,,,,,,0,,0,0,0,0,0,0,0,FAIL,2,2
3183,6506,baltbet-main,finished,,2021-09-09T14:00:00.000000Z,2021,15,15,,,0,15,15,15,15,0,0,14,0,1,0,14,0,0,0,0,0,0,0,,,,,,,,0,,0,0,0,0,0,0,0,FAIL,1,2
3184,6511,baltbet-main,finished,,2021-09-10T17:00:00.000000Z,2021,15,15,,,0,15,15,15,15,0,0,15,0,0,0,15,0,0,0,0,0,0,0,,,,,,,,0,,0,0,0,0,0,0,0,WARN,0,2
3185,6516,baltbet-main,finished,,2021-09-11T13:30:00.000000Z,2021,15,15,,,0,15,15,15,15,0,0,15,0,0,0,15,0,0,0,0,0,0,0,,,,,,,,0,,0,0,0,0,0,0,0,WARN,0,2
3186,6518,baltbet-main,finished,,2021-09-12T14:15:00.000000Z,2021,15,15,,,0,15,15,15,15,0,0,15,0,0,0,15,0,0,0,0,0,0,0,,,,,,,,0,,0,0,0,0,0,0,0,WARN,0,2
3187,6526,baltbet-main,finished,,2021-09-13T16:30:00.000000Z,2021,15,15,,,0,15,15,15,15,0,0,15,0,0,0,15,0,0,0,0,0,0,0,,,,,,,,0,,0,0,0,0,0,0,0,WARN,0,2
3188,6531,baltbet-main,finished,,2021-09-14T17:00:00.000000Z,2021,15,15,,,0,15,15,15,15,0,0,15,0,0,0,15,0,0,0,0,0,0,0,,,,,,,,0,,0,0,0,0,0,0,0,WARN,0,2
3189,6536,baltbet-main,finished,,2021-09-15T16:00:00.000000Z,2021,15,15,,,0,15,15,15,15,0,0,15,0,0,0,15,0,0,0,0,0,0,0,,,,,,,,0,,0,0,0,0,0,0,0,WARN,0,2
3190,6541,baltbet-main,finished,,2021-09-16T16:45:00.000000Z,2021,15,15,,,0,15,15,15,15,0,0,15,0,0,0,15,0,0,0,0,0,0,0,,,,,,,,0,,0,0,0,0,0,0,0,WARN,0,2
3191,6545,baltbet-main,finished,,2021-09-17T16:00:00.000000Z,2021,15,15,,,0,15,15,15,15,0,0,15,0,0,0,15,0,0,0,0,0,0,0,,,,,,,,0,,0,0,0,0,0,0,0,WARN,0,2
3192,6549,baltbet-main,finished,,2021-09-18T14:00:00.000000Z,2021,15,15,,,0,15,15,15,15,0,0,15,0,0,0,15,0,0,0,0,0,0,0,,,,,,,,0,,0,0,0,0,0,0,0,WARN,0,2
3193,6554,baltbet-main,finished,,2021-09-19T14:00:00.000000Z,2021,15,15,,,0,15,15,15,15,0,0,15,0,0,0,15,0,0,0,0,0,0,0,,,,,,,,0,,0,0,0,0,0,0,0,WARN,0,2
3194,6559,baltbet-main,finished,,2021-09-20T16:30:00.000000Z,2021,15,15,,,0,15,15,15,15,0,0,15,0,0,0,15,0,0,0,0,0,0,0,,,,,,,,0,,0,0,0,0,0,0,0,WARN,0,2
3195,6565,baltbet-main,finished,,2021-09-21T17:00:00.000000Z,2021,15,15,,,0,15,15,15,15,0,0,15,0,0,0,15,0,0,0,0,0,0,0,,,,,,,,0,,0,0,0,0,0,0,0,WARN,0,2
3196,6571,baltbet-main,finished,,2021-09-22T16:00:00.000000Z,2021,15,15,,,0,15,15,15,15,0,0,15,0,0,0,15,0,0,0,0,0,0,0,,,,,,,,0,,0,0,0,0,0,0,0,WARN,0,2
3197,6574,baltbet-main,finished,,2021-09-23T15:15:00.000000Z,2021,15,15,,,0,15,15,15,15,0,0,15,0,0,0,15,0,0,0,0,0,0,0,,,,,,,,0,,0,0,0,0,0,0,0,WARN,0,2
3198,6578,baltbet-main,finished,,2021-09-24T17:00:00.000000Z,2021,15,15,,,0,15,15,15,15,0,0,15,0,0,0,15,0,0,0,0,0,0,0,,,,,,,,0,,0,0,0,0,0,0,0,WARN,0,2
3199,6585,baltbet-main,finished,,2021-09-25T13:30:00.000000Z,2021,15,15,,,0,15,15,15,15,0,0,15,0,0,0,15,0,0,0,0,0,0,0,,,,,,,,0,,0,0,0,0,0,0,0,WARN,0,2
3200,6589,baltbet-main,finished,,2021-09-26T13:00:00.000000Z,2021,15,15,,,0,15,15,15,15,0,0,15,0,0,0,15,0,0,0,0,0,0,0,,,,,,,,0,,0,0,0,0,0,0,0,WARN,0,2
3201,6593,baltbet-main,finished,,2021-09-27T16:00:00.000000Z,2021,15,15,,,0,15,15,15,15,0,0,15,0,0,0,15,0,0,0,0,0,0,0,,,,,,,,0,,0,0,0,0,0,0,0,WARN,0,2
3202,6599,baltbet-main,finished,,2021-09-28T18:45:00.000000Z,2021,15,15,,,0,15,15,15,15,0,0,15,0,0,0,15,0,0,0,0,0,0,0,,,,,,,,0,,0,0,0,0,0,0,0,WARN,0,2
3203,6605,baltbet-main,finished,,2021-09-29T17:00:00.000000Z,2021,15,15,,,0,15,15,15,15,0,0,15,0,0,0,15,0,0,0,0,0,0,0,,,,,,,,0,,0,0,0,0,0,0,0,WARN,0,2
3204,6610,baltbet-main,finished,,2021-09-30T15:30:00.000000Z,2021,15,15,,,0,15,15,0,15,0,0,15,0,0,0,15,0,0,0,0,0,0,0,,,,,,,,0,,0,0,0,0,0,0,0,FAIL,1,2
3205,6613,baltbet-main,finished,,2021-10-01T17:00:00.000000Z,2021,15,15,,,0,15,15,15,15,0,0,15,0,0,0,15,0,0,0,0,0,0,0,,,,,,,,0,,0,0,0,0,0,0,0,WARN,0,2
3206,6619,baltbet-main,finished,,2021-10-02T13:30:00.000000Z,2021,15,15,,,0,15,15,15,15,0,0,15,0,0,0,15,0,0,0,0,0,0,0,,,,,,,,0,,0,0,0,0,0,0,0,WARN,0,2
3207,6622,baltbet-main,finished,,2021-10-03T15:00:00.000000Z,2021,15,15,,,0,15,15,15,15,0,0,15,0,0,0,15,0,0,0,0,0,0,0,,,,,,,,0,,0,0,0,0,0,0,0,WARN,0,2
3208,6629,baltbet-main,finished,,2021-10-04T17:00:00.000000Z,2021,15,15,,,0,15,15,15,15,0,0,15,0,0,0,15,0,0,0,0,0,0,0,,,,,,,,0,,0,0,0,0,0,0,0,WARN,0,2
3209,6634,baltbet-main,finished,,2021-10-05T18:00:00.000000Z,2021,15,15,,,0,15,15,15,15,0,0,14,0,1,0,14,0,0,0,0,0,0,0,,,,,,,,0,,0,0,0,0,0,0,0,FAIL,1,2
3210,6639,baltbet-main,finished,,2021-10-06T17:00:00.000000Z,2021,15,15,,,0,15,15,15,15,0,0,15,0,0,0,15,0,0,0,0,0,0,0,,,,,,,,0,,0,0,0,0,0,0,0,WARN,0,2
3211,6641,baltbet-main,finished,,2021-10-07T16:00:00.000000Z,2021,15,15,,,0,15,15,0,15,0,0,14,0,1,0,14,0,0,0,0,0,0,0,,,,,,,,0,,0,0,0,0,0,0,0,FAIL,2,2
3212,6647,baltbet-main,finished,,2021-10-08T17:00:00.000000Z,2021,15,15,,,0,15,15,15,15,0,0,15,0,0,0,15,0,0,0,0,0,0,0,,,,,,,,0,,0,0,0,0,0,0,0,WARN,0,2
3213,6651,baltbet-main,finished,,2021-10-09T14:00:00.000000Z,2021,15,15,,,0,15,15,15,15,0,0,15,0,0,0,15,0,0,0,0,0,0,0,,,,,,,,0,,0,0,0,0,0,0,0,WARN,0,2
3214,6656,baltbet-main,finished,,2021-10-10T15:30:00.000000Z,2021,15,15,,,0,15,15,15,15,0,0,15,0,0,0,15,0,0,0,0,0,0,0,,,,,,,,0,,0,0,0,0,0,0,0,WARN,0,2
3215,6662,baltbet-main,finished,,2021-10-11T16:30:00.000000Z,2021,15,15,,,0,15,15,15,15,0,0,15,0,0,0,15,0,0,0,0,0,0,0,,,,,,,,0,,0,0,0,0,0,0,0,WARN,0,2
3216,6666,baltbet-main,finished,,2021-10-12T16:00:00.000000Z,2021,15,15,,,0,15,15,0,15,0,0,14,0,1,0,14,0,0,0,0,0,0,0,,,,,,,,0,,0,0,0,0,0,0,0,FAIL,2,2
3217,6670,baltbet-main,finished,,2021-10-13T14:55:00.000000Z,2021,15,15,,,0,15,15,15,15,0,0,15,0,0,0,15,0,0,0,0,0,0,0,,,,,,,,0,,0,0,0,0,0,0,0,WARN,0,2
3218,6673,baltbet-main,finished,,2021-10-14T14:00:00.000000Z,2021,15,15,,,0,15,15,15,15,0,0,15,0,0,0,15,0,0,0,0,0,0,0,,,,,,,,0,,0,0,0,0,0,0,0,WARN,0,2
3219,6678,baltbet-main,finished,,2021-10-15T16:00:00.000000Z,2021,15,15,,,0,15,15,15,15,0,0,15,0,0,0,15,0,0,0,0,0,0,0,,,,,,,,0,,0,0,0,0,0,0,0,WARN,0,2
3220,6682,baltbet-main,finished,,2021-10-16T13:30:00.000000Z,2021,15,15,,,0,15,15,15,15,0,0,15,0,0,0,15,0,0,0,0,0,0,0,,,,,,,,0,,0,0,0,0,0,0,0,WARN,0,2
3221,6685,baltbet-main,finished,,2021-10-17T13:00:00.000000Z,2021,15,15,,,0,15,15,15,15,0,0,15,0,0,0,15,0,0,0,0,0,0,0,,,,,,,,0,,0,0,0,0,0,0,0,WARN,0,2
3222,6690,baltbet-main,finished,,2021-10-18T16:00:00.000000Z,2021,15,15,,,0,15,15,15,15,0,0,15,0,0,0,15,0,0,0,0,0,0,0,,,,,,,,0,,0,0,0,0,0,0,0,WARN,0,2
3223,6696,baltbet-main,finished,,2021-10-19T16:45:00.000000Z,2021,15,15,,,0,15,15,15,15,0,0,15,0,0,0,15,0,0,0,0,0,0,0,,,,,,,,0,,0,0,0,0,0,0,0,WARN,0,2
3224,6702,baltbet-main,finished,,2021-10-20T16:45:00.000000Z,2021,15,15,,,0,15,15,15,15,0,0,15,0,0,0,15,0,0,0,0,0,0,0,,,,,,,,0,,0,0,0,0,0,0,0,WARN,0,2
3225,6707,baltbet-main,finished,,2021-10-21T16:45:00.000000Z,2021,15,15,,,0,15,15,15,15,0,0,15,0,0,0,15,0,0,0,0,0,0,0,,,,,,,,0,,0,0,0,0,0,0,0,WARN,0,2
3226,6713,baltbet-main,finished,,2021-10-22T16:30:00.000000Z,2021,15,15,,,0,15,15,15,15,0,0,15,0,0,0,15,0,0,0,0,0,0,0,,,,,,,,0,,0,0,0,0,0,0,0,WARN,0,2
3227,6719,baltbet-main,finished,,2021-10-23T14:00:00.000000Z,2021,15,15,,,0,15,15,15,15,0,0,15,0,0,0,15,0,0,0,0,0,0,0,,,,,,,,0,,0,0,0,0,0,0,0,WARN,0,2
3228,6721,baltbet-main,finished,,2021-10-24T13:00:00.000000Z,2021,15,15,,,0,15,15,15,15,0,0,15,0,0,0,15,0,0,0,0,0,0,0,,,,,,,,0,,0,0,0,0,0,0,0,WARN,0,2
3229,6725,baltbet-main,finished,,2021-10-25T15:30:00.000000Z,2021,15,15,,,0,15,15,15,15,0,0,15,0,0,0,15,0,0,0,0,0,0,0,,,,,,,,0,,0,0,0,0,0,0,0,WARN,0,2
3230,6731,baltbet-main,finished,,2021-10-26T16:00:00.000000Z,2021,15,15,,,0,15,15,15,15,0,0,15,0,0,0,15,0,0,0,0,0,0,0,,,,,,,,0,,0,0,0,0,0,0,0,WARN,0,2
3231,6737,baltbet-main,finished,,2021-10-27T16:00:00.000000Z,2021,15,15,,,0,15,15,15,15,0,0,15,0,0,0,15,0,0,0,0,0,0,0,,,,,,,,0,,0,0,0,0,0,0,0,WARN,0,2
3232,6742,baltbet-main,finished,,2021-10-28T16:00:00.000000Z,2021,15,15,,,0,15,15,15,15,0,0,15,0,0,0,15,0,0,0,0,0,0,0,,,,,,,,0,,0,0,0,0,0,0,0,WARN,0,2
3233,6745,baltbet-main,finished,,2021-10-29T16:00:00.000000Z,2021,15,15,,,0,15,15,0,15,0,0,15,0,0,0,15,0,0,0,0,0,0,0,,,,,,,,0,,0,0,0,0,0,0,0,FAIL,1,2
3234,6752,baltbet-main,finished,,2021-10-30T14:00:00.000000Z,2021,15,15,,,0,15,15,15,15,0,0,15,0,0,0,15,0,0,0,0,0,0,0,,,,,,,,0,,0,0,0,0,0,0,0,WARN,0,2
3235,6755,baltbet-main,finished,,2021-10-31T14:00:00.000000Z,2021,15,15,,,0,15,15,15,15,0,0,15,0,0,0,15,0,0,0,0,0,0,0,,,,,,,,0,,0,0,0,0,0,0,0,WARN,0,2
3236,6761,baltbet-main,finished,,2021-11-01T16:30:00.000000Z,2021,15,15,,,0,15,15,15,15,0,0,14,0,1,0,14,0,0,0,0,0,0,0,,,,,,,,0,,0,0,0,0,0,0,0,FAIL,1,2
3237,6766,baltbet-main,finished,,2021-11-02T17:45:00.000000Z,2021,15,15,,,0,15,15,15,15,0,0,15,0,0,0,15,0,0,0,0,0,0,0,,,,,,,,0,,0,0,0,0,0,0,0,WARN,0,2
3238,6771,baltbet-main,finished,,2021-11-03T16:00:00.000000Z,2021,15,15,,,0,15,15,15,15,0,0,15,0,0,0,15,0,0,0,0,0,0,0,,,,,,,,0,,0,0,0,0,0,0,0,WARN,0,2
3239,6775,baltbet-main,finished,,2021-11-04T15:30:00.000000Z,2021,15,15,,,0,15,15,15,15,0,0,15,0,0,0,15,0,0,0,0,0,0,0,,,,,,,,0,,0,0,0,0,0,0,0,WARN,0,2
3240,6779,baltbet-main,finished,,2021-11-05T15:30:00.000000Z,2021,15,15,,,0,15,15,15,15,0,0,15,0,0,0,15,0,0,0,0,0,0,0,,,,,,,,0,,0,0,0,0,0,0,0,WARN,0,2
3241,6783,baltbet-main,finished,,2021-11-06T13:30:00.000000Z,2021,15,15,,,0,15,15,15,15,0,0,15,0,0,0,15,0,0,0,0,0,0,0,,,,,,,,0,,0,0,0,0,0,0,0,WARN,0,2
3242,6791,baltbet-main,finished,,2021-11-07T13:30:00.000000Z,2021,15,15,,,0,15,15,15,15,0,0,15,0,0,0,15,0,0,0,0,0,0,0,,,,,,,,0,,0,0,0,0,0,0,0,WARN,0,2
3243,6794,baltbet-main,finished,,2021-11-08T16:30:00.000000Z,2021,15,15,,,0,15,15,15,15,0,0,14,0,1,0,14,0,0,0,0,0,0,0,,,,,,,,0,,0,0,0,0,0,0,0,FAIL,1,2
3244,6800,baltbet-main,finished,,2021-11-09T19:00:00.000000Z,2021,15,15,,,0,15,15,15,15,0,0,15,0,0,0,15,0,0,0,0,0,0,0,,,,,,,,0,,0,0,0,0,0,0,0,WARN,0,2
3245,6804,baltbet-main,finished,,2021-11-10T18:30:00.000000Z,2021,15,15,,,0,15,15,0,15,0,0,15,0,0,0,15,0,0,0,0,0,0,0,,,,,,,,0,,0,0,0,0,0,0,0,FAIL,1,2
3246,6811,baltbet-main,finished,,2021-11-11T15:00:00.000000Z,2021,15,15,,,0,15,15,15,15,0,0,15,0,0,0,15,0,0,0,0,0,0,0,,,,,,,,0,,0,0,0,0,0,0,0,WARN,0,2
3247,6812,baltbet-main,finished,,2021-11-12T17:00:00.000000Z,2021,15,15,,,0,15,15,15,15,0,0,15,0,0,0,15,0,0,0,0,0,0,0,,,,,,,,0,,0,0,0,0,0,0,0,WARN,0,2
3248,6816,baltbet-main,finished,,2021-11-13T15:00:00.000000Z,2021,15,15,,,0,15,15,15,15,0,0,15,0,0,0,15,0,0,0,0,0,0,0,,,,,,,,0,,0,0,0,0,0,0,0,WARN,0,2
3249,6820,baltbet-main,finished,,2021-11-14T16:00:00.000000Z,2021,15,15,,,0,15,15,15,15,0,0,15,0,0,0,15,0,0,0,0,0,0,0,,,,,,,,0,,0,0,0,0,0,0,0,WARN,0,2
3250,6827,baltbet-main,finished,,2021-11-15T16:30:00.000000Z,2021,15,15,,,0,15,15,15,15,0,0,15,0,0,0,15,0,0,0,0,0,0,0,,,,,,,,0,,0,0,0,0,0,0,0,WARN,0,2
3251,6831,baltbet-main,finished,,2021-11-16T17:00:00.000000Z,2021,15,15,,,0,15,15,0,15,0,0,15,0,0,0,15,0,0,0,0,0,0,0,,,,,,,,0,,0,0,0,0,0,0,0,FAIL,1,2
3252,6836,baltbet-main,finished,,2021-11-17T14:00:00.000000Z,2021,15,15,,,0,15,15,15,15,0,0,15,0,0,0,15,0,0,0,0,0,0,0,,,,,,,,0,,0,0,0,0,0,0,0,WARN,0,2
3253,6839,baltbet-main,finished,,2021-11-18T18:00:00.000000Z,2021,15,15,,,0,15,15,15,15,0,0,15,0,0,0,15,0,0,0,0,0,0,0,,,,,,,,0,,0,0,0,0,0,0,0,WARN,0,2
3254,6844,baltbet-main,finished,,2021-11-19T17:30:00.000000Z,2021,15,15,,,0,15,15,15,15,0,0,15,0,0,0,15,0,0,0,0,0,0,0,,,,,,,,0,,0,0,0,0,0,0,0,WARN,0,2
3255,6847,baltbet-main,finished,,2021-11-20T15:00:00.000000Z,2021,15,15,,,0,15,15,15,15,0,0,15,0,0,0,15,0,0,0,0,0,0,0,,,,,,,,0,,0,0,0,0,0,0,0,WARN,0,2
3256,6852,baltbet-main,finished,,2021-11-21T14:00:00.000000Z,2021,15,15,,,0,15,15,15,15,0,0,15,0,0,0,15,0,0,0,0,0,0,0,,,,,,,,0,,0,0,0,0,0,0,0,WARN,0,2
3257,6856,baltbet-main,finished,,2021-11-22T15:30:00.000000Z,2021,15,15,,,0,15,15,15,15,0,0,15,0,0,0,15,0,0,0,0,0,0,0,,,,,,,,0,,0,0,0,0,0,0,0,WARN,0,2
3258,6860,baltbet-main,finished,,2021-11-23T17:45:00.000000Z,2021,15,15,,,0,15,15,15,15,0,0,15,0,0,0,15,0,0,0,0,0,0,0,,,,,,,,0,,0,0,0,0,0,0,0,WARN,0,2
3259,6866,baltbet-main,finished,,2021-11-24T17:15:00.000000Z,2021,15,15,,,0,15,15,15,15,0,0,15,0,0,0,15,0,0,0,0,0,0,0,,,,,,,,0,,0,0,0,0,0,0,0,WARN,0,2
3260,6873,baltbet-main,finished,,2021-11-25T17:15:00.000000Z,2021,15,15,,,0,15,15,15,15,0,0,15,0,0,0,15,0,0,0,0,0,0,0,,,,,,,,0,,0,0,0,0,0,0,0,WARN,0,2
3261,6878,baltbet-main,finished,,2021-11-26T17:00:00.000000Z,2021,15,15,,,0,15,15,15,15,0,0,15,0,0,0,15,0,0,0,0,0,0,0,,,,,,,,0,,0,0,0,0,0,0,0,WARN,0,2
3262,6882,baltbet-main,finished,,2021-11-27T14:00:00.000000Z,2021,15,15,,,0,15,15,15,15,0,0,15,0,0,0,15,0,0,0,0,0,0,0,,,,,,,,0,,0,0,0,0,0,0,0,WARN,0,2
3263,6885,baltbet-main,finished,,2021-11-28T14:00:00.000000Z,2021,15,15,,,0,15,15,15,15,0,0,15,0,0,0,15,0,0,0,0,0,0,0,,,,,,,,0,,0,0,0,0,0,0,0,WARN,0,2
3264,6889,baltbet-main,finished,,2021-11-29T14:00:00.000000Z,2021,15,15,,,0,15,15,0,15,0,0,14,0,1,0,14,0,0,0,0,0,0,0,,,,,,,,0,,0,0,0,0,0,0,0,FAIL,2,2
3265,6894,baltbet-main,finished,,2021-11-30T17:00:00.000000Z,2021,15,15,,,0,15,15,15,15,0,0,14,0,1,0,14,0,0,0,0,0,0,0,,,,,,,,0,,0,0,0,0,0,0,0,FAIL,1,2
3266,6902,baltbet-main,finished,,2021-12-01T16:15:00.000000Z,2021,15,15,,,0,15,15,15,15,0,0,15,0,0,0,15,0,0,0,0,0,0,0,,,,,,,,0,,0,0,0,0,0,0,0,WARN,0,2
3267,6906,baltbet-main,finished,,2021-12-02T16:30:00.000000Z,2021,15,15,,,0,15,15,0,15,0,0,15,0,0,0,15,0,0,0,0,0,0,0,,,,,,,,0,,0,0,0,0,0,0,0,FAIL,1,2
3268,6913,baltbet-main,finished,,2021-12-03T17:00:00.000000Z,2021,15,15,,,0,15,15,15,15,0,0,15,0,0,0,15,0,0,0,0,0,0,0,,,,,,,,0,,0,0,0,0,0,0,0,WARN,0,2
3269,6918,baltbet-main,finished,,2021-12-04T14:30:00.000000Z,2021,15,15,,,0,15,15,15,15,0,0,15,0,0,0,15,0,0,0,0,0,0,0,,,,,,,,0,,0,0,0,0,0,0,0,WARN,0,2
3270,6922,baltbet-main,finished,,2021-12-05T14:00:00.000000Z,2021,15,15,,,0,15,15,15,15,0,0,15,0,0,0,15,0,0,0,0,0,0,0,,,,,,,,0,,0,0,0,0,0,0,0,WARN,0,2
3271,6926,baltbet-main,finished,,2021-12-06T15:00:00.000000Z,2021,15,15,,,0,15,15,15,15,0,0,15,0,0,0,15,0,0,0,0,0,0,0,,,,,,,,0,,0,0,0,0,0,0,0,WARN,0,2
3272,6929,baltbet-main,finished,,2021-12-07T17:00:00.000000Z,2021,15,15,,,0,15,15,15,15,0,0,15,0,0,0,15,0,0,0,0,0,0,0,,,,,,,,0,,0,0,0,0,0,0,0,WARN,0,2
3273,6936,baltbet-main,finished,,2021-12-08T15:00:00.000000Z,2021,15,15,,,0,15,15,15,15,0,0,14,0,1,0,14,0,0,0,0,0,0,0,,,,,,,,0,,0,0,0,0,0,0,0,FAIL,1,2
3274,6940,baltbet-main,finished,,2021-12-09T16:00:00.000000Z,2021,15,15,,,0,15,15,15,15,0,0,15,0,0,0,15,0,0,0,0,0,0,0,,,,,,,,0,,0,0,0,0,0,0,0,WARN,0,2
3275,6946,baltbet-main,finished,,2021-12-10T17:00:00.000000Z,2021,15,15,,,0,15,15,15,15,0,0,15,0,0,0,15,0,0,0,0,0,0,0,,,,,,,,0,,0,0,0,0,0,0,0,WARN,0,2
3276,6950,baltbet-main,finished,,2021-12-11T14:30:00.000000Z,2021,15,15,,,0,15,15,15,15,0,0,15,0,0,0,15,0,0,0,0,0,0,0,,,,,,,,0,,0,0,0,0,0,0,0,WARN,0,2
3277,6955,baltbet-main,finished,,2021-12-12T14:00:00.000000Z,2021,15,15,,,0,15,15,15,15,0,0,15,0,0,0,15,0,0,0,0,0,0,0,,,,,,,,0,,0,0,0,0,0,0,0,WARN,0,2
3278,6960,baltbet-main,finished,,2021-12-13T15:45:00.000000Z,2021,15,15,,,0,15,15,15,15,0,0,15,0,0,0,15,0,0,0,0,0,0,0,,,,,,,,0,,0,0,0,0,0,0,0,WARN,0,2
3279,6967,baltbet-main,finished,,2021-12-14T17:30:00.000000Z,2021,15,15,,,0,15,15,15,15,0,0,14,0,1,0,14,0,0,0,0,0,0,0,,,,,,,,0,,0,0,0,0,0,0,0,FAIL,1,2
3280,6970,baltbet-main,finished,,2021-12-15T15:00:00.000000Z,2021,15,15,,,0,15,15,15,15,0,0,13,0,2,0,13,0,0,0,0,0,0,0,,,,,,,,0,,0,0,0,0,0,0,0,FAIL,1,2
3281,6975,baltbet-main,finished,,2021-12-16T14:00:00.000000Z,2021,15,15,,,0,15,15,15,15,0,0,15,0,0,0,15,0,0,0,0,0,0,0,,,,,,,,0,,0,0,0,0,0,0,0,WARN,0,2
3282,6980,baltbet-main,finished,,2021-12-17T15:00:00.000000Z,2021,15,15,,,0,15,15,15,15,0,0,15,0,0,0,15,0,0,0,0,0,0,0,,,,,,,,0,,0,0,0,0,0,0,0,WARN,0,2
3283,6984,baltbet-main,finished,,2021-12-18T14:30:00.000000Z,2021,15,15,,,0,15,15,15,15,0,0,15,0,0,0,15,0,0,0,0,0,0,0,,,,,,,,0,,0,0,0,0,0,0,0,WARN,0,2
3284,6990,baltbet-main,finished,,2021-12-19T14:00:00.000000Z,2021,15,15,,,0,15,15,15,15,0,0,15,0,0,0,15,0,0,0,0,0,0,0,,,,,,,,0,,0,0,0,0,0,0,0,WARN,0,2
3285,6995,baltbet-main,finished,,2021-12-20T14:30:00.000000Z,2021,15,15,,,0,15,15,15,15,0,0,13,0,2,0,13,0,0,0,0,0,0,0,,,,,,,,0,,0,0,0,0,0,0,0,FAIL,1,2
3286,7000,baltbet-main,finished,,2021-12-21T17:00:00.000000Z,2021,15,15,,,0,15,15,15,15,0,0,15,0,0,0,15,0,0,0,0,0,0,0,,,,,,,,0,,0,0,0,0,0,0,0,WARN,0,2
3287,7007,baltbet-main,finished,,2021-12-22T17:00:00.000000Z,2021,15,15,,,0,15,15,0,15,0,0,14,0,1,0,14,0,0,0,0,0,0,0,,,,,,,,0,,0,0,0,0,0,0,0,FAIL,2,2
3288,7011,baltbet-main,finished,,2021-12-23T14:00:00.000000Z,2021,15,15,,,0,15,15,15,15,0,0,15,0,0,0,15,0,0,0,0,0,0,0,,,,,,,,0,,0,0,0,0,0,0,0,WARN,0,2
3289,7014,baltbet-main,finished,,2021-12-24T13:00:00.000000Z,2021,15,15,,,0,15,15,15,15,0,0,15,0,0,0,15,0,0,0,0,0,0,0,,,,,,,,0,,0,0,0,0,0,0,0,WARN,0,2
3290,7019,baltbet-main,finished,,2021-12-25T13:00:00.000000Z,2021,15,15,,,0,15,15,15,15,0,0,15,0,0,0,15,0,0,0,0,0,0,0,,,,,,,,0,,0,0,0,0,0,0,0,WARN,0,2
3291,7022,baltbet-main,finished,,2021-12-26T15:00:00.000000Z,2021,15,15,,,0,15,15,15,15,0,0,10,0,5,0,10,0,0,0,0,0,0,0,,,,,,,,0,,0,0,0,0,0,0,0,FAIL,1,2
3292,7028,baltbet-main,finished,,2021-12-27T15:00:00.000000Z,2021,15,15,,,0,15,15,15,15,0,0,0,0,15,0,0,0,0,0,0,0,0,0,,,,,,,,0,,0,0,0,0,0,0,0,FAIL,1,2
3293,7032,baltbet-main,finished,,2021-12-28T15:00:00.000000Z,2021,15,15,,,0,15,15,15,15,0,0,14,0,1,0,14,0,0,0,0,0,0,0,,,,,,,,0,,0,0,0,0,0,0,0,FAIL,1,2
3294,7036,baltbet-main,finished,,2021-12-29T14:35:00.000000Z,2021,15,15,,,0,15,15,15,15,0,0,13,0,2,0,13,0,0,0,0,0,0,0,,,,,,,,0,,0,0,0,0,0,0,0,FAIL,1,2
3295,7040,baltbet-main,finished,,2021-12-30T14:00:00.000000Z,2021,15,15,,,0,15,15,15,15,0,0,14,0,1,0,14,0,0,0,0,0,0,0,,,,,,,,0,,0,0,0,0,0,0,0,FAIL,1,2
3296,7044,baltbet-main,finished,,2021-12-31T13:00:00.000000Z,2021,15,15,,,0,15,15,15,15,0,0,14,0,1,0,14,0,0,0,0,0,0,0,,,,,,,,0,,0,0,0,0,0,0,0,FAIL,1,2
3297,7046,baltbet-main,finished,,2022-01-01T15:00:00.000000Z,2022,15,15,,,0,15,15,15,15,0,0,14,0,1,0,14,0,0,0,0,0,0,0,,,,,,,,0,,0,0,0,0,0,0,0,FAIL,1,2
3298,7049,baltbet-main,finished,,2022-01-02T14:00:00.000000Z,2022,15,15,,,0,15,15,15,15,0,0,14,0,1,0,14,0,0,0,0,0,0,0,,,,,,,,0,,0,0,0,0,0,0,0,FAIL,1,2
3299,7054,baltbet-main,finished,,2022-01-03T12:45:00.000000Z,2022,15,15,,,0,15,15,15,15,0,0,15,0,0,0,15,0,0,0,0,0,0,0,,,,,,,,0,,0,0,0,0,0,0,0,WARN,0,2
3300,7058,baltbet-main,finished,,2022-01-04T13:00:00.000000Z,2022,15,15,,,0,15,15,15,15,0,0,14,0,1,0,14,0,0,0,0,0,0,0,,,,,,,,0,,0,0,0,0,0,0,0,FAIL,1,2
3301,7062,baltbet-main,finished,,2022-01-05T13:45:00.000000Z,2022,15,15,,,0,15,15,15,15,0,0,12,0,3,0,12,0,0,0,0,0,0,0,,,,,,,,0,,0,0,0,0,0,0,0,FAIL,1,2
3302,7066,baltbet-main,finished,,2022-01-06T13:30:00.000000Z,2022,15,15,,,0,15,15,15,15,0,0,15,0,0,0,15,0,0,0,0,0,0,0,,,,,,,,0,,0,0,0,0,0,0,0,WARN,0,2
3303,7070,baltbet-main,finished,,2022-01-07T15:00:00.000000Z,2022,15,15,,,0,15,15,15,15,0,0,13,0,2,0,13,0,0,0,0,0,0,0,,,,,,,,0,,0,0,0,0,0,0,0,FAIL,1,2
3304,7076,baltbet-main,finished,,2022-01-08T15:00:00.000000Z,2022,15,15,,,0,15,15,15,15,0,0,14,0,1,0,14,0,0,0,0,0,0,0,,,,,,,,0,,0,0,0,0,0,0,0,FAIL,1,2
3305,7079,baltbet-main,finished,,2022-01-09T14:00:00.000000Z,2022,15,15,,,0,15,15,15,15,0,0,15,0,0,0,15,0,0,0,0,0,0,0,,,,,,,,0,,0,0,0,0,0,0,0,WARN,0,2
3306,7084,baltbet-main,finished,,2022-01-10T14:40:00.000000Z,2022,15,15,,,0,15,15,15,15,0,0,15,0,0,0,15,0,0,0,0,0,0,0,,,,,,,,0,,0,0,0,0,0,0,0,WARN,0,2
3307,7087,baltbet-main,finished,,2022-01-11T14:40:00.000000Z,2022,15,15,,,0,15,15,15,15,0,0,15,0,0,0,15,0,0,0,0,0,0,0,,,,,,,,0,,0,0,0,0,0,0,0,WARN,0,2
3308,7092,baltbet-main,finished,,2022-01-12T15:15:00.000000Z,2022,15,15,,,0,15,15,15,15,0,0,13,0,2,0,13,0,0,0,0,0,0,0,,,,,,,,0,,0,0,0,0,0,0,0,FAIL,1,2
3309,7100,baltbet-main,finished,,2022-01-13T13:45:00.000000Z,2022,15,15,,,0,15,15,15,15,0,0,12,0,3,0,12,0,0,0,0,0,0,0,,,,,,,,0,,0,0,0,0,0,0,0,FAIL,1,2
3310,7101,baltbet-main,finished,,2022-01-14T15:00:00.000000Z,2022,15,15,,,0,15,15,15,15,0,0,14,0,1,0,14,0,0,0,0,0,0,0,,,,,,,,0,,0,0,0,0,0,0,0,FAIL,1,2
3311,7107,baltbet-main,finished,,2022-01-15T12:30:00.000000Z,2022,15,15,,,0,15,15,15,15,0,0,14,0,1,0,14,0,0,0,0,0,0,0,,,,,,,,0,,0,0,0,0,0,0,0,FAIL,1,2
3312,7108,baltbet-main,finished,,2022-01-16T14:00:00.000000Z,2022,15,15,,,0,15,15,15,15,0,0,14,0,1,0,14,0,0,0,0,0,0,0,,,,,,,,0,,0,0,0,0,0,0,0,FAIL,1,2
3313,7116,baltbet-main,finished,,2022-01-17T13:20:00.000000Z,2022,15,15,,,0,15,15,15,15,0,0,14,0,1,0,14,0,0,0,0,0,0,0,,,,,,,,0,,0,0,0,0,0,0,0,FAIL,1,2
3314,7119,baltbet-main,finished,,2022-01-18T17:00:00.000000Z,2022,15,15,,,0,15,15,15,15,0,0,14,0,1,0,14,0,0,0,0,0,0,0,,,,,,,,0,,0,0,0,0,0,0,0,FAIL,1,2
3315,7124,baltbet-main,finished,,2022-01-19T14:00:00.000000Z,2022,15,15,,,0,15,15,15,15,0,0,14,0,1,0,14,0,0,0,0,0,0,0,,,,,,,,0,,0,0,0,0,0,0,0,FAIL,1,2
3316,7128,baltbet-main,finished,,2022-01-20T14:00:00.000000Z,2022,15,15,,,0,15,15,15,15,0,0,14,0,1,0,14,0,0,0,0,0,0,0,,,,,,,,0,,0,0,0,0,0,0,0,FAIL,1,2
3317,7133,baltbet-main,finished,,2022-01-21T16:00:00.000000Z,2022,15,15,,,0,15,15,15,15,0,0,15,0,0,0,15,0,0,0,0,0,0,0,,,,,,,,0,,0,0,0,0,0,0,0,WARN,0,2
3318,7139,baltbet-main,finished,,2022-01-22T14:00:00.000000Z,2022,15,15,,,0,15,15,15,15,0,0,15,0,0,0,15,0,0,0,0,0,0,0,,,,,,,,0,,0,0,0,0,0,0,0,WARN,0,2
3319,7143,baltbet-main,finished,,2022-01-23T14:00:00.000000Z,2022,15,15,,,0,15,15,15,15,0,0,15,0,0,0,15,0,0,0,0,0,0,0,,,,,,,,0,,0,0,0,0,0,0,0,WARN,0,2
3320,7149,baltbet-main,finished,,2022-01-24T15:30:00.000000Z,2022,15,15,,,0,15,15,15,15,0,0,15,0,0,0,15,0,0,0,0,0,0,0,,,,,,,,0,,0,0,0,0,0,0,0,WARN,0,2
3321,7152,baltbet-main,finished,,2022-01-25T18:00:00.000000Z,2022,15,15,,,0,15,15,15,15,0,0,14,0,1,0,14,0,0,0,0,0,0,0,,,,,,,,0,,0,0,0,0,0,0,0,FAIL,1,2
3322,7157,baltbet-main,finished,,2022-01-26T17:45:00.000000Z,2022,15,15,,,0,15,15,15,15,0,0,15,0,0,0,15,0,0,0,0,0,0,0,,,,,,,,0,,0,0,0,0,0,0,0,WARN,0,2
3323,7164,baltbet-main,finished,,2022-01-27T15:00:00.000000Z,2022,15,15,,,0,15,15,15,15,0,0,15,0,0,0,15,0,0,0,0,0,0,0,,,,,,,,0,,0,0,0,0,0,0,0,WARN,0,2
3324,7167,baltbet-main,finished,,2022-01-28T17:00:00.000000Z,2022,15,15,,,0,15,15,15,15,0,0,15,0,0,0,15,0,0,0,0,0,0,0,,,,,,,,0,,0,0,0,0,0,0,0,WARN,0,2
3325,7173,baltbet-main,finished,,2022-01-29T15:00:00.000000Z,2022,15,15,,,0,15,15,15,15,0,0,14,0,1,0,14,0,0,0,0,0,0,0,,,,,,,,0,,0,0,0,0,0,0,0,FAIL,1,2
3326,7176,baltbet-main,finished,,2022-01-30T15:00:00.000000Z,2022,15,15,,,0,15,15,15,15,0,0,15,0,0,0,15,0,0,0,0,0,0,0,,,,,,,,0,,0,0,0,0,0,0,0,WARN,0,2
3327,7183,baltbet-main,finished,,2022-01-31T15:00:00.000000Z,2022,15,15,,,0,15,15,0,15,0,0,15,0,0,0,15,0,0,0,0,0,0,0,,,,,,,,0,,0,0,0,0,0,0,0,FAIL,1,2
3328,7186,baltbet-main,finished,,2022-02-01T17:00:00.000000Z,2022,15,15,,,0,15,15,15,15,0,0,15,0,0,0,15,0,0,0,0,0,0,0,,,,,,,,0,,0,0,0,0,0,0,0,WARN,0,2
3329,7189,baltbet-main,finished,,2022-02-02T15:15:00.000000Z,2022,15,15,,,0,15,15,15,15,0,0,15,0,0,0,15,0,0,0,0,0,0,0,,,,,,,,0,,0,0,0,0,0,0,0,WARN,0,2
3330,7193,baltbet-main,finished,,2022-02-03T14:00:00.000000Z,2022,15,15,,,0,15,15,15,15,0,0,14,0,1,0,14,0,0,0,0,0,0,0,,,,,,,,0,,0,0,0,0,0,0,0,FAIL,1,2
3331,7199,baltbet-main,finished,,2022-02-04T15:30:00.000000Z,2022,15,15,,,0,15,15,15,15,0,0,15,0,0,0,15,0,0,0,0,0,0,0,,,,,,,,0,,0,0,0,0,0,0,0,WARN,0,2
3332,7202,baltbet-main,finished,,2022-02-05T14:30:00.000000Z,2022,15,15,,,0,15,15,15,15,0,0,15,0,0,0,15,0,0,0,0,0,0,0,,,,,,,,0,,0,0,0,0,0,0,0,WARN,0,2
3333,7207,baltbet-main,finished,,2022-02-06T14:00:00.000000Z,2022,15,15,,,0,15,15,15,15,0,0,15,0,0,0,15,0,0,0,0,0,0,0,,,,,,,,0,,0,0,0,0,0,0,0,WARN,0,2
3334,7214,baltbet-main,finished,,2022-02-07T15:05:00.000000Z,2022,15,15,,,0,15,15,15,15,0,0,15,0,0,0,15,0,0,0,0,0,0,0,,,,,,,,0,,0,0,0,0,0,0,0,WARN,0,2
3335,7218,baltbet-main,finished,,2022-02-08T15:30:00.000000Z,2022,15,15,,,0,15,15,15,15,0,0,15,0,0,0,15,0,0,0,0,0,0,0,,,,,,,,0,,0,0,0,0,0,0,0,WARN,0,2
3336,7221,baltbet-main,finished,,2022-02-09T15:30:00.000000Z,2022,15,15,,,0,15,15,15,15,0,0,15,0,0,0,15,0,0,0,0,0,0,0,,,,,,,,0,,0,0,0,0,0,0,0,WARN,0,2
3337,7227,baltbet-main,finished,,2022-02-10T14:00:00.000000Z,2022,15,15,,,0,15,15,15,15,0,0,15,0,0,0,15,0,0,0,0,0,0,0,,,,,,,,0,,0,0,0,0,0,0,0,WARN,0,2
3338,7233,baltbet-main,finished,,2022-02-11T17:00:00.000000Z,2022,15,15,,,0,15,15,15,15,0,0,15,0,0,0,15,0,0,0,0,0,0,0,,,,,,,,0,,0,0,0,0,0,0,0,WARN,0,2
3339,7237,baltbet-main,finished,,2022-02-12T14:30:00.000000Z,2022,15,15,,,0,15,15,15,15,0,0,15,0,0,0,15,0,0,0,0,0,0,0,,,,,,,,0,,0,0,0,0,0,0,0,WARN,0,2
3340,7240,baltbet-main,finished,,2022-02-13T14:00:00.000000Z,2022,15,15,,,0,15,15,15,15,0,0,15,0,0,0,15,0,0,0,0,0,0,0,,,,,,,,0,,0,0,0,0,0,0,0,WARN,0,2
3341,7246,baltbet-main,finished,,2022-02-14T15:10:00.000000Z,2022,15,15,,,0,15,15,15,15,0,0,0,0,15,0,0,0,0,0,0,0,0,0,,,,,,,,0,,0,0,0,0,0,0,0,FAIL,1,2
3342,7252,baltbet-main,finished,,2022-02-15T17:00:00.000000Z,2022,15,15,,,0,15,15,0,15,0,0,15,0,0,0,15,0,0,0,0,0,0,0,,,,,,,,0,,0,0,0,0,0,0,0,FAIL,1,2
3343,7258,baltbet-main,finished,,2022-02-16T15:00:00.000000Z,2022,15,15,,,0,15,15,15,15,0,0,15,0,0,0,15,0,0,0,0,0,0,0,,,,,,,,0,,0,0,0,0,0,0,0,WARN,0,2
3344,7260,baltbet-main,finished,,2022-02-17T15:30:00.000000Z,2022,15,15,,,0,15,15,15,15,0,0,14,0,1,0,14,0,0,0,0,0,0,0,,,,,,,,0,,0,0,0,0,0,0,0,FAIL,1,2
3345,7265,baltbet-main,finished,,2022-02-18T15:30:00.000000Z,2022,15,15,,,0,15,15,15,15,0,0,11,0,4,0,11,0,0,0,0,0,0,0,,,,,,,,0,,0,0,0,0,0,0,0,FAIL,1,2
3346,7271,baltbet-main,finished,,2022-02-19T14:00:00.000000Z,2022,15,15,,,0,15,15,15,15,0,0,15,0,0,0,15,0,0,0,0,0,0,0,,,,,,,,0,,0,0,0,0,0,0,0,WARN,0,2
3347,7274,baltbet-main,finished,,2022-02-20T14:00:00.000000Z,2022,15,15,,,0,15,15,15,15,0,0,15,0,0,0,15,0,0,0,0,0,0,0,,,,,,,,0,,0,0,0,0,0,0,0,WARN,0,2
3348,7281,baltbet-main,finished,,2022-02-21T15:30:00.000000Z,2022,15,15,,,0,15,15,15,15,0,0,15,0,0,0,15,0,0,0,0,0,0,0,,,,,,,,0,,0,0,0,0,0,0,0,WARN,0,2
3349,7284,baltbet-main,finished,,2022-02-22T17:30:00.000000Z,2022,15,15,,,0,15,15,15,15,0,0,15,0,0,0,15,0,0,0,0,0,0,0,,,,,,,,0,,0,0,0,0,0,0,0,WARN,0,2
3350,7291,baltbet-main,finished,,2022-02-23T15:30:00.000000Z,2022,15,15,,,0,15,15,15,15,0,0,6,0,9,0,6,0,0,0,0,0,0,0,,,,,,,,0,,0,0,0,0,0,0,0,FAIL,1,2
3351,7294,baltbet-main,finished,,2022-02-24T16:30:00.000000Z,2022,15,15,,,0,15,15,15,15,0,0,0,0,15,0,0,0,0,0,0,0,0,0,,,,,,,,0,,0,0,0,0,0,0,0,FAIL,1,2
3352,7301,baltbet-main,finished,,2022-02-25T17:00:00.000000Z,2022,15,15,,,0,15,15,15,15,0,0,15,0,0,0,15,0,0,0,0,0,0,0,,,,,,,,0,,0,0,0,0,0,0,0,WARN,0,2
3353,7304,baltbet-main,finished,,2022-02-26T14:30:00.000000Z,2022,15,15,,,0,15,15,15,15,0,0,15,0,0,0,15,0,0,0,0,0,0,0,,,,,,,,0,,0,0,0,0,0,0,0,WARN,0,2
3354,7309,baltbet-main,finished,,2022-02-27T14:00:00.000000Z,2022,15,15,,,0,15,15,0,15,0,0,15,0,0,0,15,0,0,0,0,0,0,0,,,,,,,,0,,0,0,0,0,0,0,0,FAIL,1,2
3355,7314,baltbet-main,finished,,2022-02-28T15:30:00.000000Z,2022,15,15,,,0,15,15,15,15,0,0,14,0,1,0,14,0,0,0,0,0,0,0,,,,,,,,0,,0,0,0,0,0,0,0,FAIL,1,2
3356,7317,baltbet-main,finished,,2022-03-01T17:55:00.000000Z,2022,15,15,,,0,15,15,15,15,0,0,14,0,1,0,14,0,0,0,0,0,0,0,,,,,,,,0,,0,0,0,0,0,0,0,FAIL,1,2
3357,7324,baltbet-main,finished,,2022-03-02T17:00:00.000000Z,2022,15,15,,,0,15,15,15,15,0,0,15,0,0,0,15,0,0,0,0,0,0,0,,,,,,,,0,,0,0,0,0,0,0,0,WARN,0,2
3358,7328,baltbet-main,finished,,2022-03-03T14:00:00.000000Z,2022,15,15,,,0,15,15,15,15,0,0,15,0,0,0,15,0,0,0,0,0,0,0,,,,,,,,0,,0,0,0,0,0,0,0,WARN,0,2
3359,7331,baltbet-main,finished,,2022-03-04T15:45:00.000000Z,2022,15,15,,,0,15,15,15,15,0,0,15,0,0,0,15,0,0,0,0,0,0,0,,,,,,,,0,,0,0,0,0,0,0,0,WARN,0,2
3360,7337,baltbet-main,finished,,2022-03-05T14:00:00.000000Z,2022,15,15,,,0,15,15,15,15,0,0,15,0,0,0,15,0,0,0,0,0,0,0,,,,,,,,0,,0,0,0,0,0,0,0,WARN,0,2
3361,7340,baltbet-main,finished,,2022-03-06T14:00:00.000000Z,2022,15,15,,,0,15,15,15,15,0,0,15,0,0,0,15,0,0,0,0,0,0,0,,,,,,,,0,,0,0,0,0,0,0,0,WARN,0,2
3362,7344,baltbet-main,finished,,2022-03-07T15:30:00.000000Z,2022,15,15,,,0,15,15,15,15,0,0,15,0,0,0,15,0,0,0,0,0,0,0,,,,,,,,0,,0,0,0,0,0,0,0,WARN,0,2
3363,7351,baltbet-main,finished,,2022-03-08T17:00:00.000000Z,2022,15,15,,,0,15,15,0,15,0,0,15,0,0,0,15,0,0,0,0,0,0,0,,,,,,,,0,,0,0,0,0,0,0,0,FAIL,1,2
3364,7356,baltbet-main,finished,,2022-03-09T15:30:00.000000Z,2022,15,15,,,0,15,15,0,15,0,0,15,0,0,0,15,0,0,0,0,0,0,0,,,,,,,,0,,0,0,0,0,0,0,0,FAIL,1,2
3365,7362,baltbet-main,finished,,2022-03-10T16:30:00.000000Z,2022,15,15,,,0,15,15,15,15,0,0,15,0,0,0,15,0,0,0,0,0,0,0,,,,,,,,0,,0,0,0,0,0,0,0,WARN,0,2
3366,7367,baltbet-main,finished,,2022-03-11T17:00:00.000000Z,2022,15,15,,,0,15,15,15,15,0,0,15,0,0,0,15,0,0,0,0,0,0,0,,,,,,,,0,,0,0,0,0,0,0,0,WARN,0,2
3367,7370,baltbet-main,finished,,2022-03-12T14:00:00.000000Z,2022,15,15,,,0,15,15,15,15,0,0,15,0,0,0,15,0,0,0,0,0,0,0,,,,,,,,0,,0,0,0,0,0,0,0,WARN,0,2
3368,7373,baltbet-main,finished,,2022-03-13T14:00:00.000000Z,2022,15,15,,,0,15,15,15,15,0,0,15,0,0,0,15,0,0,0,0,0,0,0,,,,,,,,0,,0,0,0,0,0,0,0,WARN,0,2
3369,7379,baltbet-main,finished,,2022-03-14T15:30:00.000000Z,2022,15,15,,,0,15,15,15,15,0,0,15,0,0,0,15,0,0,0,0,0,0,0,,,,,,,,0,,0,0,0,0,0,0,0,WARN,0,2
3370,7383,baltbet-main,finished,,2022-03-15T17:30:00.000000Z,2022,15,15,,,0,15,15,15,15,0,0,15,0,0,0,15,0,0,0,0,0,0,0,,,,,,,,0,,0,0,0,0,0,0,0,WARN,0,2
3371,7387,baltbet-main,finished,,2022-03-16T15:30:00.000000Z,2022,15,15,,,0,15,15,0,15,0,0,15,0,0,0,15,0,0,0,0,0,0,0,,,,,,,,0,,0,0,0,0,0,0,0,FAIL,1,2
3372,7389,baltbet-main,finished,,2022-03-17T15:45:00.000000Z,2022,15,15,,,0,15,15,15,15,0,0,15,0,0,0,15,0,0,0,0,0,0,0,,,,,,,,0,,0,0,0,0,0,0,0,WARN,0,2
3373,7390,baltbet-main,finished,,2022-03-18T15:30:00.000000Z,2022,15,15,,,0,15,15,15,15,0,0,14,0,1,0,14,0,0,0,0,0,0,0,,,,,,,,0,,0,0,0,0,0,0,0,FAIL,1,2
3374,7392,baltbet-main,finished,,2022-03-19T15:00:00.000000Z,2022,15,15,,,0,15,15,15,15,0,0,15,0,0,0,15,0,0,0,0,0,0,0,,,,,,,,0,,0,0,0,0,0,0,0,WARN,0,2
3375,7395,baltbet-main,finished,,2022-03-20T14:00:00.000000Z,2022,15,15,,,0,15,15,15,15,0,0,15,0,0,0,15,0,0,0,0,0,0,0,,,,,,,,0,,0,0,0,0,0,0,0,WARN,0,2
3376,7397,baltbet-main,finished,,2022-03-21T16:00:00.000000Z,2022,15,15,,,0,15,15,15,15,0,0,15,0,0,0,15,0,0,0,0,0,0,0,,,,,,,,0,,0,0,0,0,0,0,0,WARN,0,2
3377,7398,baltbet-main,finished,,2022-03-22T15:30:00.000000Z,2022,15,15,,,0,15,15,0,15,0,0,15,0,0,0,15,0,0,0,0,0,0,0,,,,,,,,0,,0,0,0,0,0,0,0,FAIL,1,2
3378,7401,baltbet-main,finished,,2022-03-23T13:00:00.000000Z,2022,15,15,,,0,15,15,0,15,0,0,14,0,1,0,14,0,0,0,0,0,0,0,,,,,,,,0,,0,0,0,0,0,0,0,FAIL,2,2
3379,7403,baltbet-main,finished,,2022-03-24T14:00:00.000000Z,2022,15,15,,,0,15,15,15,15,0,0,15,0,0,0,15,0,0,0,0,0,0,0,,,,,,,,0,,0,0,0,0,0,0,0,WARN,0,2
3380,7405,baltbet-main,finished,,2022-03-25T16:00:00.000000Z,2022,15,15,,,0,15,15,15,15,0,0,15,0,0,0,15,0,0,0,0,0,0,0,,,,,,,,0,,0,0,0,0,0,0,0,WARN,0,2
3381,7407,baltbet-main,finished,,2022-03-26T15:00:00.000000Z,2022,15,15,,,0,15,15,15,15,0,0,15,0,0,0,15,0,0,0,0,0,0,0,,,,,,,,0,,0,0,0,0,0,0,0,WARN,0,2
3382,7409,baltbet-main,finished,,2022-03-27T16:15:00.000000Z,2022,15,15,,,0,15,15,15,15,0,0,15,0,0,0,15,0,0,0,0,0,0,0,,,,,,,,0,,0,0,0,0,0,0,0,WARN,0,2
3383,7411,baltbet-main,finished,,2022-03-28T16:00:00.000000Z,2022,15,15,,,0,15,15,0,15,0,0,15,0,0,0,15,0,0,0,0,0,0,0,,,,,,,,0,,0,0,0,0,0,0,0,FAIL,1,2
3384,7413,baltbet-main,finished,,2022-03-29T16:00:00.000000Z,2022,15,15,,,0,15,15,15,15,0,0,15,0,0,0,15,0,0,0,0,0,0,0,,,,,,,,0,,0,0,0,0,0,0,0,WARN,0,2
3385,7415,baltbet-main,finished,,2022-03-30T15:45:00.000000Z,2022,15,15,,,0,15,15,0,15,0,0,15,0,0,0,15,0,0,0,0,0,0,0,,,,,,,,0,,0,0,0,0,0,0,0,FAIL,1,2
3386,7417,baltbet-main,finished,,2022-03-31T14:00:00.000000Z,2022,15,15,,,0,15,15,15,15,0,0,15,0,0,0,15,0,0,0,0,0,0,0,,,,,,,,0,,0,0,0,0,0,0,0,WARN,0,2
3387,7418,baltbet-main,finished,,2022-04-01T16:00:00.000000Z,2022,15,15,,,0,15,15,15,15,0,0,15,0,0,0,15,0,0,0,0,0,0,0,,,,,,,,0,,0,0,0,0,0,0,0,WARN,0,2
3388,7421,baltbet-main,finished,,2022-04-02T13:30:00.000000Z,2022,15,15,,,0,15,15,15,15,0,0,15,0,0,0,15,0,0,0,0,0,0,0,,,,,,,,0,,0,0,0,0,0,0,0,WARN,0,2
3389,7424,baltbet-main,finished,,2022-04-03T13:30:00.000000Z,2022,15,15,,,0,15,15,15,15,0,0,15,0,0,0,15,0,0,0,0,0,0,0,,,,,,,,0,,0,0,0,0,0,0,0,WARN,0,2
3390,7428,baltbet-main,finished,,2022-04-04T16:00:00.000000Z,2022,15,15,,,0,15,15,15,15,0,0,15,0,0,0,15,0,0,0,0,0,0,0,,,,,,,,0,,0,0,0,0,0,0,0,WARN,0,2
3391,7430,baltbet-main,finished,,2022-04-05T17:00:00.000000Z,2022,15,15,,,0,15,15,15,15,0,0,15,0,0,0,15,0,0,0,0,0,0,0,,,,,,,,0,,0,0,0,0,0,0,0,WARN,0,2
3392,7433,baltbet-main,finished,,2022-04-06T16:00:00.000000Z,2022,15,15,,,0,15,15,15,15,0,0,15,0,0,0,15,0,0,0,0,0,0,0,,,,,,,,0,,0,0,0,0,0,0,0,WARN,0,2
3393,7437,baltbet-main,finished,,2022-04-07T16:00:00.000000Z,2022,15,15,,,0,15,15,15,15,0,0,15,0,0,0,15,0,0,0,0,0,0,0,,,,,,,,0,,0,0,0,0,0,0,0,WARN,0,2
3394,7439,baltbet-main,finished,,2022-04-08T16:00:00.000000Z,2022,15,15,,,0,15,15,15,15,0,0,15,0,0,0,15,0,0,0,0,0,0,0,,,,,,,,0,,0,0,0,0,0,0,0,WARN,0,2
3395,7443,baltbet-main,finished,,2022-04-09T13:30:00.000000Z,2022,15,15,,,0,15,15,15,15,0,0,15,0,0,0,15,0,0,0,0,0,0,0,,,,,,,,0,,0,0,0,0,0,0,0,WARN,0,2
3396,7445,baltbet-main,finished,,2022-04-10T13:00:00.000000Z,2022,15,15,,,0,15,15,15,15,0,0,15,0,0,0,15,0,0,0,0,0,0,0,,,,,,,,0,,0,0,0,0,0,0,0,WARN,0,2
3397,7448,baltbet-main,finished,,2022-04-11T16:00:00.000000Z,2022,15,15,,,0,15,15,15,15,0,0,15,0,0,0,15,0,0,0,0,0,0,0,,,,,,,,0,,0,0,0,0,0,0,0,WARN,0,2
3398,7452,baltbet-main,finished,,2022-04-12T15:45:00.000000Z,2022,15,15,,,0,15,15,0,15,0,0,15,0,0,0,15,0,0,0,0,0,0,0,,,,,,,,0,,0,0,0,0,0,0,0,FAIL,1,2
3399,7454,baltbet-main,finished,,2022-04-13T15:00:00.000000Z,2022,15,15,,,0,15,15,15,15,0,0,15,0,0,0,15,0,0,0,0,0,0,0,,,,,,,,0,,0,0,0,0,0,0,0,WARN,0,2
3400,7457,baltbet-main,finished,,2022-04-14T16:00:00.000000Z,2022,15,15,,,0,15,15,15,15,0,0,15,0,0,0,15,0,0,0,0,0,0,0,,,,,,,,0,,0,0,0,0,0,0,0,WARN,0,2
3401,7460,baltbet-main,finished,,2022-04-15T14:00:00.000000Z,2022,15,15,,,0,15,15,15,15,0,0,15,0,0,0,15,0,0,0,0,0,0,0,,,,,,,,0,,0,0,0,0,0,0,0,WARN,0,2
3402,7463,baltbet-main,finished,,2022-04-16T14:00:00.000000Z,2022,15,15,,,0,15,15,15,15,0,0,15,0,0,0,15,0,0,0,0,0,0,0,,,,,,,,0,,0,0,0,0,0,0,0,WARN,0,2
3403,7466,baltbet-main,finished,,2022-04-17T13:00:00.000000Z,2022,15,15,,,0,15,15,15,15,0,0,15,0,0,0,15,0,0,0,0,0,0,0,,,,,,,,0,,0,0,0,0,0,0,0,WARN,0,2
3404,7470,baltbet-main,finished,,2022-04-18T16:00:00.000000Z,2022,15,15,,,0,15,15,15,15,0,0,15,0,0,0,15,0,0,0,0,0,0,0,,,,,,,,0,,0,0,0,0,0,0,0,WARN,0,2
3405,7473,baltbet-main,finished,,2022-04-19T16:00:00.000000Z,2022,15,15,,,0,15,15,15,15,0,0,15,0,0,0,15,0,0,0,0,0,0,0,,,,,,,,0,,0,0,0,0,0,0,0,WARN,0,2
3406,7474,baltbet-main,finished,,2022-04-20T16:00:00.000000Z,2022,15,15,,,0,15,15,15,15,0,0,15,0,0,0,15,0,0,0,0,0,0,0,,,,,,,,0,,0,0,0,0,0,0,0,WARN,0,2
3407,7478,baltbet-main,finished,,2022-04-21T14:00:00.000000Z,2022,15,15,,,0,15,15,15,15,0,0,15,0,0,0,15,0,0,0,0,0,0,0,,,,,,,,0,,0,0,0,0,0,0,0,WARN,0,2
3408,7481,baltbet-main,finished,,2022-04-22T16:00:00.000000Z,2022,15,15,,,0,15,15,15,15,0,0,14,0,1,0,14,0,0,0,0,0,0,0,,,,,,,,0,,0,0,0,0,0,0,0,FAIL,1,2
3409,7485,baltbet-main,finished,,2022-04-23T13:30:00.000000Z,2022,15,15,,,0,15,15,15,15,0,0,15,0,0,0,15,0,0,0,0,0,0,0,,,,,,,,0,,0,0,0,0,0,0,0,WARN,0,2
3410,7487,baltbet-main,finished,,2022-04-24T13:00:00.000000Z,2022,15,15,,,0,15,15,0,15,0,0,15,0,0,0,15,0,0,0,0,0,0,0,,,,,,,,0,,0,0,0,0,0,0,0,FAIL,1,2
3411,7490,baltbet-main,finished,,2022-04-25T16:00:00.000000Z,2022,15,15,,,0,15,15,15,15,0,0,15,0,0,0,15,0,0,0,0,0,0,0,,,,,,,,0,,0,0,0,0,0,0,0,WARN,0,2
3412,7495,baltbet-main,finished,,2022-04-26T16:00:00.000000Z,2022,15,15,,,0,15,15,15,15,0,0,15,0,0,0,15,0,0,0,0,0,0,0,,,,,,,,0,,0,0,0,0,0,0,0,WARN,0,2
3413,7498,baltbet-main,finished,,2022-04-27T15:00:00.000000Z,2022,15,15,,,0,15,15,0,15,0,0,15,0,0,0,15,0,0,0,0,0,0,0,,,,,,,,0,,0,0,0,0,0,0,0,FAIL,1,2
3414,7500,baltbet-main,finished,,2022-04-28T14:00:00.000000Z,2022,15,15,,,0,15,15,15,15,0,0,15,0,0,0,15,0,0,0,0,0,0,0,,,,,,,,0,,0,0,0,0,0,0,0,WARN,0,2
3415,7502,baltbet-main,finished,,2022-04-29T16:00:00.000000Z,2022,15,15,,,0,15,15,15,15,0,0,15,0,0,0,15,0,0,0,0,0,0,0,,,,,,,,0,,0,0,0,0,0,0,0,WARN,0,2
3416,7505,baltbet-main,finished,,2022-04-30T13:00:00.000000Z,2022,15,15,,,0,15,15,15,15,0,0,15,0,0,0,15,0,0,0,0,0,0,0,,,,,,,,0,,0,0,0,0,0,0,0,WARN,0,2
3417,7509,baltbet-main,finished,,2022-05-01T13:00:00.000000Z,2022,15,15,,,0,15,15,15,15,0,0,15,0,0,0,15,0,0,0,0,0,0,0,,,,,,,,0,,0,0,0,0,0,0,0,WARN,0,2
3418,7513,baltbet-main,finished,,2022-05-02T16:00:00.000000Z,2022,15,15,,,0,15,15,0,15,0,0,15,0,0,0,15,0,0,0,0,0,0,0,,,,,,,,0,,0,0,0,0,0,0,0,FAIL,1,2
3419,7515,baltbet-main,finished,,2022-05-03T15:00:00.000000Z,2022,15,15,,,0,15,15,15,15,0,0,15,0,0,0,15,0,0,0,0,0,0,0,,,,,,,,0,,0,0,0,0,0,0,0,WARN,0,2
3420,7518,baltbet-main,finished,,2022-05-04T14:30:00.000000Z,2022,15,15,,,0,15,15,15,15,0,0,14,0,1,0,14,0,0,0,0,0,0,0,,,,,,,,0,,0,0,0,0,0,0,0,FAIL,1,2
3421,7521,baltbet-main,finished,,2022-05-05T15:50:00.000000Z,2022,15,15,,,0,15,15,15,15,0,0,15,0,0,0,15,0,0,0,0,0,0,0,,,,,,,,0,,0,0,0,0,0,0,0,WARN,0,2
3422,7525,baltbet-main,finished,,2022-05-06T16:00:00.000000Z,2022,15,15,,,0,15,15,15,15,0,0,15,0,0,0,15,0,0,0,0,0,0,0,,,,,,,,0,,0,0,0,0,0,0,0,WARN,0,2
3423,7528,baltbet-main,finished,,2022-05-07T13:30:00.000000Z,2022,15,15,,,0,15,15,15,15,0,0,15,0,0,0,15,0,0,0,0,0,0,0,,,,,,,,0,,0,0,0,0,0,0,0,WARN,0,2
3424,7531,baltbet-main,finished,,2022-05-08T13:00:00.000000Z,2022,15,15,,,0,15,15,15,15,0,0,15,0,0,0,15,0,0,0,0,0,0,0,,,,,,,,0,,0,0,0,0,0,0,0,WARN,0,2
3425,7534,baltbet-main,finished,,2022-05-09T15:55:00.000000Z,2022,15,15,,,0,15,15,15,15,0,0,15,0,0,0,15,0,0,0,0,0,0,0,,,,,,,,0,,0,0,0,0,0,0,0,WARN,0,2
3426,7536,baltbet-main,finished,,2022-05-10T16:20:00.000000Z,2022,15,15,,,0,15,15,15,15,0,0,15,0,0,0,15,0,0,0,0,0,0,0,,,,,,,,0,,0,0,0,0,0,0,0,WARN,0,2
3427,7540,baltbet-main,finished,,2022-05-11T16:30:00.000000Z,2022,15,15,,,0,15,15,15,15,0,0,15,0,0,0,15,0,0,0,0,0,0,0,,,,,,,,0,,0,0,0,0,0,0,0,WARN,0,2
3428,7543,baltbet-main,finished,,2022-05-12T16:00:00.000000Z,2022,15,15,,,0,15,15,0,15,0,0,15,0,0,0,15,0,0,0,0,0,0,0,,,,,,,,0,,0,0,0,0,0,0,0,FAIL,1,2
3429,7546,baltbet-main,finished,,2022-05-13T16:30:00.000000Z,2022,15,15,,,0,15,15,15,15,0,0,15,0,0,0,15,0,0,0,0,0,0,0,,,,,,,,0,,0,0,0,0,0,0,0,WARN,0,2
3430,7549,baltbet-main,finished,,2022-05-14T14:00:00.000000Z,2022,15,15,,,0,15,15,15,15,0,0,15,0,0,0,15,0,0,0,0,0,0,0,,,,,,,,0,,0,0,0,0,0,0,0,WARN,0,2
3431,7552,baltbet-main,finished,,2022-05-15T13:00:00.000000Z,2022,15,15,,,0,15,15,15,15,0,0,15,0,0,0,15,0,0,0,0,0,0,0,,,,,,,,0,,0,0,0,0,0,0,0,WARN,0,2
3432,7555,baltbet-main,finished,,2022-05-16T16:00:00.000000Z,2022,15,15,,,0,15,15,15,15,0,0,15,0,0,0,15,0,0,0,0,0,0,0,,,,,,,,0,,0,0,0,0,0,0,0,WARN,0,2
3433,7558,baltbet-main,finished,,2022-05-17T15:00:00.000000Z,2022,15,15,,,0,15,15,15,15,0,0,15,0,0,0,15,0,0,0,0,0,0,0,,,,,,,,0,,0,0,0,0,0,0,0,WARN,0,2
3434,7559,baltbet-main,finished,,2022-05-18T15:00:00.000000Z,2022,15,15,,,0,15,15,15,15,0,0,15,0,0,0,15,0,0,0,0,0,0,0,,,,,,,,0,,0,0,0,0,0,0,0,WARN,0,2
3435,7563,baltbet-main,finished,,2022-05-19T15:00:00.000000Z,2022,15,15,,,0,15,15,15,15,0,0,14,0,1,0,14,0,0,0,0,0,0,0,,,,,,,,0,,0,0,0,0,0,0,0,FAIL,1,2
3436,7566,baltbet-main,finished,,2022-05-20T15:30:00.000000Z,2022,15,15,,,0,15,15,15,15,0,0,14,0,1,0,14,0,0,0,0,0,0,0,,,,,,,,0,,0,0,0,0,0,0,0,FAIL,1,2
3437,7569,baltbet-main,finished,,2022-05-21T14:00:00.000000Z,2022,15,15,,,0,15,15,15,15,0,0,15,0,0,0,15,0,0,0,0,0,0,0,,,,,,,,0,,0,0,0,0,0,0,0,WARN,0,2
3438,7573,baltbet-main,finished,,2022-05-22T15:00:00.000000Z,2022,15,15,,,0,15,15,15,15,0,0,15,0,0,0,15,0,0,0,0,0,0,0,,,,,,,,0,,0,0,0,0,0,0,0,WARN,0,2
3439,7576,baltbet-main,finished,,2022-05-23T16:00:00.000000Z,2022,15,15,,,0,15,15,15,15,0,0,15,0,0,0,15,0,0,0,0,0,0,0,,,,,,,,0,,0,0,0,0,0,0,0,WARN,0,2
3440,7579,baltbet-main,finished,,2022-05-24T15:30:00.000000Z,2022,15,15,,,0,15,15,15,15,0,0,13,0,2,0,13,0,0,0,0,0,0,0,,,,,,,,0,,0,0,0,0,0,0,0,FAIL,1,2
3441,7581,baltbet-main,finished,,2022-05-25T17:00:00.000000Z,2022,15,15,,,0,15,15,15,15,0,0,15,0,0,0,15,0,0,0,0,0,0,0,,,,,,,,0,,0,0,0,0,0,0,0,WARN,0,2
3442,7585,baltbet-main,finished,,2022-05-26T15:00:00.000000Z,2022,15,15,,,0,15,15,15,15,0,0,15,0,0,0,15,0,0,0,0,0,0,0,,,,,,,,0,,0,0,0,0,0,0,0,WARN,0,2
3443,7587,baltbet-main,finished,,2022-05-27T15:45:00.000000Z,2022,15,15,,,0,15,15,15,15,0,0,15,0,0,0,15,0,0,0,0,0,0,0,,,,,,,,0,,0,0,0,0,0,0,0,WARN,0,2
3444,7589,baltbet-main,finished,,2022-05-28T15:00:00.000000Z,2022,15,15,,,0,15,15,15,15,0,0,15,0,0,0,15,0,0,0,0,0,0,0,,,,,,,,0,,0,0,0,0,0,0,0,WARN,0,2
3445,7590,baltbet-main,finished,,2022-05-29T16:00:00.000000Z,2022,15,15,,,0,15,15,15,15,0,0,15,0,0,0,15,0,0,0,0,0,0,0,,,,,,,,0,,0,0,0,0,0,0,0,WARN,0,2
3446,7593,baltbet-main,finished,,2022-05-30T15:30:00.000000Z,2022,15,15,,,0,15,15,0,15,0,0,14,0,1,0,14,0,0,0,0,0,0,0,,,,,,,,0,,0,0,0,0,0,0,0,FAIL,2,2
3447,7595,baltbet-main,finished,,2022-05-31T16:45:00.000000Z,2022,15,15,,,0,15,15,0,15,0,0,15,0,0,0,15,0,0,0,0,0,0,0,,,,,,,,0,,0,0,0,0,0,0,0,FAIL,1,2
3448,7597,baltbet-main,finished,,2022-06-01T15:45:00.000000Z,2022,15,15,,,0,15,15,0,15,0,0,15,0,0,0,15,0,0,0,0,0,0,0,,,,,,,,0,,0,0,0,0,0,0,0,FAIL,1,2
3449,7598,baltbet-main,finished,,2022-06-02T16:00:00.000000Z,2022,15,15,,,0,15,15,15,15,0,0,15,0,0,0,15,0,0,0,0,0,0,0,,,,,,,,0,,0,0,0,0,0,0,0,WARN,0,2
3450,7600,baltbet-main,finished,,2022-06-03T14:00:00.000000Z,2022,15,15,,,0,15,15,15,15,0,0,15,0,0,0,15,0,0,0,0,0,0,0,,,,,,,,0,,0,0,0,0,0,0,0,WARN,0,2
3451,7603,baltbet-main,finished,,2022-06-04T15:00:00.000000Z,2022,15,15,,,0,15,15,15,15,0,0,15,0,0,0,15,0,0,0,0,0,0,0,,,,,,,,0,,0,0,0,0,0,0,0,WARN,0,2
3452,7607,baltbet-main,finished,,2022-06-05T16:00:00.000000Z,2022,15,15,,,0,15,15,15,15,0,0,15,0,0,0,15,0,0,0,0,0,0,0,,,,,,,,0,,0,0,0,0,0,0,0,WARN,0,2
3453,7609,baltbet-main,finished,,2022-06-06T17:00:00.000000Z,2022,15,15,,,0,15,15,15,15,0,0,15,0,0,0,15,0,0,0,0,0,0,0,,,,,,,,0,,0,0,0,0,0,0,0,WARN,0,2
3454,7611,baltbet-main,finished,,2022-06-07T16:00:00.000000Z,2022,15,15,,,0,15,15,15,15,0,0,15,0,0,0,15,0,0,0,0,0,0,0,,,,,,,,0,,0,0,0,0,0,0,0,WARN,0,2
3455,7613,baltbet-main,finished,,2022-06-08T17:00:00.000000Z,2022,15,15,,,0,15,15,0,15,0,0,15,0,0,0,15,0,0,0,0,0,0,0,,,,,,,,0,,0,0,0,0,0,0,0,FAIL,1,2
3456,7615,baltbet-main,finished,,2022-06-09T16:00:00.000000Z,2022,15,15,,,0,15,15,15,15,0,0,15,0,0,0,15,0,0,0,0,0,0,0,,,,,,,,0,,0,0,0,0,0,0,0,WARN,0,2
3457,7617,baltbet-main,finished,,2022-06-10T15:00:00.000000Z,2022,15,15,,,0,15,15,15,15,0,0,15,0,0,0,15,0,0,0,0,0,0,0,,,,,,,,0,,0,0,0,0,0,0,0,WARN,0,2
3458,7619,baltbet-main,finished,,2022-06-11T15:45:00.000000Z,2022,15,15,,,0,15,15,15,15,0,0,15,0,0,0,15,0,0,0,0,0,0,0,,,,,,,,0,,0,0,0,0,0,0,0,WARN,0,2
3459,7621,baltbet-main,finished,,2022-06-12T17:00:00.000000Z,2022,15,15,,,0,15,15,15,15,0,0,15,0,0,0,15,0,0,0,0,0,0,0,,,,,,,,0,,0,0,0,0,0,0,0,WARN,0,2
3460,7623,baltbet-main,finished,,2022-06-13T15:00:00.000000Z,2022,15,15,,,0,15,15,15,15,0,0,15,0,0,0,15,0,0,0,0,0,0,0,,,,,,,,0,,0,0,0,0,0,0,0,WARN,0,2
3461,7625,baltbet-main,finished,,2022-06-14T15:00:00.000000Z,2022,15,15,,,0,15,15,0,15,0,0,15,0,0,0,15,0,0,0,0,0,0,0,,,,,,,,0,,0,0,0,0,0,0,0,FAIL,1,2
3462,7626,baltbet-main,finished,,2022-06-15T15:30:00.000000Z,2022,15,15,,,0,15,15,0,15,0,0,15,0,0,0,15,0,0,0,0,0,0,0,,,,,,,,0,,0,0,0,0,0,0,0,FAIL,1,2
3463,7629,baltbet-main,finished,,2022-06-16T16:00:00.000000Z,2022,15,15,,,0,15,15,15,15,0,0,15,0,0,0,15,0,0,0,0,0,0,0,,,,,,,,0,,0,0,0,0,0,0,0,WARN,0,2
3464,7631,baltbet-main,finished,,2022-06-17T16:00:00.000000Z,2022,15,15,,,0,15,15,15,15,0,0,15,0,0,0,15,0,0,0,0,0,0,0,,,,,,,,0,,0,0,0,0,0,0,0,WARN,0,2
3465,7633,baltbet-main,finished,,2022-06-18T18:00:00.000000Z,2022,15,15,,,0,15,15,15,15,0,0,15,0,0,0,15,0,0,0,0,0,0,0,,,,,,,,0,,0,0,0,0,0,0,0,WARN,0,2
3466,7635,baltbet-main,finished,,2022-06-19T16:30:00.000000Z,2022,15,15,,,0,15,15,15,15,0,0,15,0,0,0,15,0,0,0,0,0,0,0,,,,,,,,0,,0,0,0,0,0,0,0,WARN,0,2
3467,7637,baltbet-main,finished,,2022-06-20T16:00:00.000000Z,2022,15,15,,,0,15,15,15,15,0,0,15,0,0,0,15,0,0,0,0,0,0,0,,,,,,,,0,,0,0,0,0,0,0,0,WARN,0,2
3468,7639,baltbet-main,finished,,2022-06-21T14:00:00.000000Z,2022,15,15,,,0,15,15,15,15,0,0,15,0,0,0,15,0,0,0,0,0,0,0,,,,,,,,0,,0,0,0,0,0,0,0,WARN,0,2
3469,7641,baltbet-main,finished,,2022-06-22T15:00:00.000000Z,2022,15,15,,,0,15,15,15,15,0,0,15,0,0,0,15,0,0,0,0,0,0,0,,,,,,,,0,,0,0,0,0,0,0,0,WARN,0,2
3470,7644,baltbet-main,finished,,2022-06-23T17:00:00.000000Z,2022,15,15,,,0,15,15,15,15,0,0,12,0,3,0,12,0,0,0,0,0,0,0,,,,,,,,0,,0,0,0,0,0,0,0,FAIL,1,2
3471,7647,baltbet-main,finished,,2022-06-24T15:30:00.000000Z,2022,15,15,,,0,15,15,15,15,0,0,15,0,0,0,15,0,0,0,0,0,0,0,,,,,,,,0,,0,0,0,0,0,0,0,WARN,0,2
3472,7650,baltbet-main,finished,,2022-06-25T18:00:00.000000Z,2022,15,15,,,0,15,15,15,15,0,0,15,0,0,0,15,0,0,0,0,0,0,0,,,,,,,,0,,0,0,0,0,0,0,0,WARN,0,2
3473,7653,baltbet-main,finished,,2022-06-26T15:00:00.000000Z,2022,15,15,,,0,15,15,15,15,0,0,15,0,0,0,15,0,0,0,0,0,0,0,,,,,,,,0,,0,0,0,0,0,0,0,WARN,0,2
3474,7655,baltbet-main,finished,,2022-06-27T16:00:00.000000Z,2022,15,15,,,0,15,15,15,15,0,0,15,0,0,0,15,0,0,0,0,0,0,0,,,,,,,,0,,0,0,0,0,0,0,0,WARN,0,2
3475,7657,baltbet-main,finished,,2022-06-28T15:00:00.000000Z,2022,15,15,,,0,15,15,15,15,0,0,15,0,0,0,15,0,0,0,0,0,0,0,,,,,,,,0,,0,0,0,0,0,0,0,WARN,0,2
3476,7661,baltbet-main,finished,,2022-06-29T17:00:00.000000Z,2022,15,15,,,0,15,15,15,15,0,0,15,0,0,0,15,0,0,0,0,0,0,0,,,,,,,,0,,0,0,0,0,0,0,0,WARN,0,2
3477,7663,baltbet-main,finished,,2022-06-30T17:00:00.000000Z,2022,15,15,,,0,15,15,15,15,0,0,15,0,0,0,15,0,0,0,0,0,0,0,,,,,,,,0,,0,0,0,0,0,0,0,WARN,0,2
3478,7667,baltbet-main,finished,,2022-07-01T17:30:00.000000Z,2022,15,15,,,0,15,15,15,15,0,0,14,0,1,0,14,0,0,0,0,0,0,0,,,,,,,,0,,0,0,0,0,0,0,0,FAIL,1,2
3479,7668,baltbet-main,finished,,2022-07-02T15:30:00.000000Z,2022,15,15,,,0,15,15,15,15,0,0,15,0,0,0,15,0,0,0,0,0,0,0,,,,,,,,0,,0,0,0,0,0,0,0,WARN,0,2
3480,7671,baltbet-main,finished,,2022-07-03T15:30:00.000000Z,2022,15,15,,,0,15,15,15,15,0,0,15,0,0,0,15,0,0,0,0,0,0,0,,,,,,,,0,,0,0,0,0,0,0,0,WARN,0,2
3481,7673,baltbet-main,finished,,2022-07-04T16:00:00.000000Z,2022,15,15,,,0,15,15,15,15,0,0,15,0,0,0,15,0,0,0,0,0,0,0,,,,,,,,0,,0,0,0,0,0,0,0,WARN,0,2
3482,7676,baltbet-main,finished,,2022-07-05T17:00:00.000000Z,2022,15,15,,,0,15,15,0,15,0,0,15,0,0,0,15,0,0,0,0,0,0,0,,,,,,,,0,,0,0,0,0,0,0,0,FAIL,1,2
3483,7679,baltbet-main,finished,,2022-07-06T17:30:00.000000Z,2022,15,15,,,0,15,15,0,15,0,0,14,0,1,0,14,0,0,0,0,0,0,0,,,,,,,,0,,0,0,0,0,0,0,0,FAIL,2,2
3484,7682,baltbet-main,finished,,2022-07-07T16:00:00.000000Z,2022,15,15,,,0,15,15,0,15,0,0,13,0,2,0,13,0,0,0,0,0,0,0,,,,,,,,0,,0,0,0,0,0,0,0,FAIL,2,2
3485,7684,baltbet-main,finished,,2022-07-08T17:00:00.000000Z,2022,15,15,,,0,15,15,15,15,0,0,15,0,0,0,15,0,0,0,0,0,0,0,,,,,,,,0,,0,0,0,0,0,0,0,WARN,0,2
3486,7687,baltbet-main,finished,,2022-07-09T15:30:00.000000Z,2022,15,15,,,0,15,15,15,15,0,0,15,0,0,0,15,0,0,0,0,0,0,0,,,,,,,,0,,0,0,0,0,0,0,0,WARN,0,2
3487,7689,baltbet-main,finished,,2022-07-10T15:30:00.000000Z,2022,15,15,,,0,15,15,15,15,0,0,13,0,2,0,13,0,0,0,0,0,0,0,,,,,,,,0,,0,0,0,0,0,0,0,FAIL,1,2
3488,7693,baltbet-main,finished,,2022-07-11T15:30:00.000000Z,2022,15,15,,,0,15,15,15,15,0,0,13,0,2,0,13,0,0,0,0,0,0,0,,,,,,,,0,,0,0,0,0,0,0,0,FAIL,1,2
3489,7695,baltbet-main,finished,,2022-07-12T15:00:00.000000Z,2022,15,15,,,0,15,15,0,15,0,0,15,0,0,0,15,0,0,0,0,0,0,0,,,,,,,,0,,0,0,0,0,0,0,0,FAIL,1,2
3490,7698,baltbet-main,finished,,2022-07-13T16:00:00.000000Z,2022,15,15,,,0,15,15,15,15,0,0,15,0,0,0,15,0,0,0,0,0,0,0,,,,,,,,0,,0,0,0,0,0,0,0,WARN,0,2
3491,7700,baltbet-main,finished,,2022-07-14T15:00:00.000000Z,2022,15,15,,,0,15,15,15,15,0,0,14,0,1,0,14,0,0,0,0,0,0,0,,,,,,,,0,,0,0,0,0,0,0,0,FAIL,1,2
3492,7703,baltbet-main,finished,,2022-07-15T15:30:00.000000Z,2022,15,15,,,0,15,15,15,15,0,0,15,0,0,0,15,0,0,0,0,0,0,0,,,,,,,,0,,0,0,0,0,0,0,0,WARN,0,2
3493,7706,baltbet-main,finished,,2022-07-16T14:30:00.000000Z,2022,15,15,,,0,15,15,15,15,0,0,15,0,0,0,15,0,0,0,0,0,0,0,,,,,,,,0,,0,0,0,0,0,0,0,WARN,0,2
3494,7710,baltbet-main,finished,,2022-07-17T15:30:00.000000Z,2022,15,15,,,0,15,15,15,15,0,0,15,0,0,0,15,0,0,0,0,0,0,0,,,,,,,,0,,0,0,0,0,0,0,0,WARN,0,2
3495,7713,baltbet-main,finished,,2022-07-18T16:00:00.000000Z,2022,15,15,,,0,15,15,15,15,0,0,15,0,0,0,15,0,0,0,0,0,0,0,,,,,,,,0,,0,0,0,0,0,0,0,WARN,0,2
3496,7717,baltbet-main,finished,,2022-07-19T16:00:00.000000Z,2022,15,15,,,0,15,15,15,15,0,0,15,0,0,0,15,0,0,0,0,0,0,0,,,,,,,,0,,0,0,0,0,0,0,0,WARN,0,2
3497,7719,baltbet-main,finished,,2022-07-20T17:00:00.000000Z,2022,15,15,,,0,15,15,15,15,0,0,15,0,0,0,15,0,0,0,0,0,0,0,,,,,,,,0,,0,0,0,0,0,0,0,WARN,0,2
3498,7721,baltbet-main,finished,,2022-07-21T15:00:00.000000Z,2022,15,15,,,0,15,15,15,15,0,0,15,0,0,0,15,0,0,0,0,0,0,0,,,,,,,,0,,0,0,0,0,0,0,0,WARN,0,2
3499,7726,baltbet-main,finished,,2022-07-22T16:00:00.000000Z,2022,15,15,,,0,15,15,15,15,0,0,15,0,0,0,15,0,0,0,0,0,0,0,,,,,,,,0,,0,0,0,0,0,0,0,WARN,0,2
3500,7727,baltbet-main,finished,,2022-07-23T16:15:00.000000Z,2022,15,15,,,0,15,15,15,15,0,0,14,0,1,0,14,0,0,0,0,0,0,0,,,,,,,,0,,0,0,0,0,0,0,0,FAIL,1,2
3501,7732,baltbet-main,finished,,2022-07-24T15:30:00.000000Z,2022,15,15,,,0,15,15,15,15,0,0,14,0,1,0,14,0,0,0,0,0,0,0,,,,,,,,0,,0,0,0,0,0,0,0,FAIL,1,2
3502,7735,baltbet-main,finished,,2022-07-25T15:30:00.000000Z,2022,15,15,,,0,15,15,15,15,0,0,15,0,0,0,15,0,0,0,0,0,0,0,,,,,,,,0,,0,0,0,0,0,0,0,WARN,0,2
3503,7738,baltbet-main,finished,,2022-07-26T16:00:00.000000Z,2022,15,15,,,0,15,15,0,15,0,0,15,0,0,0,15,0,0,0,0,0,0,0,,,,,,,,0,,0,0,0,0,0,0,0,FAIL,1,2
3504,7739,baltbet-main,finished,,2022-07-27T16:00:00.000000Z,2022,15,15,,,0,15,15,15,15,0,0,14,0,1,0,14,0,0,0,0,0,0,0,,,,,,,,0,,0,0,0,0,0,0,0,FAIL,1,2
3505,7742,baltbet-main,finished,,2022-07-28T15:00:00.000000Z,2022,15,15,,,0,15,15,15,15,0,0,15,0,0,0,15,0,0,0,0,0,0,0,,,,,,,,0,,0,0,0,0,0,0,0,WARN,0,2
3506,7745,baltbet-main,finished,,2022-07-29T15:00:00.000000Z,2022,15,15,,,0,15,15,15,15,0,0,14,0,1,0,14,0,0,0,0,0,0,0,,,,,,,,0,,0,0,0,0,0,0,0,FAIL,1,2
3507,7749,baltbet-main,finished,,2022-07-30T14:00:00.000000Z,2022,15,15,,,0,15,15,15,15,0,0,15,0,0,0,15,0,0,0,0,0,0,0,,,,,,,,0,,0,0,0,0,0,0,0,WARN,0,2
3508,7751,baltbet-main,finished,,2022-07-31T14:30:00.000000Z,2022,15,15,,,0,15,15,15,15,0,0,15,0,0,0,15,0,0,0,0,0,0,0,,,,,,,,0,,0,0,0,0,0,0,0,WARN,0,2
3509,7755,baltbet-main,finished,,2022-08-01T15:30:00.000000Z,2022,15,15,,,0,15,15,15,15,0,0,15,0,0,0,15,0,0,0,0,0,0,0,,,,,,,,0,,0,0,0,0,0,0,0,WARN,0,2
3510,7757,baltbet-main,finished,,2022-08-02T16:30:00.000000Z,2022,15,15,,,0,15,15,0,15,0,0,15,0,0,0,15,0,0,0,0,0,0,0,,,,,,,,0,,0,0,0,0,0,0,0,FAIL,1,2
3511,7762,baltbet-main,finished,,2022-08-03T16:00:00.000000Z,2022,15,15,,,0,15,15,0,15,0,0,15,0,0,0,15,0,0,0,0,0,0,0,,,,,,,,0,,0,0,0,0,0,0,0,FAIL,1,2
3512,7764,baltbet-main,finished,,2022-08-04T16:00:00.000000Z,2022,15,15,,,0,15,15,15,15,0,0,15,0,0,0,15,0,0,0,0,0,0,0,,,,,,,,0,,0,0,0,0,0,0,0,WARN,0,2
3513,7766,baltbet-main,finished,,2022-08-05T16:00:00.000000Z,2022,15,15,,,0,15,15,15,15,0,0,15,0,0,0,15,0,0,0,0,0,0,0,,,,,,,,0,,0,0,0,0,0,0,0,WARN,0,2
3514,7769,baltbet-main,finished,,2022-08-06T13:30:00.000000Z,2022,15,15,,,0,15,15,15,15,0,0,15,0,0,0,15,0,0,0,0,0,0,0,,,,,,,,0,,0,0,0,0,0,0,0,WARN,0,2
3515,7772,baltbet-main,finished,,2022-08-07T13:00:00.000000Z,2022,15,15,,,0,15,15,15,15,0,0,15,0,0,0,15,0,0,0,0,0,0,0,,,,,,,,0,,0,0,0,0,0,0,0,WARN,0,2
3516,7776,baltbet-main,finished,,2022-08-08T15:00:00.000000Z,2022,15,15,,,0,15,15,15,15,0,0,15,0,0,0,15,0,0,0,0,0,0,0,,,,,,,,0,,0,0,0,0,0,0,0,WARN,0,2
3517,7779,baltbet-main,finished,,2022-08-09T16:00:00.000000Z,2022,15,15,,,0,15,15,15,15,0,0,15,0,0,0,15,0,0,0,0,0,0,0,,,,,,,,0,,0,0,0,0,0,0,0,WARN,0,2
3518,7781,baltbet-main,finished,,2022-08-10T16:00:00.000000Z,2022,15,15,,,0,15,15,15,15,0,0,15,0,0,0,15,0,0,0,0,0,0,0,,,,,,,,0,,0,0,0,0,0,0,0,WARN,0,2
3519,7784,baltbet-main,finished,,2022-08-11T16:00:00.000000Z,2022,15,15,,,0,15,15,0,15,0,0,15,0,0,0,15,0,0,0,0,0,0,0,,,,,,,,0,,0,0,0,0,0,0,0,FAIL,1,2
3520,7788,baltbet-main,finished,,2022-08-12T16:00:00.000000Z,2022,15,15,,,0,15,15,15,15,0,0,15,0,0,0,15,0,0,0,0,0,0,0,,,,,,,,0,,0,0,0,0,0,0,0,WARN,0,2
3521,7790,baltbet-main,finished,,2022-08-13T14:00:00.000000Z,2022,15,15,,,0,15,15,0,15,0,0,14,0,1,0,14,0,0,0,0,0,0,0,,,,,,,,0,,0,0,0,0,0,0,0,FAIL,2,2
3522,7795,baltbet-main,finished,,2022-08-14T14:00:00.000000Z,2022,15,15,,,0,15,15,15,15,0,0,15,0,0,0,15,0,0,0,0,0,0,0,,,,,,,,0,,0,0,0,0,0,0,0,WARN,0,2
3523,7798,baltbet-main,finished,,2022-08-15T14:30:00.000000Z,2022,15,15,,,0,15,15,15,15,0,0,15,0,0,0,15,0,0,0,0,0,0,0,,,,,,,,0,,0,0,0,0,0,0,0,WARN,0,2
3524,7799,baltbet-main,finished,,2022-08-16T18:45:00.000000Z,2022,15,15,,,0,15,15,15,15,0,0,15,0,0,0,15,0,0,0,0,0,0,0,,,,,,,,0,,0,0,0,0,0,0,0,WARN,0,2
3525,7803,baltbet-main,finished,,2022-08-17T16:00:00.000000Z,2022,15,15,,,0,15,15,15,15,0,0,15,0,0,0,15,0,0,0,0,0,0,0,,,,,,,,0,,0,0,0,0,0,0,0,WARN,0,2
3526,7806,baltbet-main,finished,,2022-08-18T16:00:00.000000Z,2022,15,15,,,0,15,15,15,15,0,0,15,0,0,0,15,0,0,0,0,0,0,0,,,,,,,,0,,0,0,0,0,0,0,0,WARN,0,2
3527,7809,baltbet-main,finished,,2022-08-19T15:00:00.000000Z,2022,15,15,,,0,15,15,15,15,0,0,15,0,0,0,15,0,0,0,0,0,0,0,,,,,,,,0,,0,0,0,0,0,0,0,WARN,0,2
3528,7811,baltbet-main,finished,,2022-08-20T13:30:00.000000Z,2022,15,15,,,0,15,15,0,15,0,0,15,0,0,0,15,0,0,0,0,0,0,0,,,,,,,,0,,0,0,0,0,0,0,0,FAIL,1,2
3529,7815,baltbet-main,finished,,2022-08-21T13:00:00.000000Z,2022,15,15,,,0,15,15,0,15,0,0,15,0,0,0,15,0,0,0,0,0,0,0,,,,,,,,0,,0,0,0,0,0,0,0,FAIL,1,2
3530,7817,baltbet-main,finished,,2022-08-22T16:00:00.000000Z,2022,15,15,,,0,15,15,15,15,0,0,15,0,0,0,15,0,0,0,0,0,0,0,,,,,,,,0,,0,0,0,0,0,0,0,WARN,0,2
3531,7820,baltbet-main,finished,,2022-08-23T16:00:00.000000Z,2022,15,15,,,0,15,15,15,15,0,0,15,0,0,0,15,0,0,0,0,0,0,0,,,,,,,,0,,0,0,0,0,0,0,0,WARN,0,2
3532,7824,baltbet-main,finished,,2022-08-24T16:30:00.000000Z,2022,15,15,,,0,15,15,0,15,0,0,14,0,1,0,14,0,0,0,0,0,0,0,,,,,,,,0,,0,0,0,0,0,0,0,FAIL,2,2
3533,7827,baltbet-main,finished,,2022-08-25T16:00:00.000000Z,2022,15,15,,,0,15,15,15,15,0,0,15,0,0,0,15,0,0,0,0,0,0,0,,,,,,,,0,,0,0,0,0,0,0,0,WARN,0,2
3534,7830,baltbet-main,finished,,2022-08-26T15:30:00.000000Z,2022,15,15,,,0,15,15,15,15,0,0,15,0,0,0,15,0,0,0,0,0,0,0,,,,,,,,0,,0,0,0,0,0,0,0,WARN,0,2
3535,7832,baltbet-main,finished,,2022-08-27T13:30:00.000000Z,2022,15,15,,,0,15,15,15,15,0,0,15,0,0,0,15,0,0,0,0,0,0,0,,,,,,,,0,,0,0,0,0,0,0,0,WARN,0,2
3536,7835,baltbet-main,finished,,2022-08-28T13:00:00.000000Z,2022,15,15,,,0,15,15,15,15,0,0,15,0,0,0,15,0,0,0,0,0,0,0,,,,,,,,0,,0,0,0,0,0,0,0,WARN,0,2
3537,7839,baltbet-main,finished,,2022-08-29T16:00:00.000000Z,2022,15,15,,,0,15,15,15,15,0,0,15,0,0,0,15,0,0,0,0,0,0,0,,,,,,,,0,,0,0,0,0,0,0,0,WARN,0,2
3538,7842,baltbet-main,finished,,2022-08-30T16:00:00.000000Z,2022,15,15,,,0,15,15,15,15,0,0,15,0,0,0,15,0,0,0,0,0,0,0,,,,,,,,0,,0,0,0,0,0,0,0,WARN,0,2
3539,7845,baltbet-main,finished,,2022-08-31T16:00:00.000000Z,2022,15,15,,,0,15,15,15,15,0,0,15,0,0,0,15,0,0,0,0,0,0,0,,,,,,,,0,,0,0,0,0,0,0,0,WARN,0,2
3540,7849,baltbet-main,finished,,2022-09-01T15:00:00.000000Z,2022,15,15,,,0,15,15,15,15,0,0,15,0,0,0,15,0,0,0,0,0,0,0,,,,,,,,0,,0,0,0,0,0,0,0,WARN,0,2
3541,7851,baltbet-main,finished,,2022-09-02T16:10:00.000000Z,2022,15,15,,,0,15,15,15,15,0,0,15,0,0,0,15,0,0,0,0,0,0,0,,,,,,,,0,,0,0,0,0,0,0,0,WARN,0,2
3542,7853,baltbet-main,finished,,2022-09-03T13:00:00.000000Z,2022,15,15,,,0,15,15,15,15,0,0,15,0,0,0,15,0,0,0,0,0,0,0,,,,,,,,0,,0,0,0,0,0,0,0,WARN,0,2
3543,7857,baltbet-main,finished,,2022-09-04T13:00:00.000000Z,2022,15,15,,,0,15,15,15,15,0,0,15,0,0,0,15,0,0,0,0,0,0,0,,,,,,,,0,,0,0,0,0,0,0,0,WARN,0,2
3544,7860,baltbet-main,finished,,2022-09-05T16:00:00.000000Z,2022,15,15,,,0,15,15,15,15,0,0,15,0,0,0,15,0,0,0,0,0,0,0,,,,,,,,0,,0,0,0,0,0,0,0,WARN,0,2
3545,7863,baltbet-main,finished,,2022-09-06T15:15:00.000000Z,2022,15,15,,,0,15,15,15,15,0,0,15,0,0,0,15,0,0,0,0,0,0,0,,,,,,,,0,,0,0,0,0,0,0,0,WARN,0,2
3546,7866,baltbet-main,finished,,2022-09-07T15:55:00.000000Z,2022,15,15,,,0,15,15,0,15,0,0,15,0,0,0,15,0,0,0,0,0,0,0,,,,,,,,0,,0,0,0,0,0,0,0,FAIL,1,2
3547,7869,baltbet-main,finished,,2022-09-08T16:30:00.000000Z,2022,15,15,,,0,15,15,15,15,0,0,15,0,0,0,15,0,0,0,0,0,0,0,,,,,,,,0,,0,0,0,0,0,0,0,WARN,0,2
3548,7872,baltbet-main,finished,,2022-09-09T16:00:00.000000Z,2022,15,15,,,0,15,15,15,15,0,0,13,0,2,0,13,0,0,0,0,0,0,0,,,,,,,,0,,0,0,0,0,0,0,0,FAIL,1,2
3549,7875,baltbet-main,finished,,2022-09-10T13:30:00.000000Z,2022,15,15,,,0,15,15,15,15,0,0,15,0,0,0,15,0,0,0,0,0,0,0,,,,,,,,0,,0,0,0,0,0,0,0,WARN,0,2
3550,7878,baltbet-main,finished,,2022-09-11T13:00:00.000000Z,2022,15,15,,,0,15,15,15,15,0,0,15,0,0,0,15,0,0,0,0,0,0,0,,,,,,,,0,,0,0,0,0,0,0,0,WARN,0,2
3551,7880,baltbet-main,finished,,2022-09-12T16:00:00.000000Z,2022,15,15,,,0,15,15,15,15,0,0,14,0,1,0,14,0,0,0,0,0,0,0,,,,,,,,0,,0,0,0,0,0,0,0,FAIL,1,2
3552,7885,baltbet-main,finished,,2022-09-13T16:45:00.000000Z,2022,15,15,,,0,15,15,15,15,0,0,15,0,0,0,15,0,0,0,0,0,0,0,,,,,,,,0,,0,0,0,0,0,0,0,WARN,0,2
3553,7887,baltbet-main,finished,,2022-09-14T15:05:00.000000Z,2022,15,15,,,0,15,15,0,15,0,0,15,0,0,0,15,0,0,0,0,0,0,0,,,,,,,,0,,0,0,0,0,0,0,0,FAIL,1,2
3554,7890,baltbet-main,finished,,2022-09-15T16:30:00.000000Z,2022,15,15,,,0,15,15,0,15,0,0,15,0,0,0,15,0,0,0,0,0,0,0,,,,,,,,0,,0,0,0,0,0,0,0,FAIL,1,2
3555,7893,baltbet-main,finished,,2022-09-16T16:30:00.000000Z,2022,15,15,,,0,15,15,15,15,0,0,15,0,0,0,15,0,0,0,0,0,0,0,,,,,,,,0,,0,0,0,0,0,0,0,WARN,0,2
3556,7897,baltbet-main,finished,,2022-09-17T13:00:00.000000Z,2022,15,15,,,0,15,15,15,15,0,0,15,0,0,0,15,0,0,0,0,0,0,0,,,,,,,,0,,0,0,0,0,0,0,0,WARN,0,2
3557,7899,baltbet-main,finished,,2022-09-18T13:15:00.000000Z,2022,15,15,,,0,15,15,15,15,0,0,15,0,0,0,15,0,0,0,0,0,0,0,,,,,,,,0,,0,0,0,0,0,0,0,WARN,0,2
3558,7903,baltbet-main,finished,,2022-09-19T15:00:00.000000Z,2022,15,15,,,0,15,15,15,15,0,0,15,0,0,0,15,0,0,0,0,0,0,0,,,,,,,,0,,0,0,0,0,0,0,0,WARN,0,2
3559,7905,baltbet-main,finished,,2022-09-20T18:00:00.000000Z,2022,15,15,,,0,15,15,15,15,0,0,15,0,0,0,15,0,0,0,0,0,0,0,,,,,,,,0,,0,0,0,0,0,0,0,WARN,0,2
3560,7908,baltbet-main,finished,,2022-09-21T15:30:00.000000Z,2022,15,15,,,0,15,15,15,15,0,0,15,0,0,0,15,0,0,0,0,0,0,0,,,,,,,,0,,0,0,0,0,0,0,0,WARN,0,2
3561,7911,baltbet-main,finished,,2022-09-22T16:00:00.000000Z,2022,15,15,,,0,15,15,15,15,0,0,15,0,0,0,15,0,0,0,0,0,0,0,,,,,,,,0,,0,0,0,0,0,0,0,WARN,0,2
3562,7914,baltbet-main,finished,,2022-09-23T16:00:00.000000Z,2022,15,15,,,0,15,15,15,15,0,0,15,0,0,0,15,0,0,0,0,0,0,0,,,,,,,,0,,0,0,0,0,0,0,0,WARN,0,2
3563,7917,baltbet-main,finished,,2022-09-24T14:00:00.000000Z,2022,15,15,,,0,15,15,15,15,0,0,15,0,0,0,15,0,0,0,0,0,0,0,,,,,,,,0,,0,0,0,0,0,0,0,WARN,0,2
3564,7920,baltbet-main,finished,,2022-09-25T14:00:00.000000Z,2022,15,15,,,0,15,15,15,15,0,0,14,0,1,0,14,0,0,0,0,0,0,0,,,,,,,,0,,0,0,0,0,0,0,0,FAIL,1,2
3565,7923,baltbet-main,finished,,2022-09-26T16:30:00.000000Z,2022,15,15,,,0,15,15,15,15,0,0,15,0,0,0,15,0,0,0,0,0,0,0,,,,,,,,0,,0,0,0,0,0,0,0,WARN,0,2
3566,7927,baltbet-main,finished,,2022-09-27T15:45:00.000000Z,2022,15,15,,,0,15,15,0,15,0,0,15,0,0,0,15,0,0,0,0,0,0,0,,,,,,,,0,,0,0,0,0,0,0,0,FAIL,1,2
3567,7928,baltbet-main,finished,,2022-09-28T17:00:00.000000Z,2022,15,15,,,0,15,15,0,15,0,0,15,0,0,0,15,0,0,0,0,0,0,0,,,,,,,,0,,0,0,0,0,0,0,0,FAIL,1,2
3568,7933,baltbet-main,finished,,2022-09-29T14:30:00.000000Z,2022,15,15,,,0,15,15,15,15,0,0,15,0,0,0,15,0,0,0,0,0,0,0,,,,,,,,0,,0,0,0,0,0,0,0,WARN,0,2
3569,7935,baltbet-main,finished,,2022-09-30T15:30:00.000000Z,2022,15,15,,,0,15,15,15,15,0,0,15,0,0,0,15,0,0,0,0,0,0,0,,,,,,,,0,,0,0,0,0,0,0,0,WARN,0,2
3570,7937,baltbet-main,finished,,2022-10-01T13:30:00.000000Z,2022,15,15,,,0,15,15,15,15,0,0,15,0,0,0,15,0,0,0,0,0,0,0,,,,,,,,0,,0,0,0,0,0,0,0,WARN,0,2
3571,7940,baltbet-main,finished,,2022-10-02T13:00:00.000000Z,2022,15,15,,,0,15,15,15,15,0,0,15,0,0,0,15,0,0,0,0,0,0,0,,,,,,,,0,,0,0,0,0,0,0,0,WARN,0,2
3572,7943,baltbet-main,finished,,2022-10-03T16:00:00.000000Z,2022,15,15,,,0,15,15,15,15,0,0,15,0,0,0,15,0,0,0,0,0,0,0,,,,,,,,0,,0,0,0,0,0,0,0,WARN,0,2
3573,7947,baltbet-main,finished,,2022-10-04T16:45:00.000000Z,2022,15,15,,,0,15,15,15,15,0,0,15,0,0,0,15,0,0,0,0,0,0,0,,,,,,,,0,,0,0,0,0,0,0,0,WARN,0,2
3574,7948,baltbet-main,finished,,2022-10-05T16:00:00.000000Z,2022,15,15,,,0,15,15,15,15,0,0,15,0,0,0,15,0,0,0,0,0,0,0,,,,,,,,0,,0,0,0,0,0,0,0,WARN,0,2
3575,7951,baltbet-main,finished,,2022-10-06T16:45:00.000000Z,2022,15,15,,,0,15,15,15,15,0,0,14,0,1,0,14,0,0,0,0,0,0,0,,,,,,,,0,,0,0,0,0,0,0,0,FAIL,1,2
3576,7955,baltbet-main,finished,,2022-10-07T15:30:00.000000Z,2022,15,15,,,0,15,15,15,15,0,0,15,0,0,0,15,0,0,0,0,0,0,0,,,,,,,,0,,0,0,0,0,0,0,0,WARN,0,2
3577,7958,baltbet-main,finished,,2022-10-08T13:30:00.000000Z,2022,15,15,,,0,15,15,15,15,0,0,15,0,0,0,15,0,0,0,0,0,0,0,,,,,,,,0,,0,0,0,0,0,0,0,WARN,0,2
3578,7962,baltbet-main,finished,,2022-10-09T13:00:00.000000Z,2022,15,15,,,0,15,15,15,15,0,0,15,0,0,0,15,0,0,0,0,0,0,0,,,,,,,,0,,0,0,0,0,0,0,0,WARN,0,2
3579,7964,baltbet-main,finished,,2022-10-10T16:00:00.000000Z,2022,15,15,,,0,15,15,0,15,0,0,15,0,0,0,15,0,0,0,0,0,0,0,,,,,,,,0,,0,0,0,0,0,0,0,FAIL,1,2
3580,7966,baltbet-main,finished,,2022-10-11T17:00:00.000000Z,2022,15,15,,,0,15,15,0,15,0,0,15,0,0,0,15,0,0,0,0,0,0,0,,,,,,,,0,,0,0,0,0,0,0,0,FAIL,1,2
3581,7971,baltbet-main,finished,,2022-10-12T16:30:00.000000Z,2022,15,15,,,0,15,15,0,15,0,0,15,0,0,0,15,0,0,0,0,0,0,0,,,,,,,,0,,0,0,0,0,0,0,0,FAIL,1,2
3582,7973,baltbet-main,finished,,2022-10-13T16:45:00.000000Z,2022,15,15,,,0,15,15,15,15,0,0,15,0,0,0,15,0,0,0,0,0,0,0,,,,,,,,0,,0,0,0,0,0,0,0,WARN,0,2
3583,7977,baltbet-main,finished,,2022-10-14T15:30:00.000000Z,2022,15,15,,,0,15,15,15,15,0,0,15,0,0,0,15,0,0,0,0,0,0,0,,,,,,,,0,,0,0,0,0,0,0,0,WARN,0,2
3584,7979,baltbet-main,finished,,2022-10-15T13:00:00.000000Z,2022,15,15,,,0,15,15,15,15,0,0,15,0,0,0,15,0,0,0,0,0,0,0,,,,,,,,0,,0,0,0,0,0,0,0,WARN,0,2
3585,7982,baltbet-main,finished,,2022-10-16T13:00:00.000000Z,2022,15,15,,,0,15,15,15,15,0,0,15,0,0,0,15,0,0,0,0,0,0,0,,,,,,,,0,,0,0,0,0,0,0,0,WARN,0,2
3586,7985,baltbet-main,finished,,2022-10-17T16:30:00.000000Z,2022,15,15,,,0,15,15,15,15,0,0,15,0,0,0,15,0,0,0,0,0,0,0,,,,,,,,0,,0,0,0,0,0,0,0,WARN,0,2
3587,7988,baltbet-main,finished,,2022-10-18T16:00:00.000000Z,2022,15,15,,,0,15,15,15,15,0,0,15,0,0,0,15,0,0,0,0,0,0,0,,,,,,,,0,,0,0,0,0,0,0,0,WARN,0,2
3588,7990,baltbet-main,finished,,2022-10-19T16:00:00.000000Z,2022,15,15,,,0,15,15,15,15,0,0,15,0,0,0,15,0,0,0,0,0,0,0,,,,,,,,0,,0,0,0,0,0,0,0,WARN,0,2
3589,7995,baltbet-main,finished,,2022-10-20T15:15:00.000000Z,2022,15,15,,,0,15,15,0,15,0,0,15,0,0,0,15,0,0,0,0,0,0,0,,,,,,,,0,,0,0,0,0,0,0,0,FAIL,1,2
3590,7997,baltbet-main,finished,,2022-10-21T16:00:00.000000Z,2022,15,15,,,0,15,15,15,15,0,0,15,0,0,0,15,0,0,0,0,0,0,0,,,,,,,,0,,0,0,0,0,0,0,0,WARN,0,2
3591,8000,baltbet-main,finished,,2022-10-22T13:30:00.000000Z,2022,15,15,,,0,15,15,15,15,0,0,15,0,0,0,15,0,0,0,0,0,0,0,,,,,,,,0,,0,0,0,0,0,0,0,WARN,0,2
3592,8003,baltbet-main,finished,,2022-10-23T13:00:00.000000Z,2022,15,15,,,0,15,15,15,15,0,0,15,0,0,0,15,0,0,0,0,0,0,0,,,,,,,,0,,0,0,0,0,0,0,0,WARN,0,2
3593,8006,baltbet-main,finished,,2022-10-24T16:00:00.000000Z,2022,15,15,,,0,15,15,15,15,0,0,15,0,0,0,15,0,0,0,0,0,0,0,,,,,,,,0,,0,0,0,0,0,0,0,WARN,0,2
3594,8009,baltbet-main,finished,,2022-10-25T15:00:00.000000Z,2022,15,15,,,0,15,15,15,15,0,0,15,0,0,0,15,0,0,0,0,0,0,0,,,,,,,,0,,0,0,0,0,0,0,0,WARN,0,2
3595,8011,baltbet-main,finished,,2022-10-26T15:00:00.000000Z,2022,15,15,,,0,15,15,15,15,0,0,14,0,1,0,14,0,0,0,0,0,0,0,,,,,,,,0,,0,0,0,0,0,0,0,FAIL,1,2
3596,8015,baltbet-main,finished,,2022-10-27T16:45:00.000000Z,2022,15,15,,,0,15,15,15,15,0,0,15,0,0,0,15,0,0,0,0,0,0,0,,,,,,,,0,,0,0,0,0,0,0,0,WARN,0,2
3597,8019,baltbet-main,finished,,2022-10-28T16:00:00.000000Z,2022,15,15,,,0,15,15,15,15,0,0,15,0,0,0,15,0,0,0,0,0,0,0,,,,,,,,0,,0,0,0,0,0,0,0,WARN,0,2
3598,8021,baltbet-main,finished,,2022-10-29T13:30:00.000000Z,2022,15,15,,,0,15,15,15,15,0,0,15,0,0,0,15,0,0,0,0,0,0,0,,,,,,,,0,,0,0,0,0,0,0,0,WARN,0,2
3599,8025,baltbet-main,finished,,2022-10-30T14:00:00.000000Z,2022,15,15,,,0,15,15,15,15,0,0,15,0,0,0,15,0,0,0,0,0,0,0,,,,,,,,0,,0,0,0,0,0,0,0,WARN,0,2
3600,8027,baltbet-main,finished,,2022-10-31T15:30:00.000000Z,2022,15,15,,,0,15,15,15,15,0,0,15,0,0,0,15,0,0,0,0,0,0,0,,,,,,,,0,,0,0,0,0,0,0,0,WARN,0,2
3601,8030,baltbet-main,finished,,2022-11-01T15:15:00.000000Z,2022,15,15,,,0,15,15,15,15,0,0,14,0,1,0,14,0,0,0,0,0,0,0,,,,,,,,0,,0,0,0,0,0,0,0,FAIL,1,2
3602,8033,baltbet-main,finished,,2022-11-02T16:00:00.000000Z,2022,15,15,,,0,15,15,15,15,0,0,15,0,0,0,15,0,0,0,0,0,0,0,,,,,,,,0,,0,0,0,0,0,0,0,WARN,0,2
3603,8035,baltbet-main,finished,,2022-11-03T16:00:00.000000Z,2022,15,15,,,0,15,15,15,15,0,0,15,0,0,0,15,0,0,0,0,0,0,0,,,,,,,,0,,0,0,0,0,0,0,0,WARN,0,2
3604,8039,baltbet-main,finished,,2022-11-04T16:30:00.000000Z,2022,15,15,,,0,15,15,15,15,0,0,15,0,0,0,15,0,0,0,0,0,0,0,,,,,,,,0,,0,0,0,0,0,0,0,WARN,0,2
3605,8042,baltbet-main,finished,,2022-11-05T14:00:00.000000Z,2022,15,15,,,0,15,15,15,15,0,0,15,0,0,0,15,0,0,0,0,0,0,0,,,,,,,,0,,0,0,0,0,0,0,0,WARN,0,2
3606,8046,baltbet-main,finished,,2022-11-06T14:00:00.000000Z,2022,15,15,,,0,15,15,15,15,0,0,15,0,0,0,15,0,0,0,0,0,0,0,,,,,,,,0,,0,0,0,0,0,0,0,WARN,0,2
3607,8047,baltbet-main,finished,,2022-11-07T16:30:00.000000Z,2022,15,15,,,0,15,15,15,15,0,0,15,0,0,0,15,0,0,0,0,0,0,0,,,,,,,,0,,0,0,0,0,0,0,0,WARN,0,2
3608,8051,baltbet-main,finished,,2022-11-08T17:00:00.000000Z,2022,15,15,,,0,15,15,15,15,0,0,14,0,1,0,14,0,0,0,0,0,0,0,,,,,,,,0,,0,0,0,0,0,0,0,FAIL,1,2
3609,8053,baltbet-main,finished,,2022-11-09T16:00:00.000000Z,2022,15,15,,,0,15,15,15,15,0,0,15,0,0,0,15,0,0,0,0,0,0,0,,,,,,,,0,,0,0,0,0,0,0,0,WARN,0,2
3610,8056,baltbet-main,finished,,2022-11-10T14:00:00.000000Z,2022,15,15,,,0,15,15,15,15,0,0,15,0,0,0,15,0,0,0,0,0,0,0,,,,,,,,0,,0,0,0,0,0,0,0,WARN,0,2
3611,8060,baltbet-main,finished,,2022-11-11T16:00:00.000000Z,2022,15,15,,,0,15,15,15,15,0,0,15,0,0,0,15,0,0,0,0,0,0,0,,,,,,,,0,,0,0,0,0,0,0,0,WARN,0,2
3612,8062,baltbet-main,finished,,2022-11-12T14:30:00.000000Z,2022,15,15,,,0,15,15,15,15,0,0,15,0,0,0,15,0,0,0,0,0,0,0,,,,,,,,0,,0,0,0,0,0,0,0,WARN,0,2
3613,8067,baltbet-main,finished,,2022-11-13T14:00:00.000000Z,2022,15,15,,,0,15,15,15,15,0,0,15,0,0,0,15,0,0,0,0,0,0,0,,,,,,,,0,,0,0,0,0,0,0,0,WARN,0,2
3614,8069,baltbet-main,finished,,2022-11-14T15:04:00.000000Z,2022,15,15,,,0,15,15,15,15,0,0,15,0,0,0,15,0,0,0,0,0,0,0,,,,,,,,0,,0,0,0,0,0,0,0,WARN,0,2
3615,8072,baltbet-main,finished,,2022-11-15T14:00:00.000000Z,2022,15,15,,,0,15,15,0,15,0,0,14,0,1,0,14,0,0,0,0,0,0,0,,,,,,,,0,,0,0,0,0,0,0,0,FAIL,2,2
3616,8074,baltbet-main,finished,,2022-11-16T16:30:00.000000Z,2022,15,15,,,0,15,15,15,15,0,0,15,0,0,0,15,0,0,0,0,0,0,0,,,,,,,,0,,0,0,0,0,0,0,0,WARN,0,2
3617,8078,baltbet-main,finished,,2022-11-17T13:40:00.000000Z,2022,15,15,,,0,15,15,15,15,0,0,14,0,1,0,14,0,0,0,0,0,0,0,,,,,,,,0,,0,0,0,0,0,0,0,FAIL,1,2
3618,8080,baltbet-main,finished,,2022-11-18T14:00:00.000000Z,2022,15,15,,,0,15,15,15,15,0,0,14,0,1,0,14,0,0,0,0,0,0,0,,,,,,,,0,,0,0,0,0,0,0,0,FAIL,1,2
3619,8083,baltbet-main,finished,,2022-11-19T15:00:00.000000Z,2022,15,15,,,0,15,15,15,15,0,0,15,0,0,0,15,0,0,0,0,0,0,0,,,,,,,,0,,0,0,0,0,0,0,0,WARN,0,2
3620,8085,baltbet-main,finished,,2022-11-20T14:00:00.000000Z,2022,15,15,,,0,15,15,15,15,0,0,15,0,0,0,15,0,0,0,0,0,0,0,,,,,,,,0,,0,0,0,0,0,0,0,WARN,0,2
3621,8087,baltbet-main,finished,,2022-11-21T12:00:00.000000Z,2022,15,15,,,0,15,15,15,15,0,0,14,0,1,0,14,0,0,0,0,0,0,0,,,,,,,,0,,0,0,0,0,0,0,0,FAIL,1,2
3622,8090,baltbet-main,finished,,2022-11-22T16:00:00.000000Z,2022,15,15,,,0,15,15,15,15,0,0,14,0,1,0,14,0,0,0,0,0,0,0,,,,,,,,0,,0,0,0,0,0,0,0,FAIL,1,2
3623,8093,baltbet-main,finished,,2022-11-23T13:00:00.000000Z,2022,15,15,,,0,15,15,15,15,0,0,15,0,0,0,15,0,0,0,0,0,0,0,,,,,,,,0,,0,0,0,0,0,0,0,WARN,0,2
3624,8095,baltbet-main,finished,,2022-11-24T12:30:00.000000Z,2022,15,15,,,0,15,15,15,15,0,0,15,0,0,0,15,0,0,0,0,0,0,0,,,,,,,,0,,0,0,0,0,0,0,0,WARN,0,2
3625,8098,baltbet-main,finished,,2022-11-25T16:00:00.000000Z,2022,15,15,,,0,15,15,15,15,0,0,14,0,1,0,14,0,0,0,0,0,0,0,,,,,,,,0,,0,0,0,0,0,0,0,FAIL,1,2
3626,8101,baltbet-main,finished,,2022-11-26T15:00:00.000000Z,2022,15,15,,,0,15,15,15,15,0,0,15,0,0,0,15,0,0,0,0,0,0,0,,,,,,,,0,,0,0,0,0,0,0,0,WARN,0,2
3627,8104,baltbet-main,finished,,2022-11-27T13:00:00.000000Z,2022,15,15,,,0,15,15,15,15,0,0,15,0,0,0,15,0,0,0,0,0,0,0,,,,,,,,0,,0,0,0,0,0,0,0,WARN,0,2
3628,8107,baltbet-main,finished,,2022-11-28T13:00:00.000000Z,2022,15,15,,,0,15,15,0,15,0,0,14,0,1,0,14,0,0,0,0,0,0,0,,,,,,,,0,,0,0,0,0,0,0,0,FAIL,2,2
3629,8110,baltbet-main,finished,,2022-11-29T14:00:00.000000Z,2022,15,15,,,0,15,15,15,15,0,0,15,0,0,0,15,0,0,0,0,0,0,0,,,,,,,,0,,0,0,0,0,0,0,0,WARN,0,2
3630,8112,baltbet-main,finished,,2022-11-30T15:00:00.000000Z,2022,15,15,,,0,15,15,15,15,0,0,15,0,0,0,15,0,0,0,0,0,0,0,,,,,,,,0,,0,0,0,0,0,0,0,WARN,0,2
3631,8115,baltbet-main,finished,,2022-12-01T14:45:00.000000Z,2022,15,15,,,0,15,15,15,15,0,0,15,0,0,0,15,0,0,0,0,0,0,0,,,,,,,,0,,0,0,0,0,0,0,0,WARN,0,2
3632,8118,baltbet-main,finished,,2022-12-02T15:30:00.000000Z,2022,15,15,,,0,15,15,15,15,0,0,15,0,0,0,15,0,0,0,0,0,0,0,,,,,,,,0,,0,0,0,0,0,0,0,WARN,0,2
3633,8121,baltbet-main,finished,,2022-12-03T13:00:00.000000Z,2022,15,15,,,0,15,15,15,15,0,0,15,0,0,0,15,0,0,0,0,0,0,0,,,,,,,,0,,0,0,0,0,0,0,0,WARN,0,2
3634,8123,baltbet-main,finished,,2022-12-04T13:00:00.000000Z,2022,15,15,,,0,15,15,15,15,0,0,15,0,0,0,15,0,0,0,0,0,0,0,,,,,,,,0,,0,0,0,0,0,0,0,WARN,0,2
3635,8126,baltbet-main,finished,,2022-12-05T15:00:00.000000Z,2022,15,15,,,0,15,15,0,15,0,0,15,0,0,0,15,0,0,0,0,0,0,0,,,,,,,,0,,0,0,0,0,0,0,0,FAIL,1,2
3636,8128,baltbet-main,finished,,2022-12-06T18:00:00.000000Z,2022,15,15,,,0,15,15,15,15,0,0,14,0,1,0,14,0,0,0,0,0,0,0,,,,,,,,0,,0,0,0,0,0,0,0,FAIL,1,2
3637,8132,baltbet-main,finished,,2022-12-07T14:00:00.000000Z,2022,15,15,,,0,15,15,15,15,0,0,15,0,0,0,15,0,0,0,0,0,0,0,,,,,,,,0,,0,0,0,0,0,0,0,WARN,0,2
3638,8134,baltbet-main,finished,,2022-12-08T14:00:00.000000Z,2022,15,15,,,0,15,15,15,15,0,0,15,0,0,0,15,0,0,0,0,0,0,0,,,,,,,,0,,0,0,0,0,0,0,0,WARN,0,2
3639,8137,baltbet-main,finished,,2022-12-09T14:00:00.000000Z,2022,15,15,,,0,15,15,15,15,0,0,14,0,1,0,14,0,0,0,0,0,0,0,,,,,,,,0,,0,0,0,0,0,0,0,FAIL,1,2
3640,8140,baltbet-main,finished,,2022-12-10T14:00:00.000000Z,2022,15,15,,,0,15,15,15,15,0,0,13,0,2,0,13,0,0,0,0,0,0,0,,,,,,,,0,,0,0,0,0,0,0,0,FAIL,1,2
3641,8143,baltbet-main,finished,,2022-12-11T14:00:00.000000Z,2022,15,15,,,0,15,15,15,15,0,0,15,0,0,0,15,0,0,0,0,0,0,0,,,,,,,,0,,0,0,0,0,0,0,0,WARN,0,2
3642,8146,baltbet-main,finished,,2022-12-12T15:00:00.000000Z,2022,15,15,,,0,15,15,15,15,0,0,15,0,0,0,15,0,0,0,0,0,0,0,,,,,,,,0,,0,0,0,0,0,0,0,WARN,0,2
3643,8149,baltbet-main,finished,,2022-12-13T12:55:00.000000Z,2022,15,15,,,0,15,15,15,15,0,0,0,0,15,0,0,0,0,0,0,0,0,0,,,,,,,,0,,0,0,0,0,0,0,0,FAIL,1,2
3644,8151,baltbet-main,finished,,2022-12-14T12:30:00.000000Z,2022,15,15,,,0,15,15,15,15,0,0,15,0,0,0,15,0,0,0,0,0,0,0,,,,,,,,0,,0,0,0,0,0,0,0,WARN,0,2
3645,8154,baltbet-main,finished,,2022-12-15T14:00:00.000000Z,2022,15,15,,,0,15,15,15,15,0,0,13,0,2,0,13,0,0,0,0,0,0,0,,,,,,,,0,,0,0,0,0,0,0,0,FAIL,1,2
3646,8157,baltbet-main,finished,,2022-12-16T18:00:00.000000Z,2022,15,15,,,0,15,15,15,15,0,0,11,0,4,0,11,0,0,0,0,0,0,0,,,,,,,,0,,0,0,0,0,0,0,0,FAIL,1,2
3647,8161,baltbet-main,finished,,2022-12-17T15:00:00.000000Z,2022,15,15,,,0,15,15,15,15,0,0,14,0,1,0,14,0,0,0,0,0,0,0,,,,,,,,0,,0,0,0,0,0,0,0,FAIL,1,2
3648,8164,baltbet-main,finished,,2022-12-18T13:00:00.000000Z,2022,15,15,,,0,15,15,15,15,0,0,15,0,0,0,15,0,0,0,0,0,0,0,,,,,,,,0,,0,0,0,0,0,0,0,WARN,0,2
3649,8167,baltbet-main,finished,,2022-12-19T14:00:00.000000Z,2022,15,15,,,0,15,15,15,15,0,0,15,0,0,0,15,0,0,0,0,0,0,0,,,,,,,,0,,0,0,0,0,0,0,0,WARN,0,2
3650,8170,baltbet-main,finished,,2022-12-20T15:00:00.000000Z,2022,15,15,,,0,15,15,15,15,0,0,15,0,0,0,15,0,0,0,0,0,0,0,,,,,,,,0,,0,0,0,0,0,0,0,WARN,0,2
3651,8173,baltbet-main,finished,,2022-12-21T15:00:00.000000Z,2022,15,15,,,0,15,15,15,15,0,0,14,0,1,0,14,0,0,0,0,0,0,0,,,,,,,,0,,0,0,0,0,0,0,0,FAIL,1,2
3652,8176,baltbet-main,finished,,2022-12-22T15:00:00.000000Z,2022,15,15,,,0,15,15,15,15,0,0,13,0,2,0,13,0,0,0,0,0,0,0,,,,,,,,0,,0,0,0,0,0,0,0,FAIL,1,2
3653,8179,baltbet-main,finished,,2022-12-23T13:30:00.000000Z,2022,15,15,,,0,15,15,15,15,0,0,15,0,0,0,15,0,0,0,0,0,0,0,,,,,,,,0,,0,0,0,0,0,0,0,WARN,0,2
3654,8182,baltbet-main,finished,,2022-12-24T13:00:00.000000Z,2022,15,15,,,0,15,15,15,15,0,0,15,0,0,0,15,0,0,0,0,0,0,0,,,,,,,,0,,0,0,0,0,0,0,0,WARN,0,2
3655,8184,baltbet-main,finished,,2022-12-25T12:50:00.000000Z,2022,15,15,,,0,15,15,0,15,0,0,15,0,0,0,15,0,0,0,0,0,0,0,,,,,,,,0,,0,0,0,0,0,0,0,FAIL,1,2
3656,8187,baltbet-main,finished,,2022-12-26T15:00:00.000000Z,2022,15,15,,,0,15,15,15,15,0,0,15,0,0,0,15,0,0,0,0,0,0,0,,,,,,,,0,,0,0,0,0,0,0,0,WARN,0,2
3657,8189,baltbet-main,finished,,2022-12-27T14:00:00.000000Z,2022,15,15,,,0,15,15,0,15,0,0,15,0,0,0,15,0,0,0,0,0,0,0,,,,,,,,0,,0,0,0,0,0,0,0,FAIL,1,2
3658,8191,baltbet-main,finished,,2022-12-28T14:00:00.000000Z,2022,15,15,,,0,15,15,15,15,0,0,15,0,0,0,15,0,0,0,0,0,0,0,,,,,,,,0,,0,0,0,0,0,0,0,WARN,0,2
3659,8194,baltbet-main,finished,,2022-12-29T16:00:00.000000Z,2022,15,15,,,0,15,15,15,15,0,0,14,0,1,0,14,0,0,0,0,0,0,0,,,,,,,,0,,0,0,0,0,0,0,0,FAIL,1,2
3660,8198,baltbet-main,finished,,2022-12-30T16:00:00.000000Z,2022,15,15,,,0,15,15,15,15,0,0,15,0,0,0,15,0,0,0,0,0,0,0,,,,,,,,0,,0,0,0,0,0,0,0,WARN,0,2
3661,8199,baltbet-main,finished,,2022-12-31T13:30:00.000000Z,2022,15,15,,,0,15,15,15,15,0,0,15,0,0,0,15,0,0,0,0,0,0,0,,,,,,,,0,,0,0,0,0,0,0,0,WARN,0,2
3662,8203,baltbet-main,finished,,2023-01-01T14:00:00.000000Z,2023,15,15,,,0,15,15,15,15,0,0,15,0,0,0,15,0,0,0,0,0,0,0,,,,,,,,0,,0,0,0,0,0,0,0,WARN,0,2
3663,8206,baltbet-main,finished,,2023-01-02T15:00:00.000000Z,2023,15,15,,,0,15,15,15,15,0,0,15,0,0,0,15,0,0,0,0,0,0,0,,,,,,,,0,,0,0,0,0,0,0,0,WARN,0,2
3664,8209,baltbet-main,finished,,2023-01-03T14:00:00.000000Z,2023,15,15,,,0,15,15,15,15,0,0,14,0,1,0,14,0,0,0,0,0,0,0,,,,,,,,0,,0,0,0,0,0,0,0,FAIL,1,2
3665,8211,baltbet-main,finished,,2023-01-04T12:30:00.000000Z,2023,15,15,,,0,15,15,15,15,0,0,14,0,1,0,14,0,0,0,0,0,0,0,,,,,,,,0,,0,0,0,0,0,0,0,FAIL,1,2
3666,8213,baltbet-main,finished,,2023-01-05T12:30:00.000000Z,2023,15,15,,,0,15,15,15,15,0,0,15,0,0,0,15,0,0,0,0,0,0,0,,,,,,,,0,,0,0,0,0,0,0,0,WARN,0,2
3667,8216,baltbet-main,finished,,2023-01-06T15:15:00.000000Z,2023,15,15,,,0,15,15,15,15,0,0,15,0,0,0,15,0,0,0,0,0,0,0,,,,,,,,0,,0,0,0,0,0,0,0,WARN,0,2
3668,8218,baltbet-main,finished,,2023-01-07T15:00:00.000000Z,2023,15,15,,,0,15,15,15,15,0,0,15,0,0,0,15,0,0,0,0,0,0,0,,,,,,,,0,,0,0,0,0,0,0,0,WARN,0,2
3669,8222,baltbet-main,finished,,2023-01-08T13:30:00.000000Z,2023,15,15,,,0,15,15,15,15,0,0,15,0,0,0,15,0,0,0,0,0,0,0,,,,,,,,0,,0,0,0,0,0,0,0,WARN,0,2
3670,8223,baltbet-main,finished,,2023-01-09T14:00:00.000000Z,2023,15,15,,,0,15,15,15,15,0,0,15,0,0,0,15,0,0,0,0,0,0,0,,,,,,,,0,,0,0,0,0,0,0,0,WARN,0,2
3671,8227,baltbet-main,finished,,2023-01-10T16:15:00.000000Z,2023,15,15,,,0,15,15,15,15,0,0,15,0,0,0,15,0,0,0,0,0,0,0,,,,,,,,0,,0,0,0,0,0,0,0,WARN,0,2
3672,8230,baltbet-main,finished,,2023-01-11T17:00:00.000000Z,2023,15,15,,,0,15,15,0,15,0,0,15,0,0,0,15,0,0,0,0,0,0,0,,,,,,,,0,,0,0,0,0,0,0,0,FAIL,1,2
3673,8233,baltbet-main,finished,,2023-01-12T13:15:00.000000Z,2023,15,15,,,0,15,15,15,15,0,0,15,0,0,0,15,0,0,0,0,0,0,0,,,,,,,,0,,0,0,0,0,0,0,0,WARN,0,2
3674,8235,baltbet-main,finished,,2023-01-13T15:00:00.000000Z,2023,15,15,,,0,15,15,15,15,0,0,15,0,0,0,15,0,0,0,0,0,0,0,,,,,,,,0,,0,0,0,0,0,0,0,WARN,0,2
3675,8238,baltbet-main,finished,,2023-01-14T14:00:00.000000Z,2023,15,15,,,0,15,15,15,15,0,0,15,0,0,0,15,0,0,0,0,0,0,0,,,,,,,,0,,0,0,0,0,0,0,0,WARN,0,2
3676,8242,baltbet-main,finished,,2023-01-15T13:00:00.000000Z,2023,15,15,,,0,15,15,15,15,0,0,15,0,0,0,15,0,0,0,0,0,0,0,,,,,,,,0,,0,0,0,0,0,0,0,WARN,0,2
3677,8244,baltbet-main,finished,,2023-01-16T16:00:00.000000Z,2023,15,15,,,0,15,15,15,15,0,0,13,0,2,0,13,0,0,0,0,0,0,0,,,,,,,,0,,0,0,0,0,0,0,0,FAIL,1,2
3678,8247,baltbet-main,finished,,2023-01-17T16:00:00.000000Z,2023,15,15,,,0,15,15,15,15,0,0,13,0,2,0,13,0,0,0,0,0,0,0,,,,,,,,0,,0,0,0,0,0,0,0,FAIL,1,2
3679,8250,baltbet-main,finished,,2023-01-18T14:00:00.000000Z,2023,15,15,,,0,15,15,15,15,0,0,14,0,1,0,14,0,0,0,0,0,0,0,,,,,,,,0,,0,0,0,0,0,0,0,FAIL,1,2
3680,8252,baltbet-main,finished,,2023-01-19T14:30:00.000000Z,2023,15,15,,,0,15,15,0,15,0,0,15,0,0,0,15,0,0,0,0,0,0,0,,,,,,,,0,,0,0,0,0,0,0,0,FAIL,1,2
3681,8256,baltbet-main,finished,,2023-01-20T15:30:00.000000Z,2023,15,15,,,0,15,15,15,15,0,0,15,0,0,0,15,0,0,0,0,0,0,0,,,,,,,,0,,0,0,0,0,0,0,0,WARN,0,2
3682,8259,baltbet-main,finished,,2023-01-21T14:00:00.000000Z,2023,15,15,,,0,15,15,15,15,0,0,15,0,0,0,15,0,0,0,0,0,0,0,,,,,,,,0,,0,0,0,0,0,0,0,WARN,0,2
3683,8262,baltbet-main,finished,,2023-01-22T14:00:00.000000Z,2023,15,15,,,0,15,15,15,15,0,0,14,0,1,0,14,0,0,0,0,0,0,0,,,,,,,,0,,0,0,0,0,0,0,0,FAIL,1,2
3684,8264,baltbet-main,finished,,2023-01-23T15:00:00.000000Z,2023,15,15,,,0,15,15,15,15,0,0,15,0,0,0,15,0,0,0,0,0,0,0,,,,,,,,0,,0,0,0,0,0,0,0,WARN,0,2
3685,8267,baltbet-main,finished,,2023-01-24T16:00:00.000000Z,2023,15,15,,,0,15,15,15,15,0,0,12,0,3,0,12,0,0,0,0,0,0,0,,,,,,,,0,,0,0,0,0,0,0,0,FAIL,1,2
3686,8269,baltbet-main,finished,,2023-01-25T17:30:00.000000Z,2023,15,15,,,0,15,15,0,15,0,0,14,0,1,0,14,0,0,0,0,0,0,0,,,,,,,,0,,0,0,0,0,0,0,0,FAIL,2,2
3687,8274,baltbet-main,finished,,2023-01-26T15:00:00.000000Z,2023,15,15,,,0,15,15,0,15,0,0,15,0,0,0,15,0,0,0,0,0,0,0,,,,,,,,0,,0,0,0,0,0,0,0,FAIL,1,2
3688,8276,baltbet-main,finished,,2023-01-27T17:00:00.000000Z,2023,15,15,,,0,15,15,15,15,0,0,15,0,0,0,15,0,0,0,0,0,0,0,,,,,,,,0,,0,0,0,0,0,0,0,WARN,0,2
3689,8279,baltbet-main,finished,,2023-01-28T14:00:00.000000Z,2023,15,15,,,0,15,15,15,15,0,0,15,0,0,0,15,0,0,0,0,0,0,0,,,,,,,,0,,0,0,0,0,0,0,0,WARN,0,2
3690,8282,baltbet-main,finished,,2023-01-29T14:00:00.000000Z,2023,15,15,,,0,15,15,15,15,0,0,15,0,0,0,15,0,0,0,0,0,0,0,,,,,,,,0,,0,0,0,0,0,0,0,WARN,0,2
3691,8286,baltbet-main,finished,,2023-01-30T17:00:00.000000Z,2023,15,15,,,0,15,15,0,15,0,0,15,0,0,0,15,0,0,0,0,0,0,0,,,,,,,,0,,0,0,0,0,0,0,0,FAIL,1,2
3692,8288,baltbet-main,finished,,2023-01-31T17:00:00.000000Z,2023,15,15,,,0,15,15,15,15,0,0,15,0,0,0,15,0,0,0,0,0,0,0,,,,,,,,0,,0,0,0,0,0,0,0,WARN,0,2
3693,8292,baltbet-main,finished,,2023-02-01T16:15:00.000000Z,2023,15,15,,,0,15,15,0,15,0,0,15,0,0,0,15,0,0,0,0,0,0,0,,,,,,,,0,,0,0,0,0,0,0,0,FAIL,1,2
3694,8294,baltbet-main,finished,,2023-02-02T13:30:00.000000Z,2023,15,15,,,0,15,15,15,15,0,0,15,0,0,0,15,0,0,0,0,0,0,0,,,,,,,,0,,0,0,0,0,0,0,0,WARN,0,2
3695,8297,baltbet-main,finished,,2023-02-03T17:00:00.000000Z,2023,15,15,,,0,15,15,15,15,0,0,14,0,1,0,14,0,0,0,0,0,0,0,,,,,,,,0,,0,0,0,0,0,0,0,FAIL,1,2
3696,8299,baltbet-main,finished,,2023-02-04T14:00:00.000000Z,2023,15,15,,,0,15,15,15,15,0,0,15,0,0,0,15,0,0,0,0,0,0,0,,,,,,,,0,,0,0,0,0,0,0,0,WARN,0,2
3697,8303,baltbet-main,finished,,2023-02-05T14:00:00.000000Z,2023,15,15,,,0,15,15,15,15,0,0,15,0,0,0,15,0,0,0,0,0,0,0,,,,,,,,0,,0,0,0,0,0,0,0,WARN,0,2
3698,8307,baltbet-main,finished,,2023-02-06T16:00:00.000000Z,2023,15,15,,,0,15,15,15,15,0,0,12,0,3,0,12,0,0,0,0,0,0,0,,,,,,,,0,,0,0,0,0,0,0,0,FAIL,1,2
3699,8309,baltbet-main,finished,,2023-02-07T18:00:00.000000Z,2023,15,15,,,0,15,15,15,15,0,0,13,0,2,0,13,0,0,0,0,0,0,0,,,,,,,,0,,0,0,0,0,0,0,0,FAIL,1,2
3700,8312,baltbet-main,finished,,2023-02-08T16:00:00.000000Z,2023,15,15,,,0,15,15,0,15,0,0,15,0,0,0,15,0,0,0,0,0,0,0,,,,,,,,0,,0,0,0,0,0,0,0,FAIL,1,2
3701,8315,baltbet-main,finished,,2023-02-09T14:00:00.000000Z,2023,15,15,,,0,15,15,15,15,0,0,15,0,0,0,15,0,0,0,0,0,0,0,,,,,,,,0,,0,0,0,0,0,0,0,WARN,0,2
3702,8318,baltbet-main,finished,,2023-02-10T17:30:00.000000Z,2023,15,15,,,0,15,15,15,15,0,0,15,0,0,0,15,0,0,0,0,0,0,0,,,,,,,,0,,0,0,0,0,0,0,0,WARN,0,2
3703,8322,baltbet-main,finished,,2023-02-11T14:30:00.000000Z,2023,15,15,,,0,15,15,15,15,0,0,15,0,0,0,15,0,0,0,0,0,0,0,,,,,,,,0,,0,0,0,0,0,0,0,WARN,0,2
3704,8325,baltbet-main,finished,,2023-02-12T13:00:00.000000Z,2023,15,15,,,0,15,15,15,15,0,0,15,0,0,0,15,0,0,0,0,0,0,0,,,,,,,,0,,0,0,0,0,0,0,0,WARN,0,2
3705,8326,baltbet-main,finished,,2023-02-13T16:00:00.000000Z,2023,15,15,,,0,15,15,0,15,0,0,14,0,1,0,14,0,0,0,0,0,0,0,,,,,,,,0,,0,0,0,0,0,0,0,FAIL,2,2
3706,8330,baltbet-main,finished,,2023-02-14T19:45:00.000000Z,2023,15,15,,,0,15,15,15,15,0,0,15,0,0,0,15,0,0,0,0,0,0,0,,,,,,,,0,,0,0,0,0,0,0,0,WARN,0,2
3707,8333,baltbet-main,finished,,2023-02-15T16:15:00.000000Z,2023,15,15,,,0,15,15,15,15,0,0,15,0,0,0,15,0,0,0,0,0,0,0,,,,,,,,0,,0,0,0,0,0,0,0,WARN,0,2
3708,8336,baltbet-main,finished,,2023-02-16T17:45:00.000000Z,2023,15,15,,,0,15,15,0,15,0,0,15,0,0,0,15,0,0,0,0,0,0,0,,,,,,,,0,,0,0,0,0,0,0,0,FAIL,1,2
3709,8339,baltbet-main,finished,,2023-02-17T15:00:00.000000Z,2023,15,15,,,0,15,15,15,15,0,0,15,0,0,0,15,0,0,0,0,0,0,0,,,,,,,,0,,0,0,0,0,0,0,0,WARN,0,2
3710,8341,baltbet-main,finished,,2023-02-18T14:00:00.000000Z,2023,15,15,,,0,15,15,15,15,0,0,15,0,0,0,15,0,0,0,0,0,0,0,,,,,,,,0,,0,0,0,0,0,0,0,WARN,0,2
3711,8345,baltbet-main,finished,,2023-02-19T13:00:00.000000Z,2023,15,15,,,0,15,15,15,15,0,0,15,0,0,0,15,0,0,0,0,0,0,0,,,,,,,,0,,0,0,0,0,0,0,0,WARN,0,2
3712,8347,baltbet-main,finished,,2023-02-20T17:00:00.000000Z,2023,15,15,,,0,15,15,0,15,0,0,15,0,0,0,15,0,0,0,0,0,0,0,,,,,,,,0,,0,0,0,0,0,0,0,FAIL,1,2
3713,8351,baltbet-main,finished,,2023-02-21T17:00:00.000000Z,2023,15,15,,,0,15,15,15,15,0,0,15,0,0,0,15,0,0,0,0,0,0,0,,,,,,,,0,,0,0,0,0,0,0,0,WARN,0,2
3714,8355,baltbet-main,finished,,2023-02-22T14:00:00.000000Z,2023,15,15,,,0,15,15,15,15,0,0,15,0,0,0,15,0,0,0,0,0,0,0,,,,,,,,0,,0,0,0,0,0,0,0,WARN,0,2
3715,8357,baltbet-main,finished,,2023-02-23T17:45:00.000000Z,2023,15,15,,,0,15,15,15,15,0,0,14,0,1,0,14,0,0,0,0,0,0,0,,,,,,,,0,,0,0,0,0,0,0,0,FAIL,1,2
3716,8360,baltbet-main,finished,,2023-02-24T17:00:00.000000Z,2023,15,15,,,0,15,15,15,15,0,0,15,0,0,0,15,0,0,0,0,0,0,0,,,,,,,,0,,0,0,0,0,0,0,0,WARN,0,2
3717,8362,baltbet-main,finished,,2023-02-25T14:30:00.000000Z,2023,15,15,,,0,15,15,15,15,0,0,15,0,0,0,15,0,0,0,0,0,0,0,,,,,,,,0,,0,0,0,0,0,0,0,WARN,0,2
3718,8366,baltbet-main,finished,,2023-02-26T13:30:00.000000Z,2023,15,15,,,0,15,15,15,15,0,0,15,0,0,0,15,0,0,0,0,0,0,0,,,,,,,,0,,0,0,0,0,0,0,0,WARN,0,2
3719,8369,baltbet-main,finished,,2023-02-27T17:00:00.000000Z,2023,15,15,,,0,15,15,0,15,0,0,15,0,0,0,15,0,0,0,0,0,0,0,,,,,,,,0,,0,0,0,0,0,0,0,FAIL,1,2
3720,8372,baltbet-main,finished,,2023-02-28T16:00:00.000000Z,2023,15,15,,,0,15,15,15,15,0,0,15,0,0,0,15,0,0,0,0,0,0,0,,,,,,,,0,,0,0,0,0,0,0,0,WARN,0,2
3721,8376,baltbet-main,finished,,2023-03-01T16:00:00.000000Z,2023,15,15,,,0,15,15,15,15,0,0,15,0,0,0,15,0,0,0,0,0,0,0,,,,,,,,0,,0,0,0,0,0,0,0,WARN,0,2
3722,8378,baltbet-main,finished,,2023-03-02T14:00:00.000000Z,2023,15,15,,,0,15,15,15,15,0,0,15,0,0,0,15,0,0,0,0,0,0,0,,,,,,,,0,,0,0,0,0,0,0,0,WARN,0,2
3723,8381,baltbet-main,finished,,2023-03-03T16:00:00.000000Z,2023,15,15,,,0,15,15,15,15,0,0,15,0,0,0,15,0,0,0,0,0,0,0,,,,,,,,0,,0,0,0,0,0,0,0,WARN,0,2
3724,8383,baltbet-main,finished,,2023-03-04T14:30:00.000000Z,2023,15,15,,,0,15,15,15,15,0,0,15,0,0,0,15,0,0,0,0,0,0,0,,,,,,,,0,,0,0,0,0,0,0,0,WARN,0,2
3725,8388,baltbet-main,finished,,2023-03-05T14:00:00.000000Z,2023,15,15,,,0,15,15,15,15,0,0,15,0,0,0,15,0,0,0,0,0,0,0,,,,,,,,0,,0,0,0,0,0,0,0,WARN,0,2
3726,8391,baltbet-main,finished,,2023-03-06T17:30:00.000000Z,2023,15,15,,,0,15,15,15,15,0,0,15,0,0,0,15,0,0,0,0,0,0,0,,,,,,,,0,,0,0,0,0,0,0,0,WARN,0,2
3727,8394,baltbet-main,finished,,2023-03-07T17:00:00.000000Z,2023,15,15,,,0,15,15,15,15,0,0,15,0,0,0,15,0,0,0,0,0,0,0,,,,,,,,0,,0,0,0,0,0,0,0,WARN,0,2
3728,8396,baltbet-main,finished,,2023-03-08T15:30:00.000000Z,2023,15,15,,,0,15,15,15,15,0,0,14,0,1,0,14,0,0,0,0,0,0,0,,,,,,,,0,,0,0,0,0,0,0,0,FAIL,1,2
3729,8399,baltbet-main,finished,,2023-03-09T15:20:00.000000Z,2023,15,15,,,0,15,15,15,15,0,0,15,0,0,0,15,0,0,0,0,0,0,0,,,,,,,,0,,0,0,0,0,0,0,0,WARN,0,2
3730,8402,baltbet-main,finished,,2023-03-10T16:00:00.000000Z,2023,15,15,,,0,15,15,15,15,0,0,15,0,0,0,15,0,0,0,0,0,0,0,,,,,,,,0,,0,0,0,0,0,0,0,WARN,0,2
3731,8405,baltbet-main,finished,,2023-03-11T14:00:00.000000Z,2023,15,15,,,0,15,15,15,15,0,0,15,0,0,0,15,0,0,0,0,0,0,0,,,,,,,,0,,0,0,0,0,0,0,0,WARN,0,2
3732,8408,baltbet-main,finished,,2023-03-12T14:00:00.000000Z,2023,15,15,,,0,15,15,15,15,0,0,15,0,0,0,15,0,0,0,0,0,0,0,,,,,,,,0,,0,0,0,0,0,0,0,WARN,0,2
3733,8412,baltbet-main,finished,,2023-03-13T15:30:00.000000Z,2023,15,15,,,0,15,15,15,15,0,0,15,0,0,0,15,0,0,0,0,0,0,0,,,,,,,,0,,0,0,0,0,0,0,0,WARN,0,2
3734,8414,baltbet-main,finished,,2023-03-14T17:00:00.000000Z,2023,15,15,,,0,15,15,15,15,0,0,14,0,1,0,14,0,0,0,0,0,0,0,,,,,,,,0,,0,0,0,0,0,0,0,FAIL,1,2
3735,8416,baltbet-main,finished,,2023-03-15T16:30:00.000000Z,2023,15,15,,,0,15,15,15,15,0,0,15,0,0,0,15,0,0,0,0,0,0,0,,,,,,,,0,,0,0,0,0,0,0,0,WARN,0,2
3736,8421,baltbet-main,finished,,2023-03-16T15:00:00.000000Z,2023,15,15,,,0,15,15,15,15,0,0,15,0,0,0,15,0,0,0,0,0,0,0,,,,,,,,0,,0,0,0,0,0,0,0,WARN,0,2
3737,8423,baltbet-main,finished,,2023-03-17T15:30:00.000000Z,2023,15,15,,,0,15,15,15,15,0,0,14,0,1,0,14,0,0,0,0,0,0,0,,,,,,,,0,,0,0,0,0,0,0,0,FAIL,1,2
3738,8425,baltbet-main,finished,,2023-03-18T14:30:00.000000Z,2023,15,15,,,0,15,15,15,15,0,0,14,0,1,0,14,0,0,0,0,0,0,0,,,,,,,,0,,0,0,0,0,0,0,0,FAIL,1,2
3739,8429,baltbet-main,finished,,2023-03-19T14:00:00.000000Z,2023,15,15,,,0,15,15,15,15,0,0,15,0,0,0,15,0,0,0,0,0,0,0,,,,,,,,0,,0,0,0,0,0,0,0,WARN,0,2
3740,8432,baltbet-main,finished,,2023-03-20T15:00:00.000000Z,2023,15,15,,,0,15,15,0,15,0,0,15,0,0,0,15,0,0,0,0,0,0,0,,,,,,,,0,,0,0,0,0,0,0,0,FAIL,1,2
3741,8434,baltbet-main,finished,,2023-03-21T16:30:00.000000Z,2023,15,15,,,0,15,15,15,15,0,0,15,0,0,0,15,0,0,0,0,0,0,0,,,,,,,,0,,0,0,0,0,0,0,0,WARN,0,2
3742,8438,baltbet-main,finished,,2023-03-22T15:30:00.000000Z,2023,15,15,,,0,15,15,0,15,0,0,15,0,0,0,15,0,0,0,0,0,0,0,,,,,,,,0,,0,0,0,0,0,0,0,FAIL,1,2
3743,8441,baltbet-main,finished,,2023-03-23T14:00:00.000000Z,2023,15,15,,,0,15,15,15,15,0,0,15,0,0,0,15,0,0,0,0,0,0,0,,,,,,,,0,,0,0,0,0,0,0,0,WARN,0,2
3744,8443,baltbet-main,finished,,2023-03-24T17:00:00.000000Z,2023,15,15,,,0,15,15,15,15,0,0,15,0,0,0,15,0,0,0,0,0,0,0,,,,,,,,0,,0,0,0,0,0,0,0,WARN,0,2
3745,8445,baltbet-main,finished,,2023-03-25T15:00:00.000000Z,2023,15,15,,,0,15,15,15,15,0,0,14,0,1,0,14,0,0,0,0,0,0,0,,,,,,,,0,,0,0,0,0,0,0,0,FAIL,1,2
3746,8448,baltbet-main,finished,,2023-03-26T15:30:00.000000Z,2023,15,15,,,0,15,15,0,15,0,0,15,0,0,0,15,0,0,0,0,0,0,0,,,,,,,,0,,0,0,0,0,0,0,0,FAIL,1,2
3747,8453,baltbet-main,finished,,2023-03-27T16:00:00.000000Z,2023,15,15,,,0,15,15,15,15,0,0,15,0,0,0,15,0,0,0,0,0,0,0,,,,,,,,0,,0,0,0,0,0,0,0,WARN,0,2
3748,8455,baltbet-main,finished,,2023-03-28T16:00:00.000000Z,2023,15,15,,,0,15,15,15,15,0,0,15,0,0,0,15,0,0,0,0,0,0,0,,,,,,,,0,,0,0,0,0,0,0,0,WARN,0,2
3749,8458,baltbet-main,finished,,2023-03-29T15:00:00.000000Z,2023,15,15,,,0,15,15,0,15,0,0,15,0,0,0,15,0,0,0,0,0,0,0,,,,,,,,0,,0,0,0,0,0,0,0,FAIL,1,2
3750,8461,baltbet-main,finished,,2023-03-30T15:30:00.000000Z,2023,15,15,,,0,15,15,15,15,0,0,15,0,0,0,15,0,0,0,0,0,0,0,,,,,,,,0,,0,0,0,0,0,0,0,WARN,0,2
3751,8464,baltbet-main,finished,,2023-03-31T16:00:00.000000Z,2023,15,15,,,0,15,15,15,15,0,0,15,0,0,0,15,0,0,0,0,0,0,0,,,,,,,,0,,0,0,0,0,0,0,0,WARN,0,2
3752,8467,baltbet-main,finished,,2023-04-01T14:00:00.000000Z,2023,15,15,,,0,15,15,15,15,0,0,15,0,0,0,15,0,0,0,0,0,0,0,,,,,,,,0,,0,0,0,0,0,0,0,WARN,0,2
3753,8470,baltbet-main,finished,,2023-04-02T13:00:00.000000Z,2023,15,15,,,0,15,15,15,15,0,0,15,0,0,0,15,0,0,0,0,0,0,0,,,,,,,,0,,0,0,0,0,0,0,0,WARN,0,2
3754,8472,baltbet-main,finished,,2023-04-03T16:00:00.000000Z,2023,15,15,,,0,15,15,15,15,0,0,15,0,0,0,15,0,0,0,0,0,0,0,,,,,,,,0,,0,0,0,0,0,0,0,WARN,0,2
3755,8476,baltbet-main,finished,,2023-04-04T14:00:00.000000Z,2023,15,15,,,0,15,15,15,15,0,0,15,0,0,0,15,0,0,0,0,0,0,0,,,,,,,,0,,0,0,0,0,0,0,0,WARN,0,2
3756,8478,baltbet-main,finished,,2023-04-05T15:00:00.000000Z,2023,15,15,,,0,15,15,15,15,0,0,15,0,0,0,15,0,0,0,0,0,0,0,,,,,,,,0,,0,0,0,0,0,0,0,WARN,0,2
3757,8482,baltbet-main,finished,,2023-04-06T16:00:00.000000Z,2023,15,15,,,0,15,15,0,15,0,0,15,0,0,0,15,0,0,0,0,0,0,0,,,,,,,,0,,0,0,0,0,0,0,0,FAIL,1,2
3758,8485,baltbet-main,finished,,2023-04-07T16:10:00.000000Z,2023,15,15,,,0,15,15,15,15,0,0,15,0,0,0,15,0,0,0,0,0,0,0,,,,,,,,0,,0,0,0,0,0,0,0,WARN,0,2
3759,8489,baltbet-main,finished,,2023-04-08T13:30:00.000000Z,2023,15,15,,,0,15,15,15,15,0,0,15,0,0,0,15,0,0,0,0,0,0,0,,,,,,,,0,,0,0,0,0,0,0,0,WARN,0,2
3760,8490,baltbet-main,finished,,2023-04-09T13:00:00.000000Z,2023,15,15,,,0,15,15,15,15,0,0,15,0,0,0,15,0,0,0,0,0,0,0,,,,,,,,0,,0,0,0,0,0,0,0,WARN,0,2
3761,8494,baltbet-main,finished,,2023-04-10T14:00:00.000000Z,2023,15,15,,,0,15,15,15,15,0,0,15,0,0,0,15,0,0,0,0,0,0,0,,,,,,,,0,,0,0,0,0,0,0,0,WARN,0,2
3762,8497,baltbet-main,finished,,2023-04-11T16:00:00.000000Z,2023,15,15,,,0,15,15,0,15,0,0,13,0,2,0,13,0,0,0,0,0,0,0,,,,,,,,0,,0,0,0,0,0,0,0,FAIL,2,2
3763,8500,baltbet-main,finished,,2023-04-12T14:00:00.000000Z,2023,15,15,,,0,15,15,0,15,0,0,15,0,0,0,15,0,0,0,0,0,0,0,,,,,,,,0,,0,0,0,0,0,0,0,FAIL,1,2
3764,8503,baltbet-main,finished,,2023-04-13T16:45:00.000000Z,2023,15,15,,,0,15,15,15,15,0,0,15,0,0,0,15,0,0,0,0,0,0,0,,,,,,,,0,,0,0,0,0,0,0,0,WARN,0,2
3765,8506,baltbet-main,finished,,2023-04-14T16:00:00.000000Z,2023,15,15,,,0,15,15,15,15,0,0,15,0,0,0,15,0,0,0,0,0,0,0,,,,,,,,0,,0,0,0,0,0,0,0,WARN,0,2
3766,8509,baltbet-main,finished,,2023-04-15T13:00:00.000000Z,2023,15,15,,,0,15,15,15,15,0,0,15,0,0,0,15,0,0,0,0,0,0,0,,,,,,,,0,,0,0,0,0,0,0,0,WARN,0,2
3767,8511,baltbet-main,finished,,2023-04-16T13:00:00.000000Z,2023,15,15,,,0,15,15,15,15,0,0,15,0,0,0,15,0,0,0,0,0,0,0,,,,,,,,0,,0,0,0,0,0,0,0,WARN,0,2
3768,8514,baltbet-main,finished,,2023-04-17T16:00:00.000000Z,2023,15,15,,,0,15,15,0,15,0,0,15,0,0,0,15,0,0,0,0,0,0,0,,,,,,,,0,,0,0,0,0,0,0,0,FAIL,1,2
3769,8517,baltbet-main,finished,,2023-04-18T18:30:00.000000Z,2023,15,15,,,0,15,15,15,15,0,0,15,0,0,0,15,0,0,0,0,0,0,0,,,,,,,,0,,0,0,0,0,0,0,0,WARN,0,2
3770,8522,baltbet-main,finished,,2023-04-19T16:00:00.000000Z,2023,15,15,,,0,15,15,0,15,0,0,15,0,0,0,15,0,0,0,0,0,0,0,,,,,,,,0,,0,0,0,0,0,0,0,FAIL,1,2
3771,8524,baltbet-main,finished,,2023-04-20T17:00:00.000000Z,2023,15,15,,,0,15,15,15,15,0,0,15,0,0,0,15,0,0,0,0,0,0,0,,,,,,,,0,,0,0,0,0,0,0,0,WARN,0,2
3772,8527,baltbet-main,finished,,2023-04-21T16:00:00.000000Z,2023,15,15,,,0,15,15,15,15,0,0,15,0,0,0,15,0,0,0,0,0,0,0,,,,,,,,0,,0,0,0,0,0,0,0,WARN,0,2
3773,8529,baltbet-main,finished,,2023-04-22T13:30:00.000000Z,2023,15,15,,,0,15,15,15,15,0,0,14,0,1,0,14,0,0,0,0,0,0,0,,,,,,,,0,,0,0,0,0,0,0,0,FAIL,1,2
3774,8533,baltbet-main,finished,,2023-04-23T13:00:00.000000Z,2023,15,15,,,0,15,15,15,15,0,0,15,0,0,0,15,0,0,0,0,0,0,0,,,,,,,,0,,0,0,0,0,0,0,0,WARN,0,2
3775,8535,baltbet-main,finished,,2023-04-24T16:00:00.000000Z,2023,15,15,,,0,15,15,15,15,0,0,15,0,0,0,15,0,0,0,0,0,0,0,,,,,,,,0,,0,0,0,0,0,0,0,WARN,0,2
3776,8539,baltbet-main,finished,,2023-04-25T15:30:00.000000Z,2023,15,15,,,0,15,15,15,15,0,0,15,0,0,0,15,0,0,0,0,0,0,0,,,,,,,,0,,0,0,0,0,0,0,0,WARN,0,2
3777,8542,baltbet-main,finished,,2023-04-26T15:30:00.000000Z,2023,15,15,,,0,15,15,15,15,0,0,15,0,0,0,15,0,0,0,0,0,0,0,,,,,,,,0,,0,0,0,0,0,0,0,WARN,0,2
3778,8545,baltbet-main,finished,,2023-04-27T15:00:00.000000Z,2023,15,15,,,0,15,15,15,15,0,0,15,0,0,0,15,0,0,0,0,0,0,0,,,,,,,,0,,0,0,0,0,0,0,0,WARN,0,2
3779,8548,baltbet-main,finished,,2023-04-28T16:10:00.000000Z,2023,15,15,,,0,15,15,15,15,0,0,14,0,1,0,14,0,0,0,0,0,0,0,,,,,,,,0,,0,0,0,0,0,0,0,FAIL,1,2
3780,8551,baltbet-main,finished,,2023-04-29T13:30:00.000000Z,2023,15,15,,,0,15,15,15,15,0,0,15,0,0,0,15,0,0,0,0,0,0,0,,,,,,,,0,,0,0,0,0,0,0,0,WARN,0,2
3781,8554,baltbet-main,finished,,2023-04-30T13:00:00.000000Z,2023,15,15,,,0,15,15,15,15,0,0,15,0,0,0,15,0,0,0,0,0,0,0,,,,,,,,0,,0,0,0,0,0,0,0,WARN,0,2
3782,8557,baltbet-main,finished,,2023-05-01T16:00:00.000000Z,2023,15,15,,,0,15,15,15,15,0,0,15,0,0,0,15,0,0,0,0,0,0,0,,,,,,,,0,,0,0,0,0,0,0,0,WARN,0,2
3783,8560,baltbet-main,finished,,2023-05-02T16:30:00.000000Z,2023,15,15,,,0,15,15,0,15,0,0,15,0,0,0,15,0,0,0,0,0,0,0,,,,,,,,0,,0,0,0,0,0,0,0,FAIL,1,2
3784,8563,baltbet-main,finished,,2023-05-03T16:00:00.000000Z,2023,15,15,,,0,15,15,0,15,0,0,15,0,0,0,15,0,0,0,0,0,0,0,,,,,,,,0,,0,0,0,0,0,0,0,FAIL,1,2
3785,8566,baltbet-main,finished,,2023-05-04T15:30:00.000000Z,2023,15,15,,,0,15,15,15,15,0,0,15,0,0,0,15,0,0,0,0,0,0,0,,,,,,,,0,,0,0,0,0,0,0,0,WARN,0,2
3786,8569,baltbet-main,finished,,2023-05-05T15:00:00.000000Z,2023,15,15,,,0,15,15,15,15,0,0,15,0,0,0,15,0,0,0,0,0,0,0,,,,,,,,0,,0,0,0,0,0,0,0,WARN,0,2
3787,8572,baltbet-main,finished,,2023-05-06T13:30:00.000000Z,2023,15,15,,,0,15,15,15,15,0,0,15,0,0,0,15,0,0,0,0,0,0,0,,,,,,,,0,,0,0,0,0,0,0,0,WARN,0,2
3788,8575,baltbet-main,finished,,2023-05-07T13:00:00.000000Z,2023,15,15,,,0,15,15,15,15,0,0,15,0,0,0,15,0,0,0,0,0,0,0,,,,,,,,0,,0,0,0,0,0,0,0,WARN,0,2
3789,8578,baltbet-main,finished,,2023-05-08T16:00:00.000000Z,2023,15,15,,,0,15,15,15,15,0,0,15,0,0,0,15,0,0,0,0,0,0,0,,,,,,,,0,,0,0,0,0,0,0,0,WARN,0,2
3790,8581,baltbet-main,finished,,2023-05-09T15:00:00.000000Z,2023,15,15,,,0,15,15,0,15,0,0,15,0,0,0,15,0,0,0,0,0,0,0,,,,,,,,0,,0,0,0,0,0,0,0,FAIL,1,2
3791,8584,baltbet-main,finished,,2023-05-10T15:00:00.000000Z,2023,15,15,,,0,15,15,0,15,0,0,15,0,0,0,15,0,0,0,0,0,0,0,,,,,,,,0,,0,0,0,0,0,0,0,FAIL,1,2
3792,8587,baltbet-main,finished,,2023-05-11T16:00:00.000000Z,2023,15,15,,,0,15,15,15,15,0,0,15,0,0,0,15,0,0,0,0,0,0,0,,,,,,,,0,,0,0,0,0,0,0,0,WARN,0,2
3793,8590,baltbet-main,finished,,2023-05-12T16:00:00.000000Z,2023,15,15,,,0,15,15,15,15,0,0,15,0,0,0,15,0,0,0,0,0,0,0,,,,,,,,0,,0,0,0,0,0,0,0,WARN,0,2
3794,8593,baltbet-main,finished,,2023-05-13T14:00:00.000000Z,2023,15,15,,,0,15,15,15,15,0,0,15,0,0,0,15,0,0,0,0,0,0,0,,,,,,,,0,,0,0,0,0,0,0,0,WARN,0,2
3795,8596,baltbet-main,finished,,2023-05-14T13:30:00.000000Z,2023,15,15,,,0,15,15,15,15,0,0,15,0,0,0,15,0,0,0,0,0,0,0,,,,,,,,0,,0,0,0,0,0,0,0,WARN,0,2
3796,8600,baltbet-main,finished,,2023-05-15T16:00:00.000000Z,2023,15,15,,,0,15,15,15,15,0,0,15,0,0,0,15,0,0,0,0,0,0,0,,,,,,,,0,,0,0,0,0,0,0,0,WARN,0,2
3797,8602,baltbet-main,finished,,2023-05-16T14:00:00.000000Z,2023,15,15,,,0,15,15,15,15,0,0,15,0,0,0,15,0,0,0,0,0,0,0,,,,,,,,0,,0,0,0,0,0,0,0,WARN,0,2
3798,8605,baltbet-main,finished,,2023-05-17T16:00:00.000000Z,2023,15,15,,,0,15,15,0,15,0,0,14,0,1,0,14,0,0,0,0,0,0,0,,,,,,,,0,,0,0,0,0,0,0,0,FAIL,2,2
3799,8608,baltbet-main,finished,,2023-05-18T15:00:00.000000Z,2023,15,15,,,0,15,15,0,15,0,0,15,0,0,0,15,0,0,0,0,0,0,0,,,,,,,,0,,0,0,0,0,0,0,0,FAIL,1,2
3800,8611,baltbet-main,finished,,2023-05-19T16:00:00.000000Z,2023,15,15,,,0,15,15,15,15,0,0,15,0,0,0,15,0,0,0,0,0,0,0,,,,,,,,0,,0,0,0,0,0,0,0,WARN,0,2
3801,8614,baltbet-main,finished,,2023-05-20T13:30:00.000000Z,2023,15,15,,,0,15,15,15,15,0,0,15,0,0,0,15,0,0,0,0,0,0,0,,,,,,,,0,,0,0,0,0,0,0,0,WARN,0,2
3802,8618,baltbet-main,finished,,2023-05-21T13:30:00.000000Z,2023,15,15,,,0,15,15,15,15,0,0,15,0,0,0,15,0,0,0,0,0,0,0,,,,,,,,0,,0,0,0,0,0,0,0,WARN,0,2
3803,8621,baltbet-main,finished,,2023-05-22T15:00:00.000000Z,2023,15,15,,,0,15,15,0,15,0,0,15,0,0,0,15,0,0,0,0,0,0,0,,,,,,,,0,,0,0,0,0,0,0,0,FAIL,1,2
3804,8623,baltbet-main,finished,,2023-05-23T15:30:00.000000Z,2023,15,15,,,0,15,15,0,15,0,0,15,0,0,0,15,0,0,0,0,0,0,0,,,,,,,,0,,0,0,0,0,0,0,0,FAIL,1,2
3805,8626,baltbet-main,finished,,2023-05-24T16:00:00.000000Z,2023,15,15,,,0,15,15,0,15,0,0,14,0,1,0,14,0,0,0,0,0,0,0,,,,,,,,0,,0,0,0,0,0,0,0,FAIL,2,2
3806,8629,baltbet-main,finished,,2023-05-25T17:00:00.000000Z,2023,15,15,,,0,15,15,15,15,0,0,15,0,0,0,15,0,0,0,0,0,0,0,,,,,,,,0,,0,0,0,0,0,0,0,WARN,0,2
3807,8632,baltbet-main,finished,,2023-05-26T16:00:00.000000Z,2023,15,15,,,0,15,15,15,15,0,0,15,0,0,0,15,0,0,0,0,0,0,0,,,,,,,,0,,0,0,0,0,0,0,0,WARN,0,2
3808,8635,baltbet-main,finished,,2023-05-27T13:00:00.000000Z,2023,15,15,,,0,15,15,15,15,0,0,15,0,0,0,15,0,0,0,0,0,0,0,,,,,,,,0,,0,0,0,0,0,0,0,WARN,0,2
3809,8637,baltbet-main,finished,,2023-05-28T13:00:00.000000Z,2023,15,15,,,0,15,15,15,15,0,0,15,0,0,0,15,0,0,0,0,0,0,0,,,,,,,,0,,0,0,0,0,0,0,0,WARN,0,2
3810,8641,baltbet-main,finished,,2023-05-29T14:00:00.000000Z,2023,15,15,,,0,15,15,15,15,0,0,15,0,0,0,15,0,0,0,0,0,0,0,,,,,,,,0,,0,0,0,0,0,0,0,WARN,0,2
3811,8643,baltbet-main,finished,,2023-05-30T17:00:00.000000Z,2023,15,15,,,0,15,15,0,15,0,0,15,0,0,0,15,0,0,0,0,0,0,0,,,,,,,,0,,0,0,0,0,0,0,0,FAIL,1,2
3812,8646,baltbet-main,finished,,2023-05-31T16:45:00.000000Z,2023,15,15,,,0,15,15,0,15,0,0,15,0,0,0,15,0,0,0,0,0,0,0,,,,,,,,0,,0,0,0,0,0,0,0,FAIL,1,2
3813,8649,baltbet-main,finished,,2023-06-01T15:00:00.000000Z,2023,15,15,,,0,15,15,15,15,0,0,14,0,1,0,14,0,0,0,0,0,0,0,,,,,,,,0,,0,0,0,0,0,0,0,FAIL,1,2
3814,8652,baltbet-main,finished,,2023-06-02T17:00:00.000000Z,2023,15,15,,,0,15,15,15,15,0,0,15,0,0,0,15,0,0,0,0,0,0,0,,,,,,,,0,,0,0,0,0,0,0,0,WARN,0,2
3815,8654,baltbet-main,finished,,2023-06-03T16:30:00.000000Z,2023,15,15,,,0,15,15,15,15,0,0,15,0,0,0,15,0,0,0,0,0,0,0,,,,,,,,0,,0,0,0,0,0,0,0,WARN,0,2
3816,8658,baltbet-main,finished,,2023-06-04T15:00:00.000000Z,2023,15,15,,,0,15,15,15,15,0,0,15,0,0,0,15,0,0,0,0,0,0,0,,,,,,,,0,,0,0,0,0,0,0,0,WARN,0,2
3817,8659,baltbet-main,finished,,2023-06-05T16:00:00.000000Z,2023,15,15,,,0,15,15,0,15,0,0,15,0,0,0,15,0,0,0,0,0,0,0,,,,,,,,0,,0,0,0,0,0,0,0,FAIL,1,2
3818,8662,baltbet-main,finished,,2023-06-06T15:00:00.000000Z,2023,15,15,,,0,15,15,15,15,0,0,15,0,0,0,15,0,0,0,0,0,0,0,,,,,,,,0,,0,0,0,0,0,0,0,WARN,0,2
3819,8665,baltbet-main,finished,,2023-06-07T15:00:00.000000Z,2023,15,15,,,0,15,15,0,15,0,0,15,0,0,0,15,0,0,0,0,0,0,0,,,,,,,,0,,0,0,0,0,0,0,0,FAIL,1,2
3820,8667,baltbet-main,finished,,2023-06-08T15:00:00.000000Z,2023,15,15,,,0,15,15,0,15,0,0,15,0,0,0,15,0,0,0,0,0,0,0,,,,,,,,0,,0,0,0,0,0,0,0,FAIL,1,2
3821,8670,baltbet-main,finished,,2023-06-09T16:00:00.000000Z,2023,15,15,,,0,15,15,15,15,0,0,14,0,1,0,14,0,0,0,0,0,0,0,,,,,,,,0,,0,0,0,0,0,0,0,FAIL,1,2
3822,8673,baltbet-main,finished,,2023-06-10T15:30:00.000000Z,2023,15,15,,,0,15,15,15,15,0,0,15,0,0,0,15,0,0,0,0,0,0,0,,,,,,,,0,,0,0,0,0,0,0,0,WARN,0,2
3823,8676,baltbet-main,finished,,2023-06-11T14:00:00.000000Z,2023,15,15,,,0,15,15,15,15,0,0,15,0,0,0,15,0,0,0,0,0,0,0,,,,,,,,0,,0,0,0,0,0,0,0,WARN,0,2
3824,8679,baltbet-main,finished,,2023-06-12T16:00:00.000000Z,2023,15,15,,,0,15,15,0,15,0,0,15,0,0,0,15,0,0,0,0,0,0,0,,,,,,,,0,,0,0,0,0,0,0,0,FAIL,1,2
3825,8682,baltbet-main,finished,,2023-06-13T15:30:00.000000Z,2023,15,15,,,0,15,15,0,15,0,0,15,0,0,0,15,0,0,0,0,0,0,0,,,,,,,,0,,0,0,0,0,0,0,0,FAIL,1,2
3826,8684,baltbet-main,finished,,2023-06-14T16:30:00.000000Z,2023,15,15,,,0,15,15,0,15,0,0,15,0,0,0,15,0,0,0,0,0,0,0,,,,,,,,0,,0,0,0,0,0,0,0,FAIL,1,2
3827,8687,baltbet-main,finished,,2023-06-15T15:00:00.000000Z,2023,15,15,,,0,15,15,15,15,0,0,15,0,0,0,15,0,0,0,0,0,0,0,,,,,,,,0,,0,0,0,0,0,0,0,WARN,0,2
3828,8689,baltbet-main,finished,,2023-06-16T15:00:00.000000Z,2023,15,15,,,0,15,15,15,15,0,0,14,0,1,0,14,0,0,0,0,0,0,0,,,,,,,,0,,0,0,0,0,0,0,0,FAIL,1,2
3829,8692,baltbet-main,finished,,2023-06-17T15:00:00.000000Z,2023,15,15,,,0,15,15,15,15,0,0,15,0,0,0,15,0,0,0,0,0,0,0,,,,,,,,0,,0,0,0,0,0,0,0,WARN,0,2
3830,8695,baltbet-main,finished,,2023-06-18T15:30:00.000000Z,2023,15,15,,,0,15,15,15,15,0,0,15,0,0,0,15,0,0,0,0,0,0,0,,,,,,,,0,,0,0,0,0,0,0,0,WARN,0,2
3831,8698,baltbet-main,finished,,2023-06-19T18:00:00.000000Z,2023,15,15,,,0,15,15,15,15,0,0,15,0,0,0,15,0,0,0,0,0,0,0,,,,,,,,0,,0,0,0,0,0,0,0,WARN,0,2
3832,8700,baltbet-main,finished,,2023-06-20T16:00:00.000000Z,2023,15,15,,,0,15,15,0,15,0,0,15,0,0,0,15,0,0,0,0,0,0,0,,,,,,,,0,,0,0,0,0,0,0,0,FAIL,1,2
3833,8704,baltbet-main,finished,,2023-06-21T16:00:00.000000Z,2023,15,15,,,0,15,15,0,15,0,0,13,0,2,0,13,0,0,0,0,0,0,0,,,,,,,,0,,0,0,0,0,0,0,0,FAIL,2,2
3834,8705,baltbet-main,finished,,2023-06-22T15:00:00.000000Z,2023,15,15,,,0,15,15,15,15,0,0,15,0,0,0,15,0,0,0,0,0,0,0,,,,,,,,0,,0,0,0,0,0,0,0,WARN,0,2
3835,8707,baltbet-main,finished,,2023-06-23T18:00:00.000000Z,2023,15,15,,,0,15,15,15,15,0,0,15,0,0,0,15,0,0,0,0,0,0,0,,,,,,,,0,,0,0,0,0,0,0,0,WARN,0,2
3836,8710,baltbet-main,finished,,2023-06-24T16:00:00.000000Z,2023,15,15,,,0,15,15,15,15,0,0,15,0,0,0,15,0,0,0,0,0,0,0,,,,,,,,0,,0,0,0,0,0,0,0,WARN,0,2
3837,8713,baltbet-main,finished,,2023-06-25T18:00:00.000000Z,2023,15,15,,,0,15,15,0,15,0,0,15,0,0,0,15,0,0,0,0,0,0,0,,,,,,,,0,,0,0,0,0,0,0,0,FAIL,1,2
3838,8717,baltbet-main,finished,,2023-06-26T14:00:00.000000Z,2023,15,15,,,0,15,15,0,15,0,0,15,0,0,0,15,0,0,0,0,0,0,0,,,,,,,,0,,0,0,0,0,0,0,0,FAIL,1,2
3839,8719,baltbet-main,finished,,2023-06-27T14:00:00.000000Z,2023,15,15,,,0,15,15,15,15,0,0,15,0,0,0,15,0,0,0,0,0,0,0,,,,,,,,0,,0,0,0,0,0,0,0,WARN,0,2
3840,8721,baltbet-main,finished,,2023-06-28T15:30:00.000000Z,2023,15,15,,,0,15,15,0,15,0,0,15,0,0,0,15,0,0,0,0,0,0,0,,,,,,,,0,,0,0,0,0,0,0,0,FAIL,1,2
3841,8723,baltbet-main,finished,,2023-06-28T19:59:00.000000Z,2023,15,15,,,0,15,15,0,15,0,0,14,0,1,0,14,0,0,0,0,0,0,0,,,,,,,,0,,0,0,0,0,0,0,0,FAIL,2,2
3842,8725,baltbet-main,finished,,2023-06-30T15:30:00.000000Z,2023,15,15,,,0,15,15,15,15,0,0,15,0,0,0,15,0,0,0,0,0,0,0,,,,,,,,0,,0,0,0,0,0,0,0,WARN,0,2
3845,8733,baltbet-main,finished,,2023-07-03T15:00:00.000000Z,2023,15,15,,,0,15,15,0,15,0,0,15,0,0,0,15,0,0,0,0,0,0,0,,,,,,,,0,,0,0,0,0,0,0,0,FAIL,1,2
3846,8734,baltbet-main,finished,,2023-07-04T14:00:00.000000Z,2023,15,15,,,0,15,15,0,15,0,0,14,0,1,0,14,0,0,0,0,0,0,0,,,,,,,,0,,0,0,0,0,0,0,0,FAIL,2,2
3847,8737,baltbet-main,finished,,2023-07-05T13:00:00.000000Z,2023,15,15,,,0,15,15,0,15,0,0,15,0,0,0,15,0,0,0,0,0,0,0,,,,,,,,0,,0,0,0,0,0,0,0,FAIL,1,2
3848,8739,baltbet-main,finished,,2023-07-06T15:00:00.000000Z,2023,15,15,,,0,15,15,15,15,0,0,15,0,0,0,15,0,0,0,0,0,0,0,,,,,,,,0,,0,0,0,0,0,0,0,WARN,0,2
3849,8741,baltbet-main,finished,,2023-07-07T16:00:00.000000Z,2023,15,15,,,0,15,15,15,15,0,0,15,0,0,0,15,0,0,0,0,0,0,0,,,,,,,,0,,0,0,0,0,0,0,0,WARN,0,2
3850,8744,baltbet-main,finished,,2023-07-08T16:00:00.000000Z,2023,15,15,,,0,15,15,15,15,0,0,15,0,0,0,15,0,0,0,0,0,0,0,,,,,,,,0,,0,0,0,0,0,0,0,WARN,0,2
3851,8747,baltbet-main,finished,,2023-07-09T15:00:00.000000Z,2023,15,15,,,0,15,15,15,15,0,0,14,0,1,0,14,0,0,0,0,0,0,0,,,,,,,,0,,0,0,0,0,0,0,0,FAIL,1,2
3852,8749,baltbet-main,finished,,2023-07-10T15:00:00.000000Z,2023,15,15,,,0,15,15,15,15,0,0,15,0,0,0,15,0,0,0,0,0,0,0,,,,,,,,0,,0,0,0,0,0,0,0,WARN,0,2
3853,8752,baltbet-main,finished,,2023-07-11T15:00:00.000000Z,2023,15,15,,,0,15,15,0,15,0,0,15,0,0,0,15,0,0,0,0,0,0,0,,,,,,,,0,,0,0,0,0,0,0,0,FAIL,1,2
3854,8754,baltbet-main,finished,,2023-07-12T16:00:00.000000Z,2023,15,15,,,0,15,15,0,15,0,0,15,0,0,0,15,0,0,0,0,0,0,0,,,,,,,,0,,0,0,0,0,0,0,0,FAIL,1,2
3855,8757,baltbet-main,finished,,2023-07-13T14:00:00.000000Z,2023,15,15,,,0,15,15,0,15,0,0,14,0,1,0,14,0,0,0,0,0,0,0,,,,,,,,0,,0,0,0,0,0,0,0,FAIL,2,2
3856,8759,baltbet-main,finished,,2023-07-14T15:30:00.000000Z,2023,15,15,,,0,15,15,15,15,0,0,14,0,1,0,14,0,0,0,0,0,0,0,,,,,,,,0,,0,0,0,0,0,0,0,FAIL,1,2
3857,8762,baltbet-main,finished,,2023-07-15T14:00:00.000000Z,2023,15,15,,,0,15,15,15,15,0,0,15,0,0,0,15,0,0,0,0,0,0,0,,,,,,,,0,,0,0,0,0,0,0,0,WARN,0,2
3858,8765,baltbet-main,finished,,2023-07-16T15:00:00.000000Z,2023,15,15,,,0,15,15,15,15,0,0,15,0,0,0,15,0,0,0,0,0,0,0,,,,,,,,0,,0,0,0,0,0,0,0,WARN,0,2
3859,8767,baltbet-main,finished,,2023-07-17T15:00:00.000000Z,2023,15,15,,,0,15,15,0,15,0,0,15,0,0,0,15,0,0,0,0,0,0,0,,,,,,,,0,,0,0,0,0,0,0,0,FAIL,1,2
3860,8770,baltbet-main,finished,,2023-07-18T15:00:00.000000Z,2023,15,15,,,0,15,15,0,15,0,0,15,0,0,0,15,0,0,0,0,0,0,0,,,,,,,,0,,0,0,0,0,0,0,0,FAIL,1,2
3861,8773,baltbet-main,finished,,2023-07-19T16:00:00.000000Z,2023,15,15,,,0,15,15,0,15,0,0,15,0,0,0,15,0,0,0,0,0,0,0,,,,,,,,0,,0,0,0,0,0,0,0,FAIL,1,2
3862,8777,baltbet-main,finished,,2023-07-20T15:00:00.000000Z,2023,15,15,,,0,15,15,15,15,0,0,15,0,0,0,15,0,0,0,0,0,0,0,,,,,,,,0,,0,0,0,0,0,0,0,WARN,0,2
3863,8779,baltbet-main,finished,,2023-07-21T16:00:00.000000Z,2023,15,15,,,0,15,15,15,15,0,0,15,0,0,0,15,0,0,0,0,0,0,0,,,,,,,,0,,0,0,0,0,0,0,0,WARN,0,2
3864,8782,baltbet-main,finished,,2023-07-22T14:00:00.000000Z,2023,15,15,,,0,15,15,15,15,0,0,15,0,0,0,15,0,0,0,0,0,0,0,,,,,,,,0,,0,0,0,0,0,0,0,WARN,0,2
3865,8786,baltbet-main,finished,,2023-07-23T15:00:00.000000Z,2023,15,15,,,0,15,15,0,15,0,0,15,0,0,0,15,0,0,0,0,0,0,0,,,,,,,,0,,0,0,0,0,0,0,0,FAIL,1,2
3866,8788,baltbet-main,finished,,2023-07-24T15:30:00.000000Z,2023,15,15,,,0,15,15,0,15,0,0,15,0,0,0,15,0,0,0,0,0,0,0,,,,,,,,0,,0,0,0,0,0,0,0,FAIL,1,2
3867,8791,baltbet-main,finished,,2023-07-25T18:00:00.000000Z,2023,15,15,,,0,15,15,0,15,0,0,14,0,1,0,14,0,0,0,0,0,0,0,,,,,,,,0,,0,0,0,0,0,0,0,FAIL,2,2
3868,8795,baltbet-main,finished,,2023-07-26T15:30:00.000000Z,2023,15,15,,,0,15,15,0,15,0,0,15,0,0,0,15,0,0,0,0,0,0,0,,,,,,,,0,,0,0,0,0,0,0,0,FAIL,1,2
3869,8796,baltbet-main,finished,,2023-07-27T15:00:00.000000Z,2023,15,15,,,0,15,15,15,15,0,0,15,0,0,0,15,0,0,0,0,0,0,0,,,,,,,,0,,0,0,0,0,0,0,0,WARN,0,2
3870,8799,baltbet-main,finished,,2023-07-28T15:00:00.000000Z,2023,15,15,,,0,15,15,15,15,0,0,15,0,0,0,15,0,0,0,0,0,0,0,,,,,,,,0,,0,0,0,0,0,0,0,WARN,0,2
3871,8803,baltbet-main,finished,,2023-07-29T14:30:00.000000Z,2023,15,15,,,0,15,15,15,15,0,0,15,0,0,0,15,0,0,0,0,0,0,0,,,,,,,,0,,0,0,0,0,0,0,0,WARN,0,2
3872,8807,baltbet-main,finished,,2023-07-30T14:00:00.000000Z,2023,15,15,,,0,15,15,15,15,0,0,15,0,0,0,15,0,0,0,0,0,0,0,,,,,,,,0,,0,0,0,0,0,0,0,WARN,0,2
3873,8810,baltbet-main,finished,,2023-07-31T15:30:00.000000Z,2023,15,15,,,0,15,15,15,15,0,0,15,0,0,0,15,0,0,0,0,0,0,0,,,,,,,,0,,0,0,0,0,0,0,0,WARN,0,2
3874,8811,baltbet-main,finished,,2023-08-01T16:30:00.000000Z,2023,15,15,,,0,15,15,0,15,0,0,15,0,0,0,15,0,0,0,0,0,0,0,,,,,,,,0,,0,0,0,0,0,0,0,FAIL,1,2
3875,8814,baltbet-main,finished,,2023-08-02T14:00:00.000000Z,2023,15,15,,,0,15,15,0,15,0,0,15,0,0,0,15,0,0,0,0,0,0,0,,,,,,,,0,,0,0,0,0,0,0,0,FAIL,1,2
3876,8817,baltbet-main,finished,,2023-08-03T15:00:00.000000Z,2023,15,15,,,0,15,15,15,15,0,0,15,0,0,0,15,0,0,0,0,0,0,0,,,,,,,,0,,0,0,0,0,0,0,0,WARN,0,2
3877,8820,baltbet-main,finished,,2023-08-04T15:00:00.000000Z,2023,15,15,,,0,15,15,15,15,0,0,13,0,2,0,13,0,0,0,0,0,0,0,,,,,,,,0,,0,0,0,0,0,0,0,FAIL,1,2
3878,8822,baltbet-main,finished,,2023-08-05T14:00:00.000000Z,2023,15,15,,,0,15,15,15,15,0,0,13,0,2,0,13,0,0,0,0,0,0,0,,,,,,,,0,,0,0,0,0,0,0,0,FAIL,1,2
3879,8827,baltbet-main,finished,,2023-08-06T14:30:00.000000Z,2023,15,15,,,0,15,15,15,15,0,0,15,0,0,0,15,0,0,0,0,0,0,0,,,,,,,,0,,0,0,0,0,0,0,0,WARN,0,2
3880,8829,baltbet-main,finished,,2023-08-07T16:00:00.000000Z,2023,15,15,,,0,15,15,15,15,0,0,15,0,0,0,15,0,0,0,0,0,0,0,,,,,,,,0,,0,0,0,0,0,0,0,WARN,0,2
3881,8831,baltbet-main,finished,,2023-08-08T18:00:00.000000Z,2023,15,15,,,0,15,15,15,15,0,0,14,0,1,0,14,0,0,0,0,0,0,0,,,,,,,,0,,0,0,0,0,0,0,0,FAIL,1,2
3882,8836,baltbet-main,finished,,2023-08-09T17:00:00.000000Z,2023,15,15,,,0,15,15,0,15,0,0,15,0,0,0,15,0,0,0,0,0,0,0,,,,,,,,0,,0,0,0,0,0,0,0,FAIL,1,2
3883,8839,baltbet-main,finished,,2023-08-10T15:00:00.000000Z,2023,15,15,,,0,15,15,15,15,0,0,15,0,0,0,15,0,0,0,0,0,0,0,,,,,,,,0,,0,0,0,0,0,0,0,WARN,0,2
3884,8841,baltbet-main,finished,,2023-08-11T16:00:00.000000Z,2023,15,15,,,0,15,15,15,15,0,0,15,0,0,0,15,0,0,0,0,0,0,0,,,,,,,,0,,0,0,0,0,0,0,0,WARN,0,2
3885,8844,baltbet-main,finished,,2023-08-12T14:00:00.000000Z,2023,15,15,,,0,15,15,15,15,0,0,15,0,0,0,15,0,0,0,0,0,0,0,,,,,,,,0,,0,0,0,0,0,0,0,WARN,0,2
3886,8847,baltbet-main,finished,,2023-08-13T13:00:00.000000Z,2023,15,15,,,0,15,15,15,15,0,0,15,0,0,0,15,0,0,0,0,0,0,0,,,,,,,,0,,0,0,0,0,0,0,0,WARN,0,2
3887,8849,baltbet-main,finished,,2023-08-14T15:30:00.000000Z,2023,15,15,,,0,15,15,0,15,0,0,14,0,1,0,14,0,0,0,0,0,0,0,,,,,,,,0,,0,0,0,0,0,0,0,FAIL,2,2
3888,8852,baltbet-main,finished,,2023-08-15T17:00:00.000000Z,2023,15,15,,,0,15,15,15,15,0,0,15,0,0,0,15,0,0,0,0,0,0,0,,,,,,,,0,,0,0,0,0,0,0,0,WARN,0,2
3889,8856,baltbet-main,finished,,2023-08-16T15:30:00.000000Z,2023,15,15,,,0,15,15,15,15,0,0,15,0,0,0,15,0,0,0,0,0,0,0,,,,,,,,0,,0,0,0,0,0,0,0,WARN,0,2
3890,8859,baltbet-main,finished,,2023-08-17T15:30:00.000000Z,2023,15,15,,,0,15,15,15,15,0,0,15,0,0,0,15,0,0,0,0,0,0,0,,,,,,,,0,,0,0,0,0,0,0,0,WARN,0,2
3891,8861,baltbet-main,finished,,2023-08-18T15:30:00.000000Z,2023,15,15,,,0,15,15,15,15,0,0,15,0,0,0,15,0,0,0,0,0,0,0,,,,,,,,0,,0,0,0,0,0,0,0,WARN,0,2
3892,8864,baltbet-main,finished,,2023-08-19T13:30:00.000000Z,2023,15,15,,,0,15,15,15,15,0,0,15,0,0,0,15,0,0,0,0,0,0,0,,,,,,,,0,,0,0,0,0,0,0,0,WARN,0,2
3893,8868,baltbet-main,finished,,2023-08-20T13:00:00.000000Z,2023,15,15,,,0,15,15,15,15,0,0,15,0,0,0,15,0,0,0,0,0,0,0,,,,,,,,0,,0,0,0,0,0,0,0,WARN,0,2
3894,8870,baltbet-main,finished,,2023-08-21T15:00:00.000000Z,2023,15,15,,,0,15,15,15,15,0,0,15,0,0,0,15,0,0,0,0,0,0,0,,,,,,,,0,,0,0,0,0,0,0,0,WARN,0,2
3895,8874,baltbet-main,finished,,2023-08-22T16:00:00.000000Z,2023,15,15,,,0,15,15,0,15,0,0,15,0,0,0,15,0,0,0,0,0,0,0,,,,,,,,0,,0,0,0,0,0,0,0,FAIL,1,2
3896,8876,baltbet-main,finished,,2023-08-23T15:00:00.000000Z,2023,15,15,,,0,15,15,15,15,0,0,15,0,0,0,15,0,0,0,0,0,0,0,,,,,,,,0,,0,0,0,0,0,0,0,WARN,0,2
3897,8879,baltbet-main,finished,,2023-08-24T15:00:00.000000Z,2023,15,15,,,0,15,15,15,15,0,0,15,0,0,0,15,0,0,0,0,0,0,0,,,,,,,,0,,0,0,0,0,0,0,0,WARN,0,2
3898,8883,baltbet-main,finished,,2023-08-25T15:30:00.000000Z,2023,15,15,,,0,15,15,15,15,0,0,15,0,0,0,15,0,0,0,0,0,0,0,,,,,,,,0,,0,0,0,0,0,0,0,WARN,0,2
3899,8885,baltbet-main,finished,,2023-08-26T13:30:00.000000Z,2023,15,15,,,0,15,15,15,15,0,0,15,0,0,0,15,0,0,0,0,0,0,0,,,,,,,,0,,0,0,0,0,0,0,0,WARN,0,2
3900,8888,baltbet-main,finished,,2023-08-27T13:00:00.000000Z,2023,15,15,,,0,15,15,15,15,0,0,15,0,0,0,15,0,0,0,0,0,0,0,,,,,,,,0,,0,0,0,0,0,0,0,WARN,0,2
3901,8892,baltbet-main,finished,,2023-08-28T15:30:00.000000Z,2023,15,15,,,0,15,15,0,15,0,0,15,0,0,0,15,0,0,0,0,0,0,0,,,,,,,,0,,0,0,0,0,0,0,0,FAIL,1,2
3902,8895,baltbet-main,finished,,2023-08-29T16:30:00.000000Z,2023,15,15,,,0,15,15,15,15,0,0,15,0,0,0,15,0,0,0,0,0,0,0,,,,,,,,0,,0,0,0,0,0,0,0,WARN,0,2
3903,8898,baltbet-main,finished,,2023-08-30T16:30:00.000000Z,2023,15,15,,,0,15,15,0,15,0,0,15,0,0,0,15,0,0,0,0,0,0,0,,,,,,,,0,,0,0,0,0,0,0,0,FAIL,1,2
3904,8901,baltbet-main,finished,,2023-08-31T16:00:00.000000Z,2023,15,15,,,0,15,15,15,15,0,0,15,0,0,0,15,0,0,0,0,0,0,0,,,,,,,,0,,0,0,0,0,0,0,0,WARN,0,2
3905,8904,baltbet-main,finished,,2023-09-01T16:00:00.000000Z,2023,15,15,,,0,15,15,15,15,0,0,15,0,0,0,15,0,0,0,0,0,0,0,,,,,,,,0,,0,0,0,0,0,0,0,WARN,0,2
3906,8907,baltbet-main,finished,,2023-09-02T13:30:00.000000Z,2023,15,15,,,0,15,15,15,15,0,0,15,0,0,0,15,0,0,0,0,0,0,0,,,,,,,,0,,0,0,0,0,0,0,0,WARN,0,2
3907,8910,baltbet-main,finished,,2023-09-03T13:00:00.000000Z,2023,15,15,,,0,15,15,15,15,0,0,15,0,0,0,15,0,0,0,0,0,0,0,,,,,,,,0,,0,0,0,0,0,0,0,WARN,0,2
3908,8912,baltbet-main,finished,,2023-09-04T14:00:00.000000Z,2023,15,15,,,0,15,15,0,15,0,0,15,0,0,0,15,0,0,0,0,0,0,0,,,,,,,,0,,0,0,0,0,0,0,0,FAIL,1,2
3909,8916,baltbet-main,finished,,2023-09-05T18:00:00.000000Z,2023,15,15,,,0,15,15,15,15,0,0,15,0,0,0,15,0,0,0,0,0,0,0,,,,,,,,0,,0,0,0,0,0,0,0,WARN,0,2
3910,8919,baltbet-main,finished,,2023-09-06T16:00:00.000000Z,2023,15,15,,,0,15,15,0,15,0,0,15,0,0,0,15,0,0,0,0,0,0,0,,,,,,,,0,,0,0,0,0,0,0,0,FAIL,1,2
3911,8923,baltbet-main,finished,,2023-09-07T14:00:00.000000Z,2023,15,15,,,0,15,15,15,15,0,0,15,0,0,0,15,0,0,0,0,0,0,0,,,,,,,,0,,0,0,0,0,0,0,0,WARN,0,2
3912,8925,baltbet-main,finished,,2023-09-08T15:00:00.000000Z,2023,15,15,,,0,15,15,15,15,0,0,15,0,0,0,15,0,0,0,0,0,0,0,,,,,,,,0,,0,0,0,0,0,0,0,WARN,0,2
3913,8928,baltbet-main,finished,,2023-09-09T14:00:00.000000Z,2023,15,15,,,0,15,15,15,15,0,0,15,0,0,0,15,0,0,0,0,0,0,0,,,,,,,,0,,0,0,0,0,0,0,0,WARN,0,2
3914,8932,baltbet-main,finished,,2023-09-10T15:00:00.000000Z,2023,15,15,,,0,15,15,15,15,0,0,15,0,0,0,15,0,0,0,0,0,0,0,,,,,,,,0,,0,0,0,0,0,0,0,WARN,0,2
3915,8935,baltbet-main,finished,,2023-09-11T16:30:00.000000Z,2023,15,15,,,0,15,15,0,15,0,0,15,0,0,0,15,0,0,0,0,0,0,0,,,,,,,,0,,0,0,0,0,0,0,0,FAIL,1,2
3916,8938,baltbet-main,finished,,2023-09-12T15:15:00.000000Z,2023,15,15,,,0,15,15,0,15,0,0,14,0,1,0,14,0,0,0,0,0,0,0,,,,,,,,0,,0,0,0,0,0,0,0,FAIL,2,2
3917,8941,baltbet-main,finished,,2023-09-13T16:30:00.000000Z,2023,15,15,,,0,15,15,0,15,0,0,15,0,0,0,15,0,0,0,0,0,0,0,,,,,,,,0,,0,0,0,0,0,0,0,FAIL,1,2
3918,8944,baltbet-main,finished,,2023-09-14T15:20:00.000000Z,2023,15,15,,,0,15,15,0,15,0,0,15,0,0,0,15,0,0,0,0,0,0,0,,,,,,,,0,,0,0,0,0,0,0,0,FAIL,1,2
3919,8946,baltbet-main,finished,,2023-09-15T16:00:00.000000Z,2023,15,15,,,0,15,15,15,15,0,0,15,0,0,0,15,0,0,0,0,0,0,0,,,,,,,,0,,0,0,0,0,0,0,0,WARN,0,2
3920,8949,baltbet-main,finished,,2023-09-16T13:30:00.000000Z,2023,15,15,,,0,15,15,15,15,0,0,15,0,0,0,15,0,0,0,0,0,0,0,,,,,,,,0,,0,0,0,0,0,0,0,WARN,0,2
3921,8952,baltbet-main,finished,,2023-09-17T13:00:00.000000Z,2023,15,15,,,0,15,15,15,15,0,0,15,0,0,0,15,0,0,0,0,0,0,0,,,,,,,,0,,0,0,0,0,0,0,0,WARN,0,2
3922,8955,baltbet-main,finished,,2023-09-18T15:30:00.000000Z,2023,15,15,,,0,15,15,15,15,0,0,15,0,0,0,15,0,0,0,0,0,0,0,,,,,,,,0,,0,0,0,0,0,0,0,WARN,0,2
3923,8958,baltbet-main,finished,,2023-09-19T14:15:00.000000Z,2023,15,15,,,0,15,15,0,15,0,0,15,0,0,0,15,0,0,0,0,0,0,0,,,,,,,,0,,0,0,0,0,0,0,0,FAIL,1,2
3924,8960,baltbet-main,finished,,2023-09-20T14:15:00.000000Z,2023,15,15,,,0,15,15,15,15,0,0,15,0,0,0,15,0,0,0,0,0,0,0,,,,,,,,0,,0,0,0,0,0,0,0,WARN,0,2
3925,8963,baltbet-main,finished,,2023-09-21T16:45:00.000000Z,2023,15,15,,,0,15,15,0,15,0,0,15,0,0,0,15,0,0,0,0,0,0,0,,,,,,,,0,,0,0,0,0,0,0,0,FAIL,1,2
3926,8967,baltbet-main,finished,,2023-09-22T16:00:00.000000Z,2023,15,15,,,0,15,15,15,15,0,0,15,0,0,0,15,0,0,0,0,0,0,0,,,,,,,,0,,0,0,0,0,0,0,0,WARN,0,2
3927,8971,baltbet-main,finished,,2023-09-23T13:30:00.000000Z,2023,15,15,,,0,15,15,15,15,0,0,15,0,0,0,15,0,0,0,0,0,0,0,,,,,,,,0,,0,0,0,0,0,0,0,WARN,0,2
3928,8973,baltbet-main,finished,,2023-09-24T13:00:00.000000Z,2023,15,15,,,0,15,15,15,15,0,0,15,0,0,0,15,0,0,0,0,0,0,0,,,,,,,,0,,0,0,0,0,0,0,0,WARN,0,2
3929,8976,baltbet-main,finished,,2023-09-25T16:00:00.000000Z,2023,15,15,,,0,15,15,0,15,0,0,15,0,0,0,15,0,0,0,0,0,0,0,,,,,,,,0,,0,0,0,0,0,0,0,FAIL,1,2
3930,8979,baltbet-main,finished,,2023-09-26T16:15:00.000000Z,2023,15,15,,,0,15,15,15,15,0,0,15,0,0,0,15,0,0,0,0,0,0,0,,,,,,,,0,,0,0,0,0,0,0,0,WARN,0,2
3931,8981,baltbet-main,finished,,2023-09-27T16:30:00.000000Z,2023,15,15,,,0,15,15,15,15,0,0,15,0,0,0,15,0,0,0,0,0,0,0,,,,,,,,0,,0,0,0,0,0,0,0,WARN,0,2
3932,8986,baltbet-main,finished,,2023-09-28T16:00:00.000000Z,2023,15,15,,,0,15,15,15,15,0,0,15,0,0,0,15,0,0,0,0,0,0,0,,,,,,,,0,,0,0,0,0,0,0,0,WARN,0,2
3933,8988,baltbet-main,finished,,2023-09-29T16:00:00.000000Z,2023,15,15,,,0,15,15,15,15,0,0,15,0,0,0,15,0,0,0,0,0,0,0,,,,,,,,0,,0,0,0,0,0,0,0,WARN,0,2
3934,8991,baltbet-main,finished,,2023-09-30T13:30:00.000000Z,2023,15,15,,,0,15,15,15,15,0,0,15,0,0,0,15,0,0,0,0,0,0,0,,,,,,,,0,,0,0,0,0,0,0,0,WARN,0,2
3935,8994,baltbet-main,finished,,2023-10-01T13:00:00.000000Z,2023,15,15,,,0,15,15,15,15,0,0,15,0,0,0,15,0,0,0,0,0,0,0,,,,,,,,0,,0,0,0,0,0,0,0,WARN,0,2
3936,8997,baltbet-main,finished,,2023-10-02T15:00:00.000000Z,2023,15,15,,,0,15,15,15,15,0,0,15,0,0,0,15,0,0,0,0,0,0,0,,,,,,,,0,,0,0,0,0,0,0,0,WARN,0,2
3937,8999,baltbet-main,finished,,2023-10-03T16:45:00.000000Z,2023,15,15,,,0,15,15,15,15,0,0,15,0,0,0,15,0,0,0,0,0,0,0,,,,,,,,0,,0,0,0,0,0,0,0,WARN,0,2
3938,9003,baltbet-main,finished,,2023-10-04T16:30:00.000000Z,2023,15,15,,,0,15,15,0,15,0,0,15,0,0,0,15,0,0,0,0,0,0,0,,,,,,,,0,,0,0,0,0,0,0,0,FAIL,1,2
3939,9007,baltbet-main,finished,,2023-10-05T16:45:00.000000Z,2023,15,15,,,0,15,15,15,15,0,0,15,0,0,0,15,0,0,0,0,0,0,0,,,,,,,,0,,0,0,0,0,0,0,0,WARN,0,2
3940,9010,baltbet-main,finished,,2023-10-06T16:00:00.000000Z,2023,15,15,,,0,15,15,15,15,0,0,15,0,0,0,15,0,0,0,0,0,0,0,,,,,,,,0,,0,0,0,0,0,0,0,WARN,0,2
3941,9012,baltbet-main,finished,,2023-10-07T13:30:00.000000Z,2023,15,15,,,0,15,15,15,15,0,0,15,0,0,0,15,0,0,0,0,0,0,0,,,,,,,,0,,0,0,0,0,0,0,0,WARN,0,2
3942,9015,baltbet-main,finished,,2023-10-08T13:00:00.000000Z,2023,15,15,,,0,15,15,15,15,0,0,15,0,0,0,15,0,0,0,0,0,0,0,,,,,,,,0,,0,0,0,0,0,0,0,WARN,0,2
3943,9018,baltbet-main,finished,,2023-10-09T15:30:00.000000Z,2023,15,15,,,0,15,15,15,15,0,0,15,0,0,0,15,0,0,0,0,0,0,0,,,,,,,,0,,0,0,0,0,0,0,0,WARN,0,2
3944,9021,baltbet-main,finished,,2023-10-10T16:00:00.000000Z,2023,15,15,,,0,15,15,15,15,0,0,15,0,0,0,15,0,0,0,0,0,0,0,,,,,,,,0,,0,0,0,0,0,0,0,WARN,0,2
3945,9024,baltbet-main,finished,,2023-10-11T16:30:00.000000Z,2023,15,15,,,0,15,15,15,15,0,0,15,0,0,0,15,0,0,0,0,0,0,0,,,,,,,,0,,0,0,0,0,0,0,0,WARN,0,2
3946,9027,baltbet-main,finished,,2023-10-12T15:00:00.000000Z,2023,15,15,,,0,15,15,15,15,0,0,15,0,0,0,15,0,0,0,0,0,0,0,,,,,,,,0,,0,0,0,0,0,0,0,WARN,0,2
3947,9030,baltbet-main,finished,,2023-10-13T16:00:00.000000Z,2023,15,15,,,0,15,15,15,15,0,0,15,0,0,0,15,0,0,0,0,0,0,0,,,,,,,,0,,0,0,0,0,0,0,0,WARN,0,2
3948,9033,baltbet-main,finished,,2023-10-14T14:00:00.000000Z,2023,15,15,,,0,15,15,15,15,0,0,15,0,0,0,15,0,0,0,0,0,0,0,,,,,,,,0,,0,0,0,0,0,0,0,WARN,0,2
3949,9036,baltbet-main,finished,,2023-10-15T14:15:00.000000Z,2023,15,15,,,0,15,15,0,15,0,0,15,0,0,0,15,0,0,0,0,0,0,0,,,,,,,,0,,0,0,0,0,0,0,0,FAIL,1,2
3950,9040,baltbet-main,finished,,2023-10-16T16:00:00.000000Z,2023,15,15,,,0,15,15,15,15,0,0,15,0,0,0,15,0,0,0,0,0,0,0,,,,,,,,0,,0,0,0,0,0,0,0,WARN,0,2
3951,9042,baltbet-main,finished,,2023-10-17T15:00:00.000000Z,2023,15,15,,,0,15,15,15,15,0,0,15,0,0,0,15,0,0,0,0,0,0,0,,,,,,,,0,,0,0,0,0,0,0,0,WARN,0,2
3952,9045,baltbet-main,finished,,2023-10-18T15:00:00.000000Z,2023,15,15,,,0,15,15,15,15,0,0,14,0,1,0,14,0,0,0,0,0,0,0,,,,,,,,0,,0,0,0,0,0,0,0,FAIL,1,2
3953,9048,baltbet-main,finished,,2023-10-19T15:00:00.000000Z,2023,15,15,,,0,15,15,15,15,0,0,15,0,0,0,15,0,0,0,0,0,0,0,,,,,,,,0,,0,0,0,0,0,0,0,WARN,0,2
3954,9050,baltbet-main,finished,,2023-10-20T16:00:00.000000Z,2023,15,15,,,0,15,15,15,15,0,0,14,0,1,0,14,0,0,0,0,0,0,0,,,,,,,,0,,0,0,0,0,0,0,0,FAIL,1,2
3955,9053,baltbet-main,finished,,2023-10-21T13:30:00.000000Z,2023,15,15,,,0,15,15,15,15,0,0,15,0,0,0,15,0,0,0,0,0,0,0,,,,,,,,0,,0,0,0,0,0,0,0,WARN,0,2
3956,9057,baltbet-main,finished,,2023-10-22T13:00:00.000000Z,2023,15,15,,,0,15,15,15,15,0,0,15,0,0,0,15,0,0,0,0,0,0,0,,,,,,,,0,,0,0,0,0,0,0,0,WARN,0,2
3957,9060,baltbet-main,finished,,2023-10-23T16:00:00.000000Z,2023,15,15,,,0,15,15,15,15,0,0,15,0,0,0,15,0,0,0,0,0,0,0,,,,,,,,0,,0,0,0,0,0,0,0,WARN,0,2
3958,9063,baltbet-main,finished,,2023-10-24T16:30:00.000000Z,2023,15,15,,,0,15,15,15,15,0,0,15,0,0,0,15,0,0,0,0,0,0,0,,,,,,,,0,,0,0,0,0,0,0,0,WARN,0,2
3959,9065,baltbet-main,finished,,2023-10-25T16:30:00.000000Z,2023,15,15,,,0,15,15,0,15,0,0,15,0,0,0,15,0,0,0,0,0,0,0,,,,,,,,0,,0,0,0,0,0,0,0,FAIL,1,2
3960,9069,baltbet-main,finished,,2023-10-26T16:45:00.000000Z,2023,15,15,,,0,15,15,15,15,0,0,15,0,0,0,15,0,0,0,0,0,0,0,,,,,,,,0,,0,0,0,0,0,0,0,WARN,0,2
3961,9072,baltbet-main,finished,,2023-10-27T14:30:00.000000Z,2023,15,15,,,0,15,15,15,15,0,0,15,0,0,0,15,0,0,0,0,0,0,0,,,,,,,,0,,0,0,0,0,0,0,0,WARN,0,2
3962,9075,baltbet-main,finished,,2023-10-28T13:00:00.000000Z,2023,15,15,,,0,15,15,15,15,0,0,15,0,0,0,15,0,0,0,0,0,0,0,,,,,,,,0,,0,0,0,0,0,0,0,WARN,0,2
3963,9078,baltbet-main,finished,,2023-10-29T14:00:00.000000Z,2023,15,15,,,0,15,15,15,15,0,0,15,0,0,0,15,0,0,0,0,0,0,0,,,,,,,,0,,0,0,0,0,0,0,0,WARN,0,2
3964,9082,baltbet-main,finished,,2023-10-30T15:30:00.000000Z,2023,15,15,,,0,15,15,15,15,0,0,14,0,1,0,14,0,0,0,0,0,0,0,,,,,,,,0,,0,0,0,0,0,0,0,FAIL,1,2
3965,9085,baltbet-main,finished,,2023-10-31T16:30:00.000000Z,2023,15,15,,,0,15,15,0,15,0,0,15,0,0,0,15,0,0,0,0,0,0,0,,,,,,,,0,,0,0,0,0,0,0,0,FAIL,1,2
3966,9087,baltbet-main,finished,,2023-11-01T15:30:00.000000Z,2023,15,15,,,0,15,15,15,15,0,0,15,0,0,0,15,0,0,0,0,0,0,0,,,,,,,,0,,0,0,0,0,0,0,0,WARN,0,2
3967,9091,baltbet-main,finished,,2023-11-02T15:30:00.000000Z,2023,15,15,,,0,15,15,15,15,0,0,14,0,1,0,14,0,0,0,0,0,0,0,,,,,,,,0,,0,0,0,0,0,0,0,FAIL,1,2
3968,9093,baltbet-main,finished,,2023-11-03T17:00:00.000000Z,2023,15,15,,,0,15,15,15,15,0,0,15,0,0,0,15,0,0,0,0,0,0,0,,,,,,,,0,,0,0,0,0,0,0,0,WARN,0,2
3969,9096,baltbet-main,finished,,2023-11-04T14:30:00.000000Z,2023,15,15,,,0,15,15,15,15,0,0,15,0,0,0,15,0,0,0,0,0,0,0,,,,,,,,0,,0,0,0,0,0,0,0,WARN,0,2
3970,9099,baltbet-main,finished,,2023-11-05T14:00:00.000000Z,2023,15,15,,,0,15,15,15,15,0,0,15,0,0,0,15,0,0,0,0,0,0,0,,,,,,,,0,,0,0,0,0,0,0,0,WARN,0,2
3971,9103,baltbet-main,finished,,2023-11-06T15:30:00.000000Z,2023,15,15,,,0,15,15,0,15,0,0,15,0,0,0,15,0,0,0,0,0,0,0,,,,,,,,0,,0,0,0,0,0,0,0,FAIL,1,2
3972,9105,baltbet-main,finished,,2023-11-07T17:30:00.000000Z,2023,15,15,,,0,15,15,0,15,0,0,15,0,0,0,15,0,0,0,0,0,0,0,,,,,,,,0,,0,0,0,0,0,0,0,FAIL,1,2
3973,9108,baltbet-main,finished,,2023-11-08T16:00:00.000000Z,2023,15,15,,,0,15,15,0,15,0,0,15,0,0,0,15,0,0,0,0,0,0,0,,,,,,,,0,,0,0,0,0,0,0,0,FAIL,1,2
3974,9111,baltbet-main,finished,,2023-11-09T16:00:00.000000Z,2023,15,15,,,0,15,15,15,15,0,0,15,0,0,0,15,0,0,0,0,0,0,0,,,,,,,,0,,0,0,0,0,0,0,0,WARN,0,2
3975,9114,baltbet-main,finished,,2023-11-10T16:30:00.000000Z,2023,15,15,,,0,15,15,15,15,0,0,15,0,0,0,15,0,0,0,0,0,0,0,,,,,,,,0,,0,0,0,0,0,0,0,WARN,0,2
3976,9117,baltbet-main,finished,,2023-11-11T14:30:00.000000Z,2023,15,15,,,0,15,15,15,15,0,0,15,0,0,0,15,0,0,0,0,0,0,0,,,,,,,,0,,0,0,0,0,0,0,0,WARN,0,2
3977,9121,baltbet-main,finished,,2023-11-12T14:00:00.000000Z,2023,15,15,,,0,15,15,15,15,0,0,15,0,0,0,15,0,0,0,0,0,0,0,,,,,,,,0,,0,0,0,0,0,0,0,WARN,0,2
3978,9124,baltbet-main,finished,,2023-11-13T15:30:00.000000Z,2023,15,15,,,0,15,15,0,15,0,0,15,0,0,0,15,0,0,0,0,0,0,0,,,,,,,,0,,0,0,0,0,0,0,0,FAIL,1,2
3979,9125,baltbet-main,finished,,2023-11-14T19:00:00.000000Z,2023,15,15,,,0,15,15,15,15,0,0,14,0,1,0,14,0,0,0,0,0,0,0,,,,,,,,0,,0,0,0,0,0,0,0,FAIL,1,2
3980,9130,baltbet-main,finished,,2023-11-15T16:30:00.000000Z,2023,15,15,,,0,15,15,0,15,0,0,15,0,0,0,15,0,0,0,0,0,0,0,,,,,,,,0,,0,0,0,0,0,0,0,FAIL,1,2
3981,9132,baltbet-main,finished,,2023-11-16T16:00:00.000000Z,2023,15,15,,,0,15,15,15,15,0,0,15,0,0,0,15,0,0,0,0,0,0,0,,,,,,,,0,,0,0,0,0,0,0,0,WARN,0,2
3982,9135,baltbet-main,finished,,2023-11-17T14:45:00.000000Z,2023,15,15,,,0,15,15,15,15,0,0,15,0,0,0,15,0,0,0,0,0,0,0,,,,,,,,0,,0,0,0,0,0,0,0,WARN,0,2
3983,9138,baltbet-main,finished,,2023-11-18T15:00:00.000000Z,2023,15,15,,,0,15,15,15,15,0,0,15,0,0,0,15,0,0,0,0,0,0,0,,,,,,,,0,,0,0,0,0,0,0,0,WARN,0,2
3984,9142,baltbet-main,finished,,2023-11-19T14:00:00.000000Z,2023,15,15,,,0,15,15,15,15,0,0,15,0,0,0,15,0,0,0,0,0,0,0,,,,,,,,0,,0,0,0,0,0,0,0,WARN,0,2
3985,9144,baltbet-main,finished,,2023-11-20T14:00:00.000000Z,2023,15,15,,,0,15,15,15,15,0,0,15,0,0,0,15,0,0,0,0,0,0,0,,,,,,,,0,,0,0,0,0,0,0,0,WARN,0,2
3986,9147,baltbet-main,finished,,2023-11-21T19:00:00.000000Z,2023,15,15,,,0,15,15,15,15,0,0,15,0,0,0,15,0,0,0,0,0,0,0,,,,,,,,0,,0,0,0,0,0,0,0,WARN,0,2
3987,9151,baltbet-main,finished,,2023-11-22T15:00:00.000000Z,2023,15,15,,,0,15,15,0,15,0,0,15,0,0,0,15,0,0,0,0,0,0,0,,,,,,,,0,,0,0,0,0,0,0,0,FAIL,1,2
3988,9153,baltbet-main,finished,,2023-11-23T15:30:00.000000Z,2023,15,15,,,0,15,15,15,15,0,0,15,0,0,0,15,0,0,0,0,0,0,0,,,,,,,,0,,0,0,0,0,0,0,0,WARN,0,2
3989,9156,baltbet-main,finished,,2023-11-24T16:30:00.000000Z,2023,15,15,,,0,15,15,15,15,0,0,15,0,0,0,15,0,0,0,0,0,0,0,,,,,,,,0,,0,0,0,0,0,0,0,WARN,0,2
3990,9159,baltbet-main,finished,,2023-11-25T14:30:00.000000Z,2023,15,15,,,0,15,15,15,15,0,0,15,0,0,0,15,0,0,0,0,0,0,0,,,,,,,,0,,0,0,0,0,0,0,0,WARN,0,2
3991,9162,baltbet-main,finished,,2023-11-26T14:00:00.000000Z,2023,15,15,,,0,15,15,15,15,0,0,15,0,0,0,15,0,0,0,0,0,0,0,,,,,,,,0,,0,0,0,0,0,0,0,WARN,0,2
3992,9166,baltbet-main,finished,,2023-11-27T15:30:00.000000Z,2023,15,15,,,0,15,15,15,15,0,0,15,0,0,0,15,0,0,0,0,0,0,0,,,,,,,,0,,0,0,0,0,0,0,0,WARN,0,2
3993,9168,baltbet-main,finished,,2023-11-28T17:00:00.000000Z,2023,15,15,,,0,15,15,15,15,0,0,15,0,0,0,15,0,0,0,0,0,0,0,,,,,,,,0,,0,0,0,0,0,0,0,WARN,0,2
3994,9172,baltbet-main,finished,,2023-11-29T15:00:00.000000Z,2023,15,15,,,0,15,15,0,15,0,0,15,0,0,0,15,0,0,0,0,0,0,0,,,,,,,,0,,0,0,0,0,0,0,0,FAIL,1,2
3995,9173,baltbet-main,finished,,2023-11-30T15:30:00.000000Z,2023,15,15,,,0,15,15,0,15,0,0,15,0,0,0,15,0,0,0,0,0,0,0,,,,,,,,0,,0,0,0,0,0,0,0,FAIL,1,2
3996,9177,baltbet-main,finished,,2023-12-01T15:00:00.000000Z,2023,15,15,,,0,15,15,15,15,0,0,15,0,0,0,15,0,0,0,0,0,0,0,,,,,,,,0,,0,0,0,0,0,0,0,WARN,0,2
3997,9180,baltbet-main,finished,,2023-12-02T14:30:00.000000Z,2023,15,15,,,0,15,15,15,15,0,0,15,0,0,0,15,0,0,0,0,0,0,0,,,,,,,,0,,0,0,0,0,0,0,0,WARN,0,2
3998,9184,baltbet-main,finished,,2023-12-03T14:30:00.000000Z,2023,15,15,,,0,15,15,15,15,0,0,15,0,0,0,15,0,0,0,0,0,0,0,,,,,,,,0,,0,0,0,0,0,0,0,WARN,0,2
3999,9186,baltbet-main,finished,,2023-12-04T14:00:00.000000Z,2023,15,15,,,0,15,15,15,15,0,0,15,0,0,0,15,0,0,0,0,0,0,0,,,,,,,,0,,0,0,0,0,0,0,0,WARN,0,2
4000,9189,baltbet-main,finished,,2023-12-05T17:00:00.000000Z,2023,15,15,,,0,15,15,15,15,0,0,15,0,0,0,15,0,0,0,0,0,0,0,,,,,,,,0,,0,0,0,0,0,0,0,WARN,0,2
4001,9192,baltbet-main,finished,,2023-12-06T16:00:00.000000Z,2023,15,15,,,0,15,15,0,15,0,0,15,0,0,0,15,0,0,0,0,0,0,0,,,,,,,,0,,0,0,0,0,0,0,0,FAIL,1,2
4002,9195,baltbet-main,finished,,2023-12-07T15:00:00.000000Z,2023,15,15,,,0,15,15,15,15,0,0,15,0,0,0,15,0,0,0,0,0,0,0,,,,,,,,0,,0,0,0,0,0,0,0,WARN,0,2
4003,9198,baltbet-main,finished,,2023-12-08T16:30:00.000000Z,2023,15,15,,,0,15,15,15,15,0,0,15,0,0,0,15,0,0,0,0,0,0,0,,,,,,,,0,,0,0,0,0,0,0,0,WARN,0,2
4004,9201,baltbet-main,finished,,2023-12-09T14:30:00.000000Z,2023,15,15,,,0,15,15,15,15,0,0,15,0,0,0,15,0,0,0,0,0,0,0,,,,,,,,0,,0,0,0,0,0,0,0,WARN,0,2
4005,9205,baltbet-main,finished,,2023-12-10T13:30:00.000000Z,2023,15,15,,,0,15,15,15,15,0,0,15,0,0,0,15,0,0,0,0,0,0,0,,,,,,,,0,,0,0,0,0,0,0,0,WARN,0,2
4006,9207,baltbet-main,finished,,2023-12-11T15:30:00.000000Z,2023,15,15,,,0,15,15,15,15,0,0,15,0,0,0,15,0,0,0,0,0,0,0,,,,,,,,0,,0,0,0,0,0,0,0,WARN,0,2
4007,9210,baltbet-main,finished,,2023-12-12T15:00:00.000000Z,2023,15,15,,,0,15,15,15,15,0,0,15,0,0,0,15,0,0,0,0,0,0,0,,,,,,,,0,,0,0,0,0,0,0,0,WARN,0,2
4008,9212,baltbet-main,finished,,2023-12-13T16:00:00.000000Z,2023,15,15,,,0,15,15,0,15,0,0,15,0,0,0,15,0,0,0,0,0,0,0,,,,,,,,0,,0,0,0,0,0,0,0,FAIL,1,2
4009,9218,baltbet-main,finished,,2023-12-14T17:00:00.000000Z,2023,15,15,,,0,15,15,0,15,0,0,15,0,0,0,15,0,0,0,0,0,0,0,,,,,,,,0,,0,0,0,0,0,0,0,FAIL,1,2
4010,9219,baltbet-main,finished,,2023-12-15T16:00:00.000000Z,2023,15,15,,,0,15,15,15,15,0,0,15,0,0,0,15,0,0,0,0,0,0,0,,,,,,,,0,,0,0,0,0,0,0,0,WARN,0,2
4011,9222,baltbet-main,finished,,2023-12-16T14:00:00.000000Z,2023,15,15,,,0,15,15,15,15,0,0,15,0,0,0,15,0,0,0,0,0,0,0,,,,,,,,0,,0,0,0,0,0,0,0,WARN,0,2
4012,9225,baltbet-main,finished,,2023-12-17T14:00:00.000000Z,2023,15,15,,,0,15,15,15,15,0,0,15,0,0,0,15,0,0,0,0,0,0,0,,,,,,,,0,,0,0,0,0,0,0,0,WARN,0,2
4013,9229,baltbet-main,finished,,2023-12-18T14:30:00.000000Z,2023,15,15,,,0,15,15,15,15,0,0,15,0,0,0,15,0,0,0,0,0,0,0,,,,,,,,0,,0,0,0,0,0,0,0,WARN,0,2
4014,9231,baltbet-main,finished,,2023-12-19T17:00:00.000000Z,2023,15,15,,,0,15,15,15,15,0,0,15,0,0,0,15,0,0,0,0,0,0,0,,,,,,,,0,,0,0,0,0,0,0,0,WARN,0,2
4015,9234,baltbet-main,finished,,2023-12-20T17:00:00.000000Z,2023,15,15,,,0,15,15,15,15,0,0,14,0,1,0,14,0,0,0,0,0,0,0,,,,,,,,0,,0,0,0,0,0,0,0,FAIL,1,2
4016,9237,baltbet-main,finished,,2023-12-21T15:00:00.000000Z,2023,15,15,,,0,15,15,15,15,0,0,15,0,0,0,15,0,0,0,0,0,0,0,,,,,,,,0,,0,0,0,0,0,0,0,WARN,0,2
4017,9240,baltbet-main,finished,,2023-12-22T17:30:00.000000Z,2023,15,15,,,0,15,15,15,15,0,0,15,0,0,0,15,0,0,0,0,0,0,0,,,,,,,,0,,0,0,0,0,0,0,0,WARN,0,2
4018,9243,baltbet-main,finished,,2023-12-23T14:00:00.000000Z,2023,15,15,,,0,15,15,15,15,0,0,13,0,2,0,13,0,0,0,0,0,0,0,,,,,,,,0,,0,0,0,0,0,0,0,FAIL,1,2
4019,9246,baltbet-main,finished,,2023-12-24T13:00:00.000000Z,2023,15,15,,,0,15,15,15,15,0,0,15,0,0,0,15,0,0,0,0,0,0,0,,,,,,,,0,,0,0,0,0,0,0,0,WARN,0,2
4020,9249,baltbet-main,finished,,2023-12-25T14:00:00.000000Z,2023,15,15,,,0,15,15,15,15,0,0,15,0,0,0,15,0,0,0,0,0,0,0,,,,,,,,0,,0,0,0,0,0,0,0,WARN,0,2
4021,9252,baltbet-main,finished,,2023-12-26T15:00:00.000000Z,2023,15,15,,,0,15,15,15,15,0,0,15,0,0,0,15,0,0,0,0,0,0,0,,,,,,,,0,,0,0,0,0,0,0,0,WARN,0,2
4022,9254,baltbet-main,finished,,2023-12-27T15:45:00.000000Z,2023,15,15,,,0,15,15,15,15,0,0,14,0,1,0,14,0,0,0,0,0,0,0,,,,,,,,0,,0,0,0,0,0,0,0,FAIL,1,2
4023,9257,baltbet-main,finished,,2023-12-28T13:00:00.000000Z,2023,15,15,,,0,15,15,15,15,0,0,15,0,0,0,15,0,0,0,0,0,0,0,,,,,,,,0,,0,0,0,0,0,0,0,WARN,0,2
4024,9260,baltbet-main,finished,,2023-12-29T17:00:00.000000Z,2023,15,15,,,0,15,15,15,15,0,0,14,0,1,0,14,0,0,0,0,0,0,0,,,,,,,,0,,0,0,0,0,0,0,0,FAIL,1,2
4025,9263,baltbet-main,finished,,2023-12-30T15:00:00.000000Z,2023,15,15,,,0,15,15,15,15,0,0,14,0,1,0,14,0,0,0,0,0,0,0,,,,,,,,0,,0,0,0,0,0,0,0,FAIL,1,2
4026,9267,baltbet-main,finished,,2024-01-01T15:00:00.000000Z,2024,15,15,,,0,15,15,15,15,0,0,15,0,0,0,15,0,0,0,0,0,0,0,,,,,,,,0,,0,0,0,0,0,0,0,WARN,0,2
4027,9269,baltbet-main,finished,,2024-01-02T15:00:00.000000Z,2024,15,15,,,0,15,15,15,15,0,0,15,0,0,0,15,0,0,0,0,0,0,0,,,,,,,,0,,0,0,0,0,0,0,0,WARN,0,2
4028,9273,baltbet-main,finished,,2024-01-03T15:00:00.000000Z,2024,15,15,,,0,15,15,15,15,0,0,15,0,0,0,15,0,0,0,0,0,0,0,,,,,,,,0,,0,0,0,0,0,0,0,WARN,0,2
4029,9277,baltbet-main,finished,,2024-01-04T14:30:00.000000Z,2024,15,15,,,0,15,15,15,15,0,0,15,0,0,0,15,0,0,0,0,0,0,0,,,,,,,,0,,0,0,0,0,0,0,0,WARN,0,2
4030,9279,baltbet-main,finished,,2024-01-05T14:00:00.000000Z,2024,15,15,,,0,15,15,15,15,0,0,15,0,0,0,15,0,0,0,0,0,0,0,,,,,,,,0,,0,0,0,0,0,0,0,WARN,0,2
4031,9282,baltbet-main,finished,,2024-01-06T14:00:00.000000Z,2024,15,15,,,0,15,15,15,15,0,0,15,0,0,0,15,0,0,0,0,0,0,0,,,,,,,,0,,0,0,0,0,0,0,0,WARN,0,2
4032,9285,baltbet-main,finished,,2024-01-07T14:00:00.000000Z,2024,15,15,,,0,15,15,15,15,0,0,15,0,0,0,15,0,0,0,0,0,0,0,,,,,,,,0,,0,0,0,0,0,0,0,WARN,0,2
4033,9289,baltbet-main,finished,,2024-01-08T12:30:00.000000Z,2024,15,15,,,0,15,15,0,15,0,0,15,0,0,0,15,0,0,0,0,0,0,0,,,,,,,,0,,0,0,0,0,0,0,0,FAIL,1,2
4034,9291,baltbet-main,finished,,2024-01-09T14:00:00.000000Z,2024,15,15,,,0,15,15,15,15,0,0,13,0,2,0,13,0,0,0,0,0,0,0,,,,,,,,0,,0,0,0,0,0,0,0,FAIL,1,2
4035,9294,baltbet-main,finished,,2024-01-10T14:00:00.000000Z,2024,15,15,,,0,15,15,15,15,0,0,14,0,1,0,14,0,0,0,0,0,0,0,,,,,,,,0,,0,0,0,0,0,0,0,FAIL,1,2
4036,9297,baltbet-main,finished,,2024-01-11T14:00:00.000000Z,2024,15,15,,,0,15,15,0,15,0,0,15,0,0,0,15,0,0,0,0,0,0,0,,,,,,,,0,,0,0,0,0,0,0,0,FAIL,1,2
4037,9300,baltbet-main,finished,,2024-01-12T16:30:00.000000Z,2024,15,15,,,0,15,15,15,15,0,0,15,0,0,0,15,0,0,0,0,0,0,0,,,,,,,,0,,0,0,0,0,0,0,0,WARN,0,2
4038,9302,baltbet-main,finished,,2024-01-13T14:00:00.000000Z,2024,15,15,,,0,15,15,15,15,0,0,15,0,0,0,15,0,0,0,0,0,0,0,,,,,,,,0,,0,0,0,0,0,0,0,WARN,0,2
4039,9305,baltbet-main,finished,,2024-01-14T14:00:00.000000Z,2024,15,15,,,0,15,15,15,15,0,0,15,0,0,0,15,0,0,0,0,0,0,0,,,,,,,,0,,0,0,0,0,0,0,0,WARN,0,2
4040,9309,baltbet-main,finished,,2024-01-15T13:30:00.000000Z,2024,15,15,,,0,15,15,0,15,0,0,13,0,2,0,13,0,0,0,0,0,0,0,,,,,,,,0,,0,0,0,0,0,0,0,FAIL,2,2
4041,9311,baltbet-main,finished,,2024-01-16T19:00:00.000000Z,2024,15,15,,,0,15,15,0,15,0,0,8,0,7,0,8,0,0,0,0,0,0,0,,,,,,,,0,,0,0,0,0,0,0,0,FAIL,2,2
4042,9315,baltbet-main,finished,,2024-01-17T15:00:00.000000Z,2024,15,15,,,0,15,15,15,15,0,0,15,0,0,0,15,0,0,0,0,0,0,0,,,,,,,,0,,0,0,0,0,0,0,0,WARN,0,2
4043,9317,baltbet-main,finished,,2024-01-18T14:00:00.000000Z,2024,15,15,,,0,15,15,15,15,0,0,15,0,0,0,15,0,0,0,0,0,0,0,,,,,,,,0,,0,0,0,0,0,0,0,WARN,0,2
4044,9320,baltbet-main,finished,,2024-01-19T14:00:00.000000Z,2024,15,15,,,0,15,15,15,15,0,0,11,0,4,0,11,0,0,0,0,0,0,0,,,,,,,,0,,0,0,0,0,0,0,0,FAIL,1,2
4045,9322,baltbet-main,finished,,2024-01-20T14:30:00.000000Z,2024,15,15,,,0,15,15,15,15,0,0,14,0,1,0,14,0,0,0,0,0,0,0,,,,,,,,0,,0,0,0,0,0,0,0,FAIL,1,2
4046,9325,baltbet-main,finished,,2024-01-21T14:00:00.000000Z,2024,15,15,,,0,15,15,15,15,0,0,15,0,0,0,15,0,0,0,0,0,0,0,,,,,,,,0,,0,0,0,0,0,0,0,WARN,0,2
4047,9329,baltbet-main,finished,,2024-01-22T15:00:00.000000Z,2024,15,15,,,0,15,15,0,15,0,0,15,0,0,0,15,0,0,0,0,0,0,0,,,,,,,,0,,0,0,0,0,0,0,0,FAIL,1,2
4048,9331,baltbet-main,finished,,2024-01-23T17:00:00.000000Z,2024,15,15,,,0,15,15,15,15,0,0,15,0,0,0,15,0,0,0,0,0,0,0,,,,,,,,0,,0,0,0,0,0,0,0,WARN,0,2
4049,9334,baltbet-main,finished,,2024-01-24T14:00:00.000000Z,2024,15,15,,,0,15,15,15,15,0,0,15,0,0,0,15,0,0,0,0,0,0,0,,,,,,,,0,,0,0,0,0,0,0,0,WARN,0,2
4050,9336,baltbet-main,finished,,2024-01-25T17:00:00.000000Z,2024,15,15,,,0,15,15,15,15,0,0,14,0,1,0,14,0,0,0,0,0,0,0,,,,,,,,0,,0,0,0,0,0,0,0,FAIL,1,2
4051,9341,baltbet-main,finished,,2024-01-26T17:00:00.000000Z,2024,15,15,,,0,15,15,15,15,0,0,15,0,0,0,15,0,0,0,0,0,0,0,,,,,,,,0,,0,0,0,0,0,0,0,WARN,0,2
4052,9343,baltbet-main,finished,,2024-01-27T14:30:00.000000Z,2024,15,15,,,0,15,15,15,15,0,0,15,0,0,0,15,0,0,0,0,0,0,0,,,,,,,,0,,0,0,0,0,0,0,0,WARN,0,2
4053,9346,baltbet-main,finished,,2024-01-28T14:00:00.000000Z,2024,15,15,,,0,15,15,15,15,0,0,15,0,0,0,15,0,0,0,0,0,0,0,,,,,,,,0,,0,0,0,0,0,0,0,WARN,0,2
4054,9349,baltbet-main,finished,,2024-01-29T14:00:00.000000Z,2024,15,15,,,0,15,15,0,15,0,0,14,0,1,0,14,0,0,0,0,0,0,0,,,,,,,,0,,0,0,0,0,0,0,0,FAIL,2,2
4055,9352,baltbet-main,finished,,2024-01-30T17:00:00.000000Z,2024,15,15,,,0,15,15,15,15,0,0,15,0,0,0,15,0,0,0,0,0,0,0,,,,,,,,0,,0,0,0,0,0,0,0,WARN,0,2
4056,9356,baltbet-main,finished,,2024-01-31T15:00:00.000000Z,2024,15,15,,,0,15,15,15,15,0,0,15,0,0,0,15,0,0,0,0,0,0,0,,,,,,,,0,,0,0,0,0,0,0,0,WARN,0,2
4057,9358,baltbet-main,finished,,2024-02-01T15:00:00.000000Z,2024,15,15,,,0,15,15,15,15,0,0,15,0,0,0,15,0,0,0,0,0,0,0,,,,,,,,0,,0,0,0,0,0,0,0,WARN,0,2
4058,9360,baltbet-main,finished,,2024-02-02T15:00:00.000000Z,2024,15,15,,,0,15,15,15,15,0,0,15,0,0,0,15,0,0,0,0,0,0,0,,,,,,,,0,,0,0,0,0,0,0,0,WARN,0,2
4059,9364,baltbet-main,finished,,2024-02-03T14:00:00.000000Z,2024,15,15,,,0,15,15,15,15,0,0,15,0,0,0,15,0,0,0,0,0,0,0,,,,,,,,0,,0,0,0,0,0,0,0,WARN,0,2
4060,9367,baltbet-main,finished,,2024-02-04T14:00:00.000000Z,2024,15,15,,,0,15,15,15,15,0,0,14,0,1,0,14,0,0,0,0,0,0,0,,,,,,,,0,,0,0,0,0,0,0,0,FAIL,1,2
4061,9370,baltbet-main,finished,,2024-02-05T15:00:00.000000Z,2024,15,15,,,0,15,15,0,15,0,0,15,0,0,0,15,0,0,0,0,0,0,0,,,,,,,,0,,0,0,0,0,0,0,0,FAIL,1,2
4062,9373,baltbet-main,finished,,2024-02-06T16:30:00.000000Z,2024,15,15,,,0,15,15,15,15,0,0,13,0,2,0,13,0,0,0,0,0,0,0,,,,,,,,0,,0,0,0,0,0,0,0,FAIL,1,2
4063,9376,baltbet-main,finished,,2024-02-07T16:30:00.000000Z,2024,15,15,,,0,15,15,15,15,0,0,15,0,0,0,15,0,0,0,0,0,0,0,,,,,,,,0,,0,0,0,0,0,0,0,WARN,0,2
4064,9379,baltbet-main,finished,,2024-02-08T15:00:00.000000Z,2024,15,15,,,0,15,15,15,15,0,0,15,0,0,0,15,0,0,0,0,0,0,0,,,,,,,,0,,0,0,0,0,0,0,0,WARN,0,2
4065,9382,baltbet-main,finished,,2024-02-09T18:00:00.000000Z,2024,15,15,,,0,15,15,15,15,0,0,15,0,0,0,15,0,0,0,0,0,0,0,,,,,,,,0,,0,0,0,0,0,0,0,WARN,0,2
4066,9386,baltbet-main,finished,,2024-02-10T14:30:00.000000Z,2024,15,15,,,0,15,15,15,15,0,0,15,0,0,0,15,0,0,0,0,0,0,0,,,,,,,,0,,0,0,0,0,0,0,0,WARN,0,2
4067,9389,baltbet-main,finished,,2024-02-11T14:00:00.000000Z,2024,15,15,,,0,15,15,15,15,0,0,15,0,0,0,15,0,0,0,0,0,0,0,,,,,,,,0,,0,0,0,0,0,0,0,WARN,0,2
4068,9392,baltbet-main,finished,,2024-02-12T15:00:00.000000Z,2024,15,15,,,0,15,15,15,15,0,0,15,0,0,0,15,0,0,0,0,0,0,0,,,,,,,,0,,0,0,0,0,0,0,0,WARN,0,2
4069,9394,baltbet-main,finished,,2024-02-13T17:00:00.000000Z,2024,15,15,,,0,15,15,15,15,0,0,14,0,1,0,14,0,0,0,0,0,0,0,,,,,,,,0,,0,0,0,0,0,0,0,FAIL,1,2
4070,9397,baltbet-main,finished,,2024-02-14T17:00:00.000000Z,2024,15,15,,,0,15,15,0,15,0,0,15,0,0,0,15,0,0,0,0,0,0,0,,,,,,,,0,,0,0,0,0,0,0,0,FAIL,1,2
4071,9400,baltbet-main,finished,,2024-02-15T16:00:00.000000Z,2024,15,15,,,0,15,15,15,15,0,0,15,0,0,0,15,0,0,0,0,0,0,0,,,,,,,,0,,0,0,0,0,0,0,0,WARN,0,2
4072,9403,baltbet-main,finished,,2024-02-16T16:30:00.000000Z,2024,15,15,,,0,15,15,15,15,0,0,15,0,0,0,15,0,0,0,0,0,0,0,,,,,,,,0,,0,0,0,0,0,0,0,WARN,0,2
4073,9406,baltbet-main,finished,,2024-02-17T14:30:00.000000Z,2024,15,15,,,0,15,15,15,15,0,0,15,0,0,0,15,0,0,0,0,0,0,0,,,,,,,,0,,0,0,0,0,0,0,0,WARN,0,2
4074,9409,baltbet-main,finished,,2024-02-18T14:00:00.000000Z,2024,15,15,,,0,15,15,15,15,0,0,15,0,0,0,15,0,0,0,0,0,0,0,,,,,,,,0,,0,0,0,0,0,0,0,WARN,0,2
4075,9411,baltbet-main,finished,,2024-02-19T15:30:00.000000Z,2024,15,15,,,0,15,15,0,15,0,0,15,0,0,0,15,0,0,0,0,0,0,0,,,,,,,,0,,0,0,0,0,0,0,0,FAIL,1,2
4076,9415,baltbet-main,finished,,2024-02-20T17:00:00.000000Z,2024,15,15,,,0,15,15,15,15,0,0,14,0,1,0,14,0,0,0,0,0,0,0,,,,,,,,0,,0,0,0,0,0,0,0,FAIL,1,2
4077,9417,baltbet-main,finished,,2024-02-21T16:00:00.000000Z,2024,15,15,,,0,15,15,15,15,0,0,15,0,0,0,15,0,0,0,0,0,0,0,,,,,,,,0,,0,0,0,0,0,0,0,WARN,0,2
4078,9421,baltbet-main,finished,,2024-02-22T17:00:00.000000Z,2024,15,15,,,0,15,15,15,15,0,0,15,0,0,0,15,0,0,0,0,0,0,0,,,,,,,,0,,0,0,0,0,0,0,0,WARN,0,2
4079,9424,baltbet-main,finished,,2024-02-23T16:00:00.000000Z,2024,15,15,,,0,15,15,15,15,0,0,15,0,0,0,15,0,0,0,0,0,0,0,,,,,,,,0,,0,0,0,0,0,0,0,WARN,0,2
4080,9427,baltbet-main,finished,,2024-02-24T14:30:00.000000Z,2024,15,15,,,0,15,15,15,15,0,0,15,0,0,0,15,0,0,0,0,0,0,0,,,,,,,,0,,0,0,0,0,0,0,0,WARN,0,2
4081,9430,baltbet-main,finished,,2024-02-25T14:00:00.000000Z,2024,15,15,,,0,15,15,15,15,0,0,15,0,0,0,15,0,0,0,0,0,0,0,,,,,,,,0,,0,0,0,0,0,0,0,WARN,0,2
4082,9434,baltbet-main,finished,,2024-02-26T17:00:00.000000Z,2024,15,15,,,0,15,15,15,15,0,0,15,0,0,0,15,0,0,0,0,0,0,0,,,,,,,,0,,0,0,0,0,0,0,0,WARN,0,2
4083,9437,baltbet-main,finished,,2024-02-27T16:30:00.000000Z,2024,15,15,,,0,15,15,15,15,0,0,15,0,0,0,15,0,0,0,0,0,0,0,,,,,,,,0,,0,0,0,0,0,0,0,WARN,0,2
4084,9439,baltbet-main,finished,,2024-02-28T15:00:00.000000Z,2024,15,15,,,0,15,15,15,15,0,0,15,0,0,0,15,0,0,0,0,0,0,0,,,,,,,,0,,0,0,0,0,0,0,0,WARN,0,2
4085,9442,baltbet-main,finished,,2024-02-29T14:15:00.000000Z,2024,15,15,,,0,15,15,15,15,0,0,15,0,0,0,15,0,0,0,0,0,0,0,,,,,,,,0,,0,0,0,0,0,0,0,WARN,0,2
4086,9445,baltbet-main,finished,,2024-03-01T16:00:00.000000Z,2024,15,15,,,0,15,15,15,15,0,0,15,0,0,0,15,0,0,0,0,0,0,0,,,,,,,,0,,0,0,0,0,0,0,0,WARN,0,2
4087,9447,baltbet-main,finished,,2024-03-02T14:30:00.000000Z,2024,15,15,,,0,15,15,15,15,0,0,15,0,0,0,15,0,0,0,0,0,0,0,,,,,,,,0,,0,0,0,0,0,0,0,WARN,0,2
4088,9451,baltbet-main,finished,,2024-03-03T13:30:00.000000Z,2024,15,15,,,0,15,15,15,15,0,0,15,0,0,0,15,0,0,0,0,0,0,0,,,,,,,,0,,0,0,0,0,0,0,0,WARN,0,2
4089,9453,baltbet-main,finished,,2024-03-04T16:00:00.000000Z,2024,15,15,,,0,15,15,15,15,0,0,15,0,0,0,15,0,0,0,0,0,0,0,,,,,,,,0,,0,0,0,0,0,0,0,WARN,0,2
4090,9457,baltbet-main,finished,,2024-03-05T17:00:00.000000Z,2024,15,15,,,0,15,15,0,15,0,0,15,0,0,0,15,0,0,0,0,0,0,0,,,,,,,,0,,0,0,0,0,0,0,0,FAIL,1,2
4091,9460,baltbet-main,finished,,2024-03-06T16:30:00.000000Z,2024,15,15,,,0,15,15,15,15,0,0,15,0,0,0,15,0,0,0,0,0,0,0,,,,,,,,0,,0,0,0,0,0,0,0,WARN,0,2
4092,9463,baltbet-main,finished,,2024-03-07T17:30:00.000000Z,2024,15,15,,,0,15,15,15,15,0,0,15,0,0,0,15,0,0,0,0,0,0,0,,,,,,,,0,,0,0,0,0,0,0,0,WARN,0,2
4093,9466,baltbet-main,finished,,2024-03-08T15:30:00.000000Z,2024,15,15,,,0,15,15,15,15,0,0,15,0,0,0,15,0,0,0,0,0,0,0,,,,,,,,0,,0,0,0,0,0,0,0,WARN,0,2
4094,9470,baltbet-main,finished,,2024-03-09T14:00:00.000000Z,2024,15,15,,,0,15,15,15,15,0,0,15,0,0,0,15,0,0,0,0,0,0,0,,,,,,,,0,,0,0,0,0,0,0,0,WARN,0,2
4095,9473,baltbet-main,finished,,2024-03-10T14:00:00.000000Z,2024,15,15,,,0,15,15,15,15,0,0,15,0,0,0,15,0,0,0,0,0,0,0,,,,,,,,0,,0,0,0,0,0,0,0,WARN,0,2
4096,9476,baltbet-main,finished,,2024-03-11T17:30:00.000000Z,2024,15,15,,,0,15,15,0,15,0,0,15,0,0,0,15,0,0,0,0,0,0,0,,,,,,,,0,,0,0,0,0,0,0,0,FAIL,1,2
4097,9479,baltbet-main,finished,,2024-03-12T16:30:00.000000Z,2024,15,15,,,0,15,15,0,15,0,0,13,0,2,0,13,0,0,0,0,0,0,0,,,,,,,,0,,0,0,0,0,0,0,0,FAIL,2,2
4098,9480,baltbet-main,finished,,2024-03-13T15:00:00.000000Z,2024,15,15,,,0,15,15,0,15,0,0,15,0,0,0,15,0,0,0,0,0,0,0,,,,,,,,0,,0,0,0,0,0,0,0,FAIL,1,2
4099,9484,baltbet-main,finished,,2024-03-14T15:00:00.000000Z,2024,15,15,,,0,15,15,15,15,0,0,15,0,0,0,15,0,0,0,0,0,0,0,,,,,,,,0,,0,0,0,0,0,0,0,WARN,0,2
4100,9486,baltbet-main,finished,,2024-03-15T17:30:00.000000Z,2024,15,15,,,0,15,15,15,15,0,0,15,0,0,0,15,0,0,0,0,0,0,0,,,,,,,,0,,0,0,0,0,0,0,0,WARN,0,2
4101,9490,baltbet-main,finished,,2024-03-16T14:00:00.000000Z,2024,15,15,,,0,15,15,15,15,0,0,15,0,0,0,15,0,0,0,0,0,0,0,,,,,,,,0,,0,0,0,0,0,0,0,WARN,0,2
4102,9491,baltbet-main,finished,,2024-03-17T14:00:00.000000Z,2024,15,15,,,0,15,15,15,15,0,0,15,0,0,0,15,0,0,0,0,0,0,0,,,,,,,,0,,0,0,0,0,0,0,0,WARN,0,2
4103,9496,baltbet-main,finished,,2024-03-18T14:00:00.000000Z,2024,15,15,,,0,15,15,15,15,0,0,15,0,0,0,15,0,0,0,0,0,0,0,,,,,,,,0,,0,0,0,0,0,0,0,WARN,0,2
4104,9498,baltbet-main,finished,,2024-03-19T14:30:00.000000Z,2024,15,15,,,0,15,15,0,15,0,0,15,0,0,0,15,0,0,0,0,0,0,0,,,,,,,,0,,0,0,0,0,0,0,0,FAIL,1,2
4105,9500,baltbet-main,finished,,2024-03-20T15:00:00.000000Z,2024,15,15,,,0,15,15,15,15,0,0,14,0,1,0,14,0,0,0,0,0,0,0,,,,,,,,0,,0,0,0,0,0,0,0,FAIL,1,2
4106,9504,baltbet-main,finished,,2024-03-21T16:30:00.000000Z,2024,15,15,,,0,15,15,15,15,0,0,15,0,0,0,15,0,0,0,0,0,0,0,,,,,,,,0,,0,0,0,0,0,0,0,WARN,0,2
4107,9507,baltbet-main,finished,,2024-03-22T15:00:00.000000Z,2024,15,15,,,0,15,15,15,15,0,0,15,0,0,0,15,0,0,0,0,0,0,0,,,,,,,,0,,0,0,0,0,0,0,0,WARN,0,2
4108,9510,baltbet-main,finished,,2024-03-23T14:00:00.000000Z,2024,15,15,,,0,15,15,15,15,0,0,14,0,1,0,14,0,0,0,0,0,0,0,,,,,,,,0,,0,0,0,0,0,0,0,FAIL,1,2
4109,9513,baltbet-main,finished,,2024-03-24T14:30:00.000000Z,2024,15,15,,,0,15,15,0,15,0,0,15,0,0,0,15,0,0,0,0,0,0,0,,,,,,,,0,,0,0,0,0,0,0,0,FAIL,1,2
4110,9515,baltbet-main,finished,,2024-03-25T16:00:00.000000Z,2024,15,15,,,0,15,15,15,15,0,0,15,0,0,0,15,0,0,0,0,0,0,0,,,,,,,,0,,0,0,0,0,0,0,0,WARN,0,2
4111,9519,baltbet-main,finished,,2024-03-26T17:00:00.000000Z,2024,15,15,,,0,15,15,0,15,0,0,13,0,2,0,13,0,0,0,0,0,0,0,,,,,,,,0,,0,0,0,0,0,0,0,FAIL,2,2
4112,9523,baltbet-main,finished,,2024-03-27T16:30:00.000000Z,2024,15,15,,,0,15,15,15,15,0,0,15,0,0,0,15,0,0,0,0,0,0,0,,,,,,,,0,,0,0,0,0,0,0,0,WARN,0,2
4113,9527,baltbet-main,finished,,2024-03-28T16:00:00.000000Z,2024,15,15,,,0,15,15,15,15,0,0,15,0,0,0,15,0,0,0,0,0,0,0,,,,,,,,0,,0,0,0,0,0,0,0,WARN,0,2
4114,9528,baltbet-main,finished,,2024-03-29T15:00:00.000000Z,2024,15,15,,,0,15,15,15,15,0,0,15,0,0,0,15,0,0,0,0,0,0,0,,,,,,,,0,,0,0,0,0,0,0,0,WARN,0,2
4115,9529,baltbet-main,finished,,2024-03-30T14:30:00.000000Z,2024,15,15,,,0,15,15,15,15,0,0,15,0,0,0,15,0,0,0,0,0,0,0,,,,,,,,0,,0,0,0,0,0,0,0,WARN,0,2
4116,9534,baltbet-main,finished,,2024-03-31T14:15:00.000000Z,2024,15,15,,,0,15,15,15,15,0,0,15,0,0,0,15,0,0,0,0,0,0,0,,,,,,,,0,,0,0,0,0,0,0,0,WARN,0,2
4117,9537,baltbet-main,finished,,2024-04-01T15:30:00.000000Z,2024,15,15,,,0,15,15,15,15,0,0,15,0,0,0,15,0,0,0,0,0,0,0,,,,,,,,0,,0,0,0,0,0,0,0,WARN,0,2
4118,9540,baltbet-main,finished,,2024-04-02T16:30:00.000000Z,2024,15,15,,,0,15,15,15,15,0,0,15,0,0,0,15,0,0,0,0,0,0,0,,,,,,,,0,,0,0,0,0,0,0,0,WARN,0,2
4119,9541,baltbet-main,finished,,2024-04-03T15:00:00.000000Z,2024,15,15,,,0,15,15,15,15,0,0,15,0,0,0,15,0,0,0,0,0,0,0,,,,,,,,0,,0,0,0,0,0,0,0,WARN,0,2
4120,9545,baltbet-main,finished,,2024-04-04T16:00:00.000000Z,2024,15,15,,,0,15,15,15,15,0,0,15,0,0,0,15,0,0,0,0,0,0,0,,,,,,,,0,,0,0,0,0,0,0,0,WARN,0,2
4121,9548,baltbet-main,finished,,2024-04-05T16:10:00.000000Z,2024,15,15,,,0,15,15,15,15,0,0,15,0,0,0,15,0,0,0,0,0,0,0,,,,,,,,0,,0,0,0,0,0,0,0,WARN,0,2
4122,9551,baltbet-main,finished,,2024-04-06T13:30:00.000000Z,2024,15,15,,,0,15,15,15,15,0,0,15,0,0,0,15,0,0,0,0,0,0,0,,,,,,,,0,,0,0,0,0,0,0,0,WARN,0,2
4123,9555,baltbet-main,finished,,2024-04-07T13:30:00.000000Z,2024,15,15,,,0,15,15,15,15,0,0,15,0,0,0,15,0,0,0,0,0,0,0,,,,,,,,0,,0,0,0,0,0,0,0,WARN,0,2
4124,9558,baltbet-main,finished,,2024-04-08T16:30:00.000000Z,2024,15,15,,,0,15,15,0,15,0,0,15,0,0,0,15,0,0,0,0,0,0,0,,,,,,,,0,,0,0,0,0,0,0,0,FAIL,1,2
4125,9561,baltbet-main,finished,,2024-04-09T15:30:00.000000Z,2024,15,15,,,0,15,15,15,15,0,0,15,0,0,0,15,0,0,0,0,0,0,0,,,,,,,,0,,0,0,0,0,0,0,0,WARN,0,2
4126,9564,baltbet-main,finished,,2024-04-10T15:00:00.000000Z,2024,15,15,,,0,15,15,15,15,0,0,15,0,0,0,15,0,0,0,0,0,0,0,,,,,,,,0,,0,0,0,0,0,0,0,WARN,0,2
4127,9567,baltbet-main,finished,,2024-04-11T15:00:00.000000Z,2024,15,15,,,0,15,15,0,15,0,0,15,0,0,0,15,0,0,0,0,0,0,0,,,,,,,,0,,0,0,0,0,0,0,0,FAIL,1,2
4128,9569,baltbet-main,finished,,2024-04-12T16:00:00.000000Z,2024,15,15,,,0,15,15,15,15,0,0,15,0,0,0,15,0,0,0,0,0,0,0,,,,,,,,0,,0,0,0,0,0,0,0,WARN,0,2
4129,9572,baltbet-main,finished,,2024-04-13T14:00:00.000000Z,2024,15,15,,,0,15,15,15,15,0,0,15,0,0,0,15,0,0,0,0,0,0,0,,,,,,,,0,,0,0,0,0,0,0,0,WARN,0,2
4130,9576,baltbet-main,finished,,2024-04-14T13:45:00.000000Z,2024,15,15,,,0,15,15,15,15,0,0,14,0,1,0,14,0,0,0,0,0,0,0,,,,,,,,0,,0,0,0,0,0,0,0,FAIL,1,2
4131,9579,baltbet-main,finished,,2024-04-15T16:00:00.000000Z,2024,15,15,,,0,15,15,15,15,0,0,15,0,0,0,15,0,0,0,0,0,0,0,,,,,,,,0,,0,0,0,0,0,0,0,WARN,0,2
4132,9581,baltbet-main,finished,,2024-04-16T17:00:00.000000Z,2024,15,15,,,0,15,15,15,15,0,0,15,0,0,0,15,0,0,0,0,0,0,0,,,,,,,,0,,0,0,0,0,0,0,0,WARN,0,2
4133,9584,baltbet-main,finished,,2024-04-17T14:00:00.000000Z,2024,15,15,,,0,15,15,15,15,0,0,15,0,0,0,15,0,0,0,0,0,0,0,,,,,,,,0,,0,0,0,0,0,0,0,WARN,0,2
4134,9586,baltbet-main,finished,,2024-04-18T14:00:00.000000Z,2024,15,15,,,0,15,15,15,15,0,0,15,0,0,0,15,0,0,0,0,0,0,0,,,,,,,,0,,0,0,0,0,0,0,0,WARN,0,2
4135,9590,baltbet-main,finished,,2024-04-19T16:00:00.000000Z,2024,15,15,,,0,15,15,15,15,0,0,15,0,0,0,15,0,0,0,0,0,0,0,,,,,,,,0,,0,0,0,0,0,0,0,WARN,0,2
4136,9593,baltbet-main,finished,,2024-04-20T14:00:00.000000Z,2024,15,15,,,0,15,15,15,15,0,0,15,0,0,0,15,0,0,0,0,0,0,0,,,,,,,,0,,0,0,0,0,0,0,0,WARN,0,2
4137,9596,baltbet-main,finished,,2024-04-21T14:00:00.000000Z,2024,15,15,,,0,15,15,15,15,0,0,15,0,0,0,15,0,0,0,0,0,0,0,,,,,,,,0,,0,0,0,0,0,0,0,WARN,0,2
4138,9599,baltbet-main,finished,,2024-04-22T16:00:00.000000Z,2024,15,15,,,0,15,15,15,15,0,0,15,0,0,0,15,0,0,0,0,0,0,0,,,,,,,,0,,0,0,0,0,0,0,0,WARN,0,2
4139,9603,baltbet-main,finished,,2024-04-23T16:30:00.000000Z,2024,15,15,,,0,15,15,15,15,0,0,15,0,0,0,15,0,0,0,0,0,0,0,,,,,,,,0,,0,0,0,0,0,0,0,WARN,0,2
4140,9605,baltbet-main,finished,,2024-04-24T15:30:00.000000Z,2024,15,15,,,0,15,15,15,15,0,0,15,0,0,0,15,0,0,0,0,0,0,0,,,,,,,,0,,0,0,0,0,0,0,0,WARN,0,2
4141,9608,baltbet-main,finished,,2024-04-25T15:15:00.000000Z,2024,15,15,,,0,15,15,15,15,0,0,15,0,0,0,15,0,0,0,0,0,0,0,,,,,,,,0,,0,0,0,0,0,0,0,WARN,0,2
4142,9611,baltbet-main,finished,,2024-04-26T16:30:00.000000Z,2024,15,15,,,0,15,15,15,15,0,0,15,0,0,0,15,0,0,0,0,0,0,0,,,,,,,,0,,0,0,0,0,0,0,0,WARN,0,2
4143,9614,baltbet-main,finished,,2024-04-27T13:30:00.000000Z,2024,15,15,,,0,15,15,15,15,0,0,15,0,0,0,15,0,0,0,0,0,0,0,,,,,,,,0,,0,0,0,0,0,0,0,WARN,0,2
4144,9617,baltbet-main,finished,,2024-04-28T13:00:00.000000Z,2024,15,15,,,0,15,15,15,15,0,0,15,0,0,0,15,0,0,0,0,0,0,0,,,,,,,,0,,0,0,0,0,0,0,0,WARN,0,2
4145,9620,baltbet-main,finished,,2024-04-29T14:30:00.000000Z,2024,15,15,,,0,15,15,15,15,0,0,15,0,0,0,15,0,0,0,0,0,0,0,,,,,,,,0,,0,0,0,0,0,0,0,WARN,0,2
4146,9623,baltbet-main,finished,,2024-04-30T17:00:00.000000Z,2024,15,15,,,0,15,15,15,15,0,0,15,0,0,0,15,0,0,0,0,0,0,0,,,,,,,,0,,0,0,0,0,0,0,0,WARN,0,2
4147,9626,baltbet-main,finished,,2024-05-01T15:00:00.000000Z,2024,15,15,,,0,15,15,15,15,0,0,15,0,0,0,15,0,0,0,0,0,0,0,,,,,,,,0,,0,0,0,0,0,0,0,WARN,0,2
4148,9628,baltbet-main,finished,,2024-05-02T16:00:00.000000Z,2024,15,15,,,0,15,15,15,15,0,0,15,0,0,0,15,0,0,0,0,0,0,0,,,,,,,,0,,0,0,0,0,0,0,0,WARN,0,2
4149,9631,baltbet-main,finished,,2024-05-03T16:00:00.000000Z,2024,15,15,,,0,15,15,15,15,0,0,15,0,0,0,15,0,0,0,0,0,0,0,,,,,,,,0,,0,0,0,0,0,0,0,WARN,0,2
4150,9634,baltbet-main,finished,,2024-05-04T13:30:00.000000Z,2024,15,15,,,0,15,15,15,15,0,0,15,0,0,0,15,0,0,0,0,0,0,0,,,,,,,,0,,0,0,0,0,0,0,0,WARN,0,2
4151,9637,baltbet-main,finished,,2024-05-05T13:00:00.000000Z,2024,15,15,,,0,15,15,15,15,0,0,15,0,0,0,15,0,0,0,0,0,0,0,,,,,,,,0,,0,0,0,0,0,0,0,WARN,0,2
4152,9640,baltbet-main,finished,,2024-05-06T14:00:00.000000Z,2024,15,15,,,0,15,15,15,15,0,0,14,0,1,0,14,0,0,0,0,0,0,0,,,,,,,,0,,0,0,0,0,0,0,0,FAIL,1,2
4153,9643,baltbet-main,finished,,2024-05-07T16:00:00.000000Z,2024,15,15,,,0,15,15,15,15,0,0,15,0,0,0,15,0,0,0,0,0,0,0,,,,,,,,0,,0,0,0,0,0,0,0,WARN,0,2
4154,9646,baltbet-main,finished,,2024-05-08T16:00:00.000000Z,2024,15,15,,,0,15,15,15,15,0,0,15,0,0,0,15,0,0,0,0,0,0,0,,,,,,,,0,,0,0,0,0,0,0,0,WARN,0,2
4155,9650,baltbet-main,finished,,2024-05-09T15:00:00.000000Z,2024,15,15,,,0,15,15,15,15,0,0,15,0,0,0,15,0,0,0,0,0,0,0,,,,,,,,0,,0,0,0,0,0,0,0,WARN,0,2
4156,9652,baltbet-main,finished,,2024-05-10T16:00:00.000000Z,2024,15,15,,,0,15,15,15,15,0,0,14,0,1,0,14,0,0,0,0,0,0,0,,,,,,,,0,,0,0,0,0,0,0,0,FAIL,1,2
4157,9655,baltbet-main,finished,,2024-05-11T13:30:00.000000Z,2024,15,15,,,0,15,15,15,15,0,0,15,0,0,0,15,0,0,0,0,0,0,0,,,,,,,,0,,0,0,0,0,0,0,0,WARN,0,2
4158,9658,baltbet-main,finished,,2024-05-12T13:00:00.000000Z,2024,15,15,,,0,15,15,15,15,0,0,15,0,0,0,15,0,0,0,0,0,0,0,,,,,,,,0,,0,0,0,0,0,0,0,WARN,0,2
4159,9660,baltbet-main,finished,,2024-05-13T16:30:00.000000Z,2024,15,15,,,0,15,15,15,15,0,0,15,0,0,0,15,0,0,0,0,0,0,0,,,,,,,,0,,0,0,0,0,0,0,0,WARN,0,2
4160,9664,baltbet-main,finished,,2024-05-14T16:00:00.000000Z,2024,15,15,,,0,15,15,15,15,0,0,15,0,0,0,15,0,0,0,0,0,0,0,,,,,,,,0,,0,0,0,0,0,0,0,WARN,0,2
4161,9667,baltbet-main,finished,,2024-05-15T16:00:00.000000Z,2024,15,15,,,0,15,15,15,15,0,0,15,0,0,0,15,0,0,0,0,0,0,0,,,,,,,,0,,0,0,0,0,0,0,0,WARN,0,2
4162,9669,baltbet-main,finished,,2024-05-16T15:00:00.000000Z,2024,15,15,,,0,15,15,15,15,0,0,15,0,0,0,15,0,0,0,0,0,0,0,,,,,,,,0,,0,0,0,0,0,0,0,WARN,0,2
4163,9673,baltbet-main,finished,,2024-05-17T16:10:00.000000Z,2024,15,15,,,0,15,15,15,15,0,0,15,0,0,0,15,0,0,0,0,0,0,0,,,,,,,,0,,0,0,0,0,0,0,0,WARN,0,2
4164,9676,baltbet-main,finished,,2024-05-18T13:30:00.000000Z,2024,15,15,,,0,15,15,15,15,0,0,15,0,0,0,15,0,0,0,0,0,0,0,,,,,,,,0,,0,0,0,0,0,0,0,WARN,0,2
4165,9679,baltbet-main,finished,,2024-05-19T14:00:00.000000Z,2024,15,15,,,0,15,15,15,15,0,0,15,0,0,0,15,0,0,0,0,0,0,0,,,,,,,,0,,0,0,0,0,0,0,0,WARN,0,2
4166,9683,baltbet-main,finished,,2024-05-20T16:00:00.000000Z,2024,15,15,,,0,15,15,15,15,0,0,15,0,0,0,15,0,0,0,0,0,0,0,,,,,,,,0,,0,0,0,0,0,0,0,WARN,0,2
4167,9686,baltbet-main,finished,,2024-05-21T15:30:00.000000Z,2024,15,15,,,0,15,15,15,15,0,0,14,0,1,0,14,0,0,0,0,0,0,0,,,,,,,,0,,0,0,0,0,0,0,0,FAIL,1,2
4168,9688,baltbet-main,finished,,2024-05-22T15:00:00.000000Z,2024,15,15,,,0,15,15,0,15,0,0,15,0,0,0,15,0,0,0,0,0,0,0,,,,,,,,0,,0,0,0,0,0,0,0,FAIL,1,2
4169,9690,baltbet-main,finished,,2024-05-23T15:00:00.000000Z,2024,15,15,,,0,15,15,15,15,0,0,15,0,0,0,15,0,0,0,0,0,0,0,,,,,,,,0,,0,0,0,0,0,0,0,WARN,0,2
4170,9694,baltbet-main,finished,,2024-05-24T16:00:00.000000Z,2024,15,15,,,0,15,15,15,15,0,0,15,0,0,0,15,0,0,0,0,0,0,0,,,,,,,,0,,0,0,0,0,0,0,0,WARN,0,2
4171,9697,baltbet-main,finished,,2024-05-25T13:30:00.000000Z,2024,15,15,,,0,15,15,15,15,0,0,15,0,0,0,15,0,0,0,0,0,0,0,,,,,,,,0,,0,0,0,0,0,0,0,WARN,0,2
4172,9700,baltbet-main,finished,,2024-05-26T14:00:00.000000Z,2024,15,15,,,0,15,15,15,15,0,0,15,0,0,0,15,0,0,0,0,0,0,0,,,,,,,,0,,0,0,0,0,0,0,0,WARN,0,2
4173,9702,baltbet-main,finished,,2024-05-27T16:00:00.000000Z,2024,15,15,,,0,15,15,0,15,0,0,15,0,0,0,15,0,0,0,0,0,0,0,,,,,,,,0,,0,0,0,0,0,0,0,FAIL,1,2
4174,9706,baltbet-main,finished,,2024-05-28T16:00:00.000000Z,2024,15,15,,,0,15,15,15,15,0,0,15,0,0,0,15,0,0,0,0,0,0,0,,,,,,,,0,,0,0,0,0,0,0,0,WARN,0,2
4175,9709,baltbet-main,finished,,2024-05-29T16:15:00.000000Z,2024,15,15,,,0,15,15,0,15,0,0,14,0,1,0,14,0,0,0,0,0,0,0,,,,,,,,0,,0,0,0,0,0,0,0,FAIL,2,2
4176,9711,baltbet-main,finished,,2024-05-30T15:00:00.000000Z,2024,15,15,,,0,15,15,15,15,0,0,15,0,0,0,15,0,0,0,0,0,0,0,,,,,,,,0,,0,0,0,0,0,0,0,WARN,0,2
4177,9715,baltbet-main,finished,,2024-05-31T15:00:00.000000Z,2024,15,15,,,0,15,15,15,15,0,0,15,0,0,0,15,0,0,0,0,0,0,0,,,,,,,,0,,0,0,0,0,0,0,0,WARN,0,2
4178,9718,baltbet-main,finished,,2024-06-01T15:00:00.000000Z,2024,15,15,,,0,15,15,15,15,0,0,15,0,0,0,15,0,0,0,0,0,0,0,,,,,,,,0,,0,0,0,0,0,0,0,WARN,0,2
4179,9722,baltbet-main,finished,,2024-06-02T14:15:00.000000Z,2024,15,15,,,0,15,15,15,15,0,0,15,0,0,0,15,0,0,0,0,0,0,0,,,,,,,,0,,0,0,0,0,0,0,0,WARN,0,2
4180,9723,baltbet-main,finished,,2024-06-03T16:00:00.000000Z,2024,15,15,,,0,15,15,0,15,0,0,15,0,0,0,15,0,0,0,0,0,0,0,,,,,,,,0,,0,0,0,0,0,0,0,FAIL,1,2
4181,9727,baltbet-main,finished,,2024-06-04T16:00:00.000000Z,2024,15,15,,,0,15,15,15,15,0,0,15,0,0,0,15,0,0,0,0,0,0,0,,,,,,,,0,,0,0,0,0,0,0,0,WARN,0,2
4182,9729,baltbet-main,finished,,2024-06-05T14:30:00.000000Z,2024,15,15,,,0,15,15,0,15,0,0,15,0,0,0,15,0,0,0,0,0,0,0,,,,,,,,0,,0,0,0,0,0,0,0,FAIL,1,2
4183,9732,baltbet-main,finished,,2024-06-06T14:00:00.000000Z,2024,15,15,,,0,15,15,15,15,0,0,15,0,0,0,15,0,0,0,0,0,0,0,,,,,,,,0,,0,0,0,0,0,0,0,WARN,0,2
4184,9736,baltbet-main,finished,,2024-06-07T15:00:00.000000Z,2024,15,15,,,0,15,15,15,15,0,0,15,0,0,0,15,0,0,0,0,0,0,0,,,,,,,,0,,0,0,0,0,0,0,0,WARN,0,2
4185,9739,baltbet-main,finished,,2024-06-08T16:00:00.000000Z,2024,15,15,,,0,15,15,15,15,0,0,15,0,0,0,15,0,0,0,0,0,0,0,,,,,,,,0,,0,0,0,0,0,0,0,WARN,0,2
4186,9743,baltbet-main,finished,,2024-06-09T15:00:00.000000Z,2024,15,15,,,0,15,15,15,15,0,0,14,0,1,0,14,0,0,0,0,0,0,0,,,,,,,,0,,0,0,0,0,0,0,0,FAIL,1,2
4187,9744,baltbet-main,finished,,2024-06-10T15:00:00.000000Z,2024,15,15,,,0,15,15,15,15,0,0,15,0,0,0,15,0,0,0,0,0,0,0,,,,,,,,0,,0,0,0,0,0,0,0,WARN,0,2
4188,9747,baltbet-main,finished,,2024-06-11T14:00:00.000000Z,2024,15,15,,,0,15,15,15,15,0,0,15,0,0,0,15,0,0,0,0,0,0,0,,,,,,,,0,,0,0,0,0,0,0,0,WARN,0,2
4189,9750,baltbet-main,finished,,2024-06-12T15:00:00.000000Z,2024,15,15,,,0,15,15,0,15,0,0,15,0,0,0,15,0,0,0,0,0,0,0,,,,,,,,0,,0,0,0,0,0,0,0,FAIL,1,2
4190,9753,baltbet-main,finished,,2024-06-13T15:30:00.000000Z,2024,15,15,,,0,15,15,15,15,0,0,15,0,0,0,15,0,0,0,0,0,0,0,,,,,,,,0,,0,0,0,0,0,0,0,WARN,0,2
4191,9755,baltbet-main,finished,,2024-06-14T15:00:00.000000Z,2024,15,15,,,0,15,15,15,15,0,0,15,0,0,0,15,0,0,0,0,0,0,0,,,,,,,,0,,0,0,0,0,0,0,0,WARN,0,2
4192,9758,baltbet-main,finished,,2024-06-15T13:00:00.000000Z,2024,15,15,,,0,15,15,15,15,0,0,15,0,0,0,15,0,0,0,0,0,0,0,,,,,,,,0,,0,0,0,0,0,0,0,WARN,0,2
4193,9760,baltbet-main,finished,,2024-06-16T13:00:00.000000Z,2024,15,15,,,0,15,15,15,15,0,0,15,0,0,0,15,0,0,0,0,0,0,0,,,,,,,,0,,0,0,0,0,0,0,0,WARN,0,2
4194,9763,baltbet-main,finished,,2024-06-17T13:00:00.000000Z,2024,15,15,,,0,15,15,0,15,0,0,15,0,0,0,15,0,0,0,0,0,0,0,,,,,,,,0,,0,0,0,0,0,0,0,FAIL,1,2
4195,9766,baltbet-main,finished,,2024-06-18T16:00:00.000000Z,2024,15,15,,,0,15,15,15,15,0,0,15,0,0,0,15,0,0,0,0,0,0,0,,,,,,,,0,,0,0,0,0,0,0,0,WARN,0,2
4196,9769,baltbet-main,finished,,2024-06-19T16:00:00.000000Z,2024,15,15,,,0,15,15,15,15,0,0,15,0,0,0,15,0,0,0,0,0,0,0,,,,,,,,0,,0,0,0,0,0,0,0,WARN,0,2
4197,9773,baltbet-main,finished,,2024-06-20T16:00:00.000000Z,2024,15,15,,,0,15,15,15,15,0,0,15,0,0,0,15,0,0,0,0,0,0,0,,,,,,,,0,,0,0,0,0,0,0,0,WARN,0,2
4198,9775,baltbet-main,finished,,2024-06-21T15:00:00.000000Z,2024,15,15,,,0,15,15,15,15,0,0,15,0,0,0,15,0,0,0,0,0,0,0,,,,,,,,0,,0,0,0,0,0,0,0,WARN,0,2
4199,9776,baltbet-main,finished,,2024-06-22T15:00:00.000000Z,2024,15,15,,,0,15,15,15,15,0,0,15,0,0,0,15,0,0,0,0,0,0,0,,,,,,,,0,,0,0,0,0,0,0,0,WARN,0,2
4200,9779,baltbet-main,finished,,2024-06-23T15:00:00.000000Z,2024,15,15,,,0,15,15,15,15,0,0,15,0,0,0,15,0,0,0,0,0,0,0,,,,,,,,0,,0,0,0,0,0,0,0,WARN,0,2
4201,9783,baltbet-main,finished,,2024-06-24T16:00:00.000000Z,2024,15,15,,,0,15,15,15,15,0,0,15,0,0,0,15,0,0,0,0,0,0,0,,,,,,,,0,,0,0,0,0,0,0,0,WARN,0,2
4202,9784,baltbet-main,finished,,2024-06-25T16:00:00.000000Z,2024,15,15,,,0,15,15,0,15,0,0,15,0,0,0,15,0,0,0,0,0,0,0,,,,,,,,0,,0,0,0,0,0,0,0,FAIL,1,2
4203,9787,baltbet-main,finished,,2024-06-26T16:00:00.000000Z,2024,15,15,,,0,15,15,15,15,0,0,15,0,0,0,15,0,0,0,0,0,0,0,,,,,,,,0,,0,0,0,0,0,0,0,WARN,0,2
4204,9789,baltbet-main,finished,,2024-06-27T15:00:00.000000Z,2024,15,15,,,0,15,15,15,15,0,0,15,0,0,0,15,0,0,0,0,0,0,0,,,,,,,,0,,0,0,0,0,0,0,0,WARN,0,2
4205,9792,baltbet-main,finished,,2024-06-28T15:00:00.000000Z,2024,15,15,,,0,15,15,15,15,0,0,15,0,0,0,15,0,0,0,0,0,0,0,,,,,,,,0,,0,0,0,0,0,0,0,WARN,0,2
4206,9795,baltbet-main,finished,,2024-06-29T13:00:00.000000Z,2024,15,15,,,0,15,15,15,15,0,0,15,0,0,0,15,0,0,0,0,0,0,0,,,,,,,,0,,0,0,0,0,0,0,0,WARN,0,2
4207,9796,baltbet-main,finished,,2024-06-30T17:30:00.000000Z,2024,15,15,,,0,15,15,0,15,0,0,15,0,0,0,15,0,0,0,0,0,0,0,,,,,,,,0,,0,0,0,0,0,0,0,FAIL,1,2
4208,9800,baltbet-main,finished,,2024-07-01T15:00:00.000000Z,2024,15,15,,,0,15,15,15,15,0,0,15,0,0,0,15,0,0,0,0,0,0,0,,,,,,,,0,,0,0,0,0,0,0,0,WARN,0,2
4209,9803,baltbet-main,finished,,2024-07-02T13:00:00.000000Z,2024,15,15,,,0,15,15,0,15,0,0,15,0,0,0,15,0,0,0,0,0,0,0,,,,,,,,0,,0,0,0,0,0,0,0,FAIL,1,2
4210,9804,baltbet-main,finished,,2024-07-03T15:00:00.000000Z,2024,15,15,,,0,15,15,0,15,0,0,15,0,0,0,15,0,0,0,0,0,0,0,,,,,,,,0,,0,0,0,0,0,0,0,FAIL,1,2
4211,9807,baltbet-main,finished,,2024-07-04T16:00:00.000000Z,2024,15,15,,,0,15,15,15,15,0,0,15,0,0,0,15,0,0,0,0,0,0,0,,,,,,,,0,,0,0,0,0,0,0,0,WARN,0,2
4212,9809,baltbet-main,finished,,2024-07-05T16:00:00.000000Z,2024,15,15,,,0,15,15,15,15,0,0,15,0,0,0,15,0,0,0,0,0,0,0,,,,,,,,0,,0,0,0,0,0,0,0,WARN,0,2
4213,9811,baltbet-main,finished,,2024-07-06T16:00:00.000000Z,2024,15,15,,,0,15,15,15,15,0,0,15,0,0,0,15,0,0,0,0,0,0,0,,,,,,,,0,,0,0,0,0,0,0,0,WARN,0,2
4214,9815,baltbet-main,finished,,2024-07-07T15:30:00.000000Z,2024,15,15,,,0,15,15,0,15,0,0,14,0,1,0,14,0,0,0,0,0,0,0,,,,,,,,0,,0,0,0,0,0,0,0,FAIL,2,2
4215,9817,baltbet-main,finished,,2024-07-08T15:00:00.000000Z,2024,15,15,,,0,15,15,0,15,0,0,15,0,0,0,15,0,0,0,0,0,0,0,,,,,,,,0,,0,0,0,0,0,0,0,FAIL,1,2
4216,9820,baltbet-main,finished,,2024-07-09T18:00:00.000000Z,2024,15,15,,,0,15,15,15,15,0,0,15,0,0,0,15,0,0,0,0,0,0,0,,,,,,,,0,,0,0,0,0,0,0,0,WARN,0,2
4217,9824,baltbet-main,finished,,2024-07-10T15:00:00.000000Z,2024,15,15,,,0,15,15,0,15,0,0,15,0,0,0,15,0,0,0,0,0,0,0,,,,,,,,0,,0,0,0,0,0,0,0,FAIL,1,2
4218,9825,baltbet-main,finished,,2024-07-11T15:00:00.000000Z,2024,15,15,,,0,15,15,15,15,0,0,15,0,0,0,15,0,0,0,0,0,0,0,,,,,,,,0,,0,0,0,0,0,0,0,WARN,0,2
4219,9828,baltbet-main,finished,,2024-07-12T17:00:00.000000Z,2024,15,15,,,0,15,15,15,15,0,0,14,0,1,0,14,0,0,0,0,0,0,0,,,,,,,,0,,0,0,0,0,0,0,0,FAIL,1,2
4220,9831,baltbet-main,finished,,2024-07-13T15:00:00.000000Z,2024,15,15,,,0,15,15,15,15,0,0,15,0,0,0,15,0,0,0,0,0,0,0,,,,,,,,0,,0,0,0,0,0,0,0,WARN,0,2
4221,9834,baltbet-main,finished,,2024-07-14T14:30:00.000000Z,2024,15,15,,,0,15,15,15,15,0,0,15,0,0,0,15,0,0,0,0,0,0,0,,,,,,,,0,,0,0,0,0,0,0,0,WARN,0,2
4222,9836,baltbet-main,finished,,2024-07-15T15:00:00.000000Z,2024,15,15,,,0,15,15,15,15,0,0,15,0,0,0,15,0,0,0,0,0,0,0,,,,,,,,0,,0,0,0,0,0,0,0,WARN,0,2
4223,9839,baltbet-main,finished,,2024-07-16T16:00:00.000000Z,2024,15,15,,,0,15,15,0,15,0,0,15,0,0,0,15,0,0,0,0,0,0,0,,,,,,,,0,,0,0,0,0,0,0,0,FAIL,1,2
4224,9842,baltbet-main,finished,,2024-07-17T15:00:00.000000Z,2024,15,15,,,0,15,15,15,15,0,0,15,0,0,0,15,0,0,0,0,0,0,0,,,,,,,,0,,0,0,0,0,0,0,0,WARN,0,2
4225,9845,baltbet-main,finished,,2024-07-18T16:00:00.000000Z,2024,15,15,,,0,15,15,15,15,0,0,15,0,0,0,15,0,0,0,0,0,0,0,,,,,,,,0,,0,0,0,0,0,0,0,WARN,0,2
4226,9849,baltbet-main,finished,,2024-07-19T16:00:00.000000Z,2024,15,15,,,0,15,15,15,15,0,0,14,0,1,0,14,0,0,0,0,0,0,0,,,,,,,,0,,0,0,0,0,0,0,0,FAIL,1,2
4227,9851,baltbet-main,finished,,2024-07-20T15:00:00.000000Z,2024,15,15,,,0,15,15,15,15,0,0,15,0,0,0,15,0,0,0,0,0,0,0,,,,,,,,0,,0,0,0,0,0,0,0,WARN,0,2
4228,9854,baltbet-main,finished,,2024-07-21T17:00:00.000000Z,2024,15,15,,,0,15,15,0,15,0,0,15,0,0,0,15,0,0,0,0,0,0,0,,,,,,,,0,,0,0,0,0,0,0,0,FAIL,1,2
4229,9858,baltbet-main,finished,,2024-07-22T15:30:00.000000Z,2024,15,15,,,0,15,15,15,15,0,0,15,0,0,0,15,0,0,0,0,0,0,0,,,,,,,,0,,0,0,0,0,0,0,0,WARN,0,2
4230,9860,baltbet-main,finished,,2024-07-23T15:30:00.000000Z,2024,15,15,,,0,15,15,0,15,0,0,15,0,0,0,15,0,0,0,0,0,0,0,,,,,,,,0,,0,0,0,0,0,0,0,FAIL,1,2
4231,9863,baltbet-main,finished,,2024-07-24T15:00:00.000000Z,2024,15,15,,,0,15,15,15,15,0,0,15,0,0,0,15,0,0,0,0,0,0,0,,,,,,,,0,,0,0,0,0,0,0,0,WARN,0,2
4232,9866,baltbet-main,finished,,2024-07-25T15:00:00.000000Z,2024,15,15,,,0,15,15,15,15,0,0,15,0,0,0,15,0,0,0,0,0,0,0,,,,,,,,0,,0,0,0,0,0,0,0,WARN,0,2
4233,9868,baltbet-main,finished,,2024-07-26T15:00:00.000000Z,2024,15,15,,,0,15,15,15,15,0,0,14,0,1,0,14,0,0,0,0,0,0,0,,,,,,,,0,,0,0,0,0,0,0,0,FAIL,1,2
4234,9871,baltbet-main,finished,,2024-07-27T16:00:00.000000Z,2024,15,15,,,0,15,15,15,15,0,0,15,0,0,0,15,0,0,0,0,0,0,0,,,,,,,,0,,0,0,0,0,0,0,0,WARN,0,2
4235,9876,baltbet-main,finished,,2024-07-28T14:00:00.000000Z,2024,15,15,,,0,15,15,0,15,0,0,15,0,0,0,15,0,0,0,0,0,0,0,,,,,,,,0,,0,0,0,0,0,0,0,FAIL,1,2
4236,9878,baltbet-main,finished,,2024-07-29T15:30:00.000000Z,2024,15,15,,,0,15,15,15,15,0,0,15,0,0,0,15,0,0,0,0,0,0,0,,,,,,,,0,,0,0,0,0,0,0,0,WARN,0,2
4237,9880,baltbet-main,finished,,2024-07-30T15:00:00.000000Z,2024,15,15,,,0,15,15,15,15,0,0,15,0,0,0,15,0,0,0,0,0,0,0,,,,,,,,0,,0,0,0,0,0,0,0,WARN,0,2
4238,9883,baltbet-main,finished,,2024-07-31T15:30:00.000000Z,2024,15,15,,,0,15,15,0,15,0,0,15,0,0,0,15,0,0,0,0,0,0,0,,,,,,,,0,,0,0,0,0,0,0,0,FAIL,1,2
4239,9886,baltbet-main,finished,,2024-08-01T15:00:00.000000Z,2024,15,15,,,0,15,15,15,15,0,0,15,0,0,0,15,0,0,0,0,0,0,0,,,,,,,,0,,0,0,0,0,0,0,0,WARN,0,2
4240,9889,baltbet-main,finished,,2024-08-02T17:00:00.000000Z,2024,15,15,,,0,15,15,15,15,0,0,15,0,0,0,15,0,0,0,0,0,0,0,,,,,,,,0,,0,0,0,0,0,0,0,WARN,0,2
4241,9893,baltbet-main,finished,,2024-08-03T15:00:00.000000Z,2024,15,15,,,0,15,15,15,15,0,0,15,0,0,0,15,0,0,0,0,0,0,0,,,,,,,,0,,0,0,0,0,0,0,0,WARN,0,2
4242,9896,baltbet-main,finished,,2024-08-04T14:30:00.000000Z,2024,15,15,,,0,15,15,15,15,0,0,15,0,0,0,15,0,0,0,0,0,0,0,,,,,,,,0,,0,0,0,0,0,0,0,WARN,0,2
4243,9899,baltbet-main,finished,,2024-08-05T16:00:00.000000Z,2024,15,15,,,0,15,15,15,15,0,0,15,0,0,0,15,0,0,0,0,0,0,0,,,,,,,,0,,0,0,0,0,0,0,0,WARN,0,2
4244,9900,baltbet-main,finished,,2024-08-06T14:00:00.000000Z,2024,15,15,,,0,15,15,0,15,0,0,14,0,1,0,14,0,0,0,0,0,0,0,,,,,,,,0,,0,0,0,0,0,0,0,FAIL,2,2
4245,9904,baltbet-main,finished,,2024-08-07T15:00:00.000000Z,2024,15,15,,,0,15,15,15,15,0,0,15,0,0,0,15,0,0,0,0,0,0,0,,,,,,,,0,,0,0,0,0,0,0,0,WARN,0,2
4246,9906,baltbet-main,finished,,2024-08-08T15:00:00.000000Z,2024,15,15,,,0,15,15,15,15,0,0,15,0,0,0,15,0,0,0,0,0,0,0,,,,,,,,0,,0,0,0,0,0,0,0,WARN,0,2
4247,9909,baltbet-main,finished,,2024-08-09T15:30:00.000000Z,2024,15,15,,,0,15,15,15,15,0,0,15,0,0,0,15,0,0,0,0,0,0,0,,,,,,,,0,,0,0,0,0,0,0,0,WARN,0,2
4248,9911,baltbet-main,finished,,2024-08-10T15:00:00.000000Z,2024,15,15,,,0,15,15,15,15,0,0,15,0,0,0,15,0,0,0,0,0,0,0,,,,,,,,0,,0,0,0,0,0,0,0,WARN,0,2
4249,9916,baltbet-main,finished,,2024-08-11T16:00:00.000000Z,2024,15,15,,,0,15,15,15,15,0,0,15,0,0,0,15,0,0,0,0,0,0,0,,,,,,,,0,,0,0,0,0,0,0,0,WARN,0,2
4250,9919,baltbet-main,finished,,2024-08-12T16:00:00.000000Z,2024,15,15,,,0,15,15,15,15,0,0,15,0,0,0,15,0,0,0,0,0,0,0,,,,,,,,0,,0,0,0,0,0,0,0,WARN,0,2
4251,9920,baltbet-main,finished,,2024-08-13T17:00:00.000000Z,2024,15,15,,,0,15,15,15,15,0,0,15,0,0,0,15,0,0,0,0,0,0,0,,,,,,,,0,,0,0,0,0,0,0,0,WARN,0,2
4252,9923,baltbet-main,finished,,2024-08-14T14:30:00.000000Z,2024,15,15,,,0,15,15,15,15,0,0,15,0,0,0,15,0,0,0,0,0,0,0,,,,,,,,0,,0,0,0,0,0,0,0,WARN,0,2
4253,9926,baltbet-main,finished,,2024-08-15T16:00:00.000000Z,2024,15,15,,,0,15,15,15,15,0,0,15,0,0,0,15,0,0,0,0,0,0,0,,,,,,,,0,,0,0,0,0,0,0,0,WARN,0,2
4254,9930,baltbet-main,finished,,2024-08-16T16:00:00.000000Z,2024,15,15,,,0,15,15,15,15,0,0,15,0,0,0,15,0,0,0,0,0,0,0,,,,,,,,0,,0,0,0,0,0,0,0,WARN,0,2
4255,9932,baltbet-main,finished,,2024-08-17T14:00:00.000000Z,2024,15,15,,,0,15,15,15,15,0,0,15,0,0,0,15,0,0,0,0,0,0,0,,,,,,,,0,,0,0,0,0,0,0,0,WARN,0,2
4256,9936,baltbet-main,finished,,2024-08-18T14:00:00.000000Z,2024,15,15,,,0,15,15,15,15,0,0,15,0,0,0,15,0,0,0,0,0,0,0,,,,,,,,0,,0,0,0,0,0,0,0,WARN,0,2
4257,9939,baltbet-main,finished,,2024-08-19T17:00:00.000000Z,2024,15,15,,,0,15,15,15,15,0,0,15,0,0,0,15,0,0,0,0,0,0,0,,,,,,,,0,,0,0,0,0,0,0,0,WARN,0,2
4258,9942,baltbet-main,finished,,2024-08-20T17:00:00.000000Z,2024,15,15,,,0,15,15,15,15,0,0,15,0,0,0,15,0,0,0,0,0,0,0,,,,,,,,0,,0,0,0,0,0,0,0,WARN,0,2
4259,9945,baltbet-main,finished,,2024-08-21T15:00:00.000000Z,2024,15,15,,,0,15,15,15,15,0,0,15,0,0,0,15,0,0,0,0,0,0,0,,,,,,,,0,,0,0,0,0,0,0,0,WARN,0,2
4260,9947,baltbet-main,finished,,2024-08-22T16:00:00.000000Z,2024,15,15,,,0,15,15,15,15,0,0,15,0,0,0,15,0,0,0,0,0,0,0,,,,,,,,0,,0,0,0,0,0,0,0,WARN,0,2
4261,9950,baltbet-main,finished,,2024-08-23T16:00:00.000000Z,2024,15,15,,,0,15,15,15,15,0,0,15,0,0,0,15,0,0,0,0,0,0,0,,,,,,,,0,,0,0,0,0,0,0,0,WARN,0,2
4262,9954,baltbet-main,finished,,2024-08-24T14:00:00.000000Z,2024,15,15,,,0,15,15,15,15,0,0,15,0,0,0,15,0,0,0,0,0,0,0,,,,,,,,0,,0,0,0,0,0,0,0,WARN,0,2
4263,9957,baltbet-main,finished,,2024-08-25T14:00:00.000000Z,2024,15,15,,,0,15,15,15,15,0,0,15,0,0,0,15,0,0,0,0,0,0,0,,,,,,,,0,,0,0,0,0,0,0,0,WARN,0,2
4264,9960,baltbet-main,finished,,2024-08-26T15:30:00.000000Z,2024,15,15,,,0,15,15,15,15,0,0,15,0,0,0,15,0,0,0,0,0,0,0,,,,,,,,0,,0,0,0,0,0,0,0,WARN,0,2
4265,9963,baltbet-main,finished,,2024-08-27T16:30:00.000000Z,2024,15,15,,,0,15,15,15,15,0,0,12,0,3,0,12,0,0,0,0,0,0,0,,,,,,,,0,,0,0,0,0,0,0,0,FAIL,1,2
4266,9967,baltbet-main,finished,,2024-08-28T17:00:00.000000Z,2024,15,15,,,0,15,15,15,15,0,0,15,0,0,0,15,0,0,0,0,0,0,0,,,,,,,,0,,0,0,0,0,0,0,0,WARN,0,2
4267,9970,baltbet-main,finished,,2024-08-29T16:00:00.000000Z,2024,15,15,,,0,15,15,15,15,0,0,15,0,0,0,15,0,0,0,0,0,0,0,,,,,,,,0,,0,0,0,0,0,0,0,WARN,0,2
4268,9972,baltbet-main,finished,,2024-08-30T16:00:00.000000Z,2024,15,15,,,0,15,15,15,15,0,0,15,0,0,0,15,0,0,0,0,0,0,0,,,,,,,,0,,0,0,0,0,0,0,0,WARN,0,2
4269,9974,baltbet-main,finished,,2024-08-31T13:30:00.000000Z,2024,15,15,,,0,15,15,15,15,0,0,15,0,0,0,15,0,0,0,0,0,0,0,,,,,,,,0,,0,0,0,0,0,0,0,WARN,0,2
4270,9978,baltbet-main,finished,,2024-09-01T14:30:00.000000Z,2024,15,15,,,0,15,15,15,15,0,0,15,0,0,0,15,0,0,0,0,0,0,0,,,,,,,,0,,0,0,0,0,0,0,0,WARN,0,2
4271,9982,baltbet-main,finished,,2024-09-02T16:00:00.000000Z,2024,15,15,,,0,15,15,15,15,0,0,15,0,0,0,15,0,0,0,0,0,0,0,,,,,,,,0,,0,0,0,0,0,0,0,WARN,0,2
4272,9984,baltbet-main,finished,,2024-09-03T17:30:00.000000Z,2024,15,15,,,0,15,15,15,15,0,0,15,0,0,0,15,0,0,0,0,0,0,0,,,,,,,,0,,0,0,0,0,0,0,0,WARN,0,2
4273,9988,baltbet-main,finished,,2024-09-04T13:00:00.000000Z,2024,15,15,,,0,15,15,15,15,0,0,14,0,1,0,14,0,0,0,0,0,0,0,,,,,,,,0,,0,0,0,0,0,0,0,FAIL,1,2
4274,9989,baltbet-main,finished,,2024-09-05T15:30:00.000000Z,2024,15,15,,,0,15,15,15,15,0,0,13,0,2,0,13,0,0,0,0,0,0,0,,,,,,,,0,,0,0,0,0,0,0,0,FAIL,1,2
4275,9993,baltbet-main,finished,,2024-09-06T16:00:00.000000Z,2024,15,15,,,0,15,15,15,15,0,0,15,0,0,0,15,0,0,0,0,0,0,0,,,,,,,,0,,0,0,0,0,0,0,0,WARN,0,2
4276,9996,baltbet-main,finished,,2024-09-07T14:00:00.000000Z,2024,15,15,,,0,15,15,15,15,0,0,15,0,0,0,15,0,0,0,0,0,0,0,,,,,,,,0,,0,0,0,0,0,0,0,WARN,0,2
4277,9998,baltbet-main,finished,,2024-09-08T14:15:00.000000Z,2024,15,15,,,0,15,15,15,15,0,0,14,0,1,0,14,0,0,0,0,0,0,0,,,,,,,,0,,0,0,0,0,0,0,0,FAIL,1,2
4278,10003,baltbet-main,finished,,2024-09-09T15:00:00.000000Z,2024,15,15,,,0,15,15,15,15,0,0,15,0,0,0,15,0,0,0,0,0,0,0,,,,,,,,0,,0,0,0,0,0,0,0,WARN,0,2
4279,10006,baltbet-main,finished,,2024-09-10T15:00:00.000000Z,2024,15,15,,,0,15,15,15,15,0,0,15,0,0,0,15,0,0,0,0,0,0,0,,,,,,,,0,,0,0,0,0,0,0,0,WARN,0,2
4280,10008,baltbet-main,finished,,2024-09-11T16:00:00.000000Z,2024,15,15,,,0,15,15,15,15,0,0,15,0,0,0,15,0,0,0,0,0,0,0,,,,,,,,0,,0,0,0,0,0,0,0,WARN,0,2
4281,10012,baltbet-main,finished,,2024-09-13T16:00:00.000000Z,2024,15,15,,,0,15,15,15,15,0,0,15,0,0,0,15,0,0,0,0,0,0,0,,,,,,,,0,,0,0,0,0,0,0,0,WARN,0,2
4282,10016,baltbet-main,finished,,2024-09-14T13:30:00.000000Z,2024,15,15,,,0,15,15,15,15,0,0,15,0,0,0,15,0,0,0,0,0,0,0,,,,,,,,0,,0,0,0,0,0,0,0,WARN,0,2
4283,10019,baltbet-main,finished,,2024-09-15T13:30:00.000000Z,2024,15,15,,,0,15,15,15,15,0,0,14,0,1,0,14,0,0,0,0,0,0,0,,,,,,,,0,,0,0,0,0,0,0,0,FAIL,1,2
4284,10023,baltbet-main,finished,,2024-09-16T16:30:00.000000Z,2024,15,15,,,0,15,15,15,15,0,0,15,0,0,0,15,0,0,0,0,0,0,0,,,,,,,,0,,0,0,0,0,0,0,0,WARN,0,2
4285,10028,baltbet-main,finished,,2024-09-17T15:55:00.000000Z,2024,15,15,,,0,15,15,15,15,0,0,15,0,0,0,15,0,0,0,0,0,0,0,,,,,,,,0,,0,0,0,0,0,0,0,WARN,0,2
4286,10030,baltbet-main,finished,,2024-09-18T16:00:00.000000Z,2024,15,15,,,0,15,15,15,15,0,0,15,0,0,0,15,0,0,0,0,0,0,0,,,,,,,,0,,0,0,0,0,0,0,0,WARN,0,2
4287,10033,baltbet-main,finished,,2024-09-19T15:00:00.000000Z,2024,15,15,,,0,15,15,15,15,0,0,15,0,0,0,15,0,0,0,0,0,0,0,,,,,,,,0,,0,0,0,0,0,0,0,WARN,0,2
4288,10036,baltbet-main,finished,,2024-09-20T16:00:00.000000Z,2024,15,15,,,0,15,15,15,15,0,0,15,0,0,0,15,0,0,0,0,0,0,0,,,,,,,,0,,0,0,0,0,0,0,0,WARN,0,2
4289,10039,baltbet-main,finished,,2024-09-21T13:30:00.000000Z,2024,15,15,,,0,15,15,15,15,0,0,15,0,0,0,15,0,0,0,0,0,0,0,,,,,,,,0,,0,0,0,0,0,0,0,WARN,0,2
4290,10043,baltbet-main,finished,,2024-09-22T14:00:00.000000Z,2024,15,15,,,0,15,15,15,15,0,0,15,0,0,0,15,0,0,0,0,0,0,0,,,,,,,,0,,0,0,0,0,0,0,0,WARN,0,2
4291,10048,baltbet-main,finished,,2024-09-23T15:30:00.000000Z,2024,15,15,,,0,15,15,15,15,0,0,15,0,0,0,15,0,0,0,0,0,0,0,,,,,,,,0,,0,0,0,0,0,0,0,WARN,0,2
4292,10051,baltbet-main,finished,,2024-09-24T16:00:00.000000Z,2024,15,15,,,0,15,15,15,15,0,0,15,0,0,0,15,0,0,0,0,0,0,0,,,,,,,,0,,0,0,0,0,0,0,0,WARN,0,2
4293,10053,baltbet-main,finished,,2024-09-25T17:00:00.000000Z,2024,15,15,,,0,15,15,15,15,0,0,15,0,0,0,15,0,0,0,0,0,0,0,,,,,,,,0,,0,0,0,0,0,0,0,WARN,0,2
4294,10058,baltbet-main,finished,,2024-09-26T16:00:00.000000Z,2024,15,15,,,0,15,15,15,15,0,0,14,0,1,0,14,0,0,0,0,0,0,0,,,,,,,,0,,0,0,0,0,0,0,0,FAIL,1,2
4295,10060,baltbet-main,finished,,2024-09-27T16:00:00.000000Z,2024,15,15,,,0,15,15,15,15,0,0,15,0,0,0,15,0,0,0,0,0,0,0,,,,,,,,0,,0,0,0,0,0,0,0,WARN,0,2
4296,10063,baltbet-main,finished,,2024-09-28T13:30:00.000000Z,2024,15,15,,,0,15,15,15,15,0,0,14,0,1,0,14,0,0,0,0,0,0,0,,,,,,,,0,,0,0,0,0,0,0,0,FAIL,1,2
4297,10066,baltbet-main,finished,,2024-09-29T14:00:00.000000Z,2024,15,15,,,0,15,15,15,15,0,0,15,0,0,0,15,0,0,0,0,0,0,0,,,,,,,,0,,0,0,0,0,0,0,0,WARN,0,2
4298,10071,baltbet-main,finished,,2024-09-30T17:00:00.000000Z,2024,15,15,,,0,15,15,15,15,0,0,15,0,0,0,15,0,0,0,0,0,0,0,,,,,,,,0,,0,0,0,0,0,0,0,WARN,0,2
4299,10074,baltbet-main,finished,,2024-10-01T16:30:00.000000Z,2024,15,15,,,0,15,15,15,15,0,0,15,0,0,0,15,0,0,0,0,0,0,0,,,,,,,,0,,0,0,0,0,0,0,0,WARN,0,2
4300,10077,baltbet-main,finished,,2024-10-02T16:00:00.000000Z,2024,15,15,,,0,15,15,15,15,0,0,15,0,0,0,15,0,0,0,0,0,0,0,,,,,,,,0,,0,0,0,0,0,0,0,WARN,0,2
4301,10080,baltbet-main,finished,,2024-10-03T16:30:00.000000Z,2024,15,15,,,0,15,15,15,15,0,0,14,0,1,0,14,0,0,0,0,0,0,0,,,,,,,,0,,0,0,0,0,0,0,0,FAIL,1,2
4302,10082,baltbet-main,finished,,2024-10-04T16:00:00.000000Z,2024,15,15,,,0,15,15,15,15,0,0,15,0,0,0,15,0,0,0,0,0,0,0,,,,,,,,0,,0,0,0,0,0,0,0,WARN,0,2
4303,10085,baltbet-main,finished,,2024-10-05T13:30:00.000000Z,2024,15,15,,,0,15,15,15,15,0,0,15,0,0,0,15,0,0,0,0,0,0,0,,,,,,,,0,,0,0,0,0,0,0,0,WARN,0,2
4304,10089,baltbet-main,finished,,2024-10-06T14:00:00.000000Z,2024,15,15,,,0,15,15,15,15,0,0,15,0,0,0,15,0,0,0,0,0,0,0,,,,,,,,0,,0,0,0,0,0,0,0,WARN,0,2
4305,10095,baltbet-main,finished,,2024-10-07T16:30:00.000000Z,2024,15,15,,,0,15,15,15,15,0,0,15,0,0,0,15,0,0,0,0,0,0,0,,,,,,,,0,,0,0,0,0,0,0,0,WARN,0,2
4306,10097,baltbet-main,finished,,2024-10-08T16:30:00.000000Z,2024,15,15,,,0,15,15,0,15,0,0,15,0,0,0,15,0,0,0,0,0,0,0,,,,,,,,0,,0,0,0,0,0,0,0,FAIL,1,2
4307,10100,baltbet-main,finished,,2024-10-09T15:00:00.000000Z,2024,15,15,,,0,15,15,15,15,0,0,15,0,0,0,15,0,0,0,0,0,0,0,,,,,,,,0,,0,0,0,0,0,0,0,WARN,0,2
4308,10103,baltbet-main,finished,,2024-10-10T14:00:00.000000Z,2024,15,15,,,0,15,15,15,15,0,0,15,0,0,0,15,0,0,0,0,0,0,0,,,,,,,,0,,0,0,0,0,0,0,0,WARN,0,2
4309,10106,baltbet-main,finished,,2024-10-11T16:00:00.000000Z,2024,15,15,,,0,15,15,15,15,0,0,15,0,0,0,15,0,0,0,0,0,0,0,,,,,,,,0,,0,0,0,0,0,0,0,WARN,0,2
4310,10109,baltbet-main,finished,,2024-10-12T14:15:00.000000Z,2024,15,15,,,0,15,15,15,15,0,0,15,0,0,0,15,0,0,0,0,0,0,0,,,,,,,,0,,0,0,0,0,0,0,0,WARN,0,2
4311,10113,baltbet-main,finished,,2024-10-13T14:00:00.000000Z,2024,15,15,,,0,15,15,15,15,0,0,15,0,0,0,15,0,0,0,0,0,0,0,,,,,,,,0,,0,0,0,0,0,0,0,WARN,0,2
4312,10116,baltbet-main,finished,,2024-10-14T16:00:00.000000Z,2024,15,15,,,0,15,15,15,15,0,0,15,0,0,0,15,0,0,0,0,0,0,0,,,,,,,,0,,0,0,0,0,0,0,0,WARN,0,2
4313,10119,baltbet-main,finished,,2024-10-15T14:00:00.000000Z,2024,15,15,,,0,15,15,15,15,0,0,15,0,0,0,15,0,0,0,0,0,0,0,,,,,,,,0,,0,0,0,0,0,0,0,WARN,0,2
4314,10122,baltbet-main,finished,,2024-10-16T15:00:00.000000Z,2024,15,15,,,0,15,15,0,15,0,0,14,0,1,0,14,0,0,0,0,0,0,0,,,,,,,,0,,0,0,0,0,0,0,0,FAIL,2,2
4315,10125,baltbet-main,finished,,2024-10-17T14:00:00.000000Z,2024,15,15,,,0,15,15,15,15,0,0,15,0,0,0,15,0,0,0,0,0,0,0,,,,,,,,0,,0,0,0,0,0,0,0,WARN,0,2
4316,10128,baltbet-main,finished,,2024-10-18T15:30:00.000000Z,2024,15,15,,,0,15,15,15,15,0,0,15,0,0,0,15,0,0,0,0,0,0,0,,,,,,,,0,,0,0,0,0,0,0,0,WARN,0,2
4317,10130,baltbet-main,finished,,2024-10-19T13:30:00.000000Z,2024,15,15,,,0,15,15,15,15,0,0,15,0,0,0,15,0,0,0,0,0,0,0,,,,,,,,0,,0,0,0,0,0,0,0,WARN,0,2
4318,10135,baltbet-main,finished,,2024-10-20T13:30:00.000000Z,2024,15,15,,,0,15,15,15,15,0,0,15,0,0,0,15,0,0,0,0,0,0,0,,,,,,,,0,,0,0,0,0,0,0,0,WARN,0,2
4319,10138,baltbet-main,finished,,2024-10-21T16:00:00.000000Z,2024,15,15,,,0,15,15,15,15,0,0,15,0,0,0,15,0,0,0,0,0,0,0,,,,,,,,0,,0,0,0,0,0,0,0,WARN,0,2
4320,10141,baltbet-main,finished,,2024-10-22T17:30:00.000000Z,2024,15,15,,,0,15,15,15,15,0,0,15,0,0,0,15,0,0,0,0,0,0,0,,,,,,,,0,,0,0,0,0,0,0,0,WARN,0,2
4321,10144,baltbet-main,finished,,2024-10-23T16:00:00.000000Z,2024,15,15,,,0,15,15,15,15,0,0,15,0,0,0,15,0,0,0,0,0,0,0,,,,,,,,0,,0,0,0,0,0,0,0,WARN,0,2
4322,10148,baltbet-main,finished,,2024-10-24T16:45:00.000000Z,2024,15,15,,,0,15,15,15,15,0,0,15,0,0,0,15,0,0,0,0,0,0,0,,,,,,,,0,,0,0,0,0,0,0,0,WARN,0,2
4323,10151,baltbet-main,finished,,2024-10-25T16:30:00.000000Z,2024,15,15,,,0,15,15,15,15,0,0,15,0,0,0,15,0,0,0,0,0,0,0,,,,,,,,0,,0,0,0,0,0,0,0,WARN,0,2
4324,10154,baltbet-main,finished,,2024-10-26T13:30:00.000000Z,2024,15,15,,,0,15,15,15,15,0,0,15,0,0,0,15,0,0,0,0,0,0,0,,,,,,,,0,,0,0,0,0,0,0,0,WARN,0,2
4325,10157,baltbet-main,finished,,2024-10-27T14:00:00.000000Z,2024,15,15,,,0,15,15,15,15,0,0,15,0,0,0,15,0,0,0,0,0,0,0,,,,,,,,0,,0,0,0,0,0,0,0,WARN,0,2
4326,10161,baltbet-main,finished,,2024-10-28T16:00:00.000000Z,2024,15,15,,,0,15,15,15,15,0,0,15,0,0,0,15,0,0,0,0,0,0,0,,,,,,,,0,,0,0,0,0,0,0,0,WARN,0,2
4327,10166,baltbet-main,finished,,2024-10-29T16:00:00.000000Z,2024,15,15,,,0,15,15,15,15,0,0,15,0,0,0,15,0,0,0,0,0,0,0,,,,,,,,0,,0,0,0,0,0,0,0,WARN,0,2
4328,10167,baltbet-main,finished,,2024-10-30T17:00:00.000000Z,2024,15,15,,,0,15,15,15,15,0,0,15,0,0,0,15,0,0,0,0,0,0,0,,,,,,,,0,,0,0,0,0,0,0,0,WARN,0,2
4329,10169,baltbet-main,finished,,2024-10-31T17:30:00.000000Z,2024,15,15,,,0,15,15,15,15,0,0,15,0,0,0,15,0,0,0,0,0,0,0,,,,,,,,0,,0,0,0,0,0,0,0,WARN,0,2
4330,10172,baltbet-main,finished,,2024-11-01T17:00:00.000000Z,2024,15,15,,,0,15,15,15,15,0,0,15,0,0,0,15,0,0,0,0,0,0,0,,,,,,,,0,,0,0,0,0,0,0,0,WARN,0,2
4331,10174,baltbet-main,finished,,2024-11-02T14:30:00.000000Z,2024,15,15,,,0,15,15,15,15,0,0,15,0,0,0,15,0,0,0,0,0,0,0,,,,,,,,0,,0,0,0,0,0,0,0,WARN,0,2
4332,10175,baltbet-main,finished,,2024-11-03T14:00:00.000000Z,2024,15,15,,,0,15,15,15,15,0,0,15,0,0,0,15,0,0,0,0,0,0,0,,,,,,,,0,,0,0,0,0,0,0,0,WARN,0,2
4333,10177,baltbet-main,finished,,2024-11-04T16:00:00.000000Z,2024,15,15,,,0,15,15,0,15,0,0,15,0,0,0,15,0,0,0,0,0,0,0,,,,,,,,0,,0,0,0,0,0,0,0,FAIL,1,2
4334,10180,baltbet-main,finished,,2024-11-05T17:45:00.000000Z,2024,15,15,,,0,15,15,15,15,0,0,15,0,0,0,15,0,0,0,0,0,0,0,,,,,,,,0,,0,0,0,0,0,0,0,WARN,0,2
4335,10183,baltbet-main,finished,,2024-11-06T15:30:00.000000Z,2024,15,15,,,0,15,15,15,15,0,0,15,0,0,0,15,0,0,0,0,0,0,0,,,,,,,,0,,0,0,0,0,0,0,0,WARN,0,2
4336,10187,baltbet-main,finished,,2024-11-07T17:45:00.000000Z,2024,15,15,,,0,15,15,15,15,0,0,15,0,0,0,15,0,0,0,0,0,0,0,,,,,,,,0,,0,0,0,0,0,0,0,WARN,0,2
4337,10191,baltbet-main,finished,,2024-11-08T16:00:00.000000Z,2024,15,15,,,0,15,15,15,15,0,0,15,0,0,0,15,0,0,0,0,0,0,0,,,,,,,,0,,0,0,0,0,0,0,0,WARN,0,2
4338,10192,baltbet-main,finished,,2024-11-09T15:00:00.000000Z,2024,15,15,,,0,15,15,15,15,0,0,15,0,0,0,15,0,0,0,0,0,0,0,,,,,,,,0,,0,0,0,0,0,0,0,WARN,0,2
4339,10197,baltbet-main,finished,,2024-11-10T15:15:00.000000Z,2024,15,15,,,0,15,15,15,15,0,0,15,0,0,0,15,0,0,0,0,0,0,0,,,,,,,,0,,0,0,0,0,0,0,0,WARN,0,2
4340,10202,baltbet-main,finished,,2024-11-11T16:00:00.000000Z,2024,15,15,,,0,15,15,15,15,0,0,15,0,0,0,15,0,0,0,0,0,0,0,,,,,,,,0,,0,0,0,0,0,0,0,WARN,0,2
4341,10204,baltbet-main,finished,,2024-11-12T17:30:00.000000Z,2024,15,15,,,0,15,15,15,15,0,0,15,0,0,0,15,0,0,0,0,0,0,0,,,,,,,,0,,0,0,0,0,0,0,0,WARN,0,2
4342,10207,baltbet-main,finished,,2024-11-13T15:00:00.000000Z,2024,15,15,,,0,15,15,15,15,0,0,14,0,1,0,14,0,0,0,0,0,0,0,,,,,,,,0,,0,0,0,0,0,0,0,FAIL,1,2
4343,10210,baltbet-main,finished,,2024-11-14T15:00:00.000000Z,2024,15,15,,,0,15,15,15,15,0,0,15,0,0,0,15,0,0,0,0,0,0,0,,,,,,,,0,,0,0,0,0,0,0,0,WARN,0,2
4344,10212,baltbet-main,finished,,2024-11-15T16:00:00.000000Z,2024,15,15,,,0,15,15,15,15,0,0,15,0,0,0,15,0,0,0,0,0,0,0,,,,,,,,0,,0,0,0,0,0,0,0,WARN,0,2
4345,10215,baltbet-main,finished,,2024-11-16T15:00:00.000000Z,2024,15,15,,,0,15,15,15,15,0,0,15,0,0,0,15,0,0,0,0,0,0,0,,,,,,,,0,,0,0,0,0,0,0,0,WARN,0,2
4346,10218,baltbet-main,finished,,2024-11-17T14:00:00.000000Z,2024,15,15,,,0,15,15,15,15,0,0,15,0,0,0,15,0,0,0,0,0,0,0,,,,,,,,0,,0,0,0,0,0,0,0,WARN,0,2
4347,10222,baltbet-main,finished,,2024-11-18T16:00:00.000000Z,2024,15,15,,,0,15,15,15,15,0,0,15,0,0,0,15,0,0,0,0,0,0,0,,,,,,,,0,,0,0,0,0,0,0,0,WARN,0,2
4348,10225,baltbet-main,finished,,2024-11-19T15:00:00.000000Z,2024,15,15,,,0,15,15,15,15,0,0,12,0,3,0,12,0,0,0,0,0,0,0,,,,,,,,0,,0,0,0,0,0,0,0,FAIL,1,2
4349,10227,baltbet-main,finished,,2024-11-20T15:00:00.000000Z,2024,15,15,,,0,15,15,15,15,0,0,15,0,0,0,15,0,0,0,0,0,0,0,,,,,,,,0,,0,0,0,0,0,0,0,WARN,0,2
4350,10231,baltbet-main,finished,,2024-11-21T15:00:00.000000Z,2024,15,15,,,0,15,15,15,15,0,0,15,0,0,0,15,0,0,0,0,0,0,0,,,,,,,,0,,0,0,0,0,0,0,0,WARN,0,2
4351,10233,baltbet-main,finished,,2024-11-22T18:00:00.000000Z,2024,15,15,,,0,15,15,15,15,0,0,13,0,2,0,13,0,0,0,0,0,0,0,,,,,,,,0,,0,0,0,0,0,0,0,FAIL,1,2
4352,10236,baltbet-main,finished,,2024-11-23T14:30:00.000000Z,2024,15,15,,,0,15,15,15,15,0,0,15,0,0,0,15,0,0,0,0,0,0,0,,,,,,,,0,,0,0,0,0,0,0,0,WARN,0,2
4353,10239,baltbet-main,finished,,2024-11-24T14:00:00.000000Z,2024,15,15,,,0,15,15,15,15,0,0,15,0,0,0,15,0,0,0,0,0,0,0,,,,,,,,0,,0,0,0,0,0,0,0,WARN,0,2
4354,10243,baltbet-main,finished,,2024-11-25T15:30:00.000000Z,2024,15,15,,,0,15,15,15,15,0,0,15,0,0,0,15,0,0,0,0,0,0,0,,,,,,,,0,,0,0,0,0,0,0,0,WARN,0,2
4355,10245,baltbet-main,finished,,2024-11-26T19:30:00.000000Z,2024,15,15,,,0,15,15,15,15,0,0,15,0,0,0,15,0,0,0,0,0,0,0,,,,,,,,0,,0,0,0,0,0,0,0,WARN,0,2
4356,10249,baltbet-main,finished,,2024-11-27T15:15:00.000000Z,2024,15,15,,,0,15,15,15,15,0,0,14,0,1,0,14,0,0,0,0,0,0,0,,,,,,,,0,,0,0,0,0,0,0,0,FAIL,1,2
4357,10251,baltbet-main,finished,,2024-11-28T16:30:00.000000Z,2024,15,15,,,0,15,15,15,15,0,0,15,0,0,0,15,0,0,0,0,0,0,0,,,,,,,,0,,0,0,0,0,0,0,0,WARN,0,2
4358,10254,baltbet-main,finished,,2024-11-29T17:00:00.000000Z,2024,15,15,,,0,15,15,15,15,0,0,15,0,0,0,15,0,0,0,0,0,0,0,,,,,,,,0,,0,0,0,0,0,0,0,WARN,0,2
4359,10258,baltbet-main,finished,,2024-11-30T14:00:00.000000Z,2024,15,15,,,0,15,15,15,15,0,0,15,0,0,0,15,0,0,0,0,0,0,0,,,,,,,,0,,0,0,0,0,0,0,0,WARN,0,2
4360,10260,baltbet-main,finished,,2024-12-01T14:00:00.000000Z,2024,15,15,,,0,15,15,15,15,0,0,15,0,0,0,15,0,0,0,0,0,0,0,,,,,,,,0,,0,0,0,0,0,0,0,WARN,0,2
4361,10264,baltbet-main,finished,,2024-12-02T16:00:00.000000Z,2024,15,15,,,0,15,15,15,15,0,0,15,0,0,0,15,0,0,0,0,0,0,0,,,,,,,,0,,0,0,0,0,0,0,0,WARN,0,2
4362,10266,baltbet-main,finished,,2024-12-03T17:30:00.000000Z,2024,15,15,,,0,15,15,0,15,0,0,13,0,2,0,13,0,0,0,0,0,0,0,,,,,,,,0,,0,0,0,0,0,0,0,FAIL,2,2
4363,10269,baltbet-main,finished,,2024-12-04T16:30:00.000000Z,2024,15,15,,,0,15,15,15,15,0,0,15,0,0,0,15,0,0,0,0,0,0,0,,,,,,,,0,,0,0,0,0,0,0,0,WARN,0,2
4364,10272,baltbet-main,finished,,2024-12-05T15:00:00.000000Z,2024,15,15,,,0,15,15,15,15,0,0,15,0,0,0,15,0,0,0,0,0,0,0,,,,,,,,0,,0,0,0,0,0,0,0,WARN,0,2
4365,10275,baltbet-main,finished,,2024-12-06T17:00:00.000000Z,2024,15,15,,,0,15,15,15,15,0,0,15,0,0,0,15,0,0,0,0,0,0,0,,,,,,,,0,,0,0,0,0,0,0,0,WARN,0,2
4366,10279,baltbet-main,finished,,2024-12-07T14:00:00.000000Z,2024,15,15,,,0,15,15,15,15,0,0,13,0,2,0,13,0,0,0,0,0,0,0,,,,,,,,0,,0,0,0,0,0,0,0,FAIL,1,2
4367,10281,baltbet-main,finished,,2024-12-08T14:00:00.000000Z,2024,15,15,,,0,15,15,15,15,0,0,15,0,0,0,15,0,0,0,0,0,0,0,,,,,,,,0,,0,0,0,0,0,0,0,WARN,0,2
4368,10286,baltbet-main,finished,,2024-12-09T15:30:00.000000Z,2024,15,15,,,0,15,15,15,15,0,0,15,0,0,0,15,0,0,0,0,0,0,0,,,,,,,,0,,0,0,0,0,0,0,0,WARN,0,2
4369,10290,baltbet-main,finished,,2024-12-10T17:45:00.000000Z,2024,15,15,,,0,15,15,15,15,0,0,15,0,0,0,15,0,0,0,0,0,0,0,,,,,,,,0,,0,0,0,0,0,0,0,WARN,0,2
4370,10292,baltbet-main,finished,,2024-12-11T15:00:00.000000Z,2024,15,15,,,0,15,15,15,15,0,0,15,0,0,0,15,0,0,0,0,0,0,0,,,,,,,,0,,0,0,0,0,0,0,0,WARN,0,2
4371,10295,baltbet-main,finished,,2024-12-12T17:45:00.000000Z,2024,15,15,,,0,15,15,15,15,0,0,15,0,0,0,15,0,0,0,0,0,0,0,,,,,,,,0,,0,0,0,0,0,0,0,WARN,0,2
4372,10299,baltbet-main,finished,,2024-12-13T15:00:00.000000Z,2024,15,15,,,0,15,15,15,15,0,0,15,0,0,0,15,0,0,0,0,0,0,0,,,,,,,,0,,0,0,0,0,0,0,0,WARN,0,2
4373,10302,baltbet-main,finished,,2024-12-14T15:00:00.000000Z,2024,15,15,,,0,15,15,15,15,0,0,15,0,0,0,15,0,0,0,0,0,0,0,,,,,,,,0,,0,0,0,0,0,0,0,WARN,0,2
4374,10303,baltbet-main,finished,,2024-12-15T15:00:00.000000Z,2024,15,15,,,0,15,15,15,15,0,0,14,0,1,0,14,0,0,0,0,0,0,0,,,,,,,,0,,0,0,0,0,0,0,0,FAIL,1,2
4375,10308,baltbet-main,finished,,2024-12-16T15:00:00.000000Z,2024,15,15,,,0,15,15,15,15,0,0,15,0,0,0,15,0,0,0,0,0,0,0,,,,,,,,0,,0,0,0,0,0,0,0,WARN,0,2
4376,10310,baltbet-main,finished,,2024-12-17T18:00:00.000000Z,2024,15,15,,,0,15,15,15,15,0,0,14,0,1,0,14,0,0,0,0,0,0,0,,,,,,,,0,,0,0,0,0,0,0,0,FAIL,1,2
4377,10313,baltbet-main,finished,,2024-12-18T15:00:00.000000Z,2024,15,15,,,0,15,15,15,15,0,0,15,0,0,0,15,0,0,0,0,0,0,0,,,,,,,,0,,0,0,0,0,0,0,0,WARN,0,2
4378,10315,baltbet-main,finished,,2024-12-19T16:30:00.000000Z,2024,15,15,,,0,15,15,15,15,0,0,15,0,0,0,15,0,0,0,0,0,0,0,,,,,,,,0,,0,0,0,0,0,0,0,WARN,0,2
4379,10317,baltbet-main,finished,,2024-12-20T15:00:00.000000Z,2024,15,15,,,0,15,15,15,15,0,0,15,0,0,0,15,0,0,0,0,0,0,0,,,,,,,,0,,0,0,0,0,0,0,0,WARN,0,2
4380,10320,baltbet-main,finished,,2024-12-21T15:00:00.000000Z,2024,15,15,,,0,15,15,15,15,0,0,14,0,1,0,14,0,0,0,0,0,0,0,,,,,,,,0,,0,0,0,0,0,0,0,FAIL,1,2
4381,10324,baltbet-main,finished,,2024-12-22T14:00:00.000000Z,2024,15,15,,,0,15,15,15,15,0,0,15,0,0,0,15,0,0,0,0,0,0,0,,,,,,,,0,,0,0,0,0,0,0,0,WARN,0,2
4382,10325,baltbet-main,finished,,2024-12-23T13:30:00.000000Z,2024,15,15,,,0,15,15,15,15,0,0,15,0,0,0,15,0,0,0,0,0,0,0,,,,,,,,0,,0,0,0,0,0,0,0,WARN,0,2
4383,10329,baltbet-main,finished,,2024-12-26T14:00:00.000000Z,2024,15,15,,,0,15,15,15,15,0,0,14,0,1,0,14,0,0,0,0,0,0,0,,,,,,,,0,,0,0,0,0,0,0,0,FAIL,1,2
4384,10332,baltbet-main,finished,,2024-12-27T12:00:00.000000Z,2024,15,15,,,0,15,15,15,15,0,0,15,0,0,0,15,0,0,0,0,0,0,0,,,,,,,,0,,0,0,0,0,0,0,0,WARN,0,2
4385,10336,baltbet-main,finished,,2024-12-28T13:30:00.000000Z,2024,15,15,,,0,15,15,15,15,0,0,15,0,0,0,15,0,0,0,0,0,0,0,,,,,,,,0,,0,0,0,0,0,0,0,WARN,0,2
4386,10338,baltbet-main,finished,,2024-12-29T15:00:00.000000Z,2024,15,15,,,0,15,15,15,15,0,0,15,0,0,0,15,0,0,0,0,0,0,0,,,,,,,,0,,0,0,0,0,0,0,0,WARN,0,2
4387,10343,baltbet-main,finished,,2024-12-30T12:30:00.000000Z,2024,15,15,,,0,15,15,15,15,0,0,14,0,1,0,14,0,0,0,0,0,0,0,,,,,,,,0,,0,0,0,0,0,0,0,FAIL,1,2
4388,10345,baltbet-main,finished,,2024-12-31T12:30:00.000000Z,2024,15,15,,,0,15,15,15,15,0,0,14,0,1,0,14,0,0,0,0,0,0,0,,,,,,,,0,,0,0,0,0,0,0,0,FAIL,1,2
4389,10347,baltbet-main,finished,,2025-01-01T15:00:00.000000Z,2025,15,15,,,0,15,15,0,15,0,0,14,0,1,0,14,0,0,0,0,0,0,0,,,,,,,,0,,0,0,0,0,0,0,0,FAIL,2,2
4390,10349,baltbet-main,finished,,2025-01-02T12:30:00.000000Z,2025,15,15,,,0,15,15,15,15,0,0,15,0,0,0,15,0,0,0,0,0,0,0,,,,,,,,0,,0,0,0,0,0,0,0,WARN,0,2
4391,10353,baltbet-main,finished,,2025-01-03T13:00:00.000000Z,2025,15,15,,,0,15,15,15,15,0,0,15,0,0,0,15,0,0,0,0,0,0,0,,,,,,,,0,,0,0,0,0,0,0,0,WARN,0,2
4392,10356,baltbet-main,finished,,2025-01-04T15:00:00.000000Z,2025,15,15,,,0,15,15,15,15,0,0,15,0,0,0,15,0,0,0,0,0,0,0,,,,,,,,0,,0,0,0,0,0,0,0,WARN,0,2
4393,10359,baltbet-main,finished,,2025-01-05T14:00:00.000000Z,2025,15,15,,,0,15,15,15,15,0,0,13,0,2,0,13,0,0,0,0,0,0,0,,,,,,,,0,,0,0,0,0,0,0,0,FAIL,1,2
4394,10362,baltbet-main,finished,,2025-01-06T14:00:00.000000Z,2025,15,15,,,0,15,15,15,15,0,0,15,0,0,0,15,0,0,0,0,0,0,0,,,,,,,,0,,0,0,0,0,0,0,0,WARN,0,2
4395,10365,baltbet-main,finished,,2025-01-07T15:00:00.000000Z,2025,15,15,,,0,15,15,0,15,0,0,15,0,0,0,15,0,0,0,0,0,0,0,,,,,,,,0,,0,0,0,0,0,0,0,FAIL,1,2
4396,10368,baltbet-main,finished,,2025-01-08T15:00:00.000000Z,2025,15,15,,,0,15,15,15,15,0,0,14,0,1,0,14,0,0,0,0,0,0,0,,,,,,,,0,,0,0,0,0,0,0,0,FAIL,1,2
4397,10371,baltbet-main,finished,,2025-01-09T13:00:00.000000Z,2025,15,15,,,0,15,15,15,15,0,0,15,0,0,0,15,0,0,0,0,0,0,0,,,,,,,,0,,0,0,0,0,0,0,0,WARN,0,2
4398,10373,baltbet-main,finished,,2025-01-10T18:00:00.000000Z,2025,15,15,,,0,15,15,15,15,0,0,15,0,0,0,15,0,0,0,0,0,0,0,,,,,,,,0,,0,0,0,0,0,0,0,WARN,0,2
4399,10376,baltbet-main,finished,,2025-01-11T14:30:00.000000Z,2025,15,15,,,0,15,15,15,15,0,0,14,0,1,0,14,0,0,0,0,0,0,0,,,,,,,,0,,0,0,0,0,0,0,0,FAIL,1,2
4400,10377,baltbet-main,finished,,2025-01-12T14:00:00.000000Z,2025,15,15,,,0,15,15,15,15,0,0,15,0,0,0,15,0,0,0,0,0,0,0,,,,,,,,0,,0,0,0,0,0,0,0,WARN,0,2
4401,10381,baltbet-main,finished,,2025-01-13T14:00:00.000000Z,2025,15,15,,,0,15,15,15,15,0,0,15,0,0,0,15,0,0,0,0,0,0,0,,,,,,,,0,,0,0,0,0,0,0,0,WARN,0,2
4402,10383,baltbet-main,finished,,2025-01-14T17:30:00.000000Z,2025,15,15,,,0,15,15,15,15,0,0,15,0,0,0,15,0,0,0,0,0,0,0,,,,,,,,0,,0,0,0,0,0,0,0,WARN,0,2
4403,10386,baltbet-main,finished,,2025-01-15T17:30:00.000000Z,2025,15,15,,,0,15,15,15,15,0,0,15,0,0,0,15,0,0,0,0,0,0,0,,,,,,,,0,,0,0,0,0,0,0,0,WARN,0,2
4404,10389,baltbet-main,finished,,2025-01-16T17:00:00.000000Z,2025,15,15,,,0,15,15,15,15,0,0,15,0,0,0,15,0,0,0,0,0,0,0,,,,,,,,0,,0,0,0,0,0,0,0,WARN,0,2
4405,10392,baltbet-main,finished,,2025-01-17T15:00:00.000000Z,2025,15,15,,,0,15,15,15,15,0,0,15,0,0,0,15,0,0,0,0,0,0,0,,,,,,,,0,,0,0,0,0,0,0,0,WARN,0,2
4406,10395,baltbet-main,finished,,2025-01-18T14:30:00.000000Z,2025,15,15,,,0,15,15,15,15,0,0,15,0,0,0,15,0,0,0,0,0,0,0,,,,,,,,0,,0,0,0,0,0,0,0,WARN,0,2
4407,10398,baltbet-main,finished,,2025-01-19T14:00:00.000000Z,2025,15,15,,,0,15,15,15,15,0,0,15,0,0,0,15,0,0,0,0,0,0,0,,,,,,,,0,,0,0,0,0,0,0,0,WARN,0,2
4408,10402,baltbet-main,finished,,2025-01-20T16:00:00.000000Z,2025,15,15,,,0,15,15,15,15,0,0,15,0,0,0,15,0,0,0,0,0,0,0,,,,,,,,0,,0,0,0,0,0,0,0,WARN,0,2
4409,10404,baltbet-main,finished,,2025-01-21T17:00:00.000000Z,2025,15,15,,,0,15,15,15,15,0,0,15,0,0,0,15,0,0,0,0,0,0,0,,,,,,,,0,,0,0,0,0,0,0,0,WARN,0,2
4410,10407,baltbet-main,finished,,2025-01-22T17:45:00.000000Z,2025,15,15,,,0,15,15,15,15,0,0,15,0,0,0,15,0,0,0,0,0,0,0,,,,,,,,0,,0,0,0,0,0,0,0,WARN,0,2
4411,10411,baltbet-main,finished,,2025-01-23T17:45:00.000000Z,2025,15,15,,,0,15,15,15,15,0,0,14,0,1,0,14,0,0,0,0,0,0,0,,,,,,,,0,,0,0,0,0,0,0,0,FAIL,1,2
4412,10413,baltbet-main,finished,,2025-01-24T15:00:00.000000Z,2025,15,15,,,0,15,15,15,15,0,0,15,0,0,0,15,0,0,0,0,0,0,0,,,,,,,,0,,0,0,0,0,0,0,0,WARN,0,2
4413,10416,baltbet-main,finished,,2025-01-25T14:30:00.000000Z,2025,15,15,,,0,15,15,15,15,0,0,15,0,0,0,15,0,0,0,0,0,0,0,,,,,,,,0,,0,0,0,0,0,0,0,WARN,0,2
4414,10420,baltbet-main,finished,,2025-01-26T14:00:00.000000Z,2025,15,15,,,0,15,15,15,15,0,0,14,0,1,0,14,0,0,0,0,0,0,0,,,,,,,,0,,0,0,0,0,0,0,0,FAIL,1,2
4415,10422,baltbet-main,finished,,2025-01-27T17:00:00.000000Z,2025,15,15,,,0,15,15,15,15,0,0,13,0,2,0,13,0,0,0,0,0,0,0,,,,,,,,0,,0,0,0,0,0,0,0,FAIL,1,2
4416,10426,baltbet-main,finished,,2025-01-28T19:00:00.000000Z,2025,15,15,,,0,15,15,15,15,0,0,14,0,1,0,14,0,0,0,0,0,0,0,,,,,,,,0,,0,0,0,0,0,0,0,FAIL,1,2
4417,10427,baltbet-main,finished,,2025-01-29T17:30:00.000000Z,2025,15,15,,,0,15,15,15,15,0,0,15,0,0,0,15,0,0,0,0,0,0,0,,,,,,,,0,,0,0,0,0,0,0,0,WARN,0,2
4418,10431,baltbet-main,finished,,2025-01-30T16:00:00.000000Z,2025,15,15,,,0,15,15,15,15,0,0,15,0,0,0,15,0,0,0,0,0,0,0,,,,,,,,0,,0,0,0,0,0,0,0,WARN,0,2
4419,10434,baltbet-main,finished,,2025-01-31T17:30:00.000000Z,2025,15,15,,,0,15,15,15,15,0,0,15,0,0,0,15,0,0,0,0,0,0,0,,,,,,,,0,,0,0,0,0,0,0,0,WARN,0,2
4420,10437,baltbet-main,finished,,2025-02-01T14:00:00.000000Z,2025,15,15,,,0,15,15,15,15,0,0,15,0,0,0,15,0,0,0,0,0,0,0,,,,,,,,0,,0,0,0,0,0,0,0,WARN,0,2
4421,10440,baltbet-main,finished,,2025-02-02T14:00:00.000000Z,2025,15,15,,,0,15,15,15,15,0,0,15,0,0,0,15,0,0,0,0,0,0,0,,,,,,,,0,,0,0,0,0,0,0,0,WARN,0,2
4422,10444,baltbet-main,finished,,2025-02-03T17:00:00.000000Z,2025,15,15,,,0,15,15,15,15,0,0,14,0,1,0,14,0,0,0,0,0,0,0,,,,,,,,0,,0,0,0,0,0,0,0,FAIL,1,2
4423,10447,baltbet-main,finished,,2025-02-04T15:00:00.000000Z,2025,15,15,,,0,15,15,0,15,0,0,12,0,3,0,12,0,0,0,0,0,0,0,,,,,,,,0,,0,0,0,0,0,0,0,FAIL,2,2
4424,10450,baltbet-main,finished,,2025-02-05T17:30:00.000000Z,2025,15,15,,,0,15,15,15,15,0,0,15,0,0,0,15,0,0,0,0,0,0,0,,,,,,,,0,,0,0,0,0,0,0,0,WARN,0,2
4425,10453,baltbet-main,finished,,2025-02-06T18:30:00.000000Z,2025,15,15,,,0,15,15,15,15,0,0,14,0,1,0,14,0,0,0,0,0,0,0,,,,,,,,0,,0,0,0,0,0,0,0,FAIL,1,2
4426,10457,baltbet-main,finished,,2025-02-07T17:00:00.000000Z,2025,15,15,,,0,15,15,15,15,0,0,15,0,0,0,15,0,0,0,0,0,0,0,,,,,,,,0,,0,0,0,0,0,0,0,WARN,0,2
4427,10460,baltbet-main,finished,,2025-02-08T15:00:00.000000Z,2025,15,15,,,0,15,15,15,15,0,0,15,0,0,0,15,0,0,0,0,0,0,0,,,,,,,,0,,0,0,0,0,0,0,0,WARN,0,2
4428,10463,baltbet-main,finished,,2025-02-09T15:15:00.000000Z,2025,15,15,,,0,15,15,15,15,0,0,15,0,0,0,15,0,0,0,0,0,0,0,,,,,,,,0,,0,0,0,0,0,0,0,WARN,0,2
4429,10467,baltbet-main,finished,,2025-02-10T16:00:00.000000Z,2025,15,15,,,0,15,15,15,15,0,0,15,0,0,0,15,0,0,0,0,0,0,0,,,,,,,,0,,0,0,0,0,0,0,0,WARN,0,2
4430,10469,baltbet-main,finished,,2025-02-11T16:30:00.000000Z,2025,15,15,,,0,15,15,15,15,0,0,15,0,0,0,15,0,0,0,0,0,0,0,,,,,,,,0,,0,0,0,0,0,0,0,WARN,0,2
4431,10473,baltbet-main,finished,,2025-02-12T14:00:00.000000Z,2025,15,15,,,0,15,15,15,15,0,0,15,0,0,0,15,0,0,0,0,0,0,0,,,,,,,,0,,0,0,0,0,0,0,0,WARN,0,2
4432,10475,baltbet-main,finished,,2025-02-13T17:00:00.000000Z,2025,15,15,,,0,15,15,15,15,0,0,15,0,0,0,15,0,0,0,0,0,0,0,,,,,,,,0,,0,0,0,0,0,0,0,WARN,0,2
4433,10480,baltbet-main,finished,,2025-02-14T17:00:00.000000Z,2025,15,15,,,0,15,15,15,15,0,0,15,0,0,0,15,0,0,0,0,0,0,0,,,,,,,,0,,0,0,0,0,0,0,0,WARN,0,2
4434,10482,baltbet-main,finished,,2025-02-15T17:00:00.000000Z,2025,15,15,,,0,15,15,15,15,0,0,15,0,0,0,15,0,0,0,0,0,0,0,,,,,,,,0,,0,0,0,0,0,0,0,WARN,0,2
4435,10486,baltbet-main,finished,,2025-02-16T14:00:00.000000Z,2025,15,15,,,0,15,15,15,15,0,0,15,0,0,0,15,0,0,0,0,0,0,0,,,,,,,,0,,0,0,0,0,0,0,0,WARN,0,2
4436,10489,baltbet-main,finished,,2025-02-17T14:00:00.000000Z,2025,15,15,,,0,15,15,15,15,0,0,14,0,1,0,14,0,0,0,0,0,0,0,,,,,,,,0,,0,0,0,0,0,0,0,FAIL,1,2
4437,10492,baltbet-main,finished,,2025-02-18T16:00:00.000000Z,2025,15,15,,,0,15,15,15,15,0,0,15,0,0,0,15,0,0,0,0,0,0,0,,,,,,,,0,,0,0,0,0,0,0,0,WARN,0,2
4438,10496,baltbet-main,finished,,2025-02-19T14:30:00.000000Z,2025,15,15,,,0,15,15,15,15,0,0,15,0,0,0,15,0,0,0,0,0,0,0,,,,,,,,0,,0,0,0,0,0,0,0,WARN,0,2
4439,10499,baltbet-main,finished,,2025-02-20T15:30:00.000000Z,2025,15,15,,,0,15,15,15,15,0,0,15,0,0,0,15,0,0,0,0,0,0,0,,,,,,,,0,,0,0,0,0,0,0,0,WARN,0,2
4440,10502,baltbet-main,finished,,2025-02-21T16:30:00.000000Z,2025,15,15,,,0,15,15,15,15,0,0,15,0,0,0,15,0,0,0,0,0,0,0,,,,,,,,0,,0,0,0,0,0,0,0,WARN,0,2
4441,10504,baltbet-main,finished,,2025-02-22T14:00:00.000000Z,2025,15,15,,,0,15,15,15,15,0,0,15,0,0,0,15,0,0,0,0,0,0,0,,,,,,,,0,,0,0,0,0,0,0,0,WARN,0,2
4442,10507,baltbet-main,finished,,2025-02-23T14:00:00.000000Z,2025,15,15,,,0,15,15,15,15,0,0,15,0,0,0,15,0,0,0,0,0,0,0,,,,,,,,0,,0,0,0,0,0,0,0,WARN,0,2
4443,10511,baltbet-main,finished,,2025-02-24T14:15:00.000000Z,2025,15,15,,,0,15,15,15,15,0,0,15,0,0,0,15,0,0,0,0,0,0,0,,,,,,,,0,,0,0,0,0,0,0,0,WARN,0,2
4444,10514,baltbet-main,finished,,2025-02-25T17:30:00.000000Z,2025,15,15,,,0,15,15,15,15,0,0,15,0,0,0,15,0,0,0,0,0,0,0,,,,,,,,0,,0,0,0,0,0,0,0,WARN,0,2
4445,10517,baltbet-main,finished,,2025-02-26T14:30:00.000000Z,2025,15,15,,,0,15,15,15,15,0,0,15,0,0,0,15,0,0,0,0,0,0,0,,,,,,,,0,,0,0,0,0,0,0,0,WARN,0,2
4446,10521,baltbet-main,finished,,2025-02-27T14:00:00.000000Z,2025,15,15,,,0,15,15,15,15,0,0,15,0,0,0,15,0,0,0,0,0,0,0,,,,,,,,0,,0,0,0,0,0,0,0,WARN,0,2
4447,10524,baltbet-main,finished,,2025-02-28T17:00:00.000000Z,2025,15,15,,,0,15,15,15,15,0,0,15,0,0,0,15,0,0,0,0,0,0,0,,,,,,,,0,,0,0,0,0,0,0,0,WARN,0,2
4448,10528,baltbet-main,finished,,2025-03-01T14:30:00.000000Z,2025,15,15,,,0,15,15,15,15,0,0,15,0,0,0,15,0,0,0,0,0,0,0,,,,,,,,0,,0,0,0,0,0,0,0,WARN,0,2
4449,10529,baltbet-main,finished,,2025-03-02T16:15:00.000000Z,2025,15,15,,,0,15,15,15,15,0,0,15,0,0,0,15,0,0,0,0,0,0,0,,,,,,,,0,,0,0,0,0,0,0,0,WARN,0,2
4450,10534,baltbet-main,finished,,2025-03-03T15:00:00.000000Z,2025,15,15,,,0,15,15,15,15,0,0,15,0,0,0,15,0,0,0,0,0,0,0,,,,,,,,0,,0,0,0,0,0,0,0,WARN,0,2
4451,10536,baltbet-main,finished,,2025-03-04T17:45:00.000000Z,2025,15,15,,,0,15,15,15,15,0,0,15,0,0,0,15,0,0,0,0,0,0,0,,,,,,,,0,,0,0,0,0,0,0,0,WARN,0,2
4452,10540,baltbet-main,finished,,2025-03-05T17:30:00.000000Z,2025,15,15,,,0,15,15,15,15,0,0,15,0,0,0,15,0,0,0,0,0,0,0,,,,,,,,0,,0,0,0,0,0,0,0,WARN,0,2
4453,10542,baltbet-main,finished,,2025-03-06T17:45:00.000000Z,2025,15,15,,,0,15,15,15,15,0,0,15,0,0,0,15,0,0,0,0,0,0,0,,,,,,,,0,,0,0,0,0,0,0,0,WARN,0,2
4454,10546,baltbet-main,finished,,2025-03-07T17:30:00.000000Z,2025,15,15,,,0,15,15,15,15,0,0,15,0,0,0,15,0,0,0,0,0,0,0,,,,,,,,0,,0,0,0,0,0,0,0,WARN,0,2
4455,10550,baltbet-main,finished,,2025-03-08T14:00:00.000000Z,2025,15,15,,,0,15,15,15,15,0,0,15,0,0,0,15,0,0,0,0,0,0,0,,,,,,,,0,,0,0,0,0,0,0,0,WARN,0,2
4456,10552,baltbet-main,finished,,2025-03-09T14:00:00.000000Z,2025,15,15,,,0,15,15,15,15,0,0,15,0,0,0,15,0,0,0,0,0,0,0,,,,,,,,0,,0,0,0,0,0,0,0,WARN,0,2
4457,10557,baltbet-main,finished,,2025-03-10T17:00:00.000000Z,2025,15,15,,,0,15,15,15,15,0,0,15,0,0,0,15,0,0,0,0,0,0,0,,,,,,,,0,,0,0,0,0,0,0,0,WARN,0,2
4458,10560,baltbet-main,finished,,2025-03-11T17:00:00.000000Z,2025,15,15,,,0,15,15,15,15,0,0,15,0,0,0,15,0,0,0,0,0,0,0,,,,,,,,0,,0,0,0,0,0,0,0,WARN,0,2
4459,10563,baltbet-main,finished,,2025-03-12T14:30:00.000000Z,2025,15,15,,,0,15,15,15,15,0,0,15,0,0,0,15,0,0,0,0,0,0,0,,,,,,,,0,,0,0,0,0,0,0,0,WARN,0,2
4460,10565,baltbet-main,finished,,2025-03-13T14:00:00.000000Z,2025,15,15,,,0,15,15,15,15,0,0,15,0,0,0,15,0,0,0,0,0,0,0,,,,,,,,0,,0,0,0,0,0,0,0,WARN,0,2
4461,10568,baltbet-main,finished,,2025-03-14T17:30:00.000000Z,2025,15,15,,,0,15,15,15,15,0,0,15,0,0,0,15,0,0,0,0,0,0,0,,,,,,,,0,,0,0,0,0,0,0,0,WARN,0,2
4462,10572,baltbet-main,finished,,2025-03-15T14:00:00.000000Z,2025,15,15,,,0,15,15,15,15,0,0,15,0,0,0,15,0,0,0,0,0,0,0,,,,,,,,0,,0,0,0,0,0,0,0,WARN,0,2
4463,10574,baltbet-main,finished,,2025-03-16T14:00:00.000000Z,2025,15,15,,,0,15,15,15,15,0,0,14,0,1,0,14,0,0,0,0,0,0,0,,,,,,,,0,,0,0,0,0,0,0,0,FAIL,1,2
4464,10578,baltbet-main,finished,,2025-03-17T17:00:00.000000Z,2025,15,15,,,0,15,15,15,15,0,0,15,0,0,0,15,0,0,0,0,0,0,0,,,,,,,,0,,0,0,0,0,0,0,0,WARN,0,2
4465,10581,baltbet-main,finished,,2025-03-18T15:30:00.000000Z,2025,15,15,,,0,15,15,15,15,0,0,14,0,1,0,15,0,0,0,0,0,0,0,,,,,,,,0,,0,0,0,0,0,0,0,FAIL,1,2
4466,10585,baltbet-main,finished,,2025-03-19T13:00:00.000000Z,2025,15,15,,,0,15,15,0,15,0,0,15,0,0,0,15,0,0,0,0,0,0,0,,,,,,,,0,,0,0,0,0,0,0,0,FAIL,1,2
4467,10587,baltbet-main,finished,,2025-03-20T16:00:00.000000Z,2025,15,15,,,0,15,15,15,15,0,0,15,0,0,0,15,0,0,0,0,0,0,0,,,,,,,,0,,0,0,0,0,0,0,0,WARN,0,2
4468,10590,baltbet-main,finished,,2025-03-21T18:30:00.000000Z,2025,15,15,,,0,15,15,15,15,0,0,15,0,0,0,15,0,0,0,0,0,0,0,,,,,,,,0,,0,0,0,0,0,0,0,WARN,0,2
4469,10594,baltbet-main,finished,,2025-03-22T15:00:00.000000Z,2025,15,15,,,0,15,15,15,15,0,0,15,0,0,0,15,0,0,0,0,0,0,0,,,,,,,,0,,0,0,0,0,0,0,0,WARN,0,2
4470,10596,baltbet-main,finished,,2025-03-23T17:00:00.000000Z,2025,15,15,,,0,15,15,15,15,0,0,15,0,0,0,15,0,0,0,0,0,0,0,,,,,,,,0,,0,0,0,0,0,0,0,WARN,0,2
4471,10601,baltbet-main,finished,,2025-03-24T16:00:00.000000Z,2025,15,15,,,0,15,15,15,15,0,0,15,0,0,0,15,0,0,0,0,0,0,0,,,,,,,,0,,0,0,0,0,0,0,0,WARN,0,2
4472,10603,baltbet-main,finished,,2025-03-25T16:00:00.000000Z,2025,15,15,,,0,15,15,15,15,0,0,15,0,0,0,15,0,0,0,0,0,0,0,,,,,,,,0,,0,0,0,0,0,0,0,WARN,0,2
4473,10605,baltbet-main,finished,,2025-03-26T14:00:00.000000Z,2025,15,15,,,0,15,15,0,15,0,0,15,0,0,0,15,0,0,0,0,0,0,0,,,,,,,,0,,0,0,0,0,0,0,0,FAIL,1,2
4474,10609,baltbet-main,finished,,2025-03-27T15:00:00.000000Z,2025,15,15,,,0,15,15,15,15,0,0,15,0,0,0,15,0,0,0,0,0,0,0,,,,,,,,0,,0,0,0,0,0,0,0,WARN,0,2
4475,10611,baltbet-main,finished,,2025-03-28T15:30:00.000000Z,2025,15,15,,,0,15,15,15,15,0,0,15,0,0,0,15,0,0,0,0,0,0,0,,,,,,,,0,,0,0,0,0,0,0,0,WARN,0,2
4476,10614,baltbet-main,finished,,2025-03-29T13:30:00.000000Z,2025,15,15,,,0,15,15,15,15,0,0,15,0,0,0,15,0,0,0,0,0,0,0,,,,,,,,0,,0,0,0,0,0,0,0,WARN,0,2
4477,10616,baltbet-main,finished,,2025-03-30T13:00:00.000000Z,2025,15,15,,,0,15,15,15,15,0,0,15,0,0,0,15,0,0,0,0,0,0,0,,,,,,,,0,,0,0,0,0,0,0,0,WARN,0,2
4478,10620,baltbet-main,finished,,2025-03-31T14:00:00.000000Z,2025,15,15,,,0,15,15,15,15,0,0,15,0,0,0,15,0,0,0,0,0,0,0,,,,,,,,0,,0,0,0,0,0,0,0,WARN,0,2
4479,10622,baltbet-main,finished,,2025-04-01T18:45:00.000000Z,2025,15,15,,,0,15,15,15,15,0,0,15,0,0,0,15,0,0,0,0,0,0,0,,,,,,,,0,,0,0,0,0,0,0,0,WARN,0,2
4480,10627,baltbet-main,finished,,2025-04-02T14:00:00.000000Z,2025,15,15,,,0,15,15,15,15,0,0,15,0,0,0,15,0,0,0,0,0,0,0,,,,,,,,0,,0,0,0,0,0,0,0,WARN,0,2
4481,10628,baltbet-main,finished,,2025-04-03T14:00:00.000000Z,2025,15,15,,,0,15,15,15,15,0,0,15,0,0,0,15,0,0,0,0,0,0,0,,,,,,,,0,,0,0,0,0,0,0,0,WARN,0,2
4482,10632,baltbet-main,finished,,2025-04-04T16:00:00.000000Z,2025,15,15,,,0,15,15,15,15,0,0,15,0,0,0,15,0,0,0,0,0,0,0,,,,,,,,0,,0,0,0,0,0,0,0,WARN,0,2
4483,10635,baltbet-main,finished,,2025-04-05T13:30:00.000000Z,2025,15,15,,,0,15,15,15,15,0,0,15,0,0,0,15,0,0,0,0,0,0,0,,,,,,,,0,,0,0,0,0,0,0,0,WARN,0,2
4484,10638,baltbet-main,finished,,2025-04-06T13:00:00.000000Z,2025,15,15,,,0,15,15,15,15,0,0,15,0,0,0,15,0,0,0,0,0,0,0,,,,,,,,0,,0,0,0,0,0,0,0,WARN,0,2
4485,10640,baltbet-main,finished,,2025-04-07T14:00:00.000000Z,2025,15,15,,,0,15,15,15,15,0,0,15,0,0,0,15,0,0,0,0,0,0,0,,,,,,,,0,,0,0,0,0,0,0,0,WARN,0,2
4486,10643,baltbet-main,finished,,2025-04-08T16:00:00.000000Z,2025,15,15,,,0,15,15,15,15,0,0,15,0,0,0,15,0,0,0,0,0,0,0,,,,,,,,0,,0,0,0,0,0,0,0,WARN,0,2
4487,10646,baltbet-main,finished,,2025-04-09T14:30:00.000000Z,2025,15,15,,,0,15,15,15,15,0,0,15,0,0,0,15,0,0,0,0,0,0,0,,,,,,,,0,,0,0,0,0,0,0,0,WARN,0,2
4488,10649,baltbet-main,finished,,2025-04-10T14:00:00.000000Z,2025,15,15,,,0,15,15,15,15,0,0,15,0,0,0,15,0,0,0,0,0,0,0,,,,,,,,0,,0,0,0,0,0,0,0,WARN,0,2
4489,10652,baltbet-main,finished,,2025-04-11T16:00:00.000000Z,2025,15,15,,,0,15,15,15,15,0,0,15,0,0,0,15,0,0,0,0,0,0,0,,,,,,,,0,,0,0,0,0,0,0,0,WARN,0,2
4490,10656,baltbet-main,finished,,2025-04-12T13:30:00.000000Z,2025,15,15,,,0,15,15,15,15,0,0,15,0,0,0,15,0,0,0,0,0,0,0,,,,,,,,0,,0,0,0,0,0,0,0,WARN,0,2
4491,10660,baltbet-main,finished,,2025-04-13T13:00:00.000000Z,2025,15,15,,,0,15,15,15,15,0,0,15,0,0,0,15,0,0,0,0,0,0,0,,,,,,,,0,,0,0,0,0,0,0,0,WARN,0,2
4492,10662,baltbet-main,finished,,2025-04-14T15:00:00.000000Z,2025,15,15,,,0,15,15,15,15,0,0,15,0,0,0,15,0,0,0,0,0,0,0,,,,,,,,0,,0,0,0,0,0,0,0,WARN,0,2
4493,10665,baltbet-main,finished,,2025-04-15T14:00:00.000000Z,2025,15,15,,,0,15,15,15,15,0,0,13,0,2,0,13,0,0,0,0,0,0,0,,,,,,,,0,,0,0,0,0,0,0,0,FAIL,1,2
4494,10668,baltbet-main,finished,,2025-04-16T14:30:00.000000Z,2025,15,15,,,0,15,15,15,15,0,0,14,0,1,0,14,0,0,0,0,0,0,0,,,,,,,,0,,0,0,0,0,0,0,0,FAIL,1,2
4495,10670,baltbet-main,finished,,2025-04-17T14:00:00.000000Z,2025,15,15,,,0,15,15,15,15,0,0,15,0,0,0,15,0,0,0,0,0,0,0,,,,,,,,0,,0,0,0,0,0,0,0,WARN,0,2
4496,10674,baltbet-main,finished,,2025-04-18T14:00:00.000000Z,2025,15,15,,,0,15,15,15,15,0,0,15,0,0,0,15,0,0,0,0,0,0,0,,,,,,,,0,,0,0,0,0,0,0,0,WARN,0,2
4497,10676,baltbet-main,finished,,2025-04-19T13:30:00.000000Z,2025,15,15,,,0,15,15,15,15,0,0,15,0,0,0,15,0,0,0,0,0,0,0,,,,,,,,0,,0,0,0,0,0,0,0,WARN,0,2
4498,10681,baltbet-main,finished,,2025-04-20T13:00:00.000000Z,2025,15,15,,,0,15,15,15,15,0,0,15,0,0,0,15,0,0,0,0,0,0,0,,,,,,,,0,,0,0,0,0,0,0,0,WARN,0,2
4499,10683,baltbet-main,finished,,2025-04-21T13:00:00.000000Z,2025,15,15,,,0,15,15,0,15,0,0,0,0,15,0,0,0,0,0,0,0,0,0,,,,,,,,0,,0,0,0,0,0,0,0,FAIL,2,2
4500,10685,baltbet-main,expected,,2025-04-21T20:10:00.000000Z,2025,15,15,,,0,15,15,15,15,0,0,9,0,6,0,9,0,0,0,0,0,0,0,,,,,,,,0,,0,0,0,0,0,0,0,FAIL,1,1
4501,10688,baltbet-main,finished,,2025-04-22T15:00:00.000000Z,2025,15,15,,,0,15,15,15,15,0,0,15,0,0,0,15,0,0,0,0,0,0,0,,,,,,,,0,,0,0,0,0,0,0,0,WARN,0,2
4502,10690,baltbet-main,finished,,2025-04-23T16:30:00.000000Z,2025,15,15,,,0,15,15,15,15,0,0,15,0,0,0,15,0,0,0,0,0,0,0,,,,,,,,0,,0,0,0,0,0,0,0,WARN,0,2
4503,10693,baltbet-main,finished,,2025-04-24T16:00:00.000000Z,2025,15,15,,,0,15,15,15,15,0,0,15,0,0,0,15,0,0,0,0,0,0,0,,,,,,,,0,,0,0,0,0,0,0,0,WARN,0,2
4504,10696,baltbet-main,finished,,2025-04-25T16:30:00.000000Z,2025,15,15,,,0,15,15,15,15,0,0,15,0,0,0,15,0,0,0,0,0,0,0,,,,,,,,0,,0,0,0,0,0,0,0,WARN,0,2
4505,10698,baltbet-main,finished,,2025-04-26T14:00:00.000000Z,2025,15,15,,,0,15,15,15,15,0,0,15,0,0,0,15,0,0,0,0,0,0,0,,,,,,,,0,,0,0,0,0,0,0,0,WARN,0,2
4506,10702,baltbet-main,finished,,2025-04-27T16:00:00.000000Z,2025,15,15,,,0,15,15,15,15,0,0,15,0,0,0,15,0,0,0,0,0,0,0,,,,,,,,0,,0,0,0,0,0,0,0,WARN,0,2
4507,10706,baltbet-main,finished,,2025-04-28T17:00:00.000000Z,2025,15,15,,,0,15,15,15,15,0,0,13,0,2,0,13,0,0,0,0,0,0,0,,,,,,,,0,,0,0,0,0,0,0,0,FAIL,1,2
4508,10709,baltbet-main,finished,,2025-04-29T16:00:00.000000Z,2025,15,15,,,0,15,15,15,15,0,0,15,0,0,0,15,0,0,0,0,0,0,0,,,,,,,,0,,0,0,0,0,0,0,0,WARN,0,2
4509,10712,baltbet-main,finished,,2025-04-30T15:00:00.000000Z,2025,15,15,,,0,15,15,15,15,0,0,15,0,0,0,15,0,0,0,0,0,0,0,,,,,,,,0,,0,0,0,0,0,0,0,WARN,0,2
4510,10714,baltbet-main,finished,,2025-05-01T13:00:00.000000Z,2025,15,15,,,0,15,15,15,15,0,0,15,0,0,0,15,0,0,0,0,0,0,0,,,,,,,,0,,0,0,0,0,0,0,0,WARN,0,2
4511,10717,baltbet-main,finished,,2025-05-02T16:00:00.000000Z,2025,15,15,,,0,15,15,15,15,0,0,15,0,0,0,15,0,0,0,0,0,0,0,,,,,,,,0,,0,0,0,0,0,0,0,WARN,0,2
4512,10720,baltbet-main,finished,,2025-05-03T14:00:00.000000Z,2025,15,15,,,0,15,15,15,15,0,0,15,0,0,0,15,0,0,0,0,0,0,0,,,,,,,,0,,0,0,0,0,0,0,0,WARN,0,2
4513,10724,baltbet-main,finished,,2025-05-04T15:30:00.000000Z,2025,15,15,,,0,15,15,15,15,0,0,15,0,0,0,15,0,0,0,0,0,0,0,,,,,,,,0,,0,0,0,0,0,0,0,WARN,0,2
4514,10727,baltbet-main,finished,,2025-05-05T14:00:00.000000Z,2025,15,15,,,0,15,15,15,15,0,0,15,0,0,0,15,0,0,0,0,0,0,0,,,,,,,,0,,0,0,0,0,0,0,0,WARN,0,2
4515,10729,baltbet-main,finished,,2025-05-06T14:00:00.000000Z,2025,15,15,,,0,15,15,15,15,0,0,15,0,0,0,15,0,0,0,0,0,0,0,,,,,,,,0,,0,0,0,0,0,0,0,WARN,0,2
4516,10731,baltbet-main,finished,,2025-05-07T14:00:00.000000Z,2025,15,15,,,0,15,15,15,15,0,0,15,0,0,0,15,0,0,0,0,0,0,0,,,,,,,,0,,0,0,0,0,0,0,0,WARN,0,2
4517,10734,baltbet-main,finished,,2025-05-08T15:15:00.000000Z,2025,15,15,,,0,15,15,15,15,0,0,15,0,0,0,15,0,0,0,0,0,0,0,,,,,,,,0,,0,0,0,0,0,0,0,WARN,0,2
4518,10738,baltbet-main,finished,,2025-05-09T15:30:00.000000Z,2025,15,15,,,0,15,15,15,15,0,0,15,0,0,0,15,0,0,0,0,0,0,0,,,,,,,,0,,0,0,0,0,0,0,0,WARN,0,2
4519,10740,baltbet-main,finished,,2025-05-10T16:00:00.000000Z,2025,15,15,,,0,15,15,15,15,0,0,15,0,0,0,15,0,0,0,0,0,0,0,,,,,,,,0,,0,0,0,0,0,0,0,WARN,0,2
4520,10745,baltbet-main,finished,,2025-05-11T13:00:00.000000Z,2025,15,15,,,0,15,15,15,15,0,0,15,0,0,0,15,0,0,0,0,0,0,0,,,,,,,,0,,0,0,0,0,0,0,0,WARN,0,2
4521,10747,baltbet-main,finished,,2025-05-12T15:00:00.000000Z,2025,15,15,,,0,15,15,15,15,0,0,15,0,0,0,15,0,0,0,0,0,0,0,,,,,,,,0,,0,0,0,0,0,0,0,WARN,0,2
4522,10750,baltbet-main,finished,,2025-05-13T15:30:00.000000Z,2025,15,15,,,0,15,15,15,15,0,0,15,0,0,0,15,0,0,0,0,0,0,0,,,,,,,,0,,0,0,0,0,0,0,0,WARN,0,2
4523,10753,baltbet-main,finished,,2025-05-14T17:00:00.000000Z,2025,15,15,,,0,15,15,15,15,0,0,15,0,0,0,15,0,0,0,0,0,0,0,,,,,,,,0,,0,0,0,0,0,0,0,WARN,0,2
4524,10757,baltbet-main,finished,,2025-05-15T15:30:00.000000Z,2025,15,15,,,0,15,15,15,15,0,0,15,0,0,0,15,0,0,0,0,0,0,0,,,,,,,,0,,0,0,0,0,0,0,0,WARN,0,2
4525,10759,baltbet-main,finished,,2025-05-16T16:00:00.000000Z,2025,15,15,,,0,15,15,15,15,0,0,14,0,1,0,14,0,0,0,0,0,0,0,,,,,,,,0,,0,0,0,0,0,0,0,FAIL,1,2
4526,10762,baltbet-main,finished,,2025-05-17T13:30:00.000000Z,2025,15,15,,,0,15,15,15,15,0,0,15,0,0,0,15,0,0,0,0,0,0,0,,,,,,,,0,,0,0,0,0,0,0,0,WARN,0,2
4527,10764,baltbet-main,finished,,2025-05-18T13:15:00.000000Z,2025,15,15,,,0,15,15,15,15,0,0,15,0,0,0,15,0,0,0,0,0,0,0,,,,,,,,0,,0,0,0,0,0,0,0,WARN,0,2
4528,10768,baltbet-main,finished,,2025-05-19T14:00:00.000000Z,2025,15,15,,,0,15,15,15,15,0,0,15,0,0,0,15,0,0,0,0,0,0,0,,,,,,,,0,,0,0,0,0,0,0,0,WARN,0,2
4529,10770,baltbet-main,finished,,2025-05-20T16:00:00.000000Z,2025,15,15,,,0,15,15,15,15,0,0,15,0,0,0,15,0,0,0,0,0,0,0,,,,,,,,0,,0,0,0,0,0,0,0,WARN,0,2
4530,10774,baltbet-main,finished,,2025-05-21T16:00:00.000000Z,2025,15,15,,,0,15,15,15,15,0,0,15,0,0,0,15,0,0,0,0,0,0,0,,,,,,,,0,,0,0,0,0,0,0,0,WARN,0,2
4531,10776,baltbet-main,finished,,2025-05-22T16:00:00.000000Z,2025,15,15,,,0,15,15,15,15,0,0,15,0,0,0,15,0,0,0,0,0,0,0,,,,,,,,0,,0,0,0,0,0,0,0,WARN,0,2
4532,10779,baltbet-main,finished,,2025-05-23T15:00:00.000000Z,2025,15,15,,,0,15,15,15,15,0,0,15,0,0,0,15,0,0,0,0,0,0,0,,,,,,,,0,,0,0,0,0,0,0,0,WARN,0,2
4533,10781,baltbet-main,finished,,2025-05-24T13:30:00.000000Z,2025,15,15,,,0,15,15,15,15,0,0,15,0,0,0,15,0,0,0,0,0,0,0,,,,,,,,0,,0,0,0,0,0,0,0,WARN,0,2
4534,10785,baltbet-main,finished,,2025-05-25T15:00:00.000000Z,2025,15,15,,,0,15,15,15,15,0,0,15,0,0,0,15,0,0,0,0,0,0,0,,,,,,,,0,,0,0,0,0,0,0,0,WARN,0,2
4535,10788,baltbet-main,finished,,2025-05-26T17:00:00.000000Z,2025,15,15,,,0,15,15,15,15,0,0,14,0,1,0,14,0,0,0,0,0,0,0,,,,,,,,0,,0,0,0,0,0,0,0,FAIL,1,2
4536,10791,baltbet-main,finished,,2025-05-27T15:30:00.000000Z,2025,15,15,,,0,15,15,0,15,0,0,15,0,0,0,15,0,0,0,0,0,0,0,,,,,,,,0,,0,0,0,0,0,0,0,FAIL,1,2
4537,10794,baltbet-main,finished,,2025-05-29T14:00:00.000000Z,2025,15,15,,,0,15,15,15,15,0,0,15,0,0,0,15,0,0,0,0,0,0,0,,,,,,,,0,,0,0,0,0,0,0,0,WARN,0,2
4538,10798,baltbet-main,finished,,2025-05-30T15:00:00.000000Z,2025,15,15,,,0,15,15,15,15,0,0,15,0,0,0,15,0,0,0,0,0,0,0,,,,,,,,0,,0,0,0,0,0,0,0,WARN,0,2
4539,10801,baltbet-main,finished,,2025-05-31T13:00:00.000000Z,2025,15,15,,,0,15,15,15,15,0,0,15,0,0,0,15,0,0,0,0,0,0,0,,,,,,,,0,,0,0,0,0,0,0,0,WARN,0,2
4540,10803,baltbet-main,finished,,2025-06-01T16:30:00.000000Z,2025,15,15,,,0,15,15,15,15,0,0,15,0,0,0,15,0,0,0,0,0,0,0,,,,,,,,0,,0,0,0,0,0,0,0,WARN,0,2
4541,10807,baltbet-main,finished,,2025-06-02T15:00:00.000000Z,2025,15,15,,,0,15,15,15,15,0,0,15,0,0,0,15,0,0,0,0,0,0,0,,,,,,,,0,,0,0,0,0,0,0,0,WARN,0,2
4542,10810,baltbet-main,finished,,2025-06-03T14:00:00.000000Z,2025,15,15,,,0,15,15,15,15,0,0,14,0,1,0,14,0,0,0,0,0,0,0,,,,,,,,0,,0,0,0,0,0,0,0,FAIL,1,2
4543,10813,baltbet-main,finished,,2025-06-04T14:30:00.000000Z,2025,15,15,,,0,15,15,15,15,0,0,15,0,0,0,15,0,0,0,0,0,0,0,,,,,,,,0,,0,0,0,0,0,0,0,WARN,0,2
4544,10815,baltbet-main,finished,,2025-06-05T15:00:00.000000Z,2025,15,15,,,0,15,15,15,15,0,0,15,0,0,0,15,0,0,0,0,0,0,0,,,,,,,,0,,0,0,0,0,0,0,0,WARN,0,2
4545,10819,baltbet-main,finished,,2025-06-06T15:00:00.000000Z,2025,15,15,,,0,15,15,15,15,0,0,15,0,0,0,15,0,0,0,0,0,0,0,,,,,,,,0,,0,0,0,0,0,0,0,WARN,0,2
4546,10822,baltbet-main,finished,,2025-06-07T16:00:00.000000Z,2025,15,15,,,0,15,15,15,15,0,0,15,0,0,0,15,0,0,0,0,0,0,0,,,,,,,,0,,0,0,0,0,0,0,0,WARN,0,2
4547,10824,baltbet-main,finished,,2025-06-08T13:00:00.000000Z,2025,15,15,,,0,15,15,15,15,0,0,15,0,0,0,15,0,0,0,0,0,0,0,,,,,,,,0,,0,0,0,0,0,0,0,WARN,0,2
4548,10827,baltbet-main,finished,,2025-06-09T13:00:00.000000Z,2025,15,15,,,0,15,15,15,15,0,0,15,0,0,0,15,0,0,0,0,0,0,0,,,,,,,,0,,0,0,0,0,0,0,0,WARN,0,2
4549,10829,baltbet-main,finished,,2025-06-10T16:00:00.000000Z,2025,15,15,,,0,15,15,15,15,0,0,15,0,0,0,15,0,0,0,0,0,0,0,,,,,,,,0,,0,0,0,0,0,0,0,WARN,0,2
4550,10833,baltbet-main,finished,,2025-06-11T15:00:00.000000Z,2025,15,15,,,0,15,15,15,15,0,0,15,0,0,0,15,0,0,0,0,0,0,0,,,,,,,,0,,0,0,0,0,0,0,0,WARN,0,2
4551,10834,baltbet-main,finished,,2025-06-12T14:00:00.000000Z,2025,15,15,,,0,15,15,15,15,0,0,15,0,0,0,15,0,0,0,0,0,0,0,,,,,,,,0,,0,0,0,0,0,0,0,WARN,0,2
4552,10836,baltbet-main,finished,,2025-06-13T15:00:00.000000Z,2025,15,15,,,0,15,15,15,15,0,0,15,0,0,0,15,0,0,0,0,0,0,0,,,,,,,,0,,0,0,0,0,0,0,0,WARN,0,2
4553,10840,baltbet-main,finished,,2025-06-14T15:00:00.000000Z,2025,15,15,,,0,15,15,15,15,0,0,15,0,0,0,15,0,0,0,0,0,0,0,,,,,,,,0,,0,0,0,0,0,0,0,WARN,0,2
4554,10844,baltbet-main,finished,,2025-06-15T15:00:00.000000Z,2025,15,15,,,0,15,15,15,15,0,0,15,0,0,0,15,0,0,0,0,0,0,0,,,,,,,,0,,0,0,0,0,0,0,0,WARN,0,2
4555,10847,baltbet-main,finished,,2025-06-16T16:00:00.000000Z,2025,15,15,,,0,15,15,15,15,0,0,14,0,1,0,14,0,0,0,0,0,0,0,,,,,,,,0,,0,0,0,0,0,0,0,FAIL,1,2
4556,10850,baltbet-main,finished,,2025-06-17T15:00:00.000000Z,2025,15,15,,,0,15,15,15,15,0,0,15,0,0,0,15,0,0,0,0,0,0,0,,,,,,,,0,,0,0,0,0,0,0,0,WARN,0,2
4557,10852,baltbet-main,finished,,2025-06-18T17:00:00.000000Z,2025,15,15,,,0,15,15,15,15,0,0,14,0,1,0,14,0,0,0,0,0,0,0,,,,,,,,0,,0,0,0,0,0,0,0,FAIL,1,2
4558,10854,baltbet-main,finished,,2025-06-19T15:30:00.000000Z,2025,15,15,,,0,15,15,15,15,0,0,15,0,0,0,15,0,0,0,0,0,0,0,,,,,,,,0,,0,0,0,0,0,0,0,WARN,0,2
4559,10857,baltbet-main,finished,,2025-06-20T16:00:00.000000Z,2025,15,15,,,0,15,15,15,15,0,0,15,0,0,0,15,0,0,0,0,0,0,0,,,,,,,,0,,0,0,0,0,0,0,0,WARN,0,2
4560,10859,baltbet-main,finished,,2025-06-21T15:30:00.000000Z,2025,15,15,,,0,15,15,15,15,0,0,15,0,0,0,15,0,0,0,0,0,0,0,,,,,,,,0,,0,0,0,0,0,0,0,WARN,0,2
4561,10862,baltbet-main,finished,,2025-06-22T15:00:00.000000Z,2025,15,15,,,0,15,15,15,15,0,0,15,0,0,0,15,0,0,0,0,0,0,0,,,,,,,,0,,0,0,0,0,0,0,0,WARN,0,2
4562,10865,baltbet-main,finished,,2025-06-23T15:00:00.000000Z,2025,15,15,,,0,15,15,15,15,0,0,15,0,0,0,15,0,0,0,0,0,0,0,,,,,,,,0,,0,0,0,0,0,0,0,WARN,0,2
4563,10867,baltbet-main,finished,,2025-06-24T15:00:00.000000Z,2025,15,15,,,0,15,15,0,15,0,0,15,0,0,0,15,0,0,0,0,0,0,0,,,,,,,,0,,0,0,0,0,0,0,0,FAIL,1,2
4564,10870,baltbet-main,finished,,2025-06-25T16:00:00.000000Z,2025,15,15,,,0,15,15,0,15,0,0,15,0,0,0,15,0,0,0,0,0,0,0,,,,,,,,0,,0,0,0,0,0,0,0,FAIL,1,2
4565,10873,baltbet-main,finished,,2025-06-26T16:00:00.000000Z,2025,15,15,,,0,15,15,15,15,0,0,15,0,0,0,15,0,0,0,0,0,0,0,,,,,,,,0,,0,0,0,0,0,0,0,WARN,0,2
4566,10876,baltbet-main,finished,,2025-06-27T15:30:00.000000Z,2025,15,15,,,0,15,15,15,15,0,0,15,0,0,0,15,0,0,0,0,0,0,0,,,,,,,,0,,0,0,0,0,0,0,0,WARN,0,2
4567,10878,baltbet-main,finished,,2025-06-28T14:00:00.000000Z,2025,15,15,,,0,15,15,15,15,0,0,15,0,0,0,15,0,0,0,0,0,0,0,,,,,,,,0,,0,0,0,0,0,0,0,WARN,0,2
4568,10881,baltbet-main,finished,,2025-06-29T14:00:00.000000Z,2025,15,15,,,0,15,15,15,15,0,0,15,0,0,0,15,0,0,0,0,0,0,0,,,,,,,,0,,0,0,0,0,0,0,0,WARN,0,2
4569,10884,baltbet-main,finished,,2025-06-30T16:00:00.000000Z,2025,15,15,,,0,15,15,15,15,0,0,13,0,2,0,13,0,0,0,0,0,0,0,,,,,,,,0,,0,0,0,0,0,0,0,FAIL,1,2
4570,10887,baltbet-main,finished,,2025-07-01T16:00:00.000000Z,2025,15,15,,,0,15,15,0,15,0,0,15,0,0,0,15,0,0,0,0,0,0,0,,,,,,,,0,,0,0,0,0,0,0,0,FAIL,1,2
4571,10892,baltbet-main,finished,,2025-07-03T18:00:00.000000Z,2025,15,15,,,0,15,15,15,15,0,0,14,0,1,0,14,0,0,0,0,0,0,0,,,,,,,,0,,0,0,0,0,0,0,0,FAIL,1,2
4572,10895,baltbet-main,finished,,2025-07-05T14:00:00.000000Z,2025,15,15,,,0,15,15,15,15,0,0,15,0,0,0,15,0,0,0,0,0,0,0,,,,,,,,0,,0,0,0,0,0,0,0,WARN,0,2
4573,10898,baltbet-main,finished,,2025-07-06T15:30:00.000000Z,2025,15,15,,,0,15,15,15,15,0,0,15,0,0,0,15,0,0,0,0,0,0,0,,,,,,,,0,,0,0,0,0,0,0,0,WARN,0,2
4574,10901,baltbet-main,finished,,2025-07-07T15:00:00.000000Z,2025,15,15,,,0,15,15,15,15,0,0,15,0,0,0,15,0,0,0,0,0,0,0,,,,,,,,0,,0,0,0,0,0,0,0,WARN,0,2
4575,10904,baltbet-main,finished,,2025-07-08T15:30:00.000000Z,2025,15,15,,,0,15,15,15,15,0,0,15,0,0,0,15,0,0,0,0,0,0,0,,,,,,,,0,,0,0,0,0,0,0,0,WARN,0,2
4576,10906,baltbet-main,finished,,2025-07-10T16:00:00.000000Z,2025,15,15,,,0,15,15,15,15,0,0,15,0,0,0,15,0,0,0,0,0,0,0,,,,,,,,0,,0,0,0,0,0,0,0,WARN,0,2
4577,10909,baltbet-main,finished,,2025-07-11T15:30:00.000000Z,2025,15,15,,,0,15,15,15,15,0,0,15,0,0,0,15,0,0,0,0,0,0,0,,,,,,,,0,,0,0,0,0,0,0,0,WARN,0,2
4578,10910,baltbet-main,finished,,2025-07-12T15:00:00.000000Z,2025,15,15,,,0,15,15,15,15,0,0,15,0,0,0,15,0,0,0,0,0,0,0,,,,,,,,0,,0,0,0,0,0,0,0,WARN,0,2
4579,10914,baltbet-main,finished,,2025-07-13T15:00:00.000000Z,2025,15,15,,,0,15,15,15,15,0,0,15,0,0,0,15,0,0,0,0,0,0,0,,,,,,,,0,,0,0,0,0,0,0,0,WARN,0,2
4580,10917,baltbet-main,finished,,2025-07-14T15:15:00.000000Z,2025,15,15,,,0,15,15,15,15,0,0,15,0,0,0,15,0,0,0,0,0,0,0,,,,,,,,0,,0,0,0,0,0,0,0,WARN,0,2
4581,10919,baltbet-main,finished,,2025-07-15T14:30:00.000000Z,2025,15,15,,,0,15,15,15,15,0,0,15,0,0,0,15,0,0,0,0,0,0,0,,,,,,,,0,,0,0,0,0,0,0,0,WARN,0,2
4582,10922,baltbet-main,finished,,2025-07-16T15:30:00.000000Z,2025,15,15,,,0,15,15,15,15,0,0,15,0,0,0,15,0,0,0,0,0,0,0,,,,,,,,0,,0,0,0,0,0,0,0,WARN,0,2
4583,10925,baltbet-main,finished,,2025-07-17T16:00:00.000000Z,2025,15,15,,,0,15,15,15,15,0,0,15,0,0,0,15,0,0,0,0,0,0,0,,,,,,,,0,,0,0,0,0,0,0,0,WARN,0,2
4584,10928,baltbet-main,finished,,2025-07-18T16:00:00.000000Z,2025,15,15,,,0,15,15,15,15,0,0,15,0,0,0,15,0,0,0,0,0,0,0,,,,,,,,0,,0,0,0,0,0,0,0,WARN,0,2
4585,10930,baltbet-main,finished,,2025-07-19T14:00:00.000000Z,2025,15,15,,,0,15,15,15,15,0,0,15,0,0,0,15,0,0,0,0,0,0,0,,,,,,,,0,,0,0,0,0,0,0,0,WARN,0,2
4586,10933,baltbet-main,finished,,2025-07-20T15:00:00.000000Z,2025,15,15,,,0,15,15,15,15,0,0,15,0,0,0,15,0,0,0,0,0,0,0,,,,,,,,0,,0,0,0,0,0,0,0,WARN,0,2
4587,10936,baltbet-main,finished,,2025-07-21T15:00:00.000000Z,2025,15,15,,,0,15,15,15,15,0,0,15,0,0,0,15,0,0,0,0,0,0,0,,,,,,,,0,,0,0,0,0,0,0,0,WARN,0,2
4588,10938,baltbet-main,finished,,2025-07-22T15:00:00.000000Z,2025,15,15,,,0,15,15,15,15,0,0,15,0,0,0,15,0,0,0,0,0,0,0,,,,,,,,0,,0,0,0,0,0,0,0,WARN,0,2
4589,10941,baltbet-main,finished,,2025-07-23T15:30:00.000000Z,2025,15,15,,,0,15,15,15,15,0,0,15,0,0,0,15,0,0,0,0,0,0,0,,,,,,,,0,,0,0,0,0,0,0,0,WARN,0,2
4590,10945,baltbet-main,finished,,2025-07-24T16:00:00.000000Z,2025,15,15,,,0,15,15,15,15,0,0,15,0,0,0,15,0,0,0,0,0,0,0,,,,,,,,0,,0,0,0,0,0,0,0,WARN,0,2
4591,10948,baltbet-main,finished,,2025-07-25T15:30:00.000000Z,2025,15,15,,,0,15,15,15,15,0,0,15,0,0,0,15,0,0,0,0,0,0,0,,,,,,,,0,,0,0,0,0,0,0,0,WARN,0,2
4592,10950,baltbet-main,finished,,2025-07-26T14:00:00.000000Z,2025,15,15,,,0,15,15,15,15,0,0,15,0,0,0,15,0,0,0,0,0,0,0,,,,,,,,0,,0,0,0,0,0,0,0,WARN,0,2
4593,10954,baltbet-main,finished,,2025-07-27T14:00:00.000000Z,2025,15,15,,,0,15,15,15,15,0,0,15,0,0,0,15,0,0,0,0,0,0,0,,,,,,,,0,,0,0,0,0,0,0,0,WARN,0,2
4594,10956,baltbet-main,finished,,2025-07-28T17:00:00.000000Z,2025,15,15,,,0,15,15,15,15,0,0,15,0,0,0,15,0,0,0,0,0,0,0,,,,,,,,0,,0,0,0,0,0,0,0,WARN,0,2
4595,10960,baltbet-main,finished,,2025-07-29T15:30:00.000000Z,2025,15,15,,,0,15,15,15,15,0,0,15,0,0,0,15,0,0,0,0,0,0,0,,,,,,,,0,,0,0,0,0,0,0,0,WARN,0,2
4596,10962,baltbet-main,finished,,2025-07-30T14:30:00.000000Z,2025,15,15,,,0,15,15,15,15,0,0,15,0,0,0,15,0,0,0,0,0,0,0,,,,,,,,0,,0,0,0,0,0,0,0,WARN,0,2
4597,10964,baltbet-main,finished,,2025-07-31T16:00:00.000000Z,2025,15,15,,,0,15,15,15,15,0,0,15,0,0,0,15,0,0,0,0,0,0,0,,,,,,,,0,,0,0,0,0,0,0,0,WARN,0,2
4598,10967,baltbet-main,finished,,2025-08-01T16:00:00.000000Z,2025,15,15,,,0,15,15,15,15,0,0,15,0,0,0,15,0,0,0,0,0,0,0,,,,,,,,0,,0,0,0,0,0,0,0,WARN,0,2
4599,10971,baltbet-main,finished,,2025-08-02T15:00:00.000000Z,2025,15,15,,,0,15,15,15,15,0,0,15,0,0,0,15,0,0,0,0,0,0,0,,,,,,,,0,,0,0,0,0,0,0,0,WARN,0,2
4600,10975,baltbet-main,finished,,2025-08-03T14:00:00.000000Z,2025,15,15,,,0,15,15,15,15,0,0,15,0,0,0,15,0,0,0,0,0,0,0,,,,,,,,0,,0,0,0,0,0,0,0,WARN,0,2
4601,10977,baltbet-main,finished,,2025-08-04T16:00:00.000000Z,2025,15,15,,,0,15,15,15,15,0,0,15,0,0,0,15,0,0,0,0,0,0,0,,,,,,,,0,,0,0,0,0,0,0,0,WARN,0,2
4602,10980,baltbet-main,finished,,2025-08-05T14:00:00.000000Z,2025,15,15,,,0,15,15,0,15,0,0,15,0,0,0,15,0,0,0,0,0,0,0,,,,,,,,0,,0,0,0,0,0,0,0,FAIL,1,2
4603,10983,baltbet-main,finished,,2025-08-06T14:00:00.000000Z,2025,15,15,,,0,15,15,15,15,0,0,15,0,0,0,15,0,0,0,0,0,0,0,,,,,,,,0,,0,0,0,0,0,0,0,WARN,0,2
4604,10986,baltbet-main,finished,,2025-08-07T16:00:00.000000Z,2025,15,15,,,0,15,15,15,15,0,0,14,0,1,0,14,0,0,0,0,0,0,0,,,,,,,,0,,0,0,0,0,0,0,0,FAIL,1,2
4605,10988,baltbet-main,finished,,2025-08-08T15:00:00.000000Z,2025,15,15,,,0,15,15,15,15,0,0,15,0,0,0,15,0,0,0,0,0,0,0,,,,,,,,0,,0,0,0,0,0,0,0,WARN,0,2
4606,10991,baltbet-main,finished,,2025-08-09T14:30:00.000000Z,2025,15,15,,,0,15,15,15,15,0,0,15,0,0,0,15,0,0,0,0,0,0,0,,,,,,,,0,,0,0,0,0,0,0,0,WARN,0,2
4607,10996,baltbet-main,finished,,2025-08-10T14:00:00.000000Z,2025,15,15,,,0,15,15,15,15,0,0,15,0,0,0,15,0,0,0,0,0,0,0,,,,,,,,0,,0,0,0,0,0,0,0,WARN,0,2
4608,10998,baltbet-main,finished,,2025-08-11T16:00:00.000000Z,2025,15,15,,,0,15,15,15,15,0,0,15,0,0,0,15,0,0,0,0,0,0,0,,,,,,,,0,,0,0,0,0,0,0,0,WARN,0,2
4609,11000,baltbet-main,finished,,2025-08-12T17:00:00.000000Z,2025,15,15,,,0,15,15,15,15,0,0,15,0,0,0,15,0,0,0,0,0,0,0,,,,,,,,0,,0,0,0,0,0,0,0,WARN,0,2
4610,11003,baltbet-main,finished,,2025-08-13T15:30:00.000000Z,2025,15,15,,,0,15,15,15,15,0,0,13,0,2,0,13,0,0,0,0,0,0,0,,,,,,,,0,,0,0,0,0,0,0,0,FAIL,1,2
4611,11007,baltbet-main,finished,,2025-08-14T15:00:00.000000Z,2025,15,15,,,0,15,15,15,15,0,0,15,0,0,0,15,0,0,0,0,0,0,0,,,,,,,,0,,0,0,0,0,0,0,0,WARN,0,2
4612,11009,baltbet-main,finished,,2025-08-15T16:00:00.000000Z,2025,15,15,,,0,15,15,15,15,0,0,15,0,0,0,15,0,0,0,0,0,0,0,,,,,,,,0,,0,0,0,0,0,0,0,WARN,0,2
4613,11012,baltbet-main,finished,,2025-08-16T14:00:00.000000Z,2025,15,15,,,0,15,15,15,15,0,0,15,0,0,0,15,0,0,0,0,0,0,0,,,,,,,,0,,0,0,0,0,0,0,0,WARN,0,2
4614,11016,baltbet-main,finished,,2025-08-17T14:30:00.000000Z,2025,15,15,,,0,15,15,15,15,0,0,15,0,0,0,15,0,0,0,0,0,0,0,,,,,,,,0,,0,0,0,0,0,0,0,WARN,0,2
4615,11020,baltbet-main,finished,,2025-08-18T16:00:00.000000Z,2025,15,15,,,0,15,15,15,15,0,0,15,0,0,0,15,0,0,0,0,0,0,0,,,,,,,,0,,0,0,0,0,0,0,0,WARN,0,2
4616,11021,baltbet-main,finished,,2025-08-19T15:00:00.000000Z,2025,15,15,,,0,15,15,15,15,0,0,15,0,0,0,15,0,0,0,0,0,0,0,,,,,,,,0,,0,0,0,0,0,0,0,WARN,0,2
4617,11024,baltbet-main,finished,,2025-08-20T16:00:00.000000Z,2025,15,15,,,0,15,15,15,15,0,0,15,0,0,0,15,0,0,0,0,0,0,0,,,,,,,,0,,0,0,0,0,0,0,0,WARN,0,2
4618,11028,baltbet-main,finished,,2025-08-21T17:00:00.000000Z,2025,15,15,,,0,15,15,15,15,0,0,15,0,0,0,15,0,0,0,0,0,0,0,,,,,,,,0,,0,0,0,0,0,0,0,WARN,0,2
4619,11031,baltbet-main,finished,,2025-08-22T15:00:00.000000Z,2025,15,15,,,0,15,15,15,15,0,0,15,0,0,0,15,0,0,0,0,0,0,0,,,,,,,,0,,0,0,0,0,0,0,0,WARN,0,2
4620,11033,baltbet-main,finished,,2025-08-23T13:30:00.000000Z,2025,15,15,,,0,15,15,15,15,0,0,15,0,0,0,15,0,0,0,0,0,0,0,,,,,,,,0,,0,0,0,0,0,0,0,WARN,0,2
4621,11036,baltbet-main,finished,,2025-08-24T15:00:00.000000Z,2025,15,15,,,0,15,15,15,15,0,0,15,0,0,0,15,0,0,0,0,0,0,0,,,,,,,,0,,0,0,0,0,0,0,0,WARN,0,2
4622,11041,baltbet-main,finished,,2025-08-25T15:45:00.000000Z,2025,15,15,,,0,15,15,15,15,0,0,15,0,0,0,15,0,0,0,0,0,0,0,,,,,,,,0,,0,0,0,0,0,0,0,WARN,0,2
4623,11042,baltbet-main,finished,,2025-08-26T15:00:00.000000Z,2025,15,15,,,0,15,15,15,15,0,0,15,0,0,0,15,0,0,0,0,0,0,0,,,,,,,,0,,0,0,0,0,0,0,0,WARN,0,2
4624,11047,baltbet-main,finished,,2025-08-27T16:30:00.000000Z,2025,15,15,,,0,15,15,15,15,0,0,14,0,1,0,14,0,0,0,0,0,0,0,,,,,,,,0,,0,0,0,0,0,0,0,FAIL,1,2
4625,11050,baltbet-main,finished,,2025-08-28T15:00:00.000000Z,2025,15,15,,,0,15,15,15,15,0,0,15,0,0,0,15,0,0,0,0,0,0,0,,,,,,,,0,,0,0,0,0,0,0,0,WARN,0,2
4626,11051,baltbet-main,finished,,2025-08-29T15:00:00.000000Z,2025,15,15,,,0,15,15,15,15,0,0,15,0,0,0,15,0,0,0,0,0,0,0,,,,,,,,0,,0,0,0,0,0,0,0,WARN,0,2
4627,11054,baltbet-main,finished,,2025-08-30T15:30:00.000000Z,2025,15,15,,,0,15,15,15,15,0,0,15,0,0,0,15,0,0,0,0,0,0,0,,,,,,,,0,,0,0,0,0,0,0,0,WARN,0,2
4628,11059,baltbet-main,finished,,2025-08-31T14:30:00.000000Z,2025,15,15,,,0,15,15,15,15,0,0,15,0,0,0,15,0,0,0,0,0,0,0,,,,,,,,0,,0,0,0,0,0,0,0,WARN,0,2
4629,11062,baltbet-main,finished,,2025-09-01T15:00:00.000000Z,2025,15,15,,,0,15,15,15,15,0,0,15,0,0,0,15,0,0,0,0,0,0,0,,,,,,,,0,,0,0,0,0,0,0,0,WARN,0,2
4630,11063,baltbet-main,finished,,2025-09-02T18:00:00.000000Z,2025,15,15,,,0,15,15,15,15,0,0,15,0,0,0,15,0,0,0,0,0,0,0,,,,,,,,0,,0,0,0,0,0,0,0,WARN,0,2
4631,11067,baltbet-main,finished,,2025-09-03T14:30:00.000000Z,2025,15,15,,,0,15,15,15,15,0,0,15,0,0,0,15,0,0,0,0,0,0,0,,,,,,,,0,,0,0,0,0,0,0,0,WARN,0,2
4632,11068,baltbet-main,finished,,2025-09-04T13:30:00.000000Z,2025,15,15,,,0,15,15,15,15,0,0,15,0,0,0,15,0,0,0,0,0,0,0,,,,,,,,0,,0,0,0,0,0,0,0,WARN,0,2
4633,11071,baltbet-main,finished,,2025-09-05T16:00:00.000000Z,2025,15,15,,,0,15,15,15,15,0,0,15,0,0,0,15,0,0,0,0,0,0,0,,,,,,,,0,,0,0,0,0,0,0,0,WARN,0,2
4634,11074,baltbet-main,finished,,2025-09-06T15:00:00.000000Z,2025,15,15,,,0,15,15,15,15,0,0,14,0,1,0,14,0,0,0,0,0,0,0,,,,,,,,0,,0,0,0,0,0,0,0,FAIL,1,2
4635,11078,baltbet-main,finished,,2025-09-07T16:00:00.000000Z,2025,15,15,,,0,15,15,15,15,0,0,15,0,0,0,15,0,0,0,0,0,0,0,,,,,,,,0,,0,0,0,0,0,0,0,WARN,0,2
4636,11081,baltbet-main,finished,,2025-09-08T14:00:00.000000Z,2025,15,15,,,0,15,15,15,15,0,0,15,0,0,0,15,0,0,0,0,0,0,0,,,,,,,,0,,0,0,0,0,0,0,0,WARN,0,2
4637,11084,baltbet-main,finished,,2025-09-09T16:00:00.000000Z,2025,15,15,,,0,15,15,15,15,0,0,15,0,0,0,15,0,0,0,0,0,0,0,,,,,,,,0,,0,0,0,0,0,0,0,WARN,0,2
4638,11086,baltbet-main,finished,,2025-09-10T15:00:00.000000Z,2025,15,15,,,0,15,15,0,15,0,0,15,0,0,0,15,0,0,0,0,0,0,0,,,,,,,,0,,0,0,0,0,0,0,0,FAIL,1,2
4639,11088,baltbet-main,finished,,2025-09-11T14:00:00.000000Z,2025,15,15,,,0,15,15,15,15,0,0,15,0,0,0,15,0,0,0,0,0,0,0,,,,,,,,0,,0,0,0,0,0,0,0,WARN,0,2
4640,11091,baltbet-main,finished,,2025-09-12T15:00:00.000000Z,2025,15,15,,,0,15,15,15,15,0,0,15,0,0,0,15,0,0,0,0,0,0,0,,,,,,,,0,,0,0,0,0,0,0,0,WARN,0,2
4641,11093,baltbet-main,finished,,2025-09-13T15:00:00.000000Z,2025,15,15,,,0,15,15,15,15,0,0,15,0,0,0,15,0,0,0,0,0,0,0,,,,,,,,0,,0,0,0,0,0,0,0,WARN,0,2
4642,11097,baltbet-main,finished,,2025-09-14T13:30:00.000000Z,2025,15,15,,,0,15,15,15,15,0,0,15,0,0,0,15,0,0,0,0,0,0,0,,,,,,,,0,,0,0,0,0,0,0,0,WARN,0,2
4643,11100,baltbet-main,finished,,2025-09-15T15:30:00.000000Z,2025,15,15,,,0,15,15,15,15,0,0,15,0,0,0,15,0,0,0,0,0,0,0,,,,,,,,0,,0,0,0,0,0,0,0,WARN,0,2
4644,11102,baltbet-main,finished,,2025-09-16T16:45:00.000000Z,2025,15,15,,,0,15,15,15,15,0,0,15,0,0,0,15,0,0,0,0,0,0,0,,,,,,,,0,,0,0,0,0,0,0,0,WARN,0,2
4645,11105,baltbet-main,finished,,2025-09-17T16:00:00.000000Z,2025,15,15,,,0,15,15,15,15,0,0,15,0,0,0,15,0,0,0,0,0,0,0,,,,,,,,0,,0,0,0,0,0,0,0,WARN,0,2
4646,11108,baltbet-main,finished,,2025-09-18T14:00:00.000000Z,2025,15,15,,,0,15,15,15,15,0,0,15,0,0,0,15,0,0,0,0,0,0,0,,,,,,,,0,,0,0,0,0,0,0,0,WARN,0,2
4647,11110,baltbet-main,finished,,2025-09-19T15:00:00.000000Z,2025,15,15,,,0,15,15,15,15,0,0,15,0,0,0,15,0,0,0,0,0,0,0,,,,,,,,0,,0,0,0,0,0,0,0,WARN,0,2
4648,11112,baltbet-main,finished,,2025-09-20T13:30:00.000000Z,2025,15,15,,,0,15,15,15,15,0,0,15,0,0,0,15,0,0,0,0,0,0,0,,,,,,,,0,,0,0,0,0,0,0,0,WARN,0,2
4649,11116,baltbet-main,finished,,2025-09-21T13:00:00.000000Z,2025,15,15,,,0,15,15,15,15,0,0,15,0,0,0,15,0,0,0,0,0,0,0,,,,,,,,0,,0,0,0,0,0,0,0,WARN,0,2
4650,11119,baltbet-main,finished,,2025-09-22T15:00:00.000000Z,2025,15,15,,,0,15,15,15,15,0,0,15,0,0,0,15,0,0,0,0,0,0,0,,,,,,,,0,,0,0,0,0,0,0,0,WARN,0,2
4651,11121,baltbet-main,finished,,2025-09-23T16:00:00.000000Z,2025,15,15,,,0,15,15,15,15,0,0,15,0,0,0,15,0,0,0,0,0,0,0,,,,,,,,0,,0,0,0,0,0,0,0,WARN,0,2
4652,11124,baltbet-main,finished,,2025-09-24T15:30:00.000000Z,2025,15,15,,,0,15,15,15,15,0,0,15,0,0,0,15,0,0,0,0,0,0,0,,,,,,,,0,,0,0,0,0,0,0,0,WARN,0,2
4653,11127,baltbet-main,finished,,2025-09-25T13:00:00.000000Z,2025,15,15,,,0,15,15,15,15,0,0,15,0,0,0,15,0,0,0,0,0,0,0,,,,,,,,0,,0,0,0,0,0,0,0,WARN,0,2
4654,11130,baltbet-main,finished,,2025-09-26T15:00:00.000000Z,2025,15,15,,,0,15,15,15,15,0,0,15,0,0,0,15,0,0,0,0,0,0,0,,,,,,,,0,,0,0,0,0,0,0,0,WARN,0,2
4655,11133,baltbet-main,finished,,2025-09-27T13:30:00.000000Z,2025,15,15,,,0,15,15,15,15,0,0,15,0,0,0,15,0,0,0,0,0,0,0,,,,,,,,0,,0,0,0,0,0,0,0,WARN,0,2
4656,11137,baltbet-main,finished,,2025-09-28T13:00:00.000000Z,2025,15,15,,,0,15,15,15,15,0,0,15,0,0,0,15,0,0,0,0,0,0,0,,,,,,,,0,,0,0,0,0,0,0,0,WARN,0,2
4657,11140,baltbet-main,finished,,2025-09-29T16:00:00.000000Z,2025,15,15,,,0,15,15,15,15,0,0,15,0,0,0,15,0,0,0,0,0,0,0,,,,,,,,0,,0,0,0,0,0,0,0,WARN,0,2
4658,11143,baltbet-main,finished,,2025-09-30T18:30:00.000000Z,2025,15,15,,,0,15,15,15,15,0,0,15,0,0,0,15,0,0,0,0,0,0,0,,,,,,,,0,,0,0,0,0,0,0,0,WARN,0,2
4659,11147,baltbet-main,finished,,2025-10-01T15:00:00.000000Z,2025,15,15,,,0,15,15,15,15,0,0,15,0,0,0,15,0,0,0,0,0,0,0,,,,,,,,0,,0,0,0,0,0,0,0,WARN,0,2
4660,11148,baltbet-main,finished,,2025-10-02T16:30:00.000000Z,2025,15,15,,,0,15,15,15,15,0,0,15,0,0,0,15,0,0,0,0,0,0,0,,,,,,,,0,,0,0,0,0,0,0,0,WARN,0,2
4661,11151,baltbet-main,finished,,2025-10-03T16:30:00.000000Z,2025,15,15,,,0,15,15,15,15,0,0,15,0,0,0,15,0,0,0,0,0,0,0,,,,,,,,0,,0,0,0,0,0,0,0,WARN,0,2
4662,11155,baltbet-main,finished,,2025-10-04T13:30:00.000000Z,2025,15,15,,,0,15,15,15,15,0,0,15,0,0,0,15,0,0,0,0,0,0,0,,,,,,,,0,,0,0,0,0,0,0,0,WARN,0,2
4663,11158,baltbet-main,finished,,2025-10-05T13:00:00.000000Z,2025,15,15,,,0,15,15,15,15,0,0,15,0,0,0,15,0,0,0,0,0,0,0,,,,,,,,0,,0,0,0,0,0,0,0,WARN,0,2
4664,11161,baltbet-main,finished,,2025-10-06T15:30:00.000000Z,2025,15,15,,,0,15,15,15,15,0,0,14,0,1,0,14,0,0,0,0,0,0,0,,,,,,,,0,,0,0,0,0,0,0,0,FAIL,1,2
4665,11164,baltbet-main,finished,,2025-10-07T18:00:00.000000Z,2025,15,15,,,0,15,15,15,15,0,0,14,0,1,0,15,0,0,0,0,0,0,0,,,,,,,,0,,0,0,0,0,0,0,0,FAIL,1,2
4666,11166,baltbet-main,finished,,2025-10-08T14:00:00.000000Z,2025,15,15,,,0,15,15,15,15,0,0,15,0,0,0,15,0,0,0,0,0,0,0,,,,,,,,0,,0,0,0,0,0,0,0,WARN,0,2
4667,11169,baltbet-main,finished,,2025-10-09T16:00:00.000000Z,2025,15,15,,,0,15,15,15,15,0,0,14,0,1,0,14,0,0,0,0,0,0,0,,,,,,,,0,,0,0,0,0,0,0,0,FAIL,1,2
4668,11172,baltbet-main,finished,,2025-10-10T16:00:00.000000Z,2025,15,15,,,0,15,15,15,15,0,0,15,0,0,0,15,0,0,0,0,0,0,0,,,,,,,,0,,0,0,0,0,0,0,0,WARN,0,2
4669,11174,baltbet-main,finished,,2025-10-11T14:00:00.000000Z,2025,15,15,,,0,15,15,15,15,0,0,14,0,1,0,14,0,0,0,0,0,0,0,,,,,,,,0,,0,0,0,0,0,0,0,FAIL,1,2
4670,11178,baltbet-main,finished,,2025-10-12T14:00:00.000000Z,2025,15,15,,,0,15,15,15,15,0,0,14,0,1,0,14,0,0,0,0,0,0,0,,,,,,,,0,,0,0,0,0,0,0,0,FAIL,1,2
4671,11182,baltbet-main,finished,,2025-10-13T16:00:00.000000Z,2025,15,15,,,0,15,15,15,15,0,0,15,0,0,0,15,0,0,0,0,0,0,0,,,,,,,,0,,0,0,0,0,0,0,0,WARN,0,2
4672,11183,baltbet-main,finished,,2025-10-14T16:00:00.000000Z,2025,15,15,,,0,15,15,15,15,0,0,15,0,0,0,15,0,0,0,0,0,0,0,,,,,,,,0,,0,0,0,0,0,0,0,WARN,0,2
4673,11186,baltbet-main,finished,,2025-10-15T14:00:00.000000Z,2025,15,15,,,0,15,15,15,15,0,0,15,0,0,0,15,0,0,0,0,0,0,0,,,,,,,,0,,0,0,0,0,0,0,0,WARN,0,2
4674,11189,baltbet-main,finished,,2025-10-16T14:30:00.000000Z,2025,15,15,,,0,15,15,15,15,0,0,15,0,0,0,15,0,0,0,0,0,0,0,,,,,,,,0,,0,0,0,0,0,0,0,WARN,0,2
4675,11192,baltbet-main,finished,,2025-10-17T15:30:00.000000Z,2025,15,15,,,0,15,15,15,15,0,0,15,0,0,0,15,0,0,0,0,0,0,0,,,,,,,,0,,0,0,0,0,0,0,0,WARN,0,2
4676,11194,baltbet-main,finished,,2025-10-18T13:00:00.000000Z,2025,15,15,,,0,15,15,15,15,0,0,15,0,0,0,15,0,0,0,0,0,0,0,,,,,,,,0,,0,0,0,0,0,0,0,WARN,0,2
4677,11198,baltbet-main,finished,,2025-10-19T13:00:00.000000Z,2025,15,15,,,0,15,15,15,15,0,0,15,0,0,0,15,0,0,0,0,0,0,0,,,,,,,,0,,0,0,0,0,0,0,0,WARN,0,2
4678,11201,baltbet-main,finished,,2025-10-20T15:30:00.000000Z,2025,15,15,,,0,15,15,15,15,0,0,15,0,0,0,15,0,0,0,0,0,0,0,,,,,,,,0,,0,0,0,0,0,0,0,WARN,0,2
4679,11203,baltbet-main,finished,,2025-10-21T16:45:00.000000Z,2025,15,15,,,0,15,15,15,15,0,0,15,0,0,0,15,0,0,0,0,0,0,0,,,,,,,,0,,0,0,0,0,0,0,0,WARN,0,2
4680,11206,baltbet-main,finished,,2025-10-22T15:00:00.000000Z,2025,15,15,,,0,15,15,15,15,0,0,15,0,0,0,15,0,0,0,0,0,0,0,,,,,,,,0,,0,0,0,0,0,0,0,WARN,0,2
4681,11210,baltbet-main,finished,,2025-10-23T16:45:00.000000Z,2025,15,15,,,0,15,15,15,15,0,0,15,0,0,0,15,0,0,0,0,0,0,0,,,,,,,,0,,0,0,0,0,0,0,0,WARN,0,2
4682,11213,baltbet-main,finished,,2025-10-24T16:00:00.000000Z,2025,15,15,,,0,15,15,15,15,0,0,14,0,1,0,14,0,0,0,0,0,0,0,,,,,,,,0,,0,0,0,0,0,0,0,FAIL,1,2
4683,11216,baltbet-main,finished,,2025-10-25T13:00:00.000000Z,2025,15,15,,,0,15,15,15,15,0,0,15,0,0,0,15,0,0,0,0,0,0,0,,,,,,,,0,,0,0,0,0,0,0,0,WARN,0,2
4684,11218,baltbet-main,finished,,2025-10-26T13:30:00.000000Z,2025,15,15,,,0,15,15,15,15,0,0,15,0,0,0,15,0,0,0,0,0,0,0,,,,,,,,0,,0,0,0,0,0,0,0,WARN,0,2
4685,11222,baltbet-main,finished,,2025-10-27T15:30:00.000000Z,2025,15,15,,,0,15,15,15,15,0,0,15,0,0,0,15,0,0,0,0,0,0,0,,,,,,,,0,,0,0,0,0,0,0,0,WARN,0,2
4686,11225,baltbet-main,finished,,2025-10-28T17:30:00.000000Z,2025,15,15,,,0,15,15,15,15,0,0,15,0,0,0,15,0,0,0,0,0,0,0,,,,,,,,0,,0,0,0,0,0,0,0,WARN,0,2
4687,11226,baltbet-main,finished,,2025-10-29T17:00:00.000000Z,2025,15,15,,,0,15,15,15,15,0,0,15,0,0,0,15,0,0,0,0,0,0,0,,,,,,,,0,,0,0,0,0,0,0,0,WARN,0,2
4688,11229,baltbet-main,finished,,2025-10-30T14:00:00.000000Z,2025,15,15,,,0,15,15,15,15,0,0,15,0,0,0,15,0,0,0,0,0,0,0,,,,,,,,0,,0,0,0,0,0,0,0,WARN,0,2
4689,11232,baltbet-main,finished,,2025-10-31T17:00:00.000000Z,2025,15,15,,,0,15,15,15,15,0,0,15,0,0,0,15,0,0,0,0,0,0,0,,,,,,,,0,,0,0,0,0,0,0,0,WARN,0,2
4690,11234,baltbet-main,finished,,2025-11-01T14:30:00.000000Z,2025,15,15,,,0,15,15,15,15,0,0,15,0,0,0,15,0,0,0,0,0,0,0,,,,,,,,0,,0,0,0,0,0,0,0,WARN,0,2
4691,11239,baltbet-main,finished,,2025-11-02T14:00:00.000000Z,2025,15,15,,,0,15,15,15,15,0,0,15,0,0,0,15,0,0,0,0,0,0,0,,,,,,,,0,,0,0,0,0,0,0,0,WARN,0,2
4692,11242,baltbet-main,finished,,2025-11-03T15:30:00.000000Z,2025,15,15,,,0,15,15,15,15,0,0,15,0,0,0,15,0,0,0,0,0,0,0,,,,,,,,0,,0,0,0,0,0,0,0,WARN,0,2
4693,11243,baltbet-main,finished,,2025-11-04T16:00:00.000000Z,2025,15,15,,,0,15,15,15,15,0,0,15,0,0,0,15,0,0,0,0,0,0,0,,,,,,,,0,,0,0,0,0,0,0,0,WARN,0,2
4694,11247,baltbet-main,finished,,2025-11-05T19:00:00.000000Z,2025,15,15,,,0,15,15,15,15,0,0,15,0,0,0,15,0,0,0,0,0,0,0,,,,,,,,0,,0,0,0,0,0,0,0,WARN,0,2
4695,11250,baltbet-main,finished,,2025-11-06T16:30:00.000000Z,2025,15,15,,,0,15,15,15,15,0,0,15,0,0,0,15,0,0,0,0,0,0,0,,,,,,,,0,,0,0,0,0,0,0,0,WARN,0,2
4696,11253,baltbet-main,finished,,2025-11-07T17:00:00.000000Z,2025,15,15,,,0,15,15,15,15,0,0,15,0,0,0,15,0,0,0,0,0,0,0,,,,,,,,0,,0,0,0,0,0,0,0,WARN,0,2
4697,11256,baltbet-main,finished,,2025-11-08T13:30:00.000000Z,2025,15,15,,,0,15,15,15,15,0,0,15,0,0,0,15,0,0,0,0,0,0,0,,,,,,,,0,,0,0,0,0,0,0,0,WARN,0,2
4698,11260,baltbet-main,finished,,2025-11-09T14:00:00.000000Z,2025,15,15,,,0,15,15,15,15,0,0,15,0,0,0,15,0,0,0,0,0,0,0,,,,,,,,0,,0,0,0,0,0,0,0,WARN,0,2
4699,11261,baltbet-main,finished,,2025-11-10T13:00:00.000000Z,2025,15,15,,,0,15,15,15,15,0,0,15,0,0,0,15,0,0,0,0,0,0,0,,,,,,,,0,,0,0,0,0,0,0,0,WARN,0,2
4700,11265,baltbet-main,finished,,2025-11-11T19:00:00.000000Z,2025,15,15,,,0,15,15,15,15,0,0,14,0,1,0,14,0,0,0,0,0,0,0,,,,,,,,0,,0,0,0,0,0,0,0,FAIL,1,2
4701,11266,baltbet-main,finished,,2025-11-12T14:00:00.000000Z,2025,15,15,,,0,15,15,15,15,0,0,14,0,1,0,14,0,0,0,0,0,0,0,,,,,,,,0,,0,0,0,0,0,0,0,FAIL,1,2
4702,11269,baltbet-main,finished,,2025-11-13T16:00:00.000000Z,2025,15,15,,,0,15,15,15,15,0,0,15,0,0,0,15,0,0,0,0,0,0,0,,,,,,,,0,,0,0,0,0,0,0,0,WARN,0,2
4703,11272,baltbet-main,finished,,2025-11-14T15:00:00.000000Z,2025,15,15,,,0,15,15,15,15,0,0,15,0,0,0,15,0,0,0,0,0,0,0,,,,,,,,0,,0,0,0,0,0,0,0,WARN,0,2
4704,11275,baltbet-main,finished,,2025-11-15T15:00:00.000000Z,2025,15,15,,,0,15,15,15,15,0,0,15,0,0,0,15,0,0,0,0,0,0,0,,,,,,,,0,,0,0,0,0,0,0,0,WARN,0,2
4705,11277,baltbet-main,finished,,2025-11-16T14:00:00.000000Z,2025,15,15,,,0,15,15,15,15,0,0,15,0,0,0,15,0,0,0,0,0,0,0,,,,,,,,0,,0,0,0,0,0,0,0,WARN,0,2
4706,11280,baltbet-main,finished,,2025-11-17T14:30:00.000000Z,2025,15,15,,,0,15,15,15,15,0,0,15,0,0,0,15,0,0,0,0,0,0,0,,,,,,,,0,,0,0,0,0,0,0,0,WARN,0,2
4707,11283,baltbet-main,finished,,2025-11-18T16:00:00.000000Z,2025,15,15,,,0,15,15,15,15,0,0,15,0,0,0,15,0,0,0,0,0,0,0,,,,,,,,0,,0,0,0,0,0,0,0,WARN,0,2
4708,11285,baltbet-main,finished,,2025-11-19T15:00:00.000000Z,2025,15,15,,,0,15,15,0,15,0,0,15,0,0,0,15,0,0,0,0,0,0,0,,,,,,,,0,,0,0,0,0,0,0,0,FAIL,1,2
4709,11289,baltbet-main,finished,,2025-11-20T16:30:00.000000Z,2025,15,15,,,0,15,15,15,15,0,0,15,0,0,0,15,0,0,0,0,0,0,0,,,,,,,,0,,0,0,0,0,0,0,0,WARN,0,2
4710,11291,baltbet-main,finished,,2025-11-21T15:30:00.000000Z,2025,15,15,,,0,15,15,15,15,0,0,15,0,0,0,15,0,0,0,0,0,0,0,,,,,,,,0,,0,0,0,0,0,0,0,WARN,0,2
4711,11294,baltbet-main,finished,,2025-11-22T13:00:00.000000Z,2025,15,15,,,0,15,15,15,15,0,0,15,0,0,0,15,0,0,0,0,0,0,0,,,,,,,,0,,0,0,0,0,0,0,0,WARN,0,2
4712,11297,baltbet-main,finished,,2025-11-23T13:00:00.000000Z,2025,15,15,,,0,15,15,15,15,0,0,15,0,0,0,15,0,0,0,0,0,0,0,,,,,,,,0,,0,0,0,0,0,0,0,WARN,0,2
4713,11300,baltbet-main,finished,,2025-11-24T13:45:00.000000Z,2025,15,15,,,0,15,15,15,15,0,0,15,0,0,0,15,0,0,0,0,0,0,0,,,,,,,,0,,0,0,0,0,0,0,0,WARN,0,2
4714,11302,baltbet-main,finished,,2025-11-25T19:45:00.000000Z,2025,15,15,,,0,15,15,15,15,0,0,14,0,1,0,14,0,0,0,0,0,0,0,,,,,,,,0,,0,0,0,0,0,0,0,FAIL,1,2
4715,11306,baltbet-main,finished,,2025-11-26T15:00:00.000000Z,2025,15,15,,,0,15,15,15,15,0,0,14,0,1,0,14,0,0,0,0,0,0,0,,,,,,,,0,,0,0,0,0,0,0,0,FAIL,1,2
4716,11308,baltbet-main,finished,,2025-11-27T13:00:00.000000Z,2025,15,15,,,0,15,15,15,15,0,0,15,0,0,0,15,0,0,0,0,0,0,0,,,,,,,,0,,0,0,0,0,0,0,0,WARN,0,2
4717,11311,baltbet-main,finished,,2025-11-28T16:00:00.000000Z,2025,15,15,,,0,15,15,15,15,0,0,15,0,0,0,15,0,0,0,0,0,0,0,,,,,,,,0,,0,0,0,0,0,0,0,WARN,0,2
4718,11314,baltbet-main,finished,,2025-11-29T14:00:00.000000Z,2025,15,15,,,0,15,15,15,15,0,0,15,0,0,0,15,0,0,0,0,0,0,0,,,,,,,,0,,0,0,0,0,0,0,0,WARN,0,2
4719,11318,baltbet-main,finished,,2025-11-30T13:00:00.000000Z,2025,15,15,,,0,15,15,15,15,0,0,15,0,0,0,15,0,0,0,0,0,0,0,,,,,,,,0,,0,0,0,0,0,0,0,WARN,0,2
4720,11321,baltbet-main,finished,,2025-12-01T15:30:00.000000Z,2025,15,15,,,0,15,15,15,15,0,0,15,0,0,0,15,0,0,0,0,0,0,0,,,,,,,,0,,0,0,0,0,0,0,0,WARN,0,2
4721,11323,baltbet-main,finished,,2025-12-02T15:00:00.000000Z,2025,15,15,,,0,15,15,15,15,0,0,15,0,0,0,15,0,0,0,0,0,0,0,,,,,,,,0,,0,0,0,0,0,0,0,WARN,0,2
4722,11326,baltbet-main,finished,,2025-12-03T16:30:00.000000Z,2025,15,15,,,0,15,15,15,15,0,0,14,0,1,0,14,0,0,0,0,0,0,0,,,,,,,,0,,0,0,0,0,0,0,0,FAIL,1,2
4723,11329,baltbet-main,finished,,2025-12-04T16:00:00.000000Z,2025,15,15,,,0,15,15,15,15,0,0,15,0,0,0,15,0,0,0,0,0,0,0,,,,,,,,0,,0,0,0,0,0,0,0,WARN,0,2
4724,11332,baltbet-main,finished,,2025-12-05T17:30:00.000000Z,2025,15,15,,,0,15,15,15,15,0,0,14,0,1,0,15,0,0,0,0,0,0,0,,,,,,,,0,,0,0,0,0,0,0,0,FAIL,1,2
4725,11335,baltbet-main,finished,,2025-12-06T13:45:00.000000Z,2025,15,15,,,0,15,15,0,15,0,0,15,0,0,0,15,0,0,0,0,0,0,0,,,,,,,,0,,0,0,0,0,0,0,0,FAIL,1,2
4726,11338,baltbet-main,finished,,2025-12-07T14:30:00.000000Z,2025,15,15,,,0,15,15,15,15,0,0,15,0,0,0,15,0,0,0,0,0,0,0,,,,,,,,0,,0,0,0,0,0,0,0,WARN,0,2
4727,11342,baltbet-main,finished,,2025-12-08T14:00:00.000000Z,2025,15,15,,,0,15,15,15,15,0,0,15,0,0,0,15,0,0,0,0,0,0,0,,,,,,,,0,,0,0,0,0,0,0,0,WARN,0,2
4728,11343,baltbet-main,finished,,2025-12-09T19:45:00.000000Z,2025,15,15,,,0,15,15,15,15,0,0,14,0,1,0,14,0,0,0,0,0,0,0,,,,,,,,0,,0,0,0,0,0,0,0,FAIL,1,2
4729,11348,baltbet-main,finished,,2025-12-10T17:00:00.000000Z,2025,15,15,,,0,15,15,15,15,0,0,15,0,0,0,15,0,0,0,0,0,0,0,,,,,,,,0,,0,0,0,0,0,0,0,WARN,0,2
4730,11350,baltbet-main,finished,,2025-12-11T17:45:00.000000Z,2025,15,15,,,0,15,15,15,15,0,0,15,0,0,0,15,0,0,0,0,0,0,0,,,,,,,,0,,0,0,0,0,0,0,0,WARN,0,2
4731,11353,baltbet-main,finished,,2025-12-12T17:00:00.000000Z,2025,15,15,,,0,15,15,15,15,0,0,15,0,0,0,15,0,0,0,0,0,0,0,,,,,,,,0,,0,0,0,0,0,0,0,WARN,0,2
4732,11356,baltbet-main,finished,,2025-12-13T14:00:00.000000Z,2025,15,15,,,0,15,15,15,15,0,0,14,0,1,0,14,0,0,0,0,0,0,0,,,,,,,,0,,0,0,0,0,0,0,0,FAIL,1,2
4733,11359,baltbet-main,finished,,2025-12-14T14:00:00.000000Z,2025,15,15,,,0,15,15,15,15,0,0,15,0,0,0,15,0,0,0,0,0,0,0,,,,,,,,0,,0,0,0,0,0,0,0,WARN,0,2
4734,11363,baltbet-main,finished,,2025-12-15T15:30:00.000000Z,2025,15,15,,,0,15,15,15,15,0,0,15,0,0,0,15,0,0,0,0,0,0,0,,,,,,,,0,,0,0,0,0,0,0,0,WARN,0,2
4735,11364,baltbet-main,finished,,2025-12-16T16:00:00.000000Z,2025,15,15,,,0,15,15,15,15,0,0,15,0,0,0,15,0,0,0,0,0,0,0,,,,,,,,0,,0,0,0,0,0,0,0,WARN,0,2
4736,11367,baltbet-main,finished,,2025-12-17T15:00:00.000000Z,2025,15,15,,,0,15,15,15,15,0,0,15,0,0,0,15,0,0,0,0,0,0,0,,,,,,,,0,,0,0,0,0,0,0,0,WARN,0,2
4737,11370,baltbet-main,finished,,2025-12-18T15:00:00.000000Z,2025,15,15,,,0,15,15,15,15,0,0,15,0,0,0,15,0,0,0,0,0,0,0,,,,,,,,0,,0,0,0,0,0,0,0,WARN,0,2
4738,11372,baltbet-main,finished,,2025-12-19T17:00:00.000000Z,2025,15,15,,,0,15,15,15,15,0,0,15,0,0,0,15,0,0,0,0,0,0,0,,,,,,,,0,,0,0,0,0,0,0,0,WARN,0,2
4739,11374,baltbet-main,finished,,2025-12-20T14:30:00.000000Z,2025,15,15,,,0,15,15,15,15,0,0,15,0,0,0,15,0,0,0,0,0,0,0,,,,,,,,0,,0,0,0,0,0,0,0,WARN,0,2
4740,11378,baltbet-main,finished,,2025-12-21T14:00:00.000000Z,2025,15,15,,,0,15,15,15,15,0,0,15,0,0,0,15,0,0,0,0,0,0,0,,,,,,,,0,,0,0,0,0,0,0,0,WARN,0,2
4741,11380,baltbet-main,finished,,2025-12-22T14:00:00.000000Z,2025,15,15,,,0,15,15,15,15,0,0,15,0,0,0,15,0,0,0,0,0,0,0,,,,,,,,0,,0,0,0,0,0,0,0,WARN,0,2
4742,11382,baltbet-main,finished,,2025-12-23T13:30:00.000000Z,2025,15,15,,,0,15,15,15,15,0,0,15,0,0,0,15,0,0,0,0,0,0,0,,,,,,,,0,,0,0,0,0,0,0,0,WARN,0,2
4743,11386,baltbet-main,finished,,2025-12-24T12:20:00.000000Z,2025,15,15,,,0,15,15,15,15,0,0,15,0,0,0,15,0,0,0,0,0,0,0,,,,,,,,0,,0,0,0,0,0,0,0,WARN,0,2
4744,11388,baltbet-main,finished,,2025-12-25T12:00:00.000000Z,2025,15,15,,,0,15,15,15,15,0,0,14,0,1,0,14,0,0,0,0,0,0,0,,,,,,,,0,,0,0,0,0,0,0,0,FAIL,1,2
4745,11392,baltbet-main,finished,,2025-12-26T15:00:00.000000Z,2025,15,15,,,0,15,15,15,15,0,0,15,0,0,0,15,0,0,0,0,0,0,0,,,,,,,,0,,0,0,0,0,0,0,0,WARN,0,2
4746,11394,baltbet-main,finished,,2025-12-27T14:00:00.000000Z,2025,15,15,,,0,15,15,15,15,0,0,15,0,0,0,15,0,0,0,0,0,0,0,,,,,,,,0,,0,0,0,0,0,0,0,WARN,0,2
4747,11398,baltbet-main,finished,,2025-12-28T14:00:00.000000Z,2025,15,15,,,0,15,15,15,15,0,0,15,0,0,0,15,0,0,0,0,0,0,0,,,,,,,,0,,0,0,0,0,0,0,0,WARN,0,2
4748,11400,baltbet-main,finished,,2025-12-29T16:00:00.000000Z,2025,15,15,,,0,15,15,15,15,0,0,15,0,0,0,15,0,0,0,0,0,0,0,,,,,,,,0,,0,0,0,0,0,0,0,WARN,0,2
4749,11402,baltbet-main,finished,,2025-12-30T17:00:00.000000Z,2025,15,15,,,0,15,15,15,15,0,0,15,0,0,0,15,0,0,0,0,0,0,0,,,,,,,,0,,0,0,0,0,0,0,0,WARN,0,2
4750,11406,baltbet-main,finished,,2025-12-31T13:00:00.000000Z,2025,15,15,,,0,15,15,15,15,0,0,15,0,0,0,15,0,0,0,0,0,0,0,,,,,,,,0,,0,0,0,0,0,0,0,WARN,0,2
4751,11408,baltbet-main,finished,,2026-01-01T15:00:00.000000Z,2026,15,15,,,0,15,15,15,15,0,0,15,0,0,0,15,0,0,0,0,0,0,0,,,,,,,,0,,0,0,0,0,0,0,0,WARN,0,2
4752,11410,baltbet-main,finished,,2026-01-02T12:55:00.000000Z,2026,15,15,,,0,15,15,15,15,0,0,15,0,0,0,15,0,0,0,0,0,0,0,,,,,,,,0,,0,0,0,0,0,0,0,WARN,0,2
4753,11412,baltbet-main,finished,,2026-01-03T15:00:00.000000Z,2026,15,15,,,0,15,15,15,15,0,0,12,0,3,0,12,0,0,0,0,0,0,0,,,,,,,,0,,0,0,0,0,0,0,0,FAIL,1,2
4754,11416,baltbet-main,finished,,2026-01-04T15:00:00.000000Z,2026,15,15,,,0,15,15,15,15,0,0,12,0,3,0,13,0,0,0,0,0,0,0,,,,,,,,0,,0,0,0,0,0,0,0,FAIL,1,2
4755,11418,baltbet-main,finished,,2026-01-05T14:00:00.000000Z,2026,15,15,,,0,15,15,15,15,0,0,15,0,0,0,15,0,0,0,0,0,0,0,,,,,,,,0,,0,0,0,0,0,0,0,WARN,0,2
4756,11421,baltbet-main,finished,,2026-01-06T14:00:00.000000Z,2026,15,15,,,0,15,15,15,15,0,0,13,0,2,0,13,0,0,0,0,0,0,0,,,,,,,,0,,0,0,0,0,0,0,0,FAIL,1,2
4757,11423,baltbet-main,finished,,2026-01-07T14:30:00.000000Z,2026,15,15,,,0,15,15,15,15,0,0,15,0,0,0,15,0,0,0,0,0,0,0,,,,,,,,0,,0,0,0,0,0,0,0,WARN,0,2
4758,11426,baltbet-main,finished,,2026-01-08T14:00:00.000000Z,2026,15,15,,,0,15,15,15,15,0,0,15,0,0,0,15,0,0,0,0,0,0,0,,,,,,,,0,,0,0,0,0,0,0,0,WARN,0,2
4759,11428,baltbet-main,finished,,2026-01-09T15:00:00.000000Z,2026,15,15,,,0,15,15,15,15,0,0,12,0,3,0,13,0,0,0,0,0,0,0,,,,,,,,0,,0,0,0,0,0,0,0,FAIL,1,2
4760,11430,baltbet-main,finished,,2026-01-10T14:30:00.000000Z,2026,15,15,,,0,15,15,15,15,0,0,14,0,1,0,14,0,0,0,0,0,0,0,,,,,,,,0,,0,0,0,0,0,0,0,FAIL,1,2
4761,11434,baltbet-main,finished,,2026-01-11T15:00:00.000000Z,2026,15,15,,,0,15,15,15,15,0,0,15,0,0,0,15,0,0,0,0,0,0,0,,,,,,,,0,,0,0,0,0,0,0,0,WARN,0,2
4762,11437,baltbet-main,finished,,2026-01-12T15:00:00.000000Z,2026,15,15,,,0,15,15,15,15,0,0,15,0,0,0,15,0,0,0,0,0,0,0,,,,,,,,0,,0,0,0,0,0,0,0,WARN,0,2
4763,11439,baltbet-main,finished,,2026-01-13T15:00:00.000000Z,2026,15,15,,,0,15,15,15,15,0,0,14,0,1,0,14,0,0,0,0,0,0,0,,,,,,,,0,,0,0,0,0,0,0,0,FAIL,1,2
4764,11441,baltbet-main,finished,,2026-01-14T16:00:00.000000Z,2026,15,15,,,0,15,15,15,15,0,0,15,0,0,0,15,0,0,0,0,0,0,0,,,,,,,,0,,0,0,0,0,0,0,0,WARN,0,2
4765,11444,baltbet-main,finished,,2026-01-15T15:00:00.000000Z,2026,15,15,,,0,15,15,15,15,0,0,15,0,0,0,15,0,0,0,0,0,0,0,,,,,,,,0,,0,0,0,0,0,0,0,WARN,0,2
4766,11446,baltbet-main,finished,,2026-01-16T15:00:00.000000Z,2026,15,15,,,0,15,15,15,15,0,0,15,0,0,0,15,0,0,0,0,0,0,0,,,,,,,,0,,0,0,0,0,0,0,0,WARN,0,2
4767,11449,baltbet-main,finished,,2026-01-17T15:00:00.000000Z,2026,15,15,,,0,15,15,15,15,0,0,15,0,0,0,15,0,0,0,0,0,0,0,,,,,,,,0,,0,0,0,0,0,0,0,WARN,0,2
4768,11452,baltbet-main,finished,,2026-01-18T14:00:00.000000Z,2026,15,15,,,0,15,15,15,15,0,0,15,0,0,0,15,0,0,0,0,0,0,0,,,,,,,,0,,0,0,0,0,0,0,0,WARN,0,2
4769,11456,baltbet-main,finished,,2026-01-19T14:00:00.000000Z,2026,15,15,,,0,15,15,15,15,0,0,15,0,0,0,15,0,0,0,0,0,0,0,,,,,,,,0,,0,0,0,0,0,0,0,WARN,0,2
4770,11457,baltbet-main,finished,,2026-01-20T15:00:00.000000Z,2026,15,15,,,0,15,15,15,15,0,0,15,0,0,0,15,0,0,0,0,0,0,0,,,,,,,,0,,0,0,0,0,0,0,0,WARN,0,2
4771,11460,baltbet-main,finished,,2026-01-21T15:30:00.000000Z,2026,15,15,,,0,15,15,15,15,0,0,15,0,0,0,15,0,0,0,0,0,0,0,,,,,,,,0,,0,0,0,0,0,0,0,WARN,0,2
4772,11463,baltbet-main,finished,,2026-01-22T17:30:00.000000Z,2026,15,15,,,0,15,15,15,15,0,0,15,0,0,0,15,0,0,0,0,0,0,0,,,,,,,,0,,0,0,0,0,0,0,0,WARN,0,2
4773,11467,baltbet-main,finished,,2026-01-23T15:00:00.000000Z,2026,15,15,,,0,15,15,15,15,0,0,15,0,0,0,15,0,0,0,0,0,0,0,,,,,,,,0,,0,0,0,0,0,0,0,WARN,0,2
4774,11468,baltbet-main,finished,,2026-01-24T14:30:00.000000Z,2026,15,15,,,0,15,15,15,15,0,0,15,0,0,0,15,0,0,0,0,0,0,0,,,,,,,,0,,0,0,0,0,0,0,0,WARN,0,2
4775,11473,baltbet-main,finished,,2026-01-25T14:00:00.000000Z,2026,15,15,,,0,15,15,15,15,0,0,15,0,0,0,15,0,0,0,0,0,0,0,,,,,,,,0,,0,0,0,0,0,0,0,WARN,0,2
4776,11475,baltbet-main,finished,,2026-01-26T15:00:00.000000Z,2026,15,15,,,0,15,15,15,15,0,0,14,0,1,0,14,0,0,0,0,0,0,0,,,,,,,,0,,0,0,0,0,0,0,0,FAIL,1,2
4777,11477,baltbet-main,finished,,2026-01-27T19:30:00.000000Z,2026,15,15,,,0,15,15,15,15,0,0,12,0,3,0,12,0,0,0,0,0,0,0,,,,,,,,0,,0,0,0,0,0,0,0,FAIL,1,2
4778,11481,baltbet-main,finished,,2026-01-28T20:00:00.000000Z,2026,15,15,,,0,15,15,15,15,0,0,15,0,0,0,15,0,0,0,0,0,0,0,,,,,,,,0,,0,0,0,0,0,0,0,WARN,0,2
4779,11485,baltbet-main,finished,,2026-01-29T20:00:00.000000Z,2026,15,15,,,0,15,15,15,15,0,0,15,0,0,0,15,0,0,0,0,0,0,0,,,,,,,,0,,0,0,0,0,0,0,0,WARN,0,2
4780,11488,baltbet-main,finished,,2026-01-30T17:00:00.000000Z,2026,15,15,,,0,15,15,15,15,0,0,15,0,0,0,15,0,0,0,0,0,0,0,,,,,,,,0,,0,0,0,0,0,0,0,WARN,0,2
4781,11489,baltbet-main,finished,,2026-01-31T14:00:00.000000Z,2026,15,15,,,0,15,15,15,15,0,0,15,0,0,0,15,0,0,0,0,0,0,0,,,,,,,,0,,0,0,0,0,0,0,0,WARN,0,2
4782,11494,baltbet-main,finished,,2026-02-01T14:00:00.000000Z,2026,15,15,,,0,15,15,15,15,0,0,15,0,0,0,15,0,0,0,0,0,0,0,,,,,,,,0,,0,0,0,0,0,0,0,WARN,0,2
4783,11496,baltbet-main,finished,,2026-02-02T16:30:00.000000Z,2026,15,15,,,0,15,15,15,15,0,0,14,0,1,0,14,0,0,0,0,0,0,0,,,,,,,,0,,0,0,0,0,0,0,0,FAIL,1,2
4784,11499,baltbet-main,finished,,2026-02-03T15:40:00.000000Z,2026,15,15,,,0,15,15,15,15,0,0,14,0,1,0,14,0,0,0,0,0,0,0,,,,,,,,0,,0,0,0,0,0,0,0,FAIL,1,2
4785,11501,baltbet-main,finished,,2026-02-04T15:00:00.000000Z,2026,15,15,,,0,15,15,15,15,0,0,15,0,0,0,15,0,0,0,0,0,0,0,,,,,,,,0,,0,0,0,0,0,0,0,WARN,0,2
4786,11505,baltbet-main,finished,,2026-02-05T15:00:00.000000Z,2026,15,15,,,0,15,15,15,15,0,0,15,0,0,0,15,0,0,0,0,0,0,0,,,,,,,,0,,0,0,0,0,0,0,0,WARN,0,2
4787,11508,baltbet-main,finished,,2026-02-06T17:30:00.000000Z,2026,15,15,,,0,15,15,15,15,0,0,15,0,0,0,15,0,0,0,0,0,0,0,,,,,,,,0,,0,0,0,0,0,0,0,WARN,0,2
4788,11511,baltbet-main,finished,,2026-02-07T14:30:00.000000Z,2026,15,15,,,0,15,15,15,15,0,0,15,0,0,0,15,0,0,0,0,0,0,0,,,,,,,,0,,0,0,0,0,0,0,0,WARN,0,2
4789,11514,baltbet-main,finished,,2026-02-08T13:00:00.000000Z,2026,15,15,,,0,15,15,15,15,0,0,15,0,0,0,15,0,0,0,0,0,0,0,,,,,,,,0,,0,0,0,0,0,0,0,WARN,0,2
4790,11516,baltbet-main,finished,,2026-02-09T13:45:00.000000Z,2026,15,15,,,0,15,15,15,15,0,0,14,0,1,0,14,0,0,0,0,0,0,0,,,,,,,,0,,0,0,0,0,0,0,0,FAIL,1,2
4791,11519,baltbet-main,finished,,2026-02-10T18:00:00.000000Z,2026,15,15,,,0,15,15,15,15,0,0,14,0,1,0,14,0,0,0,0,0,0,0,,,,,,,,0,,0,0,0,0,0,0,0,FAIL,1,2
4792,11523,baltbet-main,finished,,2026-02-11T17:45:00.000000Z,2026,15,15,,,0,15,15,15,15,0,0,14,0,1,0,14,0,0,0,0,0,0,0,,,,,,,,0,,0,0,0,0,0,0,0,FAIL,1,2
4793,11526,baltbet-main,finished,,2026-02-12T16:00:00.000000Z,2026,15,15,,,0,15,15,15,15,0,0,15,0,0,0,15,0,0,0,0,0,0,0,,,,,,,,0,,0,0,0,0,0,0,0,WARN,0,2
4794,11528,baltbet-main,finished,,2026-02-13T17:00:00.000000Z,2026,15,15,,,0,15,15,15,15,0,0,14,0,1,0,14,0,0,0,0,0,0,0,,,,,,,,0,,0,0,0,0,0,0,0,FAIL,1,2
4795,11531,baltbet-main,finished,,2026-02-14T14:30:00.000000Z,2026,15,15,,,0,15,15,15,15,0,0,15,0,0,0,15,0,0,0,0,0,0,0,,,,,,,,0,,0,0,0,0,0,0,0,WARN,0,2
4796,11535,baltbet-main,finished,,2026-02-15T14:00:00.000000Z,2026,15,15,,,0,15,15,15,15,0,0,15,0,0,0,15,0,0,0,0,0,0,0,,,,,,,,0,,0,0,0,0,0,0,0,WARN,0,2
4797,11538,baltbet-main,finished,,2026-02-16T15:00:00.000000Z,2026,15,15,,,0,15,15,15,15,0,0,15,0,0,0,15,0,0,0,0,0,0,0,,,,,,,,0,,0,0,0,0,0,0,0,WARN,0,2
4798,11540,baltbet-main,finished,,2026-02-17T17:45:00.000000Z,2026,15,15,,,0,15,15,15,15,0,0,15,0,0,0,15,0,0,0,0,0,0,0,,,,,,,,0,,0,0,0,0,0,0,0,WARN,0,2
4799,11544,baltbet-main,finished,,2026-02-18T16:30:00.000000Z,2026,15,15,,,0,15,15,15,15,0,0,14,0,1,0,14,0,0,0,0,0,0,0,,,,,,,,0,,0,0,0,0,0,0,0,FAIL,1,2
4800,11547,baltbet-main,finished,,2026-02-19T17:45:00.000000Z,2026,15,15,,,0,15,15,15,15,0,0,13,0,2,0,13,0,0,0,0,0,0,0,,,,,,,,0,,0,0,0,0,0,0,0,FAIL,1,2
4801,11549,baltbet-main,finished,,2026-02-20T17:00:00.000000Z,2026,15,15,,,0,15,15,15,15,0,0,15,0,0,0,15,0,0,0,0,0,0,0,,,,,,,,0,,0,0,0,0,0,0,0,WARN,0,2
4802,11553,baltbet-main,finished,,2026-02-21T14:00:00.000000Z,2026,15,15,,,0,15,15,15,15,0,0,15,0,0,0,15,0,0,0,0,0,0,0,,,,,,,,0,,0,0,0,0,0,0,0,WARN,0,2
4803,11557,baltbet-main,finished,,2026-02-22T14:00:00.000000Z,2026,15,15,,,0,15,15,15,15,0,0,15,0,0,0,15,0,0,0,0,0,0,0,,,,,,,,0,,0,0,0,0,0,0,0,WARN,0,2
4804,11559,baltbet-main,finished,,2026-02-23T15:00:00.000000Z,2026,15,15,,,0,15,15,15,15,0,0,15,0,0,0,15,0,0,0,0,0,0,0,,,,,,,,0,,0,0,0,0,0,0,0,WARN,0,2
4805,11563,baltbet-main,finished,,2026-02-24T19:00:00.000000Z,2026,15,15,,,0,15,15,15,15,0,0,15,0,0,0,15,0,0,0,0,0,0,0,,,,,,,,0,,0,0,0,0,0,0,0,WARN,0,2
4806,11566,baltbet-main,finished,,2026-02-25T17:45:00.000000Z,2026,15,15,,,0,15,15,15,15,0,0,15,0,0,0,15,0,0,0,0,0,0,0,,,,,,,,0,,0,0,0,0,0,0,0,WARN,0,2
4807,11567,baltbet-main,finished,,2026-02-26T17:30:00.000000Z,2026,15,15,,,0,15,15,15,15,0,0,15,0,0,0,15,0,0,0,0,0,0,0,,,,,,,,0,,0,0,0,0,0,0,0,WARN,0,2
4808,11572,baltbet-main,finished,,2026-02-27T17:30:00.000000Z,2026,15,15,,,0,15,15,15,15,0,0,15,0,0,0,15,0,0,0,0,0,0,0,,,,,,,,0,,0,0,0,0,0,0,0,WARN,0,2
4809,11573,baltbet-main,finished,,2026-02-28T14:30:00.000000Z,2026,15,15,,,0,15,15,15,15,0,0,15,0,0,0,15,0,0,0,0,0,0,0,,,,,,,,0,,0,0,0,0,0,0,0,WARN,0,2
4810,11578,baltbet-main,finished,,2026-03-01T14:00:00.000000Z,2026,15,15,,,0,15,15,15,15,0,0,15,0,0,0,15,0,0,0,0,0,0,0,,,,,,,,0,,0,0,0,0,0,0,0,WARN,0,2
4811,11581,baltbet-main,finished,,2026-03-02T16:00:00.000000Z,2026,15,15,,,0,15,15,15,15,0,0,15,0,0,0,15,0,0,0,0,0,0,0,,,,,,,,0,,0,0,0,0,0,0,0,WARN,0,2
4812,11583,baltbet-main,finished,,2026-03-03T17:00:00.000000Z,2026,15,15,,,0,15,15,15,15,0,0,15,0,0,0,15,0,0,0,0,0,0,0,,,,,,,,0,,0,0,0,0,0,0,0,WARN,0,2
4813,11585,baltbet-main,finished,,2026-03-04T15:30:00.000000Z,2026,15,15,,,0,15,15,15,15,0,0,14,0,1,0,15,0,0,0,0,0,0,0,,,,,,,,0,,0,0,0,0,0,0,0,FAIL,1,2
4814,11588,baltbet-main,finished,,2026-03-05T16:30:00.000000Z,2026,15,15,,,0,15,15,15,15,0,0,15,0,0,0,15,0,0,0,0,0,0,0,,,,,,,,0,,0,0,0,0,0,0,0,WARN,0,2
4815,11591,baltbet-main,finished,,2026-03-06T17:00:00.000000Z,2026,15,15,,,0,15,15,15,15,0,0,15,0,0,0,15,0,0,0,0,0,0,0,,,,,,,,0,,0,0,0,0,0,0,0,WARN,0,2
4816,11594,baltbet-main,finished,,2026-03-07T13:45:00.000000Z,2026,15,15,,,0,15,15,15,15,0,0,15,0,0,0,15,0,0,0,0,0,0,0,,,,,,,,0,,0,0,0,0,0,0,0,WARN,0,2
4817,11598,baltbet-main,finished,,2026-03-08T14:00:00.000000Z,2026,15,15,,,0,15,15,15,15,0,0,14,0,1,0,14,0,0,0,0,0,0,0,,,,,,,,0,,0,0,0,0,0,0,0,FAIL,1,2
4818,11601,baltbet-main,finished,,2026-03-09T14:00:00.000000Z,2026,15,15,,,0,15,15,15,15,0,0,15,0,0,0,15,0,0,0,0,0,0,0,,,,,,,,0,,0,0,0,0,0,0,0,WARN,0,2
4819,11604,baltbet-main,finished,,2026-03-10T17:00:00.000000Z,2026,15,15,,,0,15,15,15,15,0,0,15,0,0,0,15,0,0,0,0,0,0,0,,,,,,,,0,,0,0,0,0,0,0,0,WARN,0,2
4820,11607,baltbet-main,finished,,2026-03-11T17:45:00.000000Z,2026,15,15,,,0,15,15,15,15,0,0,15,0,0,0,15,0,0,0,0,0,0,0,,,,,,,,0,,0,0,0,0,0,0,0,WARN,0,2
4821,11610,baltbet-main,finished,,2026-03-12T17:45:00.000000Z,2026,15,15,,,0,15,15,15,15,0,0,15,0,0,0,15,0,0,0,0,0,0,0,,,,,,,,0,,0,0,0,0,0,0,0,WARN,0,2
4822,11613,baltbet-main,finished,,2026-03-13T16:30:00.000000Z,2026,15,15,,,0,15,15,15,15,0,0,15,0,0,0,15,0,0,0,0,0,0,0,,,,,,,,0,,0,0,0,0,0,0,0,WARN,0,2
4823,11616,baltbet-main,finished,,2026-03-14T15:00:00.000000Z,2026,15,15,,,0,15,15,15,15,0,0,15,0,0,0,15,0,0,0,0,0,0,0,,,,,,,,0,,0,0,0,0,0,0,0,WARN,0,2
4824,11618,baltbet-main,finished,,2026-03-15T14:00:00.000000Z,2026,15,15,,,0,15,15,15,15,0,0,15,0,0,0,15,0,0,0,0,0,0,0,,,,,,,,0,,0,0,0,0,0,0,0,WARN,0,2
4825,11622,baltbet-main,finished,,2026-03-16T16:30:00.000000Z,2026,15,15,,,0,15,15,15,15,0,0,15,0,0,0,15,0,0,0,0,0,0,0,,,,,,,,0,,0,0,0,0,0,0,0,WARN,0,2
4826,11625,baltbet-main,finished,,2026-03-17T16:30:00.000000Z,2026,15,15,,,0,15,15,15,15,0,0,14,0,1,0,14,0,0,0,0,0,0,0,,,,,,,,0,,0,0,0,0,0,0,0,FAIL,1,2
4827,11627,baltbet-main,finished,,2026-03-18T17:00:00.000000Z,2026,15,15,,,0,15,15,15,15,0,0,15,0,0,0,15,0,0,0,0,0,0,0,,,,,,,,0,,0,0,0,0,0,0,0,WARN,0,2
4828,11632,baltbet-main,finished,,2026-03-19T15:30:00.000000Z,2026,15,15,,,0,15,15,15,15,0,0,15,0,0,0,15,0,0,0,0,0,0,0,,,,,,,,0,,0,0,0,0,0,0,0,WARN,0,2
4829,11634,baltbet-main,finished,,2026-03-20T16:30:00.000000Z,2026,15,15,,,0,15,15,15,15,0,0,15,0,0,0,15,0,0,0,0,0,0,0,,,,,,,,0,,0,0,0,0,0,0,0,WARN,0,2
4830,11636,baltbet-main,finished,,2026-03-21T14:30:00.000000Z,2026,15,15,,,0,15,15,15,15,0,0,15,0,0,0,15,0,0,0,0,0,0,0,,,,,,,,0,,0,0,0,0,0,0,0,WARN,0,2
4831,11637,baltbet-main,finished,,2026-03-22T13:00:00.000000Z,2026,15,15,,,0,15,15,15,15,0,0,15,0,0,0,15,0,0,0,0,0,0,0,,,,,,,,0,,0,0,0,0,0,0,0,WARN,0,2
4832,11640,baltbet-main,finished,,2026-03-23T14:30:00.000000Z,2026,15,15,,,0,15,15,15,15,0,0,15,0,0,0,15,0,0,0,0,0,0,0,,,,,,,,0,,0,0,0,0,0,0,0,WARN,0,2
4833,11643,baltbet-main,finished,,2026-03-24T19:45:00.000000Z,2026,15,15,,,0,15,15,15,15,0,0,15,0,0,0,15,0,0,0,0,0,0,0,,,,,,,,0,,0,0,0,0,0,0,0,WARN,0,2
4834,11647,baltbet-main,finished,,2026-03-25T16:45:00.000000Z,2026,15,15,,,0,15,15,15,15,0,0,15,0,0,0,15,0,0,0,0,0,0,0,,,,,,,,0,,0,0,0,0,0,0,0,WARN,0,2
4835,11650,baltbet-main,finished,,2026-03-26T15:00:00.000000Z,2026,15,15,,,0,15,15,15,15,0,0,15,0,0,0,15,0,0,0,0,0,0,0,,,,,,,,0,,0,0,0,0,0,0,0,WARN,0,2
4836,11653,baltbet-main,finished,,2026-03-27T16:30:00.000000Z,2026,15,15,,,0,15,15,15,15,0,0,15,0,0,0,15,0,0,0,0,0,0,0,,,,,,,,0,,0,0,0,0,0,0,0,WARN,0,2
4837,11656,baltbet-main,finished,,2026-03-28T14:30:00.000000Z,2026,15,15,,,0,15,15,15,15,0,0,15,0,0,0,15,0,0,0,0,0,0,0,,,,,,,,0,,0,0,0,0,0,0,0,WARN,0,2
4838,11659,baltbet-main,finished,,2026-03-29T16:00:00.000000Z,2026,15,15,,,0,15,15,15,15,0,0,13,0,2,0,13,0,0,0,0,0,0,0,,,,,,,,0,,0,0,0,0,0,0,0,FAIL,1,2
4839,11663,baltbet-main,finished,,2026-03-30T14:00:00.000000Z,2026,15,15,,,0,15,15,15,15,0,0,15,0,0,0,15,0,0,0,0,0,0,0,,,,,,,,0,,0,0,0,0,0,0,0,WARN,0,2
4840,11664,baltbet-main,finished,,2026-03-31T14:30:00.000000Z,2026,15,15,,,0,15,15,15,15,0,0,15,0,0,0,15,0,0,0,0,0,0,0,,,,,,,,0,,0,0,0,0,0,0,0,WARN,0,2
4841,11668,baltbet-main,finished,,2026-04-01T16:30:00.000000Z,2026,15,15,,,0,15,15,15,15,0,0,15,0,0,0,15,0,0,0,0,0,0,0,,,,,,,,0,,0,0,0,0,0,0,0,WARN,0,2
4842,11671,baltbet-main,finished,,2026-04-02T14:00:00.000000Z,2026,15,15,,,0,15,15,15,15,0,0,15,0,0,0,15,0,0,0,0,0,0,0,,,,,,,,0,,0,0,0,0,0,0,0,WARN,0,2
4843,11674,baltbet-main,finished,,2026-04-03T14:00:00.000000Z,2026,15,15,,,0,15,15,15,15,0,0,15,0,0,0,15,0,0,0,0,0,0,0,,,,,,,,0,,0,0,0,0,0,0,0,WARN,0,2
4844,11676,baltbet-main,finished,,2026-04-04T13:00:00.000000Z,2026,15,15,,,0,15,15,15,15,0,0,15,0,0,0,15,0,0,0,0,0,0,0,,,,,,,,0,,0,0,0,0,0,0,0,WARN,0,2
4845,11679,baltbet-main,finished,,2026-04-05T13:00:00.000000Z,2026,15,15,,,0,15,15,15,15,0,0,15,0,0,0,15,0,0,0,0,0,0,0,,,,,,,,0,,0,0,0,0,0,0,0,WARN,0,2
4846,11683,baltbet-main,finished,,2026-04-06T14:00:00.000000Z,2026,15,15,,,0,15,15,15,15,0,0,15,0,0,0,15,0,0,0,0,0,0,0,,,,,,,,0,,0,0,0,0,0,0,0,WARN,0,2
4847,11685,baltbet-main,finished,,2026-04-07T17:00:00.000000Z,2026,15,15,,,0,15,15,15,15,0,0,15,0,0,0,15,0,0,0,0,0,0,0,,,,,,,,0,,0,0,0,0,0,0,0,WARN,0,2
4848,11689,baltbet-main,finished,,2026-04-08T15:15:00.000000Z,2026,15,15,,,0,15,15,15,15,0,0,15,0,0,0,15,0,0,0,0,0,0,0,,,,,,,,0,,0,0,0,0,0,0,0,WARN,0,2
4849,11692,baltbet-main,finished,,2026-04-09T15:00:00.000000Z,2026,15,15,,,0,15,15,15,15,0,0,15,0,0,0,15,0,0,0,0,0,0,0,,,,,,,,0,,0,0,0,0,0,0,0,WARN,0,2
4850,11695,baltbet-main,finished,,2026-04-10T16:00:00.000000Z,2026,15,15,,,0,15,15,15,15,0,0,13,0,2,0,13,0,0,0,0,0,1,1,data/raw/drawing_11695.json,15,15,15,15,11,13,0,,0,0,0,0,0,0,0,FAIL,1,1
4851,11698,baltbet-main,finished,,2026-04-11T15:00:00.000000Z,2026,15,15,,,0,15,15,15,15,0,0,15,0,0,0,15,0,0,0,0,0,0,0,,,,,,,,0,,0,0,0,0,0,0,0,WARN,0,2
4852,11702,baltbet-main,finished,,2026-04-12T13:00:00.000000Z,2026,15,15,,,0,15,15,15,15,0,0,15,0,0,0,15,0,0,0,0,0,0,0,,,,,,,,0,,0,0,0,0,0,0,0,WARN,0,2
4853,11703,baltbet-main,finished,,2026-04-13T16:45:00.000000Z,2026,15,15,,,0,15,15,15,15,0,0,15,0,0,0,15,0,0,0,0,0,0,0,,,,,,,,0,,0,0,0,0,0,0,0,WARN,0,2
4854,11708,baltbet-main,finished,,2026-04-14T15:00:00.000000Z,2026,15,15,,,0,15,15,15,15,0,0,15,0,0,0,15,0,0,0,0,0,0,0,,,,,,,,0,,0,0,0,0,0,0,0,WARN,0,2
4855,11709,baltbet-main,finished,,2026-04-15T15:00:00.000000Z,2026,15,15,,,0,15,15,15,15,0,0,15,0,0,0,15,0,0,0,0,0,0,0,,,,,,,,0,,0,0,0,0,0,0,0,WARN,0,2
4856,11713,baltbet-main,finished,,2026-04-16T14:30:00.000000Z,2026,15,15,,,0,15,15,15,15,0,0,15,0,0,0,15,0,0,0,0,0,0,0,,,,,,,,0,,0,0,0,0,0,0,0,WARN,0,2
4857,11715,baltbet-main,finished,,2026-04-17T16:00:00.000000Z,2026,15,15,,,0,15,15,15,15,0,0,15,0,0,0,15,0,0,0,0,0,0,0,,,,,,,,0,,0,0,0,0,0,0,0,WARN,0,2
4858,11718,baltbet-main,finished,,2026-04-18T13:30:00.000000Z,2026,15,15,,,0,15,15,15,15,0,0,15,0,0,0,15,0,0,0,0,0,0,0,,,,,,,,0,,0,0,0,0,0,0,0,WARN,0,2
4859,11719,baltbet-main,finished,,2026-04-19T13:00:00.000000Z,2026,15,15,,,0,15,15,15,15,0,0,15,0,0,0,15,0,0,0,0,0,0,0,,,,,,,,0,,0,0,0,0,0,0,0,WARN,0,2
4860,11723,baltbet-main,finished,,2026-04-20T17:00:00.000000Z,2026,15,15,,,0,15,15,15,15,0,0,15,0,0,0,15,0,0,0,0,0,0,0,,,,,,,,0,,0,0,0,0,0,0,0,WARN,0,2
4861,11726,baltbet-main,finished,,2026-04-21T14:30:00.000000Z,2026,15,15,,,0,15,15,15,15,0,0,15,0,0,0,15,0,0,0,0,0,0,0,,,,,,,,0,,0,0,0,0,0,0,0,WARN,0,2
4862,11728,baltbet-main,finished,,2026-04-22T14:00:00.000000Z,2026,15,15,,,0,15,15,15,15,0,0,15,0,0,0,15,0,0,0,0,0,0,0,,,,,,,,0,,0,0,0,0,0,0,0,WARN,0,2
4863,11732,baltbet-main,finished,,2026-04-23T14:30:00.000000Z,2026,15,15,,,0,15,15,15,15,0,0,15,0,0,0,15,0,0,0,0,0,0,0,,,,,,,,0,,0,0,0,0,0,0,0,WARN,0,2
4864,11734,baltbet-main,finished,,2026-04-24T15:00:00.000000Z,2026,15,15,,,0,15,15,15,15,0,0,15,0,0,0,15,0,0,0,0,0,0,0,,,,,,,,0,,0,0,0,0,0,0,0,WARN,0,2
4865,11737,baltbet-main,finished,,2026-04-25T13:30:00.000000Z,2026,15,15,,,0,15,15,15,15,0,0,15,0,0,0,15,0,0,0,0,0,0,0,,,,,,,,0,,0,0,0,0,0,0,0,WARN,0,2
4866,11741,baltbet-main,finished,,2026-04-26T14:00:00.000000Z,2026,15,15,,,0,15,15,15,15,0,0,15,0,0,0,15,0,0,0,0,0,0,0,,,,,,,,0,,0,0,0,0,0,0,0,WARN,0,2
4867,11745,baltbet-main,finished,,2026-04-27T14:00:00.000000Z,2026,15,15,,,0,15,15,15,15,0,0,15,0,0,0,15,0,0,0,0,0,0,0,,,,,,,,0,,0,0,0,0,0,0,0,WARN,0,2
4868,11746,baltbet-main,finished,,2026-04-28T16:00:00.000000Z,2026,15,15,,,0,15,15,15,15,0,0,15,0,0,0,15,0,0,0,0,0,0,0,,,,,,,,0,,0,0,0,0,0,0,0,WARN,0,2
4869,11749,baltbet-main,finished,,2026-04-29T15:00:00.000000Z,2026,15,15,,,0,15,15,15,15,0,0,15,0,0,0,15,0,0,0,0,0,0,0,,,,,,,,0,,0,0,0,0,0,0,0,WARN,0,2
4870,11753,baltbet-main,finished,,2026-04-30T15:00:00.000000Z,2026,15,15,,,0,15,15,15,15,0,0,15,0,0,0,15,0,0,0,0,0,0,0,,,,,,,,0,,0,0,0,0,0,0,0,WARN,0,2
4871,11756,baltbet-main,finished,,2026-05-01T14:00:00.000000Z,2026,15,15,,,0,15,15,15,15,0,0,15,0,0,0,15,0,0,0,0,0,0,0,,,,,,,,0,,0,0,0,0,0,0,0,WARN,0,2
4872,11759,baltbet-main,finished,,2026-05-02T13:30:00.000000Z,2026,15,15,,,0,15,15,15,15,0,0,15,0,0,0,15,0,0,0,0,0,0,0,,,,,,,,0,,0,0,0,0,0,0,0,WARN,0,2
4873,11763,baltbet-main,finished,,2026-05-03T14:30:00.000000Z,2026,15,15,,,0,15,15,15,15,0,0,15,0,0,0,15,0,0,0,0,0,0,0,,,,,,,,0,,0,0,0,0,0,0,0,WARN,0,2
4874,11766,baltbet-main,finished,,2026-05-04T15:00:00.000000Z,2026,15,15,,,0,15,15,15,15,0,0,15,0,0,0,15,0,0,0,0,0,0,0,,,,,,,,0,,0,0,0,0,0,0,0,WARN,0,2
4875,11769,baltbet-main,finished,,2026-05-05T14:00:00.000000Z,2026,15,15,,,0,15,15,15,15,0,0,14,0,1,0,14,0,0,0,0,0,0,0,,,,,,,,0,,0,0,0,0,0,0,0,FAIL,1,2
4876,11770,baltbet-main,finished,,2026-05-06T16:30:00.000000Z,2026,15,15,,,0,15,15,15,15,0,0,15,0,0,0,15,0,0,0,0,0,0,0,,,,,,,,0,,0,0,0,0,0,0,0,WARN,0,2
4877,11775,baltbet-main,finished,,2026-05-07T14:00:00.000000Z,2026,15,15,,,0,15,15,15,15,0,0,15,0,0,0,15,0,0,0,0,0,0,0,,,,,,,,0,,0,0,0,0,0,0,0,WARN,0,2
4878,11777,baltbet-main,finished,,2026-05-08T15:00:00.000000Z,2026,15,15,,,0,15,15,15,15,0,0,15,0,0,0,15,0,0,0,0,0,0,0,,,,,,,,0,,0,0,0,0,0,0,0,WARN,0,2
4879,11780,baltbet-main,finished,,2026-05-09T14:00:00.000000Z,2026,15,15,,,0,15,15,15,15,0,0,15,0,0,0,15,0,0,0,0,0,0,0,,,,,,,,0,,0,0,0,0,0,0,0,WARN,0,2
4880,11782,baltbet-main,finished,,2026-05-10T14:00:00.000000Z,2026,15,15,,,0,15,15,15,15,0,0,15,0,0,0,15,0,0,0,0,0,0,0,,,,,,,,0,,0,0,0,0,0,0,0,WARN,0,2
4881,11787,baltbet-main,finished,,2026-05-11T16:00:00.000000Z,2026,15,15,,,0,15,15,15,15,0,0,15,0,0,0,15,0,0,0,0,0,0,0,,,,,,,,0,,0,0,0,0,0,0,0,WARN,0,2
4882,11790,baltbet-main,finished,,2026-05-12T14:00:00.000000Z,2026,15,15,,,0,15,15,15,15,0,0,15,0,0,0,15,0,0,0,0,0,0,0,,,,,,,,0,,0,0,0,0,0,0,0,WARN,0,2
4883,11791,baltbet-main,finished,,2026-05-13T16:00:00.000000Z,2026,15,15,,,0,15,15,15,15,0,0,15,0,0,0,15,0,0,0,0,0,0,0,,,,,,,,0,,0,0,0,0,0,0,0,WARN,0,2
4884,11794,baltbet-main,finished,,2026-05-14T15:00:00.000000Z,2026,15,15,,,0,15,15,15,15,0,0,15,0,0,0,15,0,0,0,0,0,0,0,,,,,,,,0,,0,0,0,0,0,0,0,WARN,0,2
4885,11798,baltbet-main,finished,,2026-05-15T14:30:00.000000Z,2026,15,15,,,0,15,15,15,15,0,0,15,0,0,0,15,0,0,0,0,0,0,0,,,,,,,,0,,0,0,0,0,0,0,0,WARN,0,2
4886,11801,baltbet-main,finished,,2026-05-16T14:15:00.000000Z,2026,15,15,,,0,15,15,15,15,0,0,14,0,1,0,15,0,0,0,0,0,0,0,,,,,,,,0,,0,0,0,0,0,0,0,FAIL,1,2
4887,11805,baltbet-main,finished,,2026-05-17T16:30:00.000000Z,2026,15,15,,,0,15,15,0,15,0,0,14,0,1,0,14,0,0,0,0,0,0,0,,,,,,,,0,,0,0,0,0,0,0,0,FAIL,2,2
4888,11808,baltbet-main,finished,,2026-05-18T14:00:00.000000Z,2026,15,15,,,0,15,15,15,15,0,0,15,0,0,0,15,0,0,0,0,0,0,0,,,,,,,,0,,0,0,0,0,0,0,0,WARN,0,2
4889,11809,baltbet-main,finished,,2026-05-19T16:00:00.000000Z,2026,15,15,,,0,15,15,15,15,0,0,15,0,0,0,15,0,0,0,0,0,0,0,,,,,,,,0,,0,0,0,0,0,0,0,WARN,0,2
4890,11812,baltbet-main,finished,,2026-05-20T14:30:00.000000Z,2026,15,15,,,0,15,15,15,15,0,0,15,0,0,0,15,0,0,0,0,0,0,0,,,,,,,,0,,0,0,0,0,0,0,0,WARN,0,2
4891,11815,baltbet-main,finished,,2026-05-21T14:00:00.000000Z,2026,15,15,,,0,15,15,15,15,0,0,15,0,0,0,15,0,0,0,0,0,0,0,,,,,,,,0,,0,0,0,0,0,0,0,WARN,0,2
4892,11818,baltbet-main,finished,,2026-05-22T14:00:00.000000Z,2026,15,15,,,0,15,15,15,15,0,0,15,0,0,0,15,0,0,0,0,0,0,0,,,,,,,,0,,0,0,0,0,0,0,0,WARN,0,2
4893,11820,baltbet-main,finished,,2026-05-23T14:30:00.000000Z,2026,15,15,,,0,15,15,15,15,0,0,15,0,0,0,15,0,0,0,0,0,0,0,,,,,,,,0,,0,0,0,0,0,0,0,WARN,0,2
4894,11824,baltbet-main,finished,,2026-05-24T14:00:00.000000Z,2026,15,15,,,0,15,15,15,15,0,0,15,0,0,0,15,0,0,0,0,0,0,0,,,,,,,,0,,0,0,0,0,0,0,0,WARN,0,2
4895,11828,baltbet-main,finished,,2026-05-25T14:00:00.000000Z,2026,15,15,,,0,15,15,15,15,0,0,15,0,0,0,15,0,0,0,0,0,0,0,,,,,,,,0,,0,0,0,0,0,0,0,WARN,0,2
4896,11829,baltbet-main,finished,,2026-05-26T14:00:00.000000Z,2026,15,15,,,0,15,15,0,15,0,0,15,0,0,0,15,0,0,0,0,0,0,0,,,,,,,,0,,0,0,0,0,0,0,0,FAIL,1,2
4897,11833,baltbet-main,finished,,2026-05-28T13:00:00.000000Z,2026,15,15,,,0,15,15,15,15,0,0,15,0,0,0,15,0,0,0,0,0,0,0,,,,,,,,0,,0,0,0,0,0,0,0,WARN,0,2
4898,11836,baltbet-main,finished,,2026-05-29T14:00:00.000000Z,2026,15,15,,,0,15,15,15,15,0,0,15,0,0,0,15,0,0,0,0,0,0,0,,,,,,,,0,,0,0,0,0,0,0,0,WARN,0,2
4899,11839,baltbet-main,finished,,2026-05-30T14:00:00.000000Z,2026,15,15,,,0,15,15,15,15,0,0,15,0,0,0,15,0,0,0,0,0,0,0,,,,,,,,0,,0,0,0,0,0,0,0,WARN,0,2
4900,11842,baltbet-main,finished,,2026-05-31T14:00:00.000000Z,2026,15,15,,,0,15,15,15,15,0,0,15,0,0,0,15,0,0,0,0,0,0,0,,,,,,,,0,,0,0,0,0,0,0,0,WARN,0,2
4901,11845,baltbet-main,finished,,2026-06-01T15:00:00.000000Z,2026,15,15,,,0,15,15,15,15,0,0,15,0,0,0,15,0,0,0,0,0,0,0,,,,,,,,0,,0,0,0,0,0,0,0,WARN,0,2
4902,11848,baltbet-main,finished,,2026-06-02T14:00:00.000000Z,2026,15,15,,,0,15,15,0,15,0,0,14,0,1,0,14,0,0,0,0,0,0,0,,,,,,,,0,,0,0,0,0,0,0,0,FAIL,2,2
4903,11850,baltbet-main,finished,,2026-06-03T15:00:00.000000Z,2026,15,15,,,0,15,15,15,15,0,0,14,0,1,0,14,0,0,0,0,0,0,0,,,,,,,,0,,0,0,0,0,0,0,0,FAIL,1,2
4904,11853,baltbet-main,finished,,2026-06-04T13:00:00.000000Z,2026,15,15,,,0,15,15,15,15,0,0,14,0,1,0,14,0,0,0,0,0,0,0,,,,,,,,0,,0,0,0,0,0,0,0,FAIL,1,2
4905,11855,baltbet-main,finished,,2026-06-05T17:00:00.000000Z,2026,15,15,,,0,15,15,15,15,0,0,15,0,0,0,15,0,0,0,0,0,0,0,,,,,,,,0,,0,0,0,0,0,0,0,WARN,0,2
4906,11857,baltbet-main,finished,,2026-06-06T14:00:00.000000Z,2026,15,15,,,0,15,15,15,15,0,0,14,0,1,0,14,0,0,0,0,0,0,0,,,,,,,,0,,0,0,0,0,0,0,0,FAIL,1,2
4907,11860,baltbet-main,finished,,2026-06-07T16:30:00.000000Z,2026,15,15,,,0,15,15,15,15,0,0,15,0,0,0,15,0,0,0,0,0,0,0,,,,,,,,0,,0,0,0,0,0,0,0,WARN,0,2
4908,11864,baltbet-main,finished,,2026-06-08T14:00:00.000000Z,2026,15,15,,,0,15,15,15,15,0,0,15,0,0,0,15,0,0,0,0,0,0,0,,,,,,,,0,,0,0,0,0,0,0,0,WARN,0,2
4909,11865,baltbet-main,finished,,2026-06-09T14:00:00.000000Z,2026,15,15,,,0,15,15,15,15,0,0,14,0,1,0,14,0,0,0,0,0,0,0,,,,,,,,0,,0,0,0,0,0,0,0,FAIL,1,2
4910,11868,baltbet-main,finished,,2026-06-10T13:00:00.000000Z,2026,15,15,,,0,15,15,15,15,0,0,14,0,1,0,14,0,0,0,0,0,0,0,,,,,,,,0,,0,0,0,0,0,0,0,FAIL,1,2
4911,11869,baltbet-main,finished,,2026-06-11T15:00:00.000000Z,2026,15,15,,,0,15,15,15,15,0,0,15,0,0,0,15,0,0,0,0,0,0,0,,,,,,,,0,,0,0,0,0,0,0,0,WARN,0,2
4912,11872,baltbet-main,finished,,2026-06-12T15:00:00.000000Z,2026,15,15,,,0,15,15,15,15,0,0,15,0,0,0,15,0,0,0,0,0,0,0,,,,,,,,0,,0,0,0,0,0,0,0,WARN,0,2
4913,11873,baltbet-main,finished,,2026-06-13T16:00:00.000000Z,2026,15,15,,,0,15,15,15,15,0,0,15,0,0,0,15,0,0,0,0,0,0,0,,,,,,,,0,,0,0,0,0,0,0,0,WARN,0,2
4914,11877,baltbet-main,finished,,2026-06-14T14:00:00.000000Z,2026,15,15,,,0,15,15,15,15,0,0,15,0,0,0,15,0,0,0,0,0,0,0,,,,,,,,0,,0,0,0,0,0,0,0,WARN,0,2
4915,11879,baltbet-main,finished,,2026-06-15T14:00:00.000000Z,2026,15,15,,,0,15,15,15,15,0,0,15,0,0,0,15,0,0,0,0,0,0,0,,,,,,,,0,,0,0,0,0,0,0,0,WARN,0,2
4916,11881,baltbet-main,finished,,2026-06-16T13:00:00.000000Z,2026,15,15,,,0,15,15,15,15,0,0,15,0,0,0,15,0,0,0,0,0,0,0,,,,,,,,0,,0,0,0,0,0,0,0,WARN,0,2
4917,11883,baltbet-main,finished,,2026-06-17T15:00:00.000000Z,2026,15,15,,,0,15,15,15,15,0,0,15,0,0,0,15,0,0,0,0,0,0,0,,,,,,,,0,,0,0,0,0,0,0,0,WARN,0,2
4918,11885,baltbet-main,finished,,2026-06-18T14:00:00.000000Z,2026,15,15,,,0,15,15,15,15,0,0,15,0,0,0,15,0,0,0,0,0,0,0,,,,,,,,0,,0,0,0,0,0,0,0,WARN,0,2
4919,11888,baltbet-main,finished,,2026-06-19T15:00:00.000000Z,2026,15,15,,,0,15,15,15,15,0,0,15,0,0,0,15,0,0,0,0,0,0,0,,,,,,,,0,,0,0,0,0,0,0,0,WARN,0,2
4920,11889,baltbet-main,finished,,2026-06-20T14:00:00.000000Z,2026,15,15,,,0,15,15,15,15,0,0,15,0,0,0,15,0,0,0,0,0,0,0,,,,,,,,0,,0,0,0,0,0,0,0,WARN,0,2
4921,11892,baltbet-main,finished,,2026-06-21T14:00:00.000000Z,2026,15,15,,,0,15,15,15,15,0,0,15,0,0,0,15,0,0,0,0,0,0,0,,,,,,,,0,,0,0,0,0,0,0,0,WARN,0,2
4922,11894,baltbet-main,finished,,2026-06-22T14:30:00.000000Z,2026,15,15,,,0,15,15,15,15,0,0,15,0,0,0,15,0,0,0,0,0,0,0,,,,,,,,0,,0,0,0,0,0,0,0,WARN,0,2
4923,11897,baltbet-main,finished,,2026-06-23T15:00:00.000000Z,2026,15,15,,,0,15,15,0,15,0,0,15,0,0,0,15,0,0,0,0,0,0,0,,,,,,,,0,,0,0,0,0,0,0,0,FAIL,1,2
4924,11900,baltbet-main,finished,,2026-06-24T16:00:00.000000Z,2026,15,15,,,0,15,15,15,15,0,0,15,0,0,0,15,0,0,0,0,0,0,0,,,,,,,,0,,0,0,0,0,0,0,0,WARN,0,2
4925,11902,baltbet-main,finished,,2026-06-25T17:00:00.000000Z,2026,15,15,,,0,15,15,15,15,0,0,15,0,0,0,15,0,0,0,0,0,0,0,,,,,,,,0,,0,0,0,0,0,0,0,WARN,0,2
4926,11905,baltbet-main,finished,,2026-06-26T15:00:00.000000Z,2026,15,15,,,0,15,15,15,15,0,0,15,0,0,0,15,0,0,0,0,0,0,0,,,,,,,,0,,0,0,0,0,0,0,0,WARN,0,2
4927,11907,baltbet-main,finished,,2026-06-27T14:00:00.000000Z,2026,15,15,,,0,15,15,15,15,0,0,15,0,0,0,15,0,0,0,0,0,0,0,,,,,,,,0,,0,0,0,0,0,0,0,WARN,0,2
4928,11910,baltbet-main,finished,,2026-06-28T14:00:00.000000Z,2026,15,15,,,0,15,15,15,15,0,0,15,0,0,0,15,0,0,0,0,0,0,0,,,,,,,,0,,0,0,0,0,0,0,0,WARN,0,2
4929,11912,baltbet-main,finished,,2026-06-29T15:00:00.000000Z,2026,15,15,,,0,15,15,15,15,0,0,15,0,0,0,15,0,0,0,0,0,0,0,,,,,,,,0,,0,0,0,0,0,0,0,WARN,0,2
4930,11916,baltbet-main,finished,,2026-06-30T14:30:00.000000Z,2026,15,15,,,0,15,15,0,15,0,0,15,0,0,0,15,0,0,0,0,0,0,0,,,,,,,,0,,0,0,0,0,0,0,0,FAIL,1,2
4931,11917,baltbet-main,finished,,2026-07-01T15:00:00.000000Z,2026,15,15,,,0,15,15,15,15,0,0,14,0,1,0,14,0,0,0,0,0,0,0,,,,,,,,0,,0,0,0,0,0,0,0,FAIL,1,2
4932,11919,baltbet-main,finished,,2026-07-02T13:00:00.000000Z,2026,15,15,,,0,15,15,15,15,0,0,15,0,0,0,15,0,0,0,0,0,0,0,,,,,,,,0,,0,0,0,0,0,0,0,WARN,0,2
4933,11923,baltbet-main,finished,,2026-07-03T14:00:00.000000Z,2026,15,15,,,0,15,15,15,15,0,0,15,0,0,0,15,0,0,0,0,0,0,0,,,,,,,,0,,0,0,0,0,0,0,0,WARN,0,2
4934,11925,baltbet-main,finished,,2026-07-04T16:00:00.000000Z,2026,15,15,,,0,15,15,15,15,0,0,15,0,0,0,15,0,0,0,0,0,0,0,,,,,,,,0,,0,0,0,0,0,0,0,WARN,0,2
4935,11928,baltbet-main,finished,,2026-07-05T15:00:00.000000Z,2026,15,15,,,0,15,15,15,15,0,0,15,0,0,0,15,0,0,0,0,0,0,0,,,,,,,,0,,0,0,0,0,0,0,0,WARN,0,2
4936,11930,baltbet-main,finished,,2026-07-06T15:45:00.000000Z,2026,15,15,,,0,15,15,15,15,0,0,15,0,0,0,15,0,0,0,0,0,0,0,,,,,,,,0,,0,0,0,0,0,0,0,WARN,0,2
4937,11933,baltbet-main,finished,,2026-07-07T15:30:00.000000Z,2026,15,15,,,0,15,15,15,15,0,0,15,0,0,0,15,0,0,0,0,0,0,0,,,,,,,,0,,0,0,0,0,0,0,0,WARN,0,2
4938,11935,baltbet-main,finished,,2026-07-08T15:00:00.000000Z,2026,15,15,,,0,15,15,15,15,0,0,15,0,0,0,15,0,0,0,0,0,1,1,data/raw/drawing_11935.json,15,15,15,15,14,15,0,,0,0,0,0,0,0,0,WARN,0,1
4939,11938,baltbet-main,finished,,2026-07-09T14:00:00.000000Z,2026,15,15,,,0,15,15,15,15,0,0,0,0,15,0,0,0,0,0,0,0,1,1,data/raw/drawing_11938.json,15,15,15,15,12,0,0,,0,0,0,0,0,0,0,FAIL,1,1
4940,11941,baltbet-main,finished,,2026-07-10T15:30:00.000000Z,2026,15,15,,,0,15,15,15,15,10,0,0,0,15,0,0,0,0,0,0,0,1,1,data/raw/drawing_11941.json,15,15,15,15,10,0,0,,0,0,0,0,0,0,0,FAIL,1,1
4941,11944,baltbet-main,finished,,2026-07-11T14:00:00.000000Z,2026,15,15,,,0,15,15,15,15,12,0,15,0,0,0,15,0,0,0,0,0,0,0,,,,,,,,0,,0,0,0,0,0,0,0,WARN,0,2
4942,11946,baltbet-main,finished,,2026-07-12T16:00:00.000000Z,2026,15,15,,,0,15,15,15,15,14,0,15,0,0,0,15,0,0,0,0,0,0,0,,,,,,,,0,,0,0,0,0,0,0,0,WARN,0,2
4943,11949,baltbet-main,finished,,2026-07-13T14:00:00.000000Z,2026,15,15,,,0,15,15,15,15,10,0,15,0,0,0,15,0,0,0,0,0,0,0,,,,,,,,0,,0,0,0,0,0,0,0,WARN,0,2
4944,11951,baltbet-main,finished,,2026-07-14T14:00:00.000000Z,2026,15,15,,,0,15,15,15,15,11,0,15,0,0,0,15,0,0,0,0,0,0,0,,,,,,,,0,,0,0,0,0,0,0,0,WARN,0,2
4945,11953,baltbet-main,finished,,2026-07-15T15:00:00.000000Z,2026,15,15,,,0,15,15,15,15,12,0,0,0,15,0,0,0,0,0,0,0,1,1,data/raw/drawing_11953.json,15,15,15,15,12,0,0,,0,0,0,0,0,0,0,FAIL,1,1
4946,11955,baltbet-main,finished,,2026-07-16T15:00:00.000000Z,2026,15,15,,,0,15,15,15,15,13,0,14,0,1,0,14,0,0,0,0,0,0,0,,,,,,,,0,,0,0,0,0,0,0,0,FAIL,1,2
4947,11957,baltbet-main,finished,,2026-07-17T15:30:00.000000Z,2026,15,15,,,0,15,15,15,15,15,0,15,0,0,0,15,0,0,0,0,0,0,0,,,,,,,,0,,0,0,0,0,0,0,0,WARN,0,2
4948,11959,baltbet-main,finished,,2026-07-18T14:00:00.000000Z,2026,15,15,,,0,15,15,15,15,12,0,15,0,0,0,15,0,0,0,0,0,0,0,,,,,,,,0,,0,0,0,0,0,0,0,WARN,0,2
4949,11962,baltbet-main,finished,,2026-07-19T13:00:00.000000Z,2026,15,15,,,0,15,15,15,15,13,0,0,0,15,0,5,0,0,0,0,0,0,0,,,,,,,,0,,0,0,0,0,0,0,0,FAIL,1,2
4950,11964,baltbet-main,finished,,2026-07-20T14:30:00.000000Z,2026,15,15,,,0,15,15,15,15,9,0,0,0,15,0,0,0,0,0,0,0,2,2,data/raw/drawing_11964.json|tests/fixtures/drawing_4950_totobrief.json,15,15,15,15,9,0,0,,0,0,0,0,0,0,0,FAIL,1,1
4951,11968,baltbet-main,finished,,2026-07-21T16:00:00.000000Z,2026,15,15,,,0,15,15,15,15,12,0,0,0,15,0,0,0,0,0,0,0,1,1,tests/fixtures/drawing_4951_totobrief_target_cache.json,15,15,15,15,0,0,0,,0,0,0,0,0,0,0,FAIL,1,1
4952,11970,baltbet-main,finished,,2026-07-22T16:00:00.000000Z,2026,15,15,,,0,15,15,15,15,15,0,0,0,15,0,0,0,0,0,0,0,2,2,data/raw/drawing_11970.json|reports/rehearsal/current-systematic-early-4952/totobrief-drawing-11970.json,15,15,15,15,15,0,1,ready,15,15,15,0,0,0,0,FAIL,1,1
4953,11972,baltbet-main,finished,,2026-07-23T15:30:00.000000Z,2026,15,15,,,0,15,15,15,15,12,0,15,0,0,0,15,1,1,0,0,15,2,2,data/raw/drawing_11972.json|sqlite:drawing_result_snapshots:3,15,15,15,15,12,15,1,unresolved,0,0,0,0,0,0,0,PASS,0,0
4954,11975,baltbet-main,finished,,2026-07-24T15:30:00.000000Z,2026,15,15,,,15,0,0,0,0,0,0,14,1,0,0,14,1,1,14,1,0,2,1,data/raw/drawing_11975.json|sqlite:drawing_result_snapshots:4,15,15,15,15,12,14,0,,0,0,0,0,0,0,0,FAIL,4,0
4955,11977,baltbet-main,finished,,2026-07-25T15:30:00.000000Z,2026,15,15,,,15,0,0,0,0,0,0,15,0,0,0,15,1,1,0,0,15,1,1,sqlite:drawing_result_snapshots:1,15,15,15,15,14,15,0,,0,0,0,0,0,0,0,FAIL,4,0
4956,11981,baltbet-main,finished,,2026-07-26T14:30:00.000000Z,2026,15,15,,,15,0,0,0,0,0,0,15,0,0,0,15,1,1,0,0,15,1,1,sqlite:drawing_result_snapshots:2,15,15,15,15,10,15,0,,0,0,0,0,0,0,0,FAIL,4,0
4957,11983,baltbet-main,finished,,2026-07-27T15:00:00.000000Z,2026,15,15,,,0,15,15,15,15,11,0,0,0,15,0,0,0,0,0,0,0,2,2,data/raw/drawing_11983.json|reports/rehearsal/4957-early-rehearsal-20260727T074910Z/frozen-inputs/drawing_11983.json,15,15,15,15,11,0,1,ready,15,15,15,0,0,0,0,FAIL,1,1
4958,11986,baltbet-main,finished,,2026-07-28T14:00:00.000000Z,2026,15,15,,,0,15,15,15,15,10,0,0,0,15,0,0,0,0,0,0,0,1,1,data/raw/drawing_11986.json,15,15,15,15,10,0,1,unresolved,0,0,0,0,0,0,0,FAIL,1,1
4959,11988,baltbet-main,active,,2026-07-29T14:00:00.000000Z,2026,15,15,,,0,15,15,15,15,10,0,0,0,15,0,0,0,0,0,0,0,4,3,data/raw/drawing_11988.json|reports/rehearsal/context-4959-20260729/raw/drawing_11988.json|reports/rehearsal/reviewed-fallback-live-4959-20260729T115300Z/raw/drawing_11988.json|reports/rehearsal/reviewed-fallback-live-4959-20260729T115500Z/raw/drawing_11988.json,15,15,15,15,11,0,1,unresolved,0,0,0,1,2,60,0,FAIL,1,0
