quick_check
ok
name,drawings,min_number,max_number,min_id,max_id
baltbet-main,2199,2759,4959,202,11988
table_name,rows
drawings,2199
events,32985
quotes,32940
drawing_result_snapshots,4
drawing_preparations,5
drawing_event_pins,30
archived_packages,1
package_settlements,0
missing_visible_number
3843
3844
number,id,status,started_at,ended_at,event_count,unique_event_orders,blank_names,quote_rows,pool_complete,bk_complete,norm_complete,pin_complete,resolved_results,void_results,missing_results
2759,202,finished,,2020-07-06T16:00:00.000000Z,15,15,0,15,15,15,0,0,0,0,15
2760,203,finished,,2020-07-07T15:30:00.000000Z,15,15,0,15,15,15,0,0,0,0,15
2761,204,finished,,2020-07-08T17:00:00.000000Z,15,15,0,15,15,15,0,0,0,0,15
2762,205,finished,,2020-07-09T15:30:00.000000Z,15,15,0,15,15,15,0,0,0,0,15
2763,206,finished,,2020-07-10T15:30:00.000000Z,15,15,0,15,15,15,0,0,0,0,15
2764,207,finished,,2020-07-11T14:00:00.000000Z,15,15,0,15,15,15,0,0,15,0,0
2765,208,finished,,2020-07-12T12:30:00.000000Z,15,15,0,15,15,15,0,0,15,0,0
2766,209,finished,,2020-07-13T16:45:00.000000Z,15,15,0,15,15,15,0,0,15,0,0
2767,210,finished,,2020-07-14T15:00:00.000000Z,15,15,0,15,15,15,0,0,15,0,0
2768,211,finished,,2020-07-15T16:00:00.000000Z,15,15,0,15,15,15,0,0,15,0,0
2769,212,finished,,2020-07-16T14:00:00.000000Z,15,15,0,15,15,15,0,0,14,0,1
2770,213,finished,,2020-07-17T15:30:00.000000Z,15,15,0,15,15,15,0,0,15,0,0
2771,214,finished,,2020-07-18T14:00:00.000000Z,15,15,0,15,15,15,0,0,15,0,0
2772,215,finished,,2020-07-19T15:00:00.000000Z,15,15,0,15,15,15,0,0,15,0,0
2773,216,finished,,2020-07-20T13:00:00.000000Z,15,15,0,15,15,15,0,0,14,0,1
2774,217,finished,,2020-07-22T15:30:00.000000Z,15,15,0,15,15,15,0,0,15,0,0
2775,218,finished,,2020-07-23T15:45:00.000000Z,15,15,0,15,15,15,0,0,15,0,0
2776,219,finished,,2020-07-24T16:15:00.000000Z,15,15,0,15,15,15,0,0,15,0,0
2777,220,finished,,2020-07-25T12:30:00.000000Z,15,15,0,15,15,15,0,0,14,0,1
2778,221,finished,,2020-07-26T14:00:00.000000Z,15,15,0,15,15,15,0,0,15,0,0
2779,222,finished,,2020-07-27T16:00:00.000000Z,15,15,0,15,15,15,0,0,15,0,0
2780,223,finished,,2020-07-28T14:00:00.000000Z,15,15,0,15,15,15,0,0,15,0,0
2781,224,finished,,2020-07-29T14:00:00.000000Z,15,15,0,15,15,15,0,0,15,0,0
2782,225,finished,,2020-07-30T15:00:00.000000Z,15,15,0,15,15,15,0,0,15,0,0
2783,226,finished,,2020-07-31T15:40:00.000000Z,15,15,0,15,15,15,0,0,15,0,0
2784,227,finished,,2020-08-01T14:00:00.000000Z,15,15,0,15,15,15,0,0,15,0,0
2785,228,finished,,2020-08-02T15:00:00.000000Z,15,15,0,15,15,15,0,0,15,0,0
2786,229,finished,,2020-08-03T15:00:00.000000Z,15,15,0,15,15,15,0,0,15,0,0
2787,230,finished,,2020-08-05T10:00:00.000000Z,15,15,0,15,15,15,0,0,15,0,0
2788,231,finished,,2020-08-06T15:00:00.000000Z,15,15,0,15,15,15,0,0,15,0,0
2789,232,finished,,2020-08-07T15:00:00.000000Z,15,15,0,15,15,15,0,0,15,0,0
2790,233,finished,,2020-08-08T14:00:00.000000Z,15,15,0,15,15,15,0,0,14,0,1
2791,234,finished,,2020-08-09T14:00:00.000000Z,15,15,0,15,15,15,0,0,15,0,0
2792,235,finished,,2020-08-10T14:00:00.000000Z,15,15,0,15,15,15,0,0,15,0,0
2793,236,finished,,2020-08-11T15:00:00.000000Z,15,15,0,15,15,15,0,0,15,0,0
2794,237,finished,,2020-08-12T15:00:00.000000Z,15,15,0,15,15,15,0,0,15,0,0
2795,238,finished,,2020-08-13T14:00:00.000000Z,15,15,0,15,15,15,0,0,15,0,0
2796,239,finished,,2020-08-14T15:00:00.000000Z,15,15,0,15,15,15,0,0,15,0,0
2797,240,finished,,2020-08-15T14:00:00.000000Z,15,15,0,15,15,15,0,0,15,0,0
2798,241,finished,,2020-08-16T15:30:00.000000Z,15,15,0,15,15,15,0,0,15,0,0
2799,242,finished,,2020-08-17T16:00:00.000000Z,15,15,0,15,15,15,0,0,15,0,0
2800,243,finished,,2020-08-18T14:00:00.000000Z,15,15,0,15,15,15,0,0,15,0,0
2801,244,finished,,2020-08-19T15:00:00.000000Z,15,15,0,15,15,15,0,0,14,0,1
2802,245,finished,,2020-08-20T16:00:00.000000Z,15,15,0,15,15,15,0,0,15,0,0
2803,246,finished,,2020-08-21T14:00:00.000000Z,15,15,0,15,15,15,0,0,14,0,1
2804,247,finished,,2020-08-22T15:00:00.000000Z,15,15,0,15,15,15,0,0,15,0,0
2805,248,finished,,2020-08-23T14:30:00.000000Z,15,15,0,15,15,15,0,0,15,0,0
2806,249,finished,,2020-08-24T15:15:00.000000Z,15,15,0,15,15,15,0,0,15,0,0
2807,250,finished,,2020-08-25T15:00:00.000000Z,15,15,0,15,15,15,0,0,14,0,1
2808,251,finished,,2020-08-26T15:30:00.000000Z,15,15,0,15,15,15,0,0,13,0,2
2809,252,finished,,2020-08-27T14:00:00.000000Z,15,15,0,15,15,15,0,0,14,0,1
2810,253,finished,,2020-08-28T15:30:00.000000Z,15,15,0,15,15,15,0,0,15,0,0
2811,254,finished,,2020-08-29T16:00:00.000000Z,15,15,0,15,15,15,0,0,15,0,0
2812,255,finished,,2020-08-30T14:30:00.000000Z,15,15,0,15,15,15,0,0,15,0,0
2813,256,finished,,2020-08-31T14:00:00.000000Z,15,15,0,15,15,15,0,0,15,0,0
2814,257,finished,,2020-09-01T15:15:00.000000Z,15,15,0,15,15,15,0,0,14,0,1
2815,258,finished,,2020-09-02T15:00:00.000000Z,15,15,0,15,15,15,0,0,15,0,0
2816,259,finished,,2020-09-03T15:30:00.000000Z,15,15,0,15,15,15,0,0,12,0,3
2817,260,finished,,2020-09-04T16:00:00.000000Z,15,15,0,15,15,15,0,0,14,0,1
2818,261,finished,,2020-09-05T14:00:00.000000Z,15,15,0,15,15,15,0,0,15,0,0
2819,262,finished,,2020-09-06T14:00:00.000000Z,15,15,0,15,15,15,0,0,15,0,0
2820,263,finished,,2020-09-07T14:00:00.000000Z,15,15,0,15,15,15,0,0,14,0,1
2821,264,finished,,2020-09-08T15:00:00.000000Z,15,15,0,15,15,15,0,0,15,0,0
2822,265,finished,,2020-09-09T15:30:00.000000Z,15,15,0,15,15,15,0,0,15,0,0
2823,266,finished,,2020-09-10T15:30:00.000000Z,15,15,0,15,15,15,0,0,15,0,0
2824,267,finished,,2020-09-11T15:00:00.000000Z,15,15,0,15,15,15,0,0,15,0,0
2825,268,finished,,2020-09-12T14:00:00.000000Z,15,15,0,15,15,15,0,0,15,0,0
2826,269,finished,,2020-09-13T14:00:00.000000Z,15,15,0,15,15,15,0,0,15,0,0
2827,270,finished,,2020-09-14T15:00:00.000000Z,15,15,0,15,15,15,0,0,15,0,0
2828,271,finished,,2020-09-15T16:30:00.000000Z,15,15,0,15,15,15,0,0,14,0,1
2829,272,finished,,2020-09-16T15:00:00.000000Z,15,15,0,15,15,15,0,0,14,0,1
2830,273,finished,,2020-09-17T16:00:00.000000Z,15,15,0,15,15,15,0,0,15,0,0
2831,274,finished,,2020-09-18T16:00:00.000000Z,15,15,0,15,15,15,0,0,15,0,0
2832,275,finished,,2020-09-19T13:30:00.000000Z,15,15,0,15,15,15,0,0,15,0,0
2833,276,finished,,2020-09-20T13:00:00.000000Z,15,15,0,15,15,15,0,0,15,0,0
2834,277,finished,,2020-09-21T16:00:00.000000Z,15,15,0,15,15,15,0,0,14,0,1
2835,278,finished,,2020-09-22T14:30:00.000000Z,15,15,0,15,15,15,0,0,15,0,0
2836,279,finished,,2020-09-23T15:30:00.000000Z,15,15,0,15,15,15,0,0,15,0,0
2837,280,finished,,2020-09-24T14:00:00.000000Z,15,15,0,15,15,15,0,0,15,0,0
2838,281,finished,,2020-09-25T18:00:00.000000Z,15,15,0,15,15,15,0,0,15,0,0
2839,282,finished,,2020-09-26T13:30:00.000000Z,15,15,0,15,15,15,0,0,15,0,0
2840,283,finished,,2020-09-27T13:00:00.000000Z,15,15,0,15,15,15,0,0,15,0,0
2841,284,finished,,2020-09-28T15:00:00.000000Z,15,15,0,15,15,15,0,0,15,0,0
2842,285,finished,,2020-09-29T16:45:00.000000Z,15,15,0,15,15,15,0,0,15,0,0
2843,286,finished,,2020-09-30T18:45:00.000000Z,15,15,0,15,15,15,0,0,15,0,0
2844,287,finished,,2020-10-01T17:00:00.000000Z,15,15,0,15,15,15,0,0,15,0,0
2845,288,finished,,2020-10-02T18:00:00.000000Z,15,15,0,15,15,15,0,0,14,0,1
2846,289,finished,,2020-10-03T16:15:00.000000Z,15,15,0,15,15,15,0,0,15,0,0
2847,290,finished,,2020-10-04T16:00:00.000000Z,15,15,0,15,15,15,0,0,14,0,1
2848,291,finished,,2020-10-05T16:30:00.000000Z,15,15,0,15,15,15,0,0,15,0,0
2849,292,finished,,2020-10-06T18:45:00.000000Z,15,15,0,15,15,15,0,0,14,0,1
2850,293,finished,,2020-10-07T16:00:00.000000Z,15,15,0,15,15,15,0,0,14,0,1
2851,294,finished,,2020-10-08T15:30:00.000000Z,15,15,0,15,15,15,0,0,15,0,0
2852,295,finished,,2020-10-09T15:00:00.000000Z,15,15,0,15,15,15,0,0,13,0,2
2853,296,finished,,2020-10-10T16:00:00.000000Z,15,15,0,15,15,15,0,0,14,0,1
2854,297,finished,,2020-10-11T16:00:00.000000Z,15,15,0,15,15,15,0,0,15,0,0
2855,298,finished,,2020-10-12T16:00:00.000000Z,15,15,0,15,15,15,0,0,15,0,0
2856,299,finished,,2020-10-13T18:45:00.000000Z,15,15,0,15,15,15,0,0,14,0,1
2857,300,finished,,2020-10-14T16:00:00.000000Z,15,15,0,15,15,15,0,0,14,0,1
2858,301,finished,,2020-10-15T14:00:00.000000Z,15,15,0,15,15,15,0,0,15,0,0
2859,302,finished,,2020-10-16T15:30:00.000000Z,15,15,0,15,15,15,0,0,15,0,0
2860,303,finished,,2020-10-17T14:00:00.000000Z,15,15,0,15,15,15,0,0,15,0,0
2861,304,finished,,2020-10-18T15:00:00.000000Z,15,15,0,15,15,15,0,0,15,0,0
2862,305,finished,,2020-10-19T15:00:00.000000Z,15,15,0,15,15,15,0,0,15,0,0
2863,306,finished,,2020-10-20T18:00:00.000000Z,15,15,0,15,15,15,0,0,15,0,0
2864,307,finished,,2020-10-21T17:00:00.000000Z,15,15,0,15,15,15,0,0,14,0,1
2865,308,finished,,2020-10-22T16:55:00.000000Z,15,15,0,15,15,15,0,0,15,0,0
2866,309,finished,,2020-10-23T15:00:00.000000Z,15,15,0,15,15,15,0,0,14,0,1
2867,310,finished,,2020-10-24T14:00:00.000000Z,15,15,0,15,15,15,0,0,15,0,0
2868,311,finished,,2020-10-25T16:15:00.000000Z,15,15,0,15,15,15,0,0,13,0,2
2869,312,finished,,2020-10-26T15:15:00.000000Z,15,15,0,15,15,15,0,0,15,0,0
2870,313,finished,,2020-10-27T18:30:00.000000Z,15,15,0,15,15,15,0,0,12,0,3
2871,314,finished,,2020-10-28T17:00:00.000000Z,15,15,0,15,15,15,0,0,15,0,0
2872,315,finished,,2020-10-29T16:30:00.000000Z,15,15,0,15,15,15,0,0,14,0,1
2873,316,finished,,2020-10-30T16:00:00.000000Z,15,15,0,15,15,15,0,0,15,0,0
2874,317,finished,,2020-10-31T15:00:00.000000Z,15,15,0,15,15,15,0,0,14,0,1
2875,318,finished,,2020-11-01T15:00:00.000000Z,15,15,0,15,15,15,0,0,14,0,1
2876,319,finished,,2020-11-02T15:00:00.000000Z,15,15,0,15,15,15,0,0,15,0,0
2877,320,finished,,2020-11-03T17:55:00.000000Z,15,15,0,15,15,15,0,0,15,0,0
2878,321,finished,,2020-11-04T16:00:00.000000Z,15,15,0,15,15,15,0,0,15,0,0
2879,322,finished,,2020-11-05T17:55:00.000000Z,15,15,0,15,15,15,0,0,15,0,0
2880,323,finished,,2020-11-06T16:40:00.000000Z,15,15,0,15,15,15,0,0,14,0,1
2881,324,finished,,2020-11-07T15:00:00.000000Z,15,15,0,15,15,15,0,0,15,0,0
2882,325,finished,,2020-11-08T14:00:00.000000Z,15,15,0,15,15,15,0,0,15,0,0
2883,326,finished,,2020-11-09T17:00:00.000000Z,15,15,0,15,15,15,0,0,15,0,0
2884,327,finished,,2020-11-10T18:00:00.000000Z,15,15,0,15,15,15,0,0,15,0,0
2885,328,finished,,2020-11-11T16:00:00.000000Z,15,15,0,15,15,15,0,0,15,0,0
2886,329,finished,,2020-11-12T14:00:00.000000Z,15,15,0,15,15,15,0,0,15,0,0
2887,330,finished,,2020-11-13T17:00:00.000000Z,15,15,0,15,15,15,0,0,14,0,1
2888,331,finished,,2020-11-14T15:00:00.000000Z,15,15,0,15,15,15,0,0,15,0,0
2889,332,finished,,2020-11-15T15:15:00.000000Z,15,15,0,15,15,15,0,0,15,0,0
2890,333,finished,,2020-11-16T16:00:00.000000Z,15,15,0,15,15,15,0,0,15,0,0
2891,334,finished,,2020-11-17T19:00:00.000000Z,15,15,0,15,15,15,0,0,15,0,0
2892,335,finished,,2020-11-18T16:30:00.000000Z,15,15,0,15,15,15,0,0,14,0,1
2893,336,finished,,2020-11-20T15:30:00.000000Z,15,15,0,15,15,15,0,0,15,0,0
2894,337,finished,,2020-11-21T14:30:00.000000Z,15,15,0,15,15,15,0,0,15,0,0
2895,338,finished,,2020-11-22T14:00:00.000000Z,15,15,0,15,15,15,0,0,15,0,0
2896,339,finished,,2020-11-23T16:00:00.000000Z,15,15,0,15,15,15,0,0,15,0,0
2897,340,finished,,2020-11-24T18:00:00.000000Z,15,15,0,15,15,15,0,0,15,0,0
2898,341,finished,,2020-11-25T16:00:00.000000Z,15,15,0,15,15,15,0,0,15,0,0
2899,342,finished,,2020-11-26T17:15:00.000000Z,15,15,0,15,15,15,0,0,15,0,0
2900,343,finished,,2020-11-27T17:00:00.000000Z,15,15,0,15,15,15,0,0,15,0,0
2901,344,finished,,2020-11-28T14:00:00.000000Z,15,15,0,15,15,15,0,0,15,0,0
2902,345,finished,,2020-11-29T14:00:00.000000Z,15,15,0,15,15,15,0,0,15,0,0
2903,346,finished,,2020-11-30T15:00:00.000000Z,15,15,0,15,15,15,0,0,14,0,1
2904,347,finished,,2020-12-01T18:00:00.000000Z,15,15,0,15,15,15,0,0,14,0,1
2905,348,finished,,2020-12-02T17:55:00.000000Z,15,15,0,15,15,15,0,0,15,0,0
2906,349,finished,,2020-12-03T15:45:00.000000Z,15,15,0,15,15,15,0,0,15,0,0
2907,350,finished,,2020-12-04T17:00:00.000000Z,15,15,0,15,15,15,0,0,14,0,1
2908,351,finished,,2020-12-05T14:30:00.000000Z,15,15,0,15,15,15,0,0,15,0,0
2909,352,finished,,2020-12-06T14:30:00.000000Z,15,15,0,15,15,15,0,0,15,0,0
2910,353,finished,,2020-12-07T15:30:00.000000Z,15,15,0,15,15,15,0,0,13,0,2
2911,354,finished,,2020-12-08T19:00:00.000000Z,15,15,0,15,15,15,0,0,14,0,1
2912,355,finished,,2020-12-09T15:30:00.000000Z,15,15,0,15,15,15,0,0,15,0,0
2913,356,finished,,2020-12-10T16:30:00.000000Z,15,15,0,15,15,15,0,0,15,0,0
2914,357,finished,,2020-12-11T17:30:00.000000Z,15,15,0,15,15,15,0,0,15,0,0
2915,358,finished,,2020-12-12T14:00:00.000000Z,15,15,0,15,15,15,0,0,15,0,0
2916,359,finished,,2020-12-13T14:00:00.000000Z,15,15,0,15,15,15,0,0,15,0,0
2917,360,finished,,2020-12-15T17:30:00.000000Z,15,15,0,15,15,15,0,0,15,0,0
2918,361,finished,,2020-12-16T17:30:00.000000Z,15,15,0,15,15,15,0,0,15,0,0
2919,362,finished,,2020-12-17T14:00:00.000000Z,15,15,0,15,15,15,0,0,15,0,0
2920,363,finished,,2020-12-18T17:00:00.000000Z,15,15,0,15,15,15,0,0,15,0,0
2921,364,finished,,2020-12-19T14:30:00.000000Z,15,15,0,15,15,15,0,0,15,0,0
2922,365,finished,,2020-12-20T14:00:00.000000Z,15,15,0,15,15,15,0,0,15,0,0
2923,366,finished,,2020-12-21T15:15:00.000000Z,15,15,0,15,15,15,0,0,14,0,1
2924,367,finished,,2020-12-22T16:30:00.000000Z,15,15,0,15,15,15,0,0,14,0,1
2925,368,finished,,2020-12-23T16:30:00.000000Z,15,15,0,15,15,15,0,0,15,0,0
2926,369,finished,,2020-12-24T10:00:00.000000Z,15,15,0,15,15,15,0,0,14,0,1
2927,370,finished,,2020-12-26T15:00:00.000000Z,15,15,0,15,15,15,0,0,14,0,1
2928,371,finished,,2020-12-27T14:00:00.000000Z,15,15,0,15,15,15,0,0,15,0,0
2929,372,finished,,2020-12-28T15:00:00.000000Z,15,15,0,15,15,15,0,0,13,0,2
2930,373,finished,,2020-12-29T17:30:00.000000Z,15,15,0,15,15,15,0,0,15,0,0
2931,374,finished,,2020-12-30T14:00:00.000000Z,15,15,0,15,15,15,0,0,14,0,1
2932,375,finished,,2020-12-31T13:00:00.000000Z,15,15,0,15,15,15,0,0,14,0,1
2933,376,finished,,2021-01-02T14:30:00.000000Z,15,15,0,15,15,15,0,0,8,0,7
2934,377,finished,,2021-01-03T14:00:00.000000Z,15,15,0,15,15,15,0,0,15,0,0
2935,378,finished,,2021-01-04T15:00:00.000000Z,15,15,0,15,15,15,0,0,15,0,0
2936,379,finished,,2021-01-05T17:45:00.000000Z,15,15,0,15,15,15,0,0,14,0,1
2937,380,finished,,2021-01-06T14:00:00.000000Z,15,15,0,15,15,15,0,0,15,0,0
2938,381,finished,,2021-01-07T13:00:00.000000Z,15,15,0,15,15,15,0,0,14,0,1
2939,382,finished,,2021-01-08T17:30:00.000000Z,15,15,0,15,15,15,0,0,15,0,0
2940,383,finished,,2021-01-09T14:30:00.000000Z,15,15,0,15,15,15,0,0,13,0,2
2941,384,finished,,2021-01-10T14:30:00.000000Z,15,15,0,15,15,15,0,0,13,0,2
2942,385,finished,,2021-01-11T15:00:00.000000Z,15,15,0,15,15,15,0,0,15,0,0
2943,386,finished,,2021-01-12T17:00:00.000000Z,15,15,0,15,15,15,0,0,12,0,3
2944,387,finished,,2021-01-13T14:00:00.000000Z,15,15,0,15,15,15,0,0,14,0,1
2945,388,finished,,2021-01-14T14:00:00.000000Z,15,15,0,15,15,15,0,0,14,0,1
2946,389,finished,,2021-01-15T16:00:00.000000Z,15,15,0,15,15,15,0,0,15,0,0
2947,390,finished,,2021-01-16T14:00:00.000000Z,15,15,0,15,15,15,0,0,15,0,0
2948,391,finished,,2021-01-17T14:00:00.000000Z,15,15,0,15,15,15,0,0,15,0,0
2949,392,finished,,2021-01-18T15:00:00.000000Z,15,15,0,15,15,15,0,0,14,0,1
2950,393,finished,,2021-01-19T18:00:00.000000Z,15,15,0,15,15,15,0,0,12,0,3
2951,394,finished,,2021-01-20T17:30:00.000000Z,15,15,0,15,15,15,0,0,15,0,0
2952,395,finished,,2021-01-21T16:00:00.000000Z,15,15,0,15,15,15,0,0,15,0,0
2953,396,finished,,2021-01-22T17:00:00.000000Z,15,15,0,15,15,15,0,0,15,0,0
2954,397,finished,,2021-01-23T14:30:00.000000Z,15,15,0,15,15,15,0,0,13,0,2
2955,398,finished,,2021-01-24T14:00:00.000000Z,15,15,0,15,15,15,0,0,15,0,0
2956,399,finished,,2021-01-25T14:30:00.000000Z,15,15,0,15,15,15,0,0,15,0,0
2957,400,finished,,2021-01-26T17:30:00.000000Z,15,15,0,15,15,15,0,0,15,0,0
2958,401,finished,,2021-01-27T17:45:00.000000Z,15,15,0,15,15,15,0,0,15,0,0
2959,2477,finished,,2021-01-28T14:00:00.000000Z,15,15,0,15,15,15,0,0,15,0,0
2960,2481,finished,,2021-01-29T15:00:00.000000Z,15,15,0,15,15,15,0,0,13,0,2
2961,2485,finished,,2021-01-30T15:00:00.000000Z,15,15,0,15,15,15,0,0,14,0,1
2962,2490,finished,,2021-01-31T15:00:00.000000Z,15,15,0,15,15,15,0,0,15,0,0
2963,2495,finished,,2021-02-01T16:00:00.000000Z,15,15,0,15,15,15,0,0,15,0,0
2964,2499,finished,,2021-02-02T18:00:00.000000Z,15,15,0,15,15,15,0,0,15,0,0
2965,2503,finished,,2021-02-03T18:00:00.000000Z,15,15,0,15,15,15,0,0,14,0,1
2966,2508,finished,,2021-02-04T14:00:00.000000Z,15,15,0,15,15,15,0,0,15,0,0
2967,2510,finished,,2021-02-05T16:00:00.000000Z,15,15,0,15,15,15,0,0,14,0,1
2968,2516,finished,,2021-02-06T15:00:00.000000Z,15,15,0,15,15,15,0,0,14,0,1
2969,2520,finished,,2021-02-07T14:00:00.000000Z,15,15,0,15,15,15,0,0,14,0,1
2970,2523,finished,,2021-02-08T15:00:00.000000Z,15,15,0,15,15,15,0,0,13,0,2
2971,2527,finished,,2021-02-09T17:00:00.000000Z,15,15,0,15,15,15,0,0,13,0,2
2972,2531,finished,,2021-02-10T15:00:00.000000Z,15,15,0,15,15,15,0,0,14,0,1
2973,2534,finished,,2021-02-11T15:00:00.000000Z,15,15,0,15,15,15,0,0,14,0,1
2974,2539,finished,,2021-02-12T15:30:00.000000Z,15,15,0,15,15,15,0,0,15,0,0
2975,2543,finished,,2021-02-13T14:30:00.000000Z,15,15,0,15,15,15,0,0,13,0,2
2976,2548,finished,,2021-02-14T14:00:00.000000Z,15,15,0,15,15,15,0,0,15,0,0
2977,2554,finished,,2021-02-15T16:00:00.000000Z,15,15,0,15,15,15,0,0,15,0,0
2978,2556,finished,,2021-02-16T17:30:00.000000Z,15,15,0,15,15,15,0,0,15,0,0
2979,2561,finished,,2021-02-17T15:00:00.000000Z,15,15,0,15,15,15,0,0,14,0,1
2980,2564,finished,,2021-02-18T14:00:00.000000Z,15,15,0,15,15,15,0,0,15,0,0
2981,2568,finished,,2021-02-19T16:00:00.000000Z,15,15,0,15,15,15,0,0,15,0,0
2982,2572,finished,,2021-02-20T14:30:00.000000Z,15,15,0,15,15,15,0,0,15,0,0
2983,2579,finished,,2021-02-21T14:00:00.000000Z,15,15,0,15,15,15,0,0,15,0,0
2984,2583,finished,,2021-02-22T15:30:00.000000Z,15,15,0,15,15,15,0,0,15,0,0
2985,2585,finished,,2021-02-23T17:00:00.000000Z,15,15,0,15,15,15,0,0,14,0,1
2986,2588,finished,,2021-02-24T15:00:00.000000Z,15,15,0,15,15,15,0,0,15,0,0
2987,2592,finished,,2021-02-25T15:00:00.000000Z,15,15,0,15,15,15,0,0,15,0,0
2988,2597,finished,,2021-02-26T17:30:00.000000Z,15,15,0,15,15,15,0,0,15,0,0
2989,2601,finished,,2021-02-27T15:00:00.000000Z,15,15,0,15,15,15,0,0,15,0,0
2990,2606,finished,,2021-02-28T14:00:00.000000Z,15,15,0,15,15,15,0,0,15,0,0
2991,2612,finished,,2021-03-01T15:00:00.000000Z,15,15,0,15,15,15,0,0,15,0,0
2992,2615,finished,,2021-03-02T18:00:00.000000Z,15,15,0,15,15,15,0,0,15,0,0
2993,2619,finished,,2021-03-03T17:00:00.000000Z,15,15,0,15,15,15,0,0,15,0,0
2994,2623,finished,,2021-03-04T14:00:00.000000Z,15,15,0,15,15,15,0,0,14,0,1
2995,2626,finished,,2021-03-05T17:00:00.000000Z,15,15,0,15,15,15,0,0,15,0,0
2996,2631,finished,,2021-03-06T14:30:00.000000Z,15,15,0,15,15,15,0,0,15,0,0
2997,2636,finished,,2021-03-07T14:00:00.000000Z,15,15,0,15,15,15,0,0,15,0,0
2998,2639,finished,,2021-03-08T15:00:00.000000Z,15,15,0,15,15,15,0,0,15,0,0
2999,2643,finished,,2021-03-09T17:45:00.000000Z,15,15,0,15,15,15,0,0,15,0,0
3000,2648,finished,,2021-03-10T15:00:00.000000Z,15,15,0,15,15,15,0,0,15,0,0
3001,2650,finished,,2021-03-11T15:00:00.000000Z,15,15,0,15,15,15,0,0,14,0,1
3002,2656,finished,,2021-03-12T16:00:00.000000Z,15,15,0,15,15,15,0,0,14,0,1
3003,2659,finished,,2021-03-13T15:30:00.000000Z,15,15,0,15,15,15,0,0,14,0,1
3004,2665,finished,,2021-03-14T14:00:00.000000Z,15,15,0,15,15,15,0,0,15,0,0
3005,2669,finished,,2021-03-15T15:30:00.000000Z,15,15,0,15,15,15,0,0,15,0,0
3006,2672,finished,,2021-03-16T16:00:00.000000Z,15,15,0,15,15,15,0,0,15,0,0
3007,2677,finished,,2021-03-17T14:00:00.000000Z,15,15,0,15,15,15,0,0,15,0,0
3008,2680,finished,,2021-03-18T15:00:00.000000Z,15,15,0,15,15,15,0,0,15,0,0
3009,2684,finished,,2021-03-19T15:30:00.000000Z,15,15,0,15,15,15,0,0,13,0,2
3010,2688,finished,,2021-03-20T15:00:00.000000Z,15,15,0,15,15,15,0,0,15,0,0
3011,2695,finished,,2021-03-21T14:00:00.000000Z,15,15,0,15,15,15,0,0,15,0,0
3012,2699,finished,,2021-03-22T16:30:00.000000Z,15,15,0,15,15,15,0,0,14,0,1
3013,2702,finished,,2021-03-23T18:00:00.000000Z,15,15,0,15,15,15,0,0,15,0,0
3014,2707,finished,,2021-03-24T12:00:00.000000Z,15,15,0,15,15,15,0,0,14,0,1
3015,2709,finished,,2021-03-25T13:25:00.000000Z,15,15,0,15,15,15,0,0,13,0,2
3016,2713,finished,,2021-03-26T13:30:00.000000Z,15,15,0,15,15,15,0,0,15,0,0
3017,2717,finished,,2021-03-27T14:00:00.000000Z,15,15,0,15,15,15,0,0,15,0,0
3018,2720,finished,,2021-03-28T14:00:00.000000Z,15,15,0,15,15,15,0,0,15,0,0
3019,2724,finished,,2021-03-29T13:29:00.000000Z,15,15,0,15,15,15,0,0,15,0,0
3020,2725,finished,,2021-03-30T16:00:00.000000Z,15,15,0,15,15,15,0,0,15,0,0
3021,2728,finished,,2021-03-31T16:00:00.000000Z,15,15,0,15,15,15,0,0,15,0,0
3022,2731,finished,,2021-04-01T14:30:00.000000Z,15,15,0,15,15,15,0,0,15,0,0
3023,2734,finished,,2021-04-02T14:00:00.000000Z,15,15,0,15,15,15,0,0,15,0,0
3024,2736,finished,,2021-04-03T15:00:00.000000Z,15,15,0,15,15,15,0,0,15,0,0
3025,2741,finished,,2021-04-04T15:05:00.000000Z,15,15,0,15,15,15,0,0,15,0,0
3026,2744,finished,,2021-04-05T14:00:00.000000Z,15,15,0,15,15,15,0,0,15,0,0
3027,2745,finished,,2021-04-06T16:00:00.000000Z,15,15,0,15,15,15,0,0,15,0,0
3028,2750,finished,,2021-04-07T16:00:00.000000Z,15,15,0,15,15,15,0,0,15,0,0
3029,2752,finished,,2021-04-08T13:00:00.000000Z,15,15,0,15,15,15,0,0,15,0,0
3030,2754,finished,,2021-04-09T17:00:00.000000Z,15,15,0,15,15,15,0,0,15,0,0
3031,2758,finished,,2021-04-10T14:00:00.000000Z,15,15,0,15,15,15,0,0,15,0,0
3032,2759,finished,,2021-04-11T14:15:00.000000Z,15,15,0,15,15,15,0,0,15,0,0
3033,2764,finished,,2021-04-12T16:00:00.000000Z,15,15,0,15,15,15,0,0,15,0,0
3034,2765,finished,,2021-04-13T17:00:00.000000Z,15,15,0,15,15,15,0,0,15,0,0
3035,2768,finished,,2021-04-14T14:30:00.000000Z,15,15,0,15,15,15,0,0,14,0,1
3036,2770,finished,,2021-04-15T16:00:00.000000Z,15,15,0,15,15,15,0,0,15,0,0
3037,2773,finished,,2021-04-16T16:00:00.000000Z,15,15,0,15,15,15,0,0,15,0,0
3038,2775,finished,,2021-04-17T13:30:00.000000Z,15,15,0,15,15,15,0,0,15,0,0
3039,2779,finished,,2021-04-18T14:00:00.000000Z,15,15,0,15,15,15,0,0,15,0,0
3040,4391,finished,,2021-04-19T16:00:00.000000Z,15,15,0,15,15,15,0,0,15,0,0
3041,4395,finished,,2021-04-20T16:30:00.000000Z,15,15,0,15,15,15,0,0,15,0,0
3042,4398,finished,,2021-04-21T16:00:00.000000Z,15,15,0,15,15,15,0,0,15,0,0
3043,4402,finished,,2021-04-22T14:30:00.000000Z,15,15,0,15,15,15,0,0,15,0,0
3044,4407,finished,,2021-04-23T16:00:00.000000Z,15,15,0,15,15,15,0,0,15,0,0
3045,4414,finished,,2021-04-24T14:00:00.000000Z,15,15,0,15,15,15,0,0,15,0,0
3046,4419,finished,,2021-04-25T13:30:00.000000Z,15,15,0,15,15,15,0,0,15,0,0
3047,4423,finished,,2021-04-26T16:00:00.000000Z,15,15,0,15,15,15,0,0,15,0,0
3048,4428,finished,,2021-04-27T16:30:00.000000Z,15,15,0,15,15,15,0,0,14,0,1
3049,4434,finished,,2021-04-28T15:00:00.000000Z,15,15,0,15,15,15,0,0,15,0,0
3050,4438,finished,,2021-04-29T16:45:00.000000Z,15,15,0,15,15,15,0,0,15,0,0
3051,4445,finished,,2021-04-30T16:00:00.000000Z,15,15,0,15,15,15,0,0,15,0,0
3052,4452,finished,,2021-05-01T14:00:00.000000Z,15,15,0,15,15,15,0,0,15,0,0
3053,4456,finished,,2021-05-02T13:00:00.000000Z,15,15,0,15,15,15,0,0,14,0,1
3054,4461,finished,,2021-05-03T16:00:00.000000Z,15,15,0,15,15,15,0,0,15,0,0
3055,4468,finished,,2021-05-04T16:00:00.000000Z,15,15,0,15,15,15,0,0,15,0,0
3056,5904,finished,,2021-05-05T15:00:00.000000Z,15,15,0,15,15,15,0,0,15,0,0
3057,5908,finished,,2021-05-06T16:00:00.000000Z,15,15,0,15,15,15,0,0,15,0,0
3058,5914,finished,,2021-05-07T16:30:00.000000Z,15,15,0,15,15,15,0,0,15,0,0
3059,5920,finished,,2021-05-08T13:30:00.000000Z,15,15,0,15,15,15,0,0,15,0,0
3060,5925,finished,,2021-05-09T14:00:00.000000Z,15,15,0,15,15,15,0,0,15,0,0
3061,5932,finished,,2021-05-10T16:00:00.000000Z,15,15,0,15,15,15,0,0,15,0,0
3062,5937,finished,,2021-05-11T15:00:00.000000Z,15,15,0,15,15,15,0,0,15,0,0
3063,5941,finished,,2021-05-12T16:15:00.000000Z,15,15,0,15,15,15,0,0,14,0,1
3064,5948,finished,,2021-05-13T15:00:00.000000Z,15,15,0,15,15,15,0,0,15,0,0
3065,5954,finished,,2021-05-14T14:30:00.000000Z,15,15,0,15,15,15,0,0,15,0,0
3066,5959,finished,,2021-05-15T13:30:00.000000Z,15,15,0,15,15,15,0,0,15,0,0
3067,5966,finished,,2021-05-16T15:00:00.000000Z,15,15,0,15,15,15,0,0,15,0,0
3068,5972,finished,,2021-05-17T15:30:00.000000Z,15,15,0,15,15,15,0,0,15,0,0
3069,5976,finished,,2021-05-18T16:30:00.000000Z,15,15,0,15,15,15,0,0,15,0,0
3070,5980,finished,,2021-05-19T16:00:00.000000Z,15,15,0,15,15,15,0,0,15,0,0
3071,5987,finished,,2021-05-20T16:00:00.000000Z,15,15,0,15,15,15,0,0,15,0,0
3072,5991,finished,,2021-05-21T15:15:00.000000Z,15,15,0,15,15,15,0,0,15,0,0
3073,5997,finished,,2021-05-22T13:30:00.000000Z,15,15,0,15,15,15,0,0,15,0,0
3074,6002,finished,,2021-05-23T15:00:00.000000Z,15,15,0,15,15,15,0,0,15,0,0
3075,6008,finished,,2021-05-24T16:00:00.000000Z,15,15,0,15,15,15,0,0,15,0,0
3076,6014,finished,,2021-05-25T16:00:00.000000Z,15,15,0,15,15,15,0,0,15,0,0
3077,6018,finished,,2021-05-26T14:00:00.000000Z,15,15,0,15,15,15,0,0,15,0,0
3078,6021,finished,,2021-05-27T14:15:00.000000Z,15,15,0,15,15,15,0,0,14,0,1
3079,6027,finished,,2021-05-28T15:40:00.000000Z,15,15,0,15,15,15,0,0,15,0,0
3080,6032,finished,,2021-05-29T15:00:00.000000Z,15,15,0,15,15,15,0,0,15,0,0
3081,6038,finished,,2021-05-30T15:30:00.000000Z,15,15,0,15,15,15,0,0,15,0,0
3082,6044,finished,,2021-05-31T16:00:00.000000Z,15,15,0,15,15,15,0,0,15,0,0
3083,6048,finished,,2021-06-01T14:10:00.000000Z,15,15,0,15,15,15,0,0,15,0,0
3084,6051,finished,,2021-06-02T13:15:00.000000Z,15,15,0,15,15,15,0,0,15,0,0
3085,6056,finished,,2021-06-03T14:00:00.000000Z,15,15,0,15,15,15,0,0,14,0,1
3086,6059,finished,,2021-06-04T15:00:00.000000Z,15,15,0,15,15,15,0,0,15,0,0
3087,6063,finished,,2021-06-05T13:00:00.000000Z,15,15,0,15,15,15,0,0,15,0,0
3088,6066,finished,,2021-06-06T15:00:00.000000Z,15,15,0,15,15,15,0,0,15,0,0
3089,6074,finished,,2021-06-07T17:00:00.000000Z,15,15,0,15,15,15,0,0,15,0,0
3090,6077,finished,,2021-06-08T14:10:00.000000Z,15,15,0,15,15,15,0,0,15,0,0
3091,6080,finished,,2021-06-09T15:30:00.000000Z,15,15,0,15,15,15,0,0,15,0,0
3092,6085,finished,,2021-06-10T15:30:00.000000Z,15,15,0,15,15,15,0,0,15,0,0
3093,6090,finished,,2021-06-11T15:00:00.000000Z,15,15,0,15,15,15,0,0,15,0,0
3094,6092,finished,,2021-06-12T16:00:00.000000Z,15,15,0,15,15,15,0,0,15,0,0
3095,6100,finished,,2021-06-13T15:00:00.000000Z,15,15,0,15,15,15,0,0,15,0,0
3096,6103,finished,,2021-06-14T13:00:00.000000Z,15,15,0,15,15,15,0,0,15,0,0
3097,6105,finished,,2021-06-15T15:00:00.000000Z,15,15,0,15,15,15,0,0,15,0,0
3098,6112,finished,,2021-06-16T16:00:00.000000Z,15,15,0,15,15,15,0,0,15,0,0
3099,6116,finished,,2021-06-17T16:00:00.000000Z,15,15,0,15,15,15,0,0,15,0,0
3100,6119,finished,,2021-06-18T16:00:00.000000Z,15,15,0,15,15,15,0,0,15,0,0
3101,6125,finished,,2021-06-19T15:00:00.000000Z,15,15,0,15,15,15,0,0,15,0,0
3102,6130,finished,,2021-06-20T15:30:00.000000Z,15,15,0,15,15,15,0,0,15,0,0
3103,6133,finished,,2021-06-21T14:30:00.000000Z,15,15,0,15,15,15,0,0,15,0,0
3104,6137,finished,,2021-06-22T18:00:00.000000Z,15,15,0,15,15,15,0,0,15,0,0
3105,6143,finished,,2021-06-23T16:00:00.000000Z,15,15,0,15,15,15,0,0,15,0,0
3106,6147,finished,,2021-06-24T15:30:00.000000Z,15,15,0,15,15,15,0,0,15,0,0
3107,6150,finished,,2021-06-25T14:40:00.000000Z,15,15,0,15,15,15,0,0,15,0,0
3108,6154,finished,,2021-06-26T15:45:00.000000Z,15,15,0,15,15,15,0,0,15,0,0
3109,6160,finished,,2021-06-27T16:00:00.000000Z,15,15,0,15,15,15,0,0,15,0,0
3110,6165,finished,,2021-06-28T16:45:00.000000Z,15,15,0,15,15,15,0,0,15,0,0
3111,6171,finished,,2021-06-29T16:00:00.000000Z,15,15,0,15,15,15,0,0,15,0,0
3112,6173,finished,,2021-06-30T15:30:00.000000Z,15,15,0,15,15,15,0,0,14,0,1
3113,6179,finished,,2021-07-01T15:20:00.000000Z,15,15,0,15,15,15,0,0,15,0,0
3114,6182,finished,,2021-07-02T16:00:00.000000Z,15,15,0,15,15,15,0,0,15,0,0
3115,6185,finished,,2021-07-03T16:00:00.000000Z,15,15,0,15,15,15,0,0,15,0,0
3116,6190,finished,,2021-07-04T15:30:00.000000Z,15,15,0,15,15,15,0,0,15,0,0
3117,6194,finished,,2021-07-05T16:00:00.000000Z,15,15,0,15,15,15,0,0,15,0,0
3118,6199,finished,,2021-07-06T15:50:00.000000Z,15,15,0,15,15,15,0,0,15,0,0
3119,6204,finished,,2021-07-07T16:00:00.000000Z,15,15,0,15,15,15,0,0,15,0,0
3120,6207,finished,,2021-07-08T15:30:00.000000Z,15,15,0,15,15,15,0,0,15,0,0
3121,6212,finished,,2021-07-09T14:00:00.000000Z,15,15,0,15,15,15,0,0,15,0,0
3122,6215,finished,,2021-07-10T16:00:00.000000Z,15,15,0,15,15,15,0,0,14,0,1
3123,6222,finished,,2021-07-11T18:00:00.000000Z,15,15,0,15,15,15,0,0,15,0,0
3124,6227,finished,,2021-07-12T15:30:00.000000Z,15,15,0,15,15,15,0,0,15,0,0
3125,6229,finished,,2021-07-13T18:00:00.000000Z,15,15,0,15,15,15,0,0,15,0,0
3126,6234,finished,,2021-07-14T17:00:00.000000Z,15,15,0,15,15,15,0,0,15,0,0
3127,6239,finished,,2021-07-15T16:00:00.000000Z,15,15,0,15,15,15,0,0,15,0,0
3128,6241,finished,,2021-07-16T15:30:00.000000Z,15,15,0,15,15,15,0,0,15,0,0
3129,6243,finished,,2021-07-17T17:30:00.000000Z,15,15,0,15,15,15,0,0,15,0,0
3130,6251,finished,,2021-07-18T15:45:00.000000Z,15,15,0,15,15,15,0,0,14,0,1
3131,6256,finished,,2021-07-19T16:00:00.000000Z,15,15,0,15,15,15,0,0,15,0,0
3132,6259,finished,,2021-07-20T16:00:00.000000Z,15,15,0,15,15,15,0,0,15,0,0
3133,6263,finished,,2021-07-21T17:00:00.000000Z,15,15,0,15,15,15,0,0,15,0,0
3134,6268,finished,,2021-07-22T16:00:00.000000Z,15,15,0,15,15,15,0,0,15,0,0
3135,6272,finished,,2021-07-23T15:30:00.000000Z,15,15,0,15,15,15,0,0,15,0,0
3136,6276,finished,,2021-07-24T15:30:00.000000Z,15,15,0,15,15,15,0,0,14,0,1
3137,6283,finished,,2021-07-25T15:30:00.000000Z,15,15,0,15,15,15,0,0,15,0,0
3138,6288,finished,,2021-07-26T16:00:00.000000Z,15,15,0,15,15,15,0,0,15,0,0
3139,6293,finished,,2021-07-27T15:45:00.000000Z,15,15,0,15,15,15,0,0,15,0,0
3140,6297,finished,,2021-07-28T15:30:00.000000Z,15,15,0,15,15,15,0,0,15,0,0
3141,6300,finished,,2021-07-29T16:00:00.000000Z,15,15,0,15,15,15,0,0,15,0,0
3142,6304,finished,,2021-07-30T16:00:00.000000Z,15,15,0,15,15,15,0,0,15,0,0
3143,6312,finished,,2021-07-31T15:30:00.000000Z,15,15,0,15,15,15,0,0,15,0,0
3144,6317,finished,,2021-08-01T15:00:00.000000Z,15,15,0,15,15,15,0,0,15,0,0
3145,6320,finished,,2021-08-02T17:00:00.000000Z,15,15,0,15,15,15,0,0,15,0,0
3146,6328,finished,,2021-08-03T16:30:00.000000Z,15,15,0,15,15,15,0,0,15,0,0
3147,6332,finished,,2021-08-04T16:00:00.000000Z,15,15,0,15,15,15,0,0,15,0,0
3148,6336,finished,,2021-08-05T16:00:00.000000Z,15,15,0,15,15,15,0,0,15,0,0
3149,6341,finished,,2021-08-06T16:00:00.000000Z,15,15,0,15,15,15,0,0,15,0,0
3150,6345,finished,,2021-08-07T14:30:00.000000Z,15,15,0,15,15,15,0,0,15,0,0
3151,6351,finished,,2021-08-08T14:30:00.000000Z,15,15,0,15,15,15,0,0,15,0,0
3152,6355,finished,,2021-08-09T17:00:00.000000Z,15,15,0,15,15,15,0,0,15,0,0
3153,6361,finished,,2021-08-10T17:00:00.000000Z,15,15,0,15,15,15,0,0,14,0,1
3154,6365,finished,,2021-08-11T17:00:00.000000Z,15,15,0,15,15,15,0,0,15,0,0
3155,6368,finished,,2021-08-12T15:00:00.000000Z,15,15,0,15,15,15,0,0,14,0,1
3156,6371,finished,,2021-08-13T16:30:00.000000Z,15,15,0,15,15,15,0,0,15,0,0
3157,6376,finished,,2021-08-14T14:00:00.000000Z,15,15,0,15,15,15,0,0,15,0,0
3158,6383,finished,,2021-08-15T15:30:00.000000Z,15,15,0,15,15,15,0,0,15,0,0
3159,6389,finished,,2021-08-16T17:00:00.000000Z,15,15,0,15,15,15,0,0,15,0,0
3160,6395,finished,,2021-08-17T18:30:00.000000Z,15,15,0,15,15,15,0,0,15,0,0
3161,6399,finished,,2021-08-18T15:30:00.000000Z,15,15,0,15,15,15,0,0,15,0,0
3162,6401,finished,,2021-08-19T16:00:00.000000Z,15,15,0,15,15,15,0,0,15,0,0
3163,6408,finished,,2021-08-20T15:45:00.000000Z,15,15,0,15,15,15,0,0,15,0,0
3164,6413,finished,,2021-08-21T13:30:00.000000Z,15,15,0,15,15,15,0,0,15,0,0
3165,6417,finished,,2021-08-22T15:00:00.000000Z,15,15,0,15,15,15,0,0,15,0,0
3166,6426,finished,,2021-08-23T16:00:00.000000Z,15,15,0,15,15,15,0,0,14,0,1
3167,6429,finished,,2021-08-24T17:00:00.000000Z,15,15,0,15,15,15,0,0,15,0,0
3168,6434,finished,,2021-08-25T15:30:00.000000Z,15,15,0,15,15,15,0,0,15,0,0
3169,6438,finished,,2021-08-26T16:00:00.000000Z,15,15,0,15,15,15,0,0,15,0,0
3170,6446,finished,,2021-08-27T16:00:00.000000Z,15,15,0,15,15,15,0,0,15,0,0
3171,6447,finished,,2021-08-28T14:00:00.000000Z,15,15,0,15,15,15,0,0,15,0,0
3172,6455,finished,,2021-08-29T13:00:00.000000Z,15,15,0,15,15,15,0,0,15,0,0
3173,6459,finished,,2021-08-30T15:00:00.000000Z,15,15,0,15,15,15,0,0,15,0,0
3174,6467,finished,,2021-08-31T18:00:00.000000Z,15,15,0,15,15,15,0,0,15,0,0
3175,6472,finished,,2021-09-01T15:30:00.000000Z,15,15,0,15,15,15,0,0,15,0,0
3176,6474,finished,,2021-09-02T15:30:00.000000Z,15,15,0,15,15,15,0,0,15,0,0
3177,6480,finished,,2021-09-03T16:00:00.000000Z,15,15,0,15,15,15,0,0,15,0,0
3178,6483,finished,,2021-09-04T18:00:00.000000Z,15,15,0,15,15,15,0,0,15,0,0
3179,6491,finished,,2021-09-05T15:00:00.000000Z,15,15,0,15,15,15,0,0,14,0,1
3180,6496,finished,,2021-09-06T15:30:00.000000Z,15,15,0,15,15,15,0,0,14,0,1
3181,6499,finished,,2021-09-07T15:30:00.000000Z,15,15,0,15,15,15,0,0,15,0,0
3182,6504,finished,,2021-09-08T15:00:00.000000Z,15,15,0,15,15,15,0,0,14,0,1
3183,6506,finished,,2021-09-09T14:00:00.000000Z,15,15,0,15,15,15,0,0,14,0,1
3184,6511,finished,,2021-09-10T17:00:00.000000Z,15,15,0,15,15,15,0,0,15,0,0
3185,6516,finished,,2021-09-11T13:30:00.000000Z,15,15,0,15,15,15,0,0,15,0,0
3186,6518,finished,,2021-09-12T14:15:00.000000Z,15,15,0,15,15,15,0,0,15,0,0
3187,6526,finished,,2021-09-13T16:30:00.000000Z,15,15,0,15,15,15,0,0,15,0,0
3188,6531,finished,,2021-09-14T17:00:00.000000Z,15,15,0,15,15,15,0,0,15,0,0
3189,6536,finished,,2021-09-15T16:00:00.000000Z,15,15,0,15,15,15,0,0,15,0,0
3190,6541,finished,,2021-09-16T16:45:00.000000Z,15,15,0,15,15,15,0,0,15,0,0
3191,6545,finished,,2021-09-17T16:00:00.000000Z,15,15,0,15,15,15,0,0,15,0,0
3192,6549,finished,,2021-09-18T14:00:00.000000Z,15,15,0,15,15,15,0,0,15,0,0
3193,6554,finished,,2021-09-19T14:00:00.000000Z,15,15,0,15,15,15,0,0,15,0,0
3194,6559,finished,,2021-09-20T16:30:00.000000Z,15,15,0,15,15,15,0,0,15,0,0
3195,6565,finished,,2021-09-21T17:00:00.000000Z,15,15,0,15,15,15,0,0,15,0,0
3196,6571,finished,,2021-09-22T16:00:00.000000Z,15,15,0,15,15,15,0,0,15,0,0
3197,6574,finished,,2021-09-23T15:15:00.000000Z,15,15,0,15,15,15,0,0,15,0,0
3198,6578,finished,,2021-09-24T17:00:00.000000Z,15,15,0,15,15,15,0,0,15,0,0
3199,6585,finished,,2021-09-25T13:30:00.000000Z,15,15,0,15,15,15,0,0,15,0,0
3200,6589,finished,,2021-09-26T13:00:00.000000Z,15,15,0,15,15,15,0,0,15,0,0
3201,6593,finished,,2021-09-27T16:00:00.000000Z,15,15,0,15,15,15,0,0,15,0,0
3202,6599,finished,,2021-09-28T18:45:00.000000Z,15,15,0,15,15,15,0,0,15,0,0
3203,6605,finished,,2021-09-29T17:00:00.000000Z,15,15,0,15,15,15,0,0,15,0,0
3204,6610,finished,,2021-09-30T15:30:00.000000Z,15,15,0,15,15,15,0,0,15,0,0
3205,6613,finished,,2021-10-01T17:00:00.000000Z,15,15,0,15,15,15,0,0,15,0,0
3206,6619,finished,,2021-10-02T13:30:00.000000Z,15,15,0,15,15,15,0,0,15,0,0
3207,6622,finished,,2021-10-03T15:00:00.000000Z,15,15,0,15,15,15,0,0,15,0,0
3208,6629,finished,,2021-10-04T17:00:00.000000Z,15,15,0,15,15,15,0,0,15,0,0
3209,6634,finished,,2021-10-05T18:00:00.000000Z,15,15,0,15,15,15,0,0,14,0,1
3210,6639,finished,,2021-10-06T17:00:00.000000Z,15,15,0,15,15,15,0,0,15,0,0
3211,6641,finished,,2021-10-07T16:00:00.000000Z,15,15,0,15,15,15,0,0,14,0,1
3212,6647,finished,,2021-10-08T17:00:00.000000Z,15,15,0,15,15,15,0,0,15,0,0
3213,6651,finished,,2021-10-09T14:00:00.000000Z,15,15,0,15,15,15,0,0,15,0,0
3214,6656,finished,,2021-10-10T15:30:00.000000Z,15,15,0,15,15,15,0,0,15,0,0
3215,6662,finished,,2021-10-11T16:30:00.000000Z,15,15,0,15,15,15,0,0,15,0,0
3216,6666,finished,,2021-10-12T16:00:00.000000Z,15,15,0,15,15,15,0,0,14,0,1
3217,6670,finished,,2021-10-13T14:55:00.000000Z,15,15,0,15,15,15,0,0,15,0,0
3218,6673,finished,,2021-10-14T14:00:00.000000Z,15,15,0,15,15,15,0,0,15,0,0
3219,6678,finished,,2021-10-15T16:00:00.000000Z,15,15,0,15,15,15,0,0,15,0,0
3220,6682,finished,,2021-10-16T13:30:00.000000Z,15,15,0,15,15,15,0,0,15,0,0
3221,6685,finished,,2021-10-17T13:00:00.000000Z,15,15,0,15,15,15,0,0,15,0,0
3222,6690,finished,,2021-10-18T16:00:00.000000Z,15,15,0,15,15,15,0,0,15,0,0
3223,6696,finished,,2021-10-19T16:45:00.000000Z,15,15,0,15,15,15,0,0,15,0,0
3224,6702,finished,,2021-10-20T16:45:00.000000Z,15,15,0,15,15,15,0,0,15,0,0
3225,6707,finished,,2021-10-21T16:45:00.000000Z,15,15,0,15,15,15,0,0,15,0,0
3226,6713,finished,,2021-10-22T16:30:00.000000Z,15,15,0,15,15,15,0,0,15,0,0
3227,6719,finished,,2021-10-23T14:00:00.000000Z,15,15,0,15,15,15,0,0,15,0,0
3228,6721,finished,,2021-10-24T13:00:00.000000Z,15,15,0,15,15,15,0,0,15,0,0
3229,6725,finished,,2021-10-25T15:30:00.000000Z,15,15,0,15,15,15,0,0,15,0,0
3230,6731,finished,,2021-10-26T16:00:00.000000Z,15,15,0,15,15,15,0,0,15,0,0
3231,6737,finished,,2021-10-27T16:00:00.000000Z,15,15,0,15,15,15,0,0,15,0,0
3232,6742,finished,,2021-10-28T16:00:00.000000Z,15,15,0,15,15,15,0,0,15,0,0
3233,6745,finished,,2021-10-29T16:00:00.000000Z,15,15,0,15,15,15,0,0,15,0,0
3234,6752,finished,,2021-10-30T14:00:00.000000Z,15,15,0,15,15,15,0,0,15,0,0
3235,6755,finished,,2021-10-31T14:00:00.000000Z,15,15,0,15,15,15,0,0,15,0,0
3236,6761,finished,,2021-11-01T16:30:00.000000Z,15,15,0,15,15,15,0,0,14,0,1
3237,6766,finished,,2021-11-02T17:45:00.000000Z,15,15,0,15,15,15,0,0,15,0,0
3238,6771,finished,,2021-11-03T16:00:00.000000Z,15,15,0,15,15,15,0,0,15,0,0
3239,6775,finished,,2021-11-04T15:30:00.000000Z,15,15,0,15,15,15,0,0,15,0,0
3240,6779,finished,,2021-11-05T15:30:00.000000Z,15,15,0,15,15,15,0,0,15,0,0
3241,6783,finished,,2021-11-06T13:30:00.000000Z,15,15,0,15,15,15,0,0,15,0,0
3242,6791,finished,,2021-11-07T13:30:00.000000Z,15,15,0,15,15,15,0,0,15,0,0
3243,6794,finished,,2021-11-08T16:30:00.000000Z,15,15,0,15,15,15,0,0,14,0,1
3244,6800,finished,,2021-11-09T19:00:00.000000Z,15,15,0,15,15,15,0,0,15,0,0
3245,6804,finished,,2021-11-10T18:30:00.000000Z,15,15,0,15,15,15,0,0,15,0,0
3246,6811,finished,,2021-11-11T15:00:00.000000Z,15,15,0,15,15,15,0,0,15,0,0
3247,6812,finished,,2021-11-12T17:00:00.000000Z,15,15,0,15,15,15,0,0,15,0,0
3248,6816,finished,,2021-11-13T15:00:00.000000Z,15,15,0,15,15,15,0,0,15,0,0
3249,6820,finished,,2021-11-14T16:00:00.000000Z,15,15,0,15,15,15,0,0,15,0,0
3250,6827,finished,,2021-11-15T16:30:00.000000Z,15,15,0,15,15,15,0,0,15,0,0
3251,6831,finished,,2021-11-16T17:00:00.000000Z,15,15,0,15,15,15,0,0,15,0,0
3252,6836,finished,,2021-11-17T14:00:00.000000Z,15,15,0,15,15,15,0,0,15,0,0
3253,6839,finished,,2021-11-18T18:00:00.000000Z,15,15,0,15,15,15,0,0,15,0,0
3254,6844,finished,,2021-11-19T17:30:00.000000Z,15,15,0,15,15,15,0,0,15,0,0
3255,6847,finished,,2021-11-20T15:00:00.000000Z,15,15,0,15,15,15,0,0,15,0,0
3256,6852,finished,,2021-11-21T14:00:00.000000Z,15,15,0,15,15,15,0,0,15,0,0
3257,6856,finished,,2021-11-22T15:30:00.000000Z,15,15,0,15,15,15,0,0,15,0,0
3258,6860,finished,,2021-11-23T17:45:00.000000Z,15,15,0,15,15,15,0,0,15,0,0
3259,6866,finished,,2021-11-24T17:15:00.000000Z,15,15,0,15,15,15,0,0,15,0,0
3260,6873,finished,,2021-11-25T17:15:00.000000Z,15,15,0,15,15,15,0,0,15,0,0
3261,6878,finished,,2021-11-26T17:00:00.000000Z,15,15,0,15,15,15,0,0,15,0,0
3262,6882,finished,,2021-11-27T14:00:00.000000Z,15,15,0,15,15,15,0,0,15,0,0
3263,6885,finished,,2021-11-28T14:00:00.000000Z,15,15,0,15,15,15,0,0,15,0,0
3264,6889,finished,,2021-11-29T14:00:00.000000Z,15,15,0,15,15,15,0,0,14,0,1
3265,6894,finished,,2021-11-30T17:00:00.000000Z,15,15,0,15,15,15,0,0,14,0,1
3266,6902,finished,,2021-12-01T16:15:00.000000Z,15,15,0,15,15,15,0,0,15,0,0
3267,6906,finished,,2021-12-02T16:30:00.000000Z,15,15,0,15,15,15,0,0,15,0,0
3268,6913,finished,,2021-12-03T17:00:00.000000Z,15,15,0,15,15,15,0,0,15,0,0
3269,6918,finished,,2021-12-04T14:30:00.000000Z,15,15,0,15,15,15,0,0,15,0,0
3270,6922,finished,,2021-12-05T14:00:00.000000Z,15,15,0,15,15,15,0,0,15,0,0
3271,6926,finished,,2021-12-06T15:00:00.000000Z,15,15,0,15,15,15,0,0,15,0,0
3272,6929,finished,,2021-12-07T17:00:00.000000Z,15,15,0,15,15,15,0,0,15,0,0
3273,6936,finished,,2021-12-08T15:00:00.000000Z,15,15,0,15,15,15,0,0,14,0,1
3274,6940,finished,,2021-12-09T16:00:00.000000Z,15,15,0,15,15,15,0,0,15,0,0
3275,6946,finished,,2021-12-10T17:00:00.000000Z,15,15,0,15,15,15,0,0,15,0,0
3276,6950,finished,,2021-12-11T14:30:00.000000Z,15,15,0,15,15,15,0,0,15,0,0
3277,6955,finished,,2021-12-12T14:00:00.000000Z,15,15,0,15,15,15,0,0,15,0,0
3278,6960,finished,,2021-12-13T15:45:00.000000Z,15,15,0,15,15,15,0,0,15,0,0
3279,6967,finished,,2021-12-14T17:30:00.000000Z,15,15,0,15,15,15,0,0,14,0,1
3280,6970,finished,,2021-12-15T15:00:00.000000Z,15,15,0,15,15,15,0,0,13,0,2
3281,6975,finished,,2021-12-16T14:00:00.000000Z,15,15,0,15,15,15,0,0,15,0,0
3282,6980,finished,,2021-12-17T15:00:00.000000Z,15,15,0,15,15,15,0,0,15,0,0
3283,6984,finished,,2021-12-18T14:30:00.000000Z,15,15,0,15,15,15,0,0,15,0,0
3284,6990,finished,,2021-12-19T14:00:00.000000Z,15,15,0,15,15,15,0,0,15,0,0
3285,6995,finished,,2021-12-20T14:30:00.000000Z,15,15,0,15,15,15,0,0,13,0,2
3286,7000,finished,,2021-12-21T17:00:00.000000Z,15,15,0,15,15,15,0,0,15,0,0
3287,7007,finished,,2021-12-22T17:00:00.000000Z,15,15,0,15,15,15,0,0,14,0,1
3288,7011,finished,,2021-12-23T14:00:00.000000Z,15,15,0,15,15,15,0,0,15,0,0
3289,7014,finished,,2021-12-24T13:00:00.000000Z,15,15,0,15,15,15,0,0,15,0,0
3290,7019,finished,,2021-12-25T13:00:00.000000Z,15,15,0,15,15,15,0,0,15,0,0
3291,7022,finished,,2021-12-26T15:00:00.000000Z,15,15,0,15,15,15,0,0,10,0,5
3292,7028,finished,,2021-12-27T15:00:00.000000Z,15,15,0,15,15,15,0,0,0,0,15
3293,7032,finished,,2021-12-28T15:00:00.000000Z,15,15,0,15,15,15,0,0,14,0,1
3294,7036,finished,,2021-12-29T14:35:00.000000Z,15,15,0,15,15,15,0,0,13,0,2
3295,7040,finished,,2021-12-30T14:00:00.000000Z,15,15,0,15,15,15,0,0,14,0,1
3296,7044,finished,,2021-12-31T13:00:00.000000Z,15,15,0,15,15,15,0,0,14,0,1
3297,7046,finished,,2022-01-01T15:00:00.000000Z,15,15,0,15,15,15,0,0,14,0,1
3298,7049,finished,,2022-01-02T14:00:00.000000Z,15,15,0,15,15,15,0,0,14,0,1
3299,7054,finished,,2022-01-03T12:45:00.000000Z,15,15,0,15,15,15,0,0,15,0,0
3300,7058,finished,,2022-01-04T13:00:00.000000Z,15,15,0,15,15,15,0,0,14,0,1
3301,7062,finished,,2022-01-05T13:45:00.000000Z,15,15,0,15,15,15,0,0,12,0,3
3302,7066,finished,,2022-01-06T13:30:00.000000Z,15,15,0,15,15,15,0,0,15,0,0
3303,7070,finished,,2022-01-07T15:00:00.000000Z,15,15,0,15,15,15,0,0,13,0,2
3304,7076,finished,,2022-01-08T15:00:00.000000Z,15,15,0,15,15,15,0,0,14,0,1
3305,7079,finished,,2022-01-09T14:00:00.000000Z,15,15,0,15,15,15,0,0,15,0,0
3306,7084,finished,,2022-01-10T14:40:00.000000Z,15,15,0,15,15,15,0,0,15,0,0
3307,7087,finished,,2022-01-11T14:40:00.000000Z,15,15,0,15,15,15,0,0,15,0,0
3308,7092,finished,,2022-01-12T15:15:00.000000Z,15,15,0,15,15,15,0,0,13,0,2
3309,7100,finished,,2022-01-13T13:45:00.000000Z,15,15,0,15,15,15,0,0,12,0,3
3310,7101,finished,,2022-01-14T15:00:00.000000Z,15,15,0,15,15,15,0,0,14,0,1
3311,7107,finished,,2022-01-15T12:30:00.000000Z,15,15,0,15,15,15,0,0,14,0,1
3312,7108,finished,,2022-01-16T14:00:00.000000Z,15,15,0,15,15,15,0,0,14,0,1
3313,7116,finished,,2022-01-17T13:20:00.000000Z,15,15,0,15,15,15,0,0,14,0,1
3314,7119,finished,,2022-01-18T17:00:00.000000Z,15,15,0,15,15,15,0,0,14,0,1
3315,7124,finished,,2022-01-19T14:00:00.000000Z,15,15,0,15,15,15,0,0,14,0,1
3316,7128,finished,,2022-01-20T14:00:00.000000Z,15,15,0,15,15,15,0,0,14,0,1
3317,7133,finished,,2022-01-21T16:00:00.000000Z,15,15,0,15,15,15,0,0,15,0,0
3318,7139,finished,,2022-01-22T14:00:00.000000Z,15,15,0,15,15,15,0,0,15,0,0
3319,7143,finished,,2022-01-23T14:00:00.000000Z,15,15,0,15,15,15,0,0,15,0,0
3320,7149,finished,,2022-01-24T15:30:00.000000Z,15,15,0,15,15,15,0,0,15,0,0
3321,7152,finished,,2022-01-25T18:00:00.000000Z,15,15,0,15,15,15,0,0,14,0,1
3322,7157,finished,,2022-01-26T17:45:00.000000Z,15,15,0,15,15,15,0,0,15,0,0
3323,7164,finished,,2022-01-27T15:00:00.000000Z,15,15,0,15,15,15,0,0,15,0,0
3324,7167,finished,,2022-01-28T17:00:00.000000Z,15,15,0,15,15,15,0,0,15,0,0
3325,7173,finished,,2022-01-29T15:00:00.000000Z,15,15,0,15,15,15,0,0,14,0,1
3326,7176,finished,,2022-01-30T15:00:00.000000Z,15,15,0,15,15,15,0,0,15,0,0
3327,7183,finished,,2022-01-31T15:00:00.000000Z,15,15,0,15,15,15,0,0,15,0,0
3328,7186,finished,,2022-02-01T17:00:00.000000Z,15,15,0,15,15,15,0,0,15,0,0
3329,7189,finished,,2022-02-02T15:15:00.000000Z,15,15,0,15,15,15,0,0,15,0,0
3330,7193,finished,,2022-02-03T14:00:00.000000Z,15,15,0,15,15,15,0,0,14,0,1
3331,7199,finished,,2022-02-04T15:30:00.000000Z,15,15,0,15,15,15,0,0,15,0,0
3332,7202,finished,,2022-02-05T14:30:00.000000Z,15,15,0,15,15,15,0,0,15,0,0
3333,7207,finished,,2022-02-06T14:00:00.000000Z,15,15,0,15,15,15,0,0,15,0,0
3334,7214,finished,,2022-02-07T15:05:00.000000Z,15,15,0,15,15,15,0,0,15,0,0
3335,7218,finished,,2022-02-08T15:30:00.000000Z,15,15,0,15,15,15,0,0,15,0,0
3336,7221,finished,,2022-02-09T15:30:00.000000Z,15,15,0,15,15,15,0,0,15,0,0
3337,7227,finished,,2022-02-10T14:00:00.000000Z,15,15,0,15,15,15,0,0,15,0,0
3338,7233,finished,,2022-02-11T17:00:00.000000Z,15,15,0,15,15,15,0,0,15,0,0
3339,7237,finished,,2022-02-12T14:30:00.000000Z,15,15,0,15,15,15,0,0,15,0,0
3340,7240,finished,,2022-02-13T14:00:00.000000Z,15,15,0,15,15,15,0,0,15,0,0
3341,7246,finished,,2022-02-14T15:10:00.000000Z,15,15,0,15,15,15,0,0,0,0,15
3342,7252,finished,,2022-02-15T17:00:00.000000Z,15,15,0,15,15,15,0,0,15,0,0
3343,7258,finished,,2022-02-16T15:00:00.000000Z,15,15,0,15,15,15,0,0,15,0,0
3344,7260,finished,,2022-02-17T15:30:00.000000Z,15,15,0,15,15,15,0,0,14,0,1
3345,7265,finished,,2022-02-18T15:30:00.000000Z,15,15,0,15,15,15,0,0,11,0,4
3346,7271,finished,,2022-02-19T14:00:00.000000Z,15,15,0,15,15,15,0,0,15,0,0
3347,7274,finished,,2022-02-20T14:00:00.000000Z,15,15,0,15,15,15,0,0,15,0,0
3348,7281,finished,,2022-02-21T15:30:00.000000Z,15,15,0,15,15,15,0,0,15,0,0
3349,7284,finished,,2022-02-22T17:30:00.000000Z,15,15,0,15,15,15,0,0,15,0,0
3350,7291,finished,,2022-02-23T15:30:00.000000Z,15,15,0,15,15,15,0,0,6,0,9
3351,7294,finished,,2022-02-24T16:30:00.000000Z,15,15,0,15,15,15,0,0,0,0,15
3352,7301,finished,,2022-02-25T17:00:00.000000Z,15,15,0,15,15,15,0,0,15,0,0
3353,7304,finished,,2022-02-26T14:30:00.000000Z,15,15,0,15,15,15,0,0,15,0,0
3354,7309,finished,,2022-02-27T14:00:00.000000Z,15,15,0,15,15,15,0,0,15,0,0
3355,7314,finished,,2022-02-28T15:30:00.000000Z,15,15,0,15,15,15,0,0,14,0,1
3356,7317,finished,,2022-03-01T17:55:00.000000Z,15,15,0,15,15,15,0,0,14,0,1
3357,7324,finished,,2022-03-02T17:00:00.000000Z,15,15,0,15,15,15,0,0,15,0,0
3358,7328,finished,,2022-03-03T14:00:00.000000Z,15,15,0,15,15,15,0,0,15,0,0
3359,7331,finished,,2022-03-04T15:45:00.000000Z,15,15,0,15,15,15,0,0,15,0,0
3360,7337,finished,,2022-03-05T14:00:00.000000Z,15,15,0,15,15,15,0,0,15,0,0
3361,7340,finished,,2022-03-06T14:00:00.000000Z,15,15,0,15,15,15,0,0,15,0,0
3362,7344,finished,,2022-03-07T15:30:00.000000Z,15,15,0,15,15,15,0,0,15,0,0
3363,7351,finished,,2022-03-08T17:00:00.000000Z,15,15,0,15,15,15,0,0,15,0,0
3364,7356,finished,,2022-03-09T15:30:00.000000Z,15,15,0,15,15,15,0,0,15,0,0
3365,7362,finished,,2022-03-10T16:30:00.000000Z,15,15,0,15,15,15,0,0,15,0,0
3366,7367,finished,,2022-03-11T17:00:00.000000Z,15,15,0,15,15,15,0,0,15,0,0
3367,7370,finished,,2022-03-12T14:00:00.000000Z,15,15,0,15,15,15,0,0,15,0,0
3368,7373,finished,,2022-03-13T14:00:00.000000Z,15,15,0,15,15,15,0,0,15,0,0
3369,7379,finished,,2022-03-14T15:30:00.000000Z,15,15,0,15,15,15,0,0,15,0,0
3370,7383,finished,,2022-03-15T17:30:00.000000Z,15,15,0,15,15,15,0,0,15,0,0
3371,7387,finished,,2022-03-16T15:30:00.000000Z,15,15,0,15,15,15,0,0,15,0,0
3372,7389,finished,,2022-03-17T15:45:00.000000Z,15,15,0,15,15,15,0,0,15,0,0
3373,7390,finished,,2022-03-18T15:30:00.000000Z,15,15,0,15,15,15,0,0,14,0,1
3374,7392,finished,,2022-03-19T15:00:00.000000Z,15,15,0,15,15,15,0,0,15,0,0
3375,7395,finished,,2022-03-20T14:00:00.000000Z,15,15,0,15,15,15,0,0,15,0,0
3376,7397,finished,,2022-03-21T16:00:00.000000Z,15,15,0,15,15,15,0,0,15,0,0
3377,7398,finished,,2022-03-22T15:30:00.000000Z,15,15,0,15,15,15,0,0,15,0,0
3378,7401,finished,,2022-03-23T13:00:00.000000Z,15,15,0,15,15,15,0,0,14,0,1
3379,7403,finished,,2022-03-24T14:00:00.000000Z,15,15,0,15,15,15,0,0,15,0,0
3380,7405,finished,,2022-03-25T16:00:00.000000Z,15,15,0,15,15,15,0,0,15,0,0
3381,7407,finished,,2022-03-26T15:00:00.000000Z,15,15,0,15,15,15,0,0,15,0,0
3382,7409,finished,,2022-03-27T16:15:00.000000Z,15,15,0,15,15,15,0,0,15,0,0
3383,7411,finished,,2022-03-28T16:00:00.000000Z,15,15,0,15,15,15,0,0,15,0,0
3384,7413,finished,,2022-03-29T16:00:00.000000Z,15,15,0,15,15,15,0,0,15,0,0
3385,7415,finished,,2022-03-30T15:45:00.000000Z,15,15,0,15,15,15,0,0,15,0,0
3386,7417,finished,,2022-03-31T14:00:00.000000Z,15,15,0,15,15,15,0,0,15,0,0
3387,7418,finished,,2022-04-01T16:00:00.000000Z,15,15,0,15,15,15,0,0,15,0,0
3388,7421,finished,,2022-04-02T13:30:00.000000Z,15,15,0,15,15,15,0,0,15,0,0
3389,7424,finished,,2022-04-03T13:30:00.000000Z,15,15,0,15,15,15,0,0,15,0,0
3390,7428,finished,,2022-04-04T16:00:00.000000Z,15,15,0,15,15,15,0,0,15,0,0
3391,7430,finished,,2022-04-05T17:00:00.000000Z,15,15,0,15,15,15,0,0,15,0,0
3392,7433,finished,,2022-04-06T16:00:00.000000Z,15,15,0,15,15,15,0,0,15,0,0
3393,7437,finished,,2022-04-07T16:00:00.000000Z,15,15,0,15,15,15,0,0,15,0,0
3394,7439,finished,,2022-04-08T16:00:00.000000Z,15,15,0,15,15,15,0,0,15,0,0
3395,7443,finished,,2022-04-09T13:30:00.000000Z,15,15,0,15,15,15,0,0,15,0,0
3396,7445,finished,,2022-04-10T13:00:00.000000Z,15,15,0,15,15,15,0,0,15,0,0
3397,7448,finished,,2022-04-11T16:00:00.000000Z,15,15,0,15,15,15,0,0,15,0,0
3398,7452,finished,,2022-04-12T15:45:00.000000Z,15,15,0,15,15,15,0,0,15,0,0
3399,7454,finished,,2022-04-13T15:00:00.000000Z,15,15,0,15,15,15,0,0,15,0,0
3400,7457,finished,,2022-04-14T16:00:00.000000Z,15,15,0,15,15,15,0,0,15,0,0
3401,7460,finished,,2022-04-15T14:00:00.000000Z,15,15,0,15,15,15,0,0,15,0,0
3402,7463,finished,,2022-04-16T14:00:00.000000Z,15,15,0,15,15,15,0,0,15,0,0
3403,7466,finished,,2022-04-17T13:00:00.000000Z,15,15,0,15,15,15,0,0,15,0,0
3404,7470,finished,,2022-04-18T16:00:00.000000Z,15,15,0,15,15,15,0,0,15,0,0
3405,7473,finished,,2022-04-19T16:00:00.000000Z,15,15,0,15,15,15,0,0,15,0,0
3406,7474,finished,,2022-04-20T16:00:00.000000Z,15,15,0,15,15,15,0,0,15,0,0
3407,7478,finished,,2022-04-21T14:00:00.000000Z,15,15,0,15,15,15,0,0,15,0,0
3408,7481,finished,,2022-04-22T16:00:00.000000Z,15,15,0,15,15,15,0,0,14,0,1
3409,7485,finished,,2022-04-23T13:30:00.000000Z,15,15,0,15,15,15,0,0,15,0,0
3410,7487,finished,,2022-04-24T13:00:00.000000Z,15,15,0,15,15,15,0,0,15,0,0
3411,7490,finished,,2022-04-25T16:00:00.000000Z,15,15,0,15,15,15,0,0,15,0,0
3412,7495,finished,,2022-04-26T16:00:00.000000Z,15,15,0,15,15,15,0,0,15,0,0
3413,7498,finished,,2022-04-27T15:00:00.000000Z,15,15,0,15,15,15,0,0,15,0,0
3414,7500,finished,,2022-04-28T14:00:00.000000Z,15,15,0,15,15,15,0,0,15,0,0
3415,7502,finished,,2022-04-29T16:00:00.000000Z,15,15,0,15,15,15,0,0,15,0,0
3416,7505,finished,,2022-04-30T13:00:00.000000Z,15,15,0,15,15,15,0,0,15,0,0
3417,7509,finished,,2022-05-01T13:00:00.000000Z,15,15,0,15,15,15,0,0,15,0,0
3418,7513,finished,,2022-05-02T16:00:00.000000Z,15,15,0,15,15,15,0,0,15,0,0
3419,7515,finished,,2022-05-03T15:00:00.000000Z,15,15,0,15,15,15,0,0,15,0,0
3420,7518,finished,,2022-05-04T14:30:00.000000Z,15,15,0,15,15,15,0,0,14,0,1
3421,7521,finished,,2022-05-05T15:50:00.000000Z,15,15,0,15,15,15,0,0,15,0,0
3422,7525,finished,,2022-05-06T16:00:00.000000Z,15,15,0,15,15,15,0,0,15,0,0
3423,7528,finished,,2022-05-07T13:30:00.000000Z,15,15,0,15,15,15,0,0,15,0,0
3424,7531,finished,,2022-05-08T13:00:00.000000Z,15,15,0,15,15,15,0,0,15,0,0
3425,7534,finished,,2022-05-09T15:55:00.000000Z,15,15,0,15,15,15,0,0,15,0,0
3426,7536,finished,,2022-05-10T16:20:00.000000Z,15,15,0,15,15,15,0,0,15,0,0
3427,7540,finished,,2022-05-11T16:30:00.000000Z,15,15,0,15,15,15,0,0,15,0,0
3428,7543,finished,,2022-05-12T16:00:00.000000Z,15,15,0,15,15,15,0,0,15,0,0
3429,7546,finished,,2022-05-13T16:30:00.000000Z,15,15,0,15,15,15,0,0,15,0,0
3430,7549,finished,,2022-05-14T14:00:00.000000Z,15,15,0,15,15,15,0,0,15,0,0
3431,7552,finished,,2022-05-15T13:00:00.000000Z,15,15,0,15,15,15,0,0,15,0,0
3432,7555,finished,,2022-05-16T16:00:00.000000Z,15,15,0,15,15,15,0,0,15,0,0
3433,7558,finished,,2022-05-17T15:00:00.000000Z,15,15,0,15,15,15,0,0,15,0,0
3434,7559,finished,,2022-05-18T15:00:00.000000Z,15,15,0,15,15,15,0,0,15,0,0
3435,7563,finished,,2022-05-19T15:00:00.000000Z,15,15,0,15,15,15,0,0,14,0,1
3436,7566,finished,,2022-05-20T15:30:00.000000Z,15,15,0,15,15,15,0,0,14,0,1
3437,7569,finished,,2022-05-21T14:00:00.000000Z,15,15,0,15,15,15,0,0,15,0,0
3438,7573,finished,,2022-05-22T15:00:00.000000Z,15,15,0,15,15,15,0,0,15,0,0
3439,7576,finished,,2022-05-23T16:00:00.000000Z,15,15,0,15,15,15,0,0,15,0,0
3440,7579,finished,,2022-05-24T15:30:00.000000Z,15,15,0,15,15,15,0,0,13,0,2
3441,7581,finished,,2022-05-25T17:00:00.000000Z,15,15,0,15,15,15,0,0,15,0,0
3442,7585,finished,,2022-05-26T15:00:00.000000Z,15,15,0,15,15,15,0,0,15,0,0
3443,7587,finished,,2022-05-27T15:45:00.000000Z,15,15,0,15,15,15,0,0,15,0,0
3444,7589,finished,,2022-05-28T15:00:00.000000Z,15,15,0,15,15,15,0,0,15,0,0
3445,7590,finished,,2022-05-29T16:00:00.000000Z,15,15,0,15,15,15,0,0,15,0,0
3446,7593,finished,,2022-05-30T15:30:00.000000Z,15,15,0,15,15,15,0,0,14,0,1
3447,7595,finished,,2022-05-31T16:45:00.000000Z,15,15,0,15,15,15,0,0,15,0,0
3448,7597,finished,,2022-06-01T15:45:00.000000Z,15,15,0,15,15,15,0,0,15,0,0
3449,7598,finished,,2022-06-02T16:00:00.000000Z,15,15,0,15,15,15,0,0,15,0,0
3450,7600,finished,,2022-06-03T14:00:00.000000Z,15,15,0,15,15,15,0,0,15,0,0
3451,7603,finished,,2022-06-04T15:00:00.000000Z,15,15,0,15,15,15,0,0,15,0,0
3452,7607,finished,,2022-06-05T16:00:00.000000Z,15,15,0,15,15,15,0,0,15,0,0
3453,7609,finished,,2022-06-06T17:00:00.000000Z,15,15,0,15,15,15,0,0,15,0,0
3454,7611,finished,,2022-06-07T16:00:00.000000Z,15,15,0,15,15,15,0,0,15,0,0
3455,7613,finished,,2022-06-08T17:00:00.000000Z,15,15,0,15,15,15,0,0,15,0,0
3456,7615,finished,,2022-06-09T16:00:00.000000Z,15,15,0,15,15,15,0,0,15,0,0
3457,7617,finished,,2022-06-10T15:00:00.000000Z,15,15,0,15,15,15,0,0,15,0,0
3458,7619,finished,,2022-06-11T15:45:00.000000Z,15,15,0,15,15,15,0,0,15,0,0
3459,7621,finished,,2022-06-12T17:00:00.000000Z,15,15,0,15,15,15,0,0,15,0,0
3460,7623,finished,,2022-06-13T15:00:00.000000Z,15,15,0,15,15,15,0,0,15,0,0
3461,7625,finished,,2022-06-14T15:00:00.000000Z,15,15,0,15,15,15,0,0,15,0,0
3462,7626,finished,,2022-06-15T15:30:00.000000Z,15,15,0,15,15,15,0,0,15,0,0
3463,7629,finished,,2022-06-16T16:00:00.000000Z,15,15,0,15,15,15,0,0,15,0,0
3464,7631,finished,,2022-06-17T16:00:00.000000Z,15,15,0,15,15,15,0,0,15,0,0
3465,7633,finished,,2022-06-18T18:00:00.000000Z,15,15,0,15,15,15,0,0,15,0,0
3466,7635,finished,,2022-06-19T16:30:00.000000Z,15,15,0,15,15,15,0,0,15,0,0
3467,7637,finished,,2022-06-20T16:00:00.000000Z,15,15,0,15,15,15,0,0,15,0,0
3468,7639,finished,,2022-06-21T14:00:00.000000Z,15,15,0,15,15,15,0,0,15,0,0
3469,7641,finished,,2022-06-22T15:00:00.000000Z,15,15,0,15,15,15,0,0,15,0,0
3470,7644,finished,,2022-06-23T17:00:00.000000Z,15,15,0,15,15,15,0,0,12,0,3
3471,7647,finished,,2022-06-24T15:30:00.000000Z,15,15,0,15,15,15,0,0,15,0,0
3472,7650,finished,,2022-06-25T18:00:00.000000Z,15,15,0,15,15,15,0,0,15,0,0
3473,7653,finished,,2022-06-26T15:00:00.000000Z,15,15,0,15,15,15,0,0,15,0,0
3474,7655,finished,,2022-06-27T16:00:00.000000Z,15,15,0,15,15,15,0,0,15,0,0
3475,7657,finished,,2022-06-28T15:00:00.000000Z,15,15,0,15,15,15,0,0,15,0,0
3476,7661,finished,,2022-06-29T17:00:00.000000Z,15,15,0,15,15,15,0,0,15,0,0
3477,7663,finished,,2022-06-30T17:00:00.000000Z,15,15,0,15,15,15,0,0,15,0,0
3478,7667,finished,,2022-07-01T17:30:00.000000Z,15,15,0,15,15,15,0,0,14,0,1
3479,7668,finished,,2022-07-02T15:30:00.000000Z,15,15,0,15,15,15,0,0,15,0,0
3480,7671,finished,,2022-07-03T15:30:00.000000Z,15,15,0,15,15,15,0,0,15,0,0
3481,7673,finished,,2022-07-04T16:00:00.000000Z,15,15,0,15,15,15,0,0,15,0,0
3482,7676,finished,,2022-07-05T17:00:00.000000Z,15,15,0,15,15,15,0,0,15,0,0
3483,7679,finished,,2022-07-06T17:30:00.000000Z,15,15,0,15,15,15,0,0,14,0,1
3484,7682,finished,,2022-07-07T16:00:00.000000Z,15,15,0,15,15,15,0,0,13,0,2
3485,7684,finished,,2022-07-08T17:00:00.000000Z,15,15,0,15,15,15,0,0,15,0,0
3486,7687,finished,,2022-07-09T15:30:00.000000Z,15,15,0,15,15,15,0,0,15,0,0
3487,7689,finished,,2022-07-10T15:30:00.000000Z,15,15,0,15,15,15,0,0,13,0,2
3488,7693,finished,,2022-07-11T15:30:00.000000Z,15,15,0,15,15,15,0,0,13,0,2
3489,7695,finished,,2022-07-12T15:00:00.000000Z,15,15,0,15,15,15,0,0,15,0,0
3490,7698,finished,,2022-07-13T16:00:00.000000Z,15,15,0,15,15,15,0,0,15,0,0
3491,7700,finished,,2022-07-14T15:00:00.000000Z,15,15,0,15,15,15,0,0,14,0,1
3492,7703,finished,,2022-07-15T15:30:00.000000Z,15,15,0,15,15,15,0,0,15,0,0
3493,7706,finished,,2022-07-16T14:30:00.000000Z,15,15,0,15,15,15,0,0,15,0,0
3494,7710,finished,,2022-07-17T15:30:00.000000Z,15,15,0,15,15,15,0,0,15,0,0
3495,7713,finished,,2022-07-18T16:00:00.000000Z,15,15,0,15,15,15,0,0,15,0,0
3496,7717,finished,,2022-07-19T16:00:00.000000Z,15,15,0,15,15,15,0,0,15,0,0
3497,7719,finished,,2022-07-20T17:00:00.000000Z,15,15,0,15,15,15,0,0,15,0,0
3498,7721,finished,,2022-07-21T15:00:00.000000Z,15,15,0,15,15,15,0,0,15,0,0
3499,7726,finished,,2022-07-22T16:00:00.000000Z,15,15,0,15,15,15,0,0,15,0,0
3500,7727,finished,,2022-07-23T16:15:00.000000Z,15,15,0,15,15,15,0,0,14,0,1
3501,7732,finished,,2022-07-24T15:30:00.000000Z,15,15,0,15,15,15,0,0,14,0,1
3502,7735,finished,,2022-07-25T15:30:00.000000Z,15,15,0,15,15,15,0,0,15,0,0
3503,7738,finished,,2022-07-26T16:00:00.000000Z,15,15,0,15,15,15,0,0,15,0,0
3504,7739,finished,,2022-07-27T16:00:00.000000Z,15,15,0,15,15,15,0,0,14,0,1
3505,7742,finished,,2022-07-28T15:00:00.000000Z,15,15,0,15,15,15,0,0,15,0,0
3506,7745,finished,,2022-07-29T15:00:00.000000Z,15,15,0,15,15,15,0,0,14,0,1
3507,7749,finished,,2022-07-30T14:00:00.000000Z,15,15,0,15,15,15,0,0,15,0,0
3508,7751,finished,,2022-07-31T14:30:00.000000Z,15,15,0,15,15,15,0,0,15,0,0
3509,7755,finished,,2022-08-01T15:30:00.000000Z,15,15,0,15,15,15,0,0,15,0,0
3510,7757,finished,,2022-08-02T16:30:00.000000Z,15,15,0,15,15,15,0,0,15,0,0
3511,7762,finished,,2022-08-03T16:00:00.000000Z,15,15,0,15,15,15,0,0,15,0,0
3512,7764,finished,,2022-08-04T16:00:00.000000Z,15,15,0,15,15,15,0,0,15,0,0
3513,7766,finished,,2022-08-05T16:00:00.000000Z,15,15,0,15,15,15,0,0,15,0,0
3514,7769,finished,,2022-08-06T13:30:00.000000Z,15,15,0,15,15,15,0,0,15,0,0
3515,7772,finished,,2022-08-07T13:00:00.000000Z,15,15,0,15,15,15,0,0,15,0,0
3516,7776,finished,,2022-08-08T15:00:00.000000Z,15,15,0,15,15,15,0,0,15,0,0
3517,7779,finished,,2022-08-09T16:00:00.000000Z,15,15,0,15,15,15,0,0,15,0,0
3518,7781,finished,,2022-08-10T16:00:00.000000Z,15,15,0,15,15,15,0,0,15,0,0
3519,7784,finished,,2022-08-11T16:00:00.000000Z,15,15,0,15,15,15,0,0,15,0,0
3520,7788,finished,,2022-08-12T16:00:00.000000Z,15,15,0,15,15,15,0,0,15,0,0
3521,7790,finished,,2022-08-13T14:00:00.000000Z,15,15,0,15,15,15,0,0,14,0,1
3522,7795,finished,,2022-08-14T14:00:00.000000Z,15,15,0,15,15,15,0,0,15,0,0
3523,7798,finished,,2022-08-15T14:30:00.000000Z,15,15,0,15,15,15,0,0,15,0,0
3524,7799,finished,,2022-08-16T18:45:00.000000Z,15,15,0,15,15,15,0,0,15,0,0
3525,7803,finished,,2022-08-17T16:00:00.000000Z,15,15,0,15,15,15,0,0,15,0,0
3526,7806,finished,,2022-08-18T16:00:00.000000Z,15,15,0,15,15,15,0,0,15,0,0
3527,7809,finished,,2022-08-19T15:00:00.000000Z,15,15,0,15,15,15,0,0,15,0,0
3528,7811,finished,,2022-08-20T13:30:00.000000Z,15,15,0,15,15,15,0,0,15,0,0
3529,7815,finished,,2022-08-21T13:00:00.000000Z,15,15,0,15,15,15,0,0,15,0,0
3530,7817,finished,,2022-08-22T16:00:00.000000Z,15,15,0,15,15,15,0,0,15,0,0
3531,7820,finished,,2022-08-23T16:00:00.000000Z,15,15,0,15,15,15,0,0,15,0,0
3532,7824,finished,,2022-08-24T16:30:00.000000Z,15,15,0,15,15,15,0,0,14,0,1
3533,7827,finished,,2022-08-25T16:00:00.000000Z,15,15,0,15,15,15,0,0,15,0,0
3534,7830,finished,,2022-08-26T15:30:00.000000Z,15,15,0,15,15,15,0,0,15,0,0
3535,7832,finished,,2022-08-27T13:30:00.000000Z,15,15,0,15,15,15,0,0,15,0,0
3536,7835,finished,,2022-08-28T13:00:00.000000Z,15,15,0,15,15,15,0,0,15,0,0
3537,7839,finished,,2022-08-29T16:00:00.000000Z,15,15,0,15,15,15,0,0,15,0,0
3538,7842,finished,,2022-08-30T16:00:00.000000Z,15,15,0,15,15,15,0,0,15,0,0
3539,7845,finished,,2022-08-31T16:00:00.000000Z,15,15,0,15,15,15,0,0,15,0,0
3540,7849,finished,,2022-09-01T15:00:00.000000Z,15,15,0,15,15,15,0,0,15,0,0
3541,7851,finished,,2022-09-02T16:10:00.000000Z,15,15,0,15,15,15,0,0,15,0,0
3542,7853,finished,,2022-09-03T13:00:00.000000Z,15,15,0,15,15,15,0,0,15,0,0
3543,7857,finished,,2022-09-04T13:00:00.000000Z,15,15,0,15,15,15,0,0,15,0,0
3544,7860,finished,,2022-09-05T16:00:00.000000Z,15,15,0,15,15,15,0,0,15,0,0
3545,7863,finished,,2022-09-06T15:15:00.000000Z,15,15,0,15,15,15,0,0,15,0,0
3546,7866,finished,,2022-09-07T15:55:00.000000Z,15,15,0,15,15,15,0,0,15,0,0
3547,7869,finished,,2022-09-08T16:30:00.000000Z,15,15,0,15,15,15,0,0,15,0,0
3548,7872,finished,,2022-09-09T16:00:00.000000Z,15,15,0,15,15,15,0,0,13,0,2
3549,7875,finished,,2022-09-10T13:30:00.000000Z,15,15,0,15,15,15,0,0,15,0,0
3550,7878,finished,,2022-09-11T13:00:00.000000Z,15,15,0,15,15,15,0,0,15,0,0
3551,7880,finished,,2022-09-12T16:00:00.000000Z,15,15,0,15,15,15,0,0,14,0,1
3552,7885,finished,,2022-09-13T16:45:00.000000Z,15,15,0,15,15,15,0,0,15,0,0
3553,7887,finished,,2022-09-14T15:05:00.000000Z,15,15,0,15,15,15,0,0,15,0,0
3554,7890,finished,,2022-09-15T16:30:00.000000Z,15,15,0,15,15,15,0,0,15,0,0
3555,7893,finished,,2022-09-16T16:30:00.000000Z,15,15,0,15,15,15,0,0,15,0,0
3556,7897,finished,,2022-09-17T13:00:00.000000Z,15,15,0,15,15,15,0,0,15,0,0
3557,7899,finished,,2022-09-18T13:15:00.000000Z,15,15,0,15,15,15,0,0,15,0,0
3558,7903,finished,,2022-09-19T15:00:00.000000Z,15,15,0,15,15,15,0,0,15,0,0
3559,7905,finished,,2022-09-20T18:00:00.000000Z,15,15,0,15,15,15,0,0,15,0,0
3560,7908,finished,,2022-09-21T15:30:00.000000Z,15,15,0,15,15,15,0,0,15,0,0
3561,7911,finished,,2022-09-22T16:00:00.000000Z,15,15,0,15,15,15,0,0,15,0,0
3562,7914,finished,,2022-09-23T16:00:00.000000Z,15,15,0,15,15,15,0,0,15,0,0
3563,7917,finished,,2022-09-24T14:00:00.000000Z,15,15,0,15,15,15,0,0,15,0,0
3564,7920,finished,,2022-09-25T14:00:00.000000Z,15,15,0,15,15,15,0,0,14,0,1
3565,7923,finished,,2022-09-26T16:30:00.000000Z,15,15,0,15,15,15,0,0,15,0,0
3566,7927,finished,,2022-09-27T15:45:00.000000Z,15,15,0,15,15,15,0,0,15,0,0
3567,7928,finished,,2022-09-28T17:00:00.000000Z,15,15,0,15,15,15,0,0,15,0,0
3568,7933,finished,,2022-09-29T14:30:00.000000Z,15,15,0,15,15,15,0,0,15,0,0
3569,7935,finished,,2022-09-30T15:30:00.000000Z,15,15,0,15,15,15,0,0,15,0,0
3570,7937,finished,,2022-10-01T13:30:00.000000Z,15,15,0,15,15,15,0,0,15,0,0
3571,7940,finished,,2022-10-02T13:00:00.000000Z,15,15,0,15,15,15,0,0,15,0,0
3572,7943,finished,,2022-10-03T16:00:00.000000Z,15,15,0,15,15,15,0,0,15,0,0
3573,7947,finished,,2022-10-04T16:45:00.000000Z,15,15,0,15,15,15,0,0,15,0,0
3574,7948,finished,,2022-10-05T16:00:00.000000Z,15,15,0,15,15,15,0,0,15,0,0
3575,7951,finished,,2022-10-06T16:45:00.000000Z,15,15,0,15,15,15,0,0,14,0,1
3576,7955,finished,,2022-10-07T15:30:00.000000Z,15,15,0,15,15,15,0,0,15,0,0
3577,7958,finished,,2022-10-08T13:30:00.000000Z,15,15,0,15,15,15,0,0,15,0,0
3578,7962,finished,,2022-10-09T13:00:00.000000Z,15,15,0,15,15,15,0,0,15,0,0
3579,7964,finished,,2022-10-10T16:00:00.000000Z,15,15,0,15,15,15,0,0,15,0,0
3580,7966,finished,,2022-10-11T17:00:00.000000Z,15,15,0,15,15,15,0,0,15,0,0
3581,7971,finished,,2022-10-12T16:30:00.000000Z,15,15,0,15,15,15,0,0,15,0,0
3582,7973,finished,,2022-10-13T16:45:00.000000Z,15,15,0,15,15,15,0,0,15,0,0
3583,7977,finished,,2022-10-14T15:30:00.000000Z,15,15,0,15,15,15,0,0,15,0,0
3584,7979,finished,,2022-10-15T13:00:00.000000Z,15,15,0,15,15,15,0,0,15,0,0
3585,7982,finished,,2022-10-16T13:00:00.000000Z,15,15,0,15,15,15,0,0,15,0,0
3586,7985,finished,,2022-10-17T16:30:00.000000Z,15,15,0,15,15,15,0,0,15,0,0
3587,7988,finished,,2022-10-18T16:00:00.000000Z,15,15,0,15,15,15,0,0,15,0,0
3588,7990,finished,,2022-10-19T16:00:00.000000Z,15,15,0,15,15,15,0,0,15,0,0
3589,7995,finished,,2022-10-20T15:15:00.000000Z,15,15,0,15,15,15,0,0,15,0,0
3590,7997,finished,,2022-10-21T16:00:00.000000Z,15,15,0,15,15,15,0,0,15,0,0
3591,8000,finished,,2022-10-22T13:30:00.000000Z,15,15,0,15,15,15,0,0,15,0,0
3592,8003,finished,,2022-10-23T13:00:00.000000Z,15,15,0,15,15,15,0,0,15,0,0
3593,8006,finished,,2022-10-24T16:00:00.000000Z,15,15,0,15,15,15,0,0,15,0,0
3594,8009,finished,,2022-10-25T15:00:00.000000Z,15,15,0,15,15,15,0,0,15,0,0
3595,8011,finished,,2022-10-26T15:00:00.000000Z,15,15,0,15,15,15,0,0,14,0,1
3596,8015,finished,,2022-10-27T16:45:00.000000Z,15,15,0,15,15,15,0,0,15,0,0
3597,8019,finished,,2022-10-28T16:00:00.000000Z,15,15,0,15,15,15,0,0,15,0,0
3598,8021,finished,,2022-10-29T13:30:00.000000Z,15,15,0,15,15,15,0,0,15,0,0
3599,8025,finished,,2022-10-30T14:00:00.000000Z,15,15,0,15,15,15,0,0,15,0,0
3600,8027,finished,,2022-10-31T15:30:00.000000Z,15,15,0,15,15,15,0,0,15,0,0
3601,8030,finished,,2022-11-01T15:15:00.000000Z,15,15,0,15,15,15,0,0,14,0,1
3602,8033,finished,,2022-11-02T16:00:00.000000Z,15,15,0,15,15,15,0,0,15,0,0
3603,8035,finished,,2022-11-03T16:00:00.000000Z,15,15,0,15,15,15,0,0,15,0,0
3604,8039,finished,,2022-11-04T16:30:00.000000Z,15,15,0,15,15,15,0,0,15,0,0
3605,8042,finished,,2022-11-05T14:00:00.000000Z,15,15,0,15,15,15,0,0,15,0,0
3606,8046,finished,,2022-11-06T14:00:00.000000Z,15,15,0,15,15,15,0,0,15,0,0
3607,8047,finished,,2022-11-07T16:30:00.000000Z,15,15,0,15,15,15,0,0,15,0,0
3608,8051,finished,,2022-11-08T17:00:00.000000Z,15,15,0,15,15,15,0,0,14,0,1
3609,8053,finished,,2022-11-09T16:00:00.000000Z,15,15,0,15,15,15,0,0,15,0,0
3610,8056,finished,,2022-11-10T14:00:00.000000Z,15,15,0,15,15,15,0,0,15,0,0
3611,8060,finished,,2022-11-11T16:00:00.000000Z,15,15,0,15,15,15,0,0,15,0,0
3612,8062,finished,,2022-11-12T14:30:00.000000Z,15,15,0,15,15,15,0,0,15,0,0
3613,8067,finished,,2022-11-13T14:00:00.000000Z,15,15,0,15,15,15,0,0,15,0,0
3614,8069,finished,,2022-11-14T15:04:00.000000Z,15,15,0,15,15,15,0,0,15,0,0
3615,8072,finished,,2022-11-15T14:00:00.000000Z,15,15,0,15,15,15,0,0,14,0,1
3616,8074,finished,,2022-11-16T16:30:00.000000Z,15,15,0,15,15,15,0,0,15,0,0
3617,8078,finished,,2022-11-17T13:40:00.000000Z,15,15,0,15,15,15,0,0,14,0,1
3618,8080,finished,,2022-11-18T14:00:00.000000Z,15,15,0,15,15,15,0,0,14,0,1
3619,8083,finished,,2022-11-19T15:00:00.000000Z,15,15,0,15,15,15,0,0,15,0,0
3620,8085,finished,,2022-11-20T14:00:00.000000Z,15,15,0,15,15,15,0,0,15,0,0
3621,8087,finished,,2022-11-21T12:00:00.000000Z,15,15,0,15,15,15,0,0,14,0,1
3622,8090,finished,,2022-11-22T16:00:00.000000Z,15,15,0,15,15,15,0,0,14,0,1
3623,8093,finished,,2022-11-23T13:00:00.000000Z,15,15,0,15,15,15,0,0,15,0,0
3624,8095,finished,,2022-11-24T12:30:00.000000Z,15,15,0,15,15,15,0,0,15,0,0
3625,8098,finished,,2022-11-25T16:00:00.000000Z,15,15,0,15,15,15,0,0,14,0,1
3626,8101,finished,,2022-11-26T15:00:00.000000Z,15,15,0,15,15,15,0,0,15,0,0
3627,8104,finished,,2022-11-27T13:00:00.000000Z,15,15,0,15,15,15,0,0,15,0,0
3628,8107,finished,,2022-11-28T13:00:00.000000Z,15,15,0,15,15,15,0,0,14,0,1
3629,8110,finished,,2022-11-29T14:00:00.000000Z,15,15,0,15,15,15,0,0,15,0,0
3630,8112,finished,,2022-11-30T15:00:00.000000Z,15,15,0,15,15,15,0,0,15,0,0
3631,8115,finished,,2022-12-01T14:45:00.000000Z,15,15,0,15,15,15,0,0,15,0,0
3632,8118,finished,,2022-12-02T15:30:00.000000Z,15,15,0,15,15,15,0,0,15,0,0
3633,8121,finished,,2022-12-03T13:00:00.000000Z,15,15,0,15,15,15,0,0,15,0,0
3634,8123,finished,,2022-12-04T13:00:00.000000Z,15,15,0,15,15,15,0,0,15,0,0
3635,8126,finished,,2022-12-05T15:00:00.000000Z,15,15,0,15,15,15,0,0,15,0,0
3636,8128,finished,,2022-12-06T18:00:00.000000Z,15,15,0,15,15,15,0,0,14,0,1
3637,8132,finished,,2022-12-07T14:00:00.000000Z,15,15,0,15,15,15,0,0,15,0,0
3638,8134,finished,,2022-12-08T14:00:00.000000Z,15,15,0,15,15,15,0,0,15,0,0
3639,8137,finished,,2022-12-09T14:00:00.000000Z,15,15,0,15,15,15,0,0,14,0,1
3640,8140,finished,,2022-12-10T14:00:00.000000Z,15,15,0,15,15,15,0,0,13,0,2
3641,8143,finished,,2022-12-11T14:00:00.000000Z,15,15,0,15,15,15,0,0,15,0,0
3642,8146,finished,,2022-12-12T15:00:00.000000Z,15,15,0,15,15,15,0,0,15,0,0
3643,8149,finished,,2022-12-13T12:55:00.000000Z,15,15,0,15,15,15,0,0,0,0,15
3644,8151,finished,,2022-12-14T12:30:00.000000Z,15,15,0,15,15,15,0,0,15,0,0
3645,8154,finished,,2022-12-15T14:00:00.000000Z,15,15,0,15,15,15,0,0,13,0,2
3646,8157,finished,,2022-12-16T18:00:00.000000Z,15,15,0,15,15,15,0,0,11,0,4
3647,8161,finished,,2022-12-17T15:00:00.000000Z,15,15,0,15,15,15,0,0,14,0,1
3648,8164,finished,,2022-12-18T13:00:00.000000Z,15,15,0,15,15,15,0,0,15,0,0
3649,8167,finished,,2022-12-19T14:00:00.000000Z,15,15,0,15,15,15,0,0,15,0,0
3650,8170,finished,,2022-12-20T15:00:00.000000Z,15,15,0,15,15,15,0,0,15,0,0
3651,8173,finished,,2022-12-21T15:00:00.000000Z,15,15,0,15,15,15,0,0,14,0,1
3652,8176,finished,,2022-12-22T15:00:00.000000Z,15,15,0,15,15,15,0,0,13,0,2
3653,8179,finished,,2022-12-23T13:30:00.000000Z,15,15,0,15,15,15,0,0,15,0,0
3654,8182,finished,,2022-12-24T13:00:00.000000Z,15,15,0,15,15,15,0,0,15,0,0
3655,8184,finished,,2022-12-25T12:50:00.000000Z,15,15,0,15,15,15,0,0,15,0,0
3656,8187,finished,,2022-12-26T15:00:00.000000Z,15,15,0,15,15,15,0,0,15,0,0
3657,8189,finished,,2022-12-27T14:00:00.000000Z,15,15,0,15,15,15,0,0,15,0,0
3658,8191,finished,,2022-12-28T14:00:00.000000Z,15,15,0,15,15,15,0,0,15,0,0
3659,8194,finished,,2022-12-29T16:00:00.000000Z,15,15,0,15,15,15,0,0,14,0,1
3660,8198,finished,,2022-12-30T16:00:00.000000Z,15,15,0,15,15,15,0,0,15,0,0
3661,8199,finished,,2022-12-31T13:30:00.000000Z,15,15,0,15,15,15,0,0,15,0,0
3662,8203,finished,,2023-01-01T14:00:00.000000Z,15,15,0,15,15,15,0,0,15,0,0
3663,8206,finished,,2023-01-02T15:00:00.000000Z,15,15,0,15,15,15,0,0,15,0,0
3664,8209,finished,,2023-01-03T14:00:00.000000Z,15,15,0,15,15,15,0,0,14,0,1
3665,8211,finished,,2023-01-04T12:30:00.000000Z,15,15,0,15,15,15,0,0,14,0,1
3666,8213,finished,,2023-01-05T12:30:00.000000Z,15,15,0,15,15,15,0,0,15,0,0
3667,8216,finished,,2023-01-06T15:15:00.000000Z,15,15,0,15,15,15,0,0,15,0,0
3668,8218,finished,,2023-01-07T15:00:00.000000Z,15,15,0,15,15,15,0,0,15,0,0
3669,8222,finished,,2023-01-08T13:30:00.000000Z,15,15,0,15,15,15,0,0,15,0,0
3670,8223,finished,,2023-01-09T14:00:00.000000Z,15,15,0,15,15,15,0,0,15,0,0
3671,8227,finished,,2023-01-10T16:15:00.000000Z,15,15,0,15,15,15,0,0,15,0,0
3672,8230,finished,,2023-01-11T17:00:00.000000Z,15,15,0,15,15,15,0,0,15,0,0
3673,8233,finished,,2023-01-12T13:15:00.000000Z,15,15,0,15,15,15,0,0,15,0,0
3674,8235,finished,,2023-01-13T15:00:00.000000Z,15,15,0,15,15,15,0,0,15,0,0
3675,8238,finished,,2023-01-14T14:00:00.000000Z,15,15,0,15,15,15,0,0,15,0,0
3676,8242,finished,,2023-01-15T13:00:00.000000Z,15,15,0,15,15,15,0,0,15,0,0
3677,8244,finished,,2023-01-16T16:00:00.000000Z,15,15,0,15,15,15,0,0,13,0,2
3678,8247,finished,,2023-01-17T16:00:00.000000Z,15,15,0,15,15,15,0,0,13,0,2
3679,8250,finished,,2023-01-18T14:00:00.000000Z,15,15,0,15,15,15,0,0,14,0,1
3680,8252,finished,,2023-01-19T14:30:00.000000Z,15,15,0,15,15,15,0,0,15,0,0
3681,8256,finished,,2023-01-20T15:30:00.000000Z,15,15,0,15,15,15,0,0,15,0,0
3682,8259,finished,,2023-01-21T14:00:00.000000Z,15,15,0,15,15,15,0,0,15,0,0
3683,8262,finished,,2023-01-22T14:00:00.000000Z,15,15,0,15,15,15,0,0,14,0,1
3684,8264,finished,,2023-01-23T15:00:00.000000Z,15,15,0,15,15,15,0,0,15,0,0
3685,8267,finished,,2023-01-24T16:00:00.000000Z,15,15,0,15,15,15,0,0,12,0,3
3686,8269,finished,,2023-01-25T17:30:00.000000Z,15,15,0,15,15,15,0,0,14,0,1
3687,8274,finished,,2023-01-26T15:00:00.000000Z,15,15,0,15,15,15,0,0,15,0,0
3688,8276,finished,,2023-01-27T17:00:00.000000Z,15,15,0,15,15,15,0,0,15,0,0
3689,8279,finished,,2023-01-28T14:00:00.000000Z,15,15,0,15,15,15,0,0,15,0,0
3690,8282,finished,,2023-01-29T14:00:00.000000Z,15,15,0,15,15,15,0,0,15,0,0
3691,8286,finished,,2023-01-30T17:00:00.000000Z,15,15,0,15,15,15,0,0,15,0,0
3692,8288,finished,,2023-01-31T17:00:00.000000Z,15,15,0,15,15,15,0,0,15,0,0
3693,8292,finished,,2023-02-01T16:15:00.000000Z,15,15,0,15,15,15,0,0,15,0,0
3694,8294,finished,,2023-02-02T13:30:00.000000Z,15,15,0,15,15,15,0,0,15,0,0
3695,8297,finished,,2023-02-03T17:00:00.000000Z,15,15,0,15,15,15,0,0,14,0,1
3696,8299,finished,,2023-02-04T14:00:00.000000Z,15,15,0,15,15,15,0,0,15,0,0
3697,8303,finished,,2023-02-05T14:00:00.000000Z,15,15,0,15,15,15,0,0,15,0,0
3698,8307,finished,,2023-02-06T16:00:00.000000Z,15,15,0,15,15,15,0,0,12,0,3
3699,8309,finished,,2023-02-07T18:00:00.000000Z,15,15,0,15,15,15,0,0,13,0,2
3700,8312,finished,,2023-02-08T16:00:00.000000Z,15,15,0,15,15,15,0,0,15,0,0
3701,8315,finished,,2023-02-09T14:00:00.000000Z,15,15,0,15,15,15,0,0,15,0,0
3702,8318,finished,,2023-02-10T17:30:00.000000Z,15,15,0,15,15,15,0,0,15,0,0
3703,8322,finished,,2023-02-11T14:30:00.000000Z,15,15,0,15,15,15,0,0,15,0,0
3704,8325,finished,,2023-02-12T13:00:00.000000Z,15,15,0,15,15,15,0,0,15,0,0
3705,8326,finished,,2023-02-13T16:00:00.000000Z,15,15,0,15,15,15,0,0,14,0,1
3706,8330,finished,,2023-02-14T19:45:00.000000Z,15,15,0,15,15,15,0,0,15,0,0
3707,8333,finished,,2023-02-15T16:15:00.000000Z,15,15,0,15,15,15,0,0,15,0,0
3708,8336,finished,,2023-02-16T17:45:00.000000Z,15,15,0,15,15,15,0,0,15,0,0
3709,8339,finished,,2023-02-17T15:00:00.000000Z,15,15,0,15,15,15,0,0,15,0,0
3710,8341,finished,,2023-02-18T14:00:00.000000Z,15,15,0,15,15,15,0,0,15,0,0
3711,8345,finished,,2023-02-19T13:00:00.000000Z,15,15,0,15,15,15,0,0,15,0,0
3712,8347,finished,,2023-02-20T17:00:00.000000Z,15,15,0,15,15,15,0,0,15,0,0
3713,8351,finished,,2023-02-21T17:00:00.000000Z,15,15,0,15,15,15,0,0,15,0,0
3714,8355,finished,,2023-02-22T14:00:00.000000Z,15,15,0,15,15,15,0,0,15,0,0
3715,8357,finished,,2023-02-23T17:45:00.000000Z,15,15,0,15,15,15,0,0,14,0,1
3716,8360,finished,,2023-02-24T17:00:00.000000Z,15,15,0,15,15,15,0,0,15,0,0
3717,8362,finished,,2023-02-25T14:30:00.000000Z,15,15,0,15,15,15,0,0,15,0,0
3718,8366,finished,,2023-02-26T13:30:00.000000Z,15,15,0,15,15,15,0,0,15,0,0
3719,8369,finished,,2023-02-27T17:00:00.000000Z,15,15,0,15,15,15,0,0,15,0,0
3720,8372,finished,,2023-02-28T16:00:00.000000Z,15,15,0,15,15,15,0,0,15,0,0
3721,8376,finished,,2023-03-01T16:00:00.000000Z,15,15,0,15,15,15,0,0,15,0,0
3722,8378,finished,,2023-03-02T14:00:00.000000Z,15,15,0,15,15,15,0,0,15,0,0
3723,8381,finished,,2023-03-03T16:00:00.000000Z,15,15,0,15,15,15,0,0,15,0,0
3724,8383,finished,,2023-03-04T14:30:00.000000Z,15,15,0,15,15,15,0,0,15,0,0
3725,8388,finished,,2023-03-05T14:00:00.000000Z,15,15,0,15,15,15,0,0,15,0,0
3726,8391,finished,,2023-03-06T17:30:00.000000Z,15,15,0,15,15,15,0,0,15,0,0
3727,8394,finished,,2023-03-07T17:00:00.000000Z,15,15,0,15,15,15,0,0,15,0,0
3728,8396,finished,,2023-03-08T15:30:00.000000Z,15,15,0,15,15,15,0,0,14,0,1
3729,8399,finished,,2023-03-09T15:20:00.000000Z,15,15,0,15,15,15,0,0,15,0,0
3730,8402,finished,,2023-03-10T16:00:00.000000Z,15,15,0,15,15,15,0,0,15,0,0
3731,8405,finished,,2023-03-11T14:00:00.000000Z,15,15,0,15,15,15,0,0,15,0,0
3732,8408,finished,,2023-03-12T14:00:00.000000Z,15,15,0,15,15,15,0,0,15,0,0
3733,8412,finished,,2023-03-13T15:30:00.000000Z,15,15,0,15,15,15,0,0,15,0,0
3734,8414,finished,,2023-03-14T17:00:00.000000Z,15,15,0,15,15,15,0,0,14,0,1
3735,8416,finished,,2023-03-15T16:30:00.000000Z,15,15,0,15,15,15,0,0,15,0,0
3736,8421,finished,,2023-03-16T15:00:00.000000Z,15,15,0,15,15,15,0,0,15,0,0
3737,8423,finished,,2023-03-17T15:30:00.000000Z,15,15,0,15,15,15,0,0,14,0,1
3738,8425,finished,,2023-03-18T14:30:00.000000Z,15,15,0,15,15,15,0,0,14,0,1
3739,8429,finished,,2023-03-19T14:00:00.000000Z,15,15,0,15,15,15,0,0,15,0,0
3740,8432,finished,,2023-03-20T15:00:00.000000Z,15,15,0,15,15,15,0,0,15,0,0
3741,8434,finished,,2023-03-21T16:30:00.000000Z,15,15,0,15,15,15,0,0,15,0,0
3742,8438,finished,,2023-03-22T15:30:00.000000Z,15,15,0,15,15,15,0,0,15,0,0
3743,8441,finished,,2023-03-23T14:00:00.000000Z,15,15,0,15,15,15,0,0,15,0,0
3744,8443,finished,,2023-03-24T17:00:00.000000Z,15,15,0,15,15,15,0,0,15,0,0
3745,8445,finished,,2023-03-25T15:00:00.000000Z,15,15,0,15,15,15,0,0,14,0,1
3746,8448,finished,,2023-03-26T15:30:00.000000Z,15,15,0,15,15,15,0,0,15,0,0
3747,8453,finished,,2023-03-27T16:00:00.000000Z,15,15,0,15,15,15,0,0,15,0,0
3748,8455,finished,,2023-03-28T16:00:00.000000Z,15,15,0,15,15,15,0,0,15,0,0
3749,8458,finished,,2023-03-29T15:00:00.000000Z,15,15,0,15,15,15,0,0,15,0,0
3750,8461,finished,,2023-03-30T15:30:00.000000Z,15,15,0,15,15,15,0,0,15,0,0
3751,8464,finished,,2023-03-31T16:00:00.000000Z,15,15,0,15,15,15,0,0,15,0,0
3752,8467,finished,,2023-04-01T14:00:00.000000Z,15,15,0,15,15,15,0,0,15,0,0
3753,8470,finished,,2023-04-02T13:00:00.000000Z,15,15,0,15,15,15,0,0,15,0,0
3754,8472,finished,,2023-04-03T16:00:00.000000Z,15,15,0,15,15,15,0,0,15,0,0
3755,8476,finished,,2023-04-04T14:00:00.000000Z,15,15,0,15,15,15,0,0,15,0,0
3756,8478,finished,,2023-04-05T15:00:00.000000Z,15,15,0,15,15,15,0,0,15,0,0
3757,8482,finished,,2023-04-06T16:00:00.000000Z,15,15,0,15,15,15,0,0,15,0,0
3758,8485,finished,,2023-04-07T16:10:00.000000Z,15,15,0,15,15,15,0,0,15,0,0
3759,8489,finished,,2023-04-08T13:30:00.000000Z,15,15,0,15,15,15,0,0,15,0,0
3760,8490,finished,,2023-04-09T13:00:00.000000Z,15,15,0,15,15,15,0,0,15,0,0
3761,8494,finished,,2023-04-10T14:00:00.000000Z,15,15,0,15,15,15,0,0,15,0,0
3762,8497,finished,,2023-04-11T16:00:00.000000Z,15,15,0,15,15,15,0,0,13,0,2
3763,8500,finished,,2023-04-12T14:00:00.000000Z,15,15,0,15,15,15,0,0,15,0,0
3764,8503,finished,,2023-04-13T16:45:00.000000Z,15,15,0,15,15,15,0,0,15,0,0
3765,8506,finished,,2023-04-14T16:00:00.000000Z,15,15,0,15,15,15,0,0,15,0,0
3766,8509,finished,,2023-04-15T13:00:00.000000Z,15,15,0,15,15,15,0,0,15,0,0
3767,8511,finished,,2023-04-16T13:00:00.000000Z,15,15,0,15,15,15,0,0,15,0,0
3768,8514,finished,,2023-04-17T16:00:00.000000Z,15,15,0,15,15,15,0,0,15,0,0
3769,8517,finished,,2023-04-18T18:30:00.000000Z,15,15,0,15,15,15,0,0,15,0,0
3770,8522,finished,,2023-04-19T16:00:00.000000Z,15,15,0,15,15,15,0,0,15,0,0
3771,8524,finished,,2023-04-20T17:00:00.000000Z,15,15,0,15,15,15,0,0,15,0,0
3772,8527,finished,,2023-04-21T16:00:00.000000Z,15,15,0,15,15,15,0,0,15,0,0
3773,8529,finished,,2023-04-22T13:30:00.000000Z,15,15,0,15,15,15,0,0,14,0,1
3774,8533,finished,,2023-04-23T13:00:00.000000Z,15,15,0,15,15,15,0,0,15,0,0
3775,8535,finished,,2023-04-24T16:00:00.000000Z,15,15,0,15,15,15,0,0,15,0,0
3776,8539,finished,,2023-04-25T15:30:00.000000Z,15,15,0,15,15,15,0,0,15,0,0
3777,8542,finished,,2023-04-26T15:30:00.000000Z,15,15,0,15,15,15,0,0,15,0,0
3778,8545,finished,,2023-04-27T15:00:00.000000Z,15,15,0,15,15,15,0,0,15,0,0
3779,8548,finished,,2023-04-28T16:10:00.000000Z,15,15,0,15,15,15,0,0,14,0,1
3780,8551,finished,,2023-04-29T13:30:00.000000Z,15,15,0,15,15,15,0,0,15,0,0
3781,8554,finished,,2023-04-30T13:00:00.000000Z,15,15,0,15,15,15,0,0,15,0,0
3782,8557,finished,,2023-05-01T16:00:00.000000Z,15,15,0,15,15,15,0,0,15,0,0
3783,8560,finished,,2023-05-02T16:30:00.000000Z,15,15,0,15,15,15,0,0,15,0,0
3784,8563,finished,,2023-05-03T16:00:00.000000Z,15,15,0,15,15,15,0,0,15,0,0
3785,8566,finished,,2023-05-04T15:30:00.000000Z,15,15,0,15,15,15,0,0,15,0,0
3786,8569,finished,,2023-05-05T15:00:00.000000Z,15,15,0,15,15,15,0,0,15,0,0
3787,8572,finished,,2023-05-06T13:30:00.000000Z,15,15,0,15,15,15,0,0,15,0,0
3788,8575,finished,,2023-05-07T13:00:00.000000Z,15,15,0,15,15,15,0,0,15,0,0
3789,8578,finished,,2023-05-08T16:00:00.000000Z,15,15,0,15,15,15,0,0,15,0,0
3790,8581,finished,,2023-05-09T15:00:00.000000Z,15,15,0,15,15,15,0,0,15,0,0
3791,8584,finished,,2023-05-10T15:00:00.000000Z,15,15,0,15,15,15,0,0,15,0,0
3792,8587,finished,,2023-05-11T16:00:00.000000Z,15,15,0,15,15,15,0,0,15,0,0
3793,8590,finished,,2023-05-12T16:00:00.000000Z,15,15,0,15,15,15,0,0,15,0,0
3794,8593,finished,,2023-05-13T14:00:00.000000Z,15,15,0,15,15,15,0,0,15,0,0
3795,8596,finished,,2023-05-14T13:30:00.000000Z,15,15,0,15,15,15,0,0,15,0,0
3796,8600,finished,,2023-05-15T16:00:00.000000Z,15,15,0,15,15,15,0,0,15,0,0
3797,8602,finished,,2023-05-16T14:00:00.000000Z,15,15,0,15,15,15,0,0,15,0,0
3798,8605,finished,,2023-05-17T16:00:00.000000Z,15,15,0,15,15,15,0,0,14,0,1
3799,8608,finished,,2023-05-18T15:00:00.000000Z,15,15,0,15,15,15,0,0,15,0,0
3800,8611,finished,,2023-05-19T16:00:00.000000Z,15,15,0,15,15,15,0,0,15,0,0
3801,8614,finished,,2023-05-20T13:30:00.000000Z,15,15,0,15,15,15,0,0,15,0,0
3802,8618,finished,,2023-05-21T13:30:00.000000Z,15,15,0,15,15,15,0,0,15,0,0
3803,8621,finished,,2023-05-22T15:00:00.000000Z,15,15,0,15,15,15,0,0,15,0,0
3804,8623,finished,,2023-05-23T15:30:00.000000Z,15,15,0,15,15,15,0,0,15,0,0
3805,8626,finished,,2023-05-24T16:00:00.000000Z,15,15,0,15,15,15,0,0,14,0,1
3806,8629,finished,,2023-05-25T17:00:00.000000Z,15,15,0,15,15,15,0,0,15,0,0
3807,8632,finished,,2023-05-26T16:00:00.000000Z,15,15,0,15,15,15,0,0,15,0,0
3808,8635,finished,,2023-05-27T13:00:00.000000Z,15,15,0,15,15,15,0,0,15,0,0
3809,8637,finished,,2023-05-28T13:00:00.000000Z,15,15,0,15,15,15,0,0,15,0,0
3810,8641,finished,,2023-05-29T14:00:00.000000Z,15,15,0,15,15,15,0,0,15,0,0
3811,8643,finished,,2023-05-30T17:00:00.000000Z,15,15,0,15,15,15,0,0,15,0,0
3812,8646,finished,,2023-05-31T16:45:00.000000Z,15,15,0,15,15,15,0,0,15,0,0
3813,8649,finished,,2023-06-01T15:00:00.000000Z,15,15,0,15,15,15,0,0,14,0,1
3814,8652,finished,,2023-06-02T17:00:00.000000Z,15,15,0,15,15,15,0,0,15,0,0
3815,8654,finished,,2023-06-03T16:30:00.000000Z,15,15,0,15,15,15,0,0,15,0,0
3816,8658,finished,,2023-06-04T15:00:00.000000Z,15,15,0,15,15,15,0,0,15,0,0
3817,8659,finished,,2023-06-05T16:00:00.000000Z,15,15,0,15,15,15,0,0,15,0,0
3818,8662,finished,,2023-06-06T15:00:00.000000Z,15,15,0,15,15,15,0,0,15,0,0
3819,8665,finished,,2023-06-07T15:00:00.000000Z,15,15,0,15,15,15,0,0,15,0,0
3820,8667,finished,,2023-06-08T15:00:00.000000Z,15,15,0,15,15,15,0,0,15,0,0
3821,8670,finished,,2023-06-09T16:00:00.000000Z,15,15,0,15,15,15,0,0,14,0,1
3822,8673,finished,,2023-06-10T15:30:00.000000Z,15,15,0,15,15,15,0,0,15,0,0
3823,8676,finished,,2023-06-11T14:00:00.000000Z,15,15,0,15,15,15,0,0,15,0,0
3824,8679,finished,,2023-06-12T16:00:00.000000Z,15,15,0,15,15,15,0,0,15,0,0
3825,8682,finished,,2023-06-13T15:30:00.000000Z,15,15,0,15,15,15,0,0,15,0,0
3826,8684,finished,,2023-06-14T16:30:00.000000Z,15,15,0,15,15,15,0,0,15,0,0
3827,8687,finished,,2023-06-15T15:00:00.000000Z,15,15,0,15,15,15,0,0,15,0,0
3828,8689,finished,,2023-06-16T15:00:00.000000Z,15,15,0,15,15,15,0,0,14,0,1
3829,8692,finished,,2023-06-17T15:00:00.000000Z,15,15,0,15,15,15,0,0,15,0,0
3830,8695,finished,,2023-06-18T15:30:00.000000Z,15,15,0,15,15,15,0,0,15,0,0
3831,8698,finished,,2023-06-19T18:00:00.000000Z,15,15,0,15,15,15,0,0,15,0,0
3832,8700,finished,,2023-06-20T16:00:00.000000Z,15,15,0,15,15,15,0,0,15,0,0
3833,8704,finished,,2023-06-21T16:00:00.000000Z,15,15,0,15,15,15,0,0,13,0,2
3834,8705,finished,,2023-06-22T15:00:00.000000Z,15,15,0,15,15,15,0,0,15,0,0
3835,8707,finished,,2023-06-23T18:00:00.000000Z,15,15,0,15,15,15,0,0,15,0,0
3836,8710,finished,,2023-06-24T16:00:00.000000Z,15,15,0,15,15,15,0,0,15,0,0
3837,8713,finished,,2023-06-25T18:00:00.000000Z,15,15,0,15,15,15,0,0,15,0,0
3838,8717,finished,,2023-06-26T14:00:00.000000Z,15,15,0,15,15,15,0,0,15,0,0
3839,8719,finished,,2023-06-27T14:00:00.000000Z,15,15,0,15,15,15,0,0,15,0,0
3840,8721,finished,,2023-06-28T15:30:00.000000Z,15,15,0,15,15,15,0,0,15,0,0
3841,8723,finished,,2023-06-28T19:59:00.000000Z,15,15,0,15,15,15,0,0,14,0,1
3842,8725,finished,,2023-06-30T15:30:00.000000Z,15,15,0,15,15,15,0,0,15,0,0
3845,8733,finished,,2023-07-03T15:00:00.000000Z,15,15,0,15,15,15,0,0,15,0,0
3846,8734,finished,,2023-07-04T14:00:00.000000Z,15,15,0,15,15,15,0,0,14,0,1
3847,8737,finished,,2023-07-05T13:00:00.000000Z,15,15,0,15,15,15,0,0,15,0,0
3848,8739,finished,,2023-07-06T15:00:00.000000Z,15,15,0,15,15,15,0,0,15,0,0
3849,8741,finished,,2023-07-07T16:00:00.000000Z,15,15,0,15,15,15,0,0,15,0,0
3850,8744,finished,,2023-07-08T16:00:00.000000Z,15,15,0,15,15,15,0,0,15,0,0
3851,8747,finished,,2023-07-09T15:00:00.000000Z,15,15,0,15,15,15,0,0,14,0,1
3852,8749,finished,,2023-07-10T15:00:00.000000Z,15,15,0,15,15,15,0,0,15,0,0
3853,8752,finished,,2023-07-11T15:00:00.000000Z,15,15,0,15,15,15,0,0,15,0,0
3854,8754,finished,,2023-07-12T16:00:00.000000Z,15,15,0,15,15,15,0,0,15,0,0
3855,8757,finished,,2023-07-13T14:00:00.000000Z,15,15,0,15,15,15,0,0,14,0,1
3856,8759,finished,,2023-07-14T15:30:00.000000Z,15,15,0,15,15,15,0,0,14,0,1
3857,8762,finished,,2023-07-15T14:00:00.000000Z,15,15,0,15,15,15,0,0,15,0,0
3858,8765,finished,,2023-07-16T15:00:00.000000Z,15,15,0,15,15,15,0,0,15,0,0
3859,8767,finished,,2023-07-17T15:00:00.000000Z,15,15,0,15,15,15,0,0,15,0,0
3860,8770,finished,,2023-07-18T15:00:00.000000Z,15,15,0,15,15,15,0,0,15,0,0
3861,8773,finished,,2023-07-19T16:00:00.000000Z,15,15,0,15,15,15,0,0,15,0,0
3862,8777,finished,,2023-07-20T15:00:00.000000Z,15,15,0,15,15,15,0,0,15,0,0
3863,8779,finished,,2023-07-21T16:00:00.000000Z,15,15,0,15,15,15,0,0,15,0,0
3864,8782,finished,,2023-07-22T14:00:00.000000Z,15,15,0,15,15,15,0,0,15,0,0
3865,8786,finished,,2023-07-23T15:00:00.000000Z,15,15,0,15,15,15,0,0,15,0,0
3866,8788,finished,,2023-07-24T15:30:00.000000Z,15,15,0,15,15,15,0,0,15,0,0
3867,8791,finished,,2023-07-25T18:00:00.000000Z,15,15,0,15,15,15,0,0,14,0,1
3868,8795,finished,,2023-07-26T15:30:00.000000Z,15,15,0,15,15,15,0,0,15,0,0
3869,8796,finished,,2023-07-27T15:00:00.000000Z,15,15,0,15,15,15,0,0,15,0,0
3870,8799,finished,,2023-07-28T15:00:00.000000Z,15,15,0,15,15,15,0,0,15,0,0
3871,8803,finished,,2023-07-29T14:30:00.000000Z,15,15,0,15,15,15,0,0,15,0,0
3872,8807,finished,,2023-07-30T14:00:00.000000Z,15,15,0,15,15,15,0,0,15,0,0
3873,8810,finished,,2023-07-31T15:30:00.000000Z,15,15,0,15,15,15,0,0,15,0,0
3874,8811,finished,,2023-08-01T16:30:00.000000Z,15,15,0,15,15,15,0,0,15,0,0
3875,8814,finished,,2023-08-02T14:00:00.000000Z,15,15,0,15,15,15,0,0,15,0,0
3876,8817,finished,,2023-08-03T15:00:00.000000Z,15,15,0,15,15,15,0,0,15,0,0
3877,8820,finished,,2023-08-04T15:00:00.000000Z,15,15,0,15,15,15,0,0,13,0,2
3878,8822,finished,,2023-08-05T14:00:00.000000Z,15,15,0,15,15,15,0,0,13,0,2
3879,8827,finished,,2023-08-06T14:30:00.000000Z,15,15,0,15,15,15,0,0,15,0,0
3880,8829,finished,,2023-08-07T16:00:00.000000Z,15,15,0,15,15,15,0,0,15,0,0
3881,8831,finished,,2023-08-08T18:00:00.000000Z,15,15,0,15,15,15,0,0,14,0,1
3882,8836,finished,,2023-08-09T17:00:00.000000Z,15,15,0,15,15,15,0,0,15,0,0
3883,8839,finished,,2023-08-10T15:00:00.000000Z,15,15,0,15,15,15,0,0,15,0,0
3884,8841,finished,,2023-08-11T16:00:00.000000Z,15,15,0,15,15,15,0,0,15,0,0
3885,8844,finished,,2023-08-12T14:00:00.000000Z,15,15,0,15,15,15,0,0,15,0,0
3886,8847,finished,,2023-08-13T13:00:00.000000Z,15,15,0,15,15,15,0,0,15,0,0
3887,8849,finished,,2023-08-14T15:30:00.000000Z,15,15,0,15,15,15,0,0,14,0,1
3888,8852,finished,,2023-08-15T17:00:00.000000Z,15,15,0,15,15,15,0,0,15,0,0
3889,8856,finished,,2023-08-16T15:30:00.000000Z,15,15,0,15,15,15,0,0,15,0,0
3890,8859,finished,,2023-08-17T15:30:00.000000Z,15,15,0,15,15,15,0,0,15,0,0
3891,8861,finished,,2023-08-18T15:30:00.000000Z,15,15,0,15,15,15,0,0,15,0,0
3892,8864,finished,,2023-08-19T13:30:00.000000Z,15,15,0,15,15,15,0,0,15,0,0
3893,8868,finished,,2023-08-20T13:00:00.000000Z,15,15,0,15,15,15,0,0,15,0,0
3894,8870,finished,,2023-08-21T15:00:00.000000Z,15,15,0,15,15,15,0,0,15,0,0
3895,8874,finished,,2023-08-22T16:00:00.000000Z,15,15,0,15,15,15,0,0,15,0,0
3896,8876,finished,,2023-08-23T15:00:00.000000Z,15,15,0,15,15,15,0,0,15,0,0
3897,8879,finished,,2023-08-24T15:00:00.000000Z,15,15,0,15,15,15,0,0,15,0,0
3898,8883,finished,,2023-08-25T15:30:00.000000Z,15,15,0,15,15,15,0,0,15,0,0
3899,8885,finished,,2023-08-26T13:30:00.000000Z,15,15,0,15,15,15,0,0,15,0,0
3900,8888,finished,,2023-08-27T13:00:00.000000Z,15,15,0,15,15,15,0,0,15,0,0
3901,8892,finished,,2023-08-28T15:30:00.000000Z,15,15,0,15,15,15,0,0,15,0,0
3902,8895,finished,,2023-08-29T16:30:00.000000Z,15,15,0,15,15,15,0,0,15,0,0
3903,8898,finished,,2023-08-30T16:30:00.000000Z,15,15,0,15,15,15,0,0,15,0,0
3904,8901,finished,,2023-08-31T16:00:00.000000Z,15,15,0,15,15,15,0,0,15,0,0
3905,8904,finished,,2023-09-01T16:00:00.000000Z,15,15,0,15,15,15,0,0,15,0,0
3906,8907,finished,,2023-09-02T13:30:00.000000Z,15,15,0,15,15,15,0,0,15,0,0
3907,8910,finished,,2023-09-03T13:00:00.000000Z,15,15,0,15,15,15,0,0,15,0,0
3908,8912,finished,,2023-09-04T14:00:00.000000Z,15,15,0,15,15,15,0,0,15,0,0
3909,8916,finished,,2023-09-05T18:00:00.000000Z,15,15,0,15,15,15,0,0,15,0,0
3910,8919,finished,,2023-09-06T16:00:00.000000Z,15,15,0,15,15,15,0,0,15,0,0
3911,8923,finished,,2023-09-07T14:00:00.000000Z,15,15,0,15,15,15,0,0,15,0,0
3912,8925,finished,,2023-09-08T15:00:00.000000Z,15,15,0,15,15,15,0,0,15,0,0
3913,8928,finished,,2023-09-09T14:00:00.000000Z,15,15,0,15,15,15,0,0,15,0,0
3914,8932,finished,,2023-09-10T15:00:00.000000Z,15,15,0,15,15,15,0,0,15,0,0
3915,8935,finished,,2023-09-11T16:30:00.000000Z,15,15,0,15,15,15,0,0,15,0,0
3916,8938,finished,,2023-09-12T15:15:00.000000Z,15,15,0,15,15,15,0,0,14,0,1
3917,8941,finished,,2023-09-13T16:30:00.000000Z,15,15,0,15,15,15,0,0,15,0,0
3918,8944,finished,,2023-09-14T15:20:00.000000Z,15,15,0,15,15,15,0,0,15,0,0
3919,8946,finished,,2023-09-15T16:00:00.000000Z,15,15,0,15,15,15,0,0,15,0,0
3920,8949,finished,,2023-09-16T13:30:00.000000Z,15,15,0,15,15,15,0,0,15,0,0
3921,8952,finished,,2023-09-17T13:00:00.000000Z,15,15,0,15,15,15,0,0,15,0,0
3922,8955,finished,,2023-09-18T15:30:00.000000Z,15,15,0,15,15,15,0,0,15,0,0
3923,8958,finished,,2023-09-19T14:15:00.000000Z,15,15,0,15,15,15,0,0,15,0,0
3924,8960,finished,,2023-09-20T14:15:00.000000Z,15,15,0,15,15,15,0,0,15,0,0
3925,8963,finished,,2023-09-21T16:45:00.000000Z,15,15,0,15,15,15,0,0,15,0,0
3926,8967,finished,,2023-09-22T16:00:00.000000Z,15,15,0,15,15,15,0,0,15,0,0
3927,8971,finished,,2023-09-23T13:30:00.000000Z,15,15,0,15,15,15,0,0,15,0,0
3928,8973,finished,,2023-09-24T13:00:00.000000Z,15,15,0,15,15,15,0,0,15,0,0
3929,8976,finished,,2023-09-25T16:00:00.000000Z,15,15,0,15,15,15,0,0,15,0,0
3930,8979,finished,,2023-09-26T16:15:00.000000Z,15,15,0,15,15,15,0,0,15,0,0
3931,8981,finished,,2023-09-27T16:30:00.000000Z,15,15,0,15,15,15,0,0,15,0,0
3932,8986,finished,,2023-09-28T16:00:00.000000Z,15,15,0,15,15,15,0,0,15,0,0
3933,8988,finished,,2023-09-29T16:00:00.000000Z,15,15,0,15,15,15,0,0,15,0,0
3934,8991,finished,,2023-09-30T13:30:00.000000Z,15,15,0,15,15,15,0,0,15,0,0
3935,8994,finished,,2023-10-01T13:00:00.000000Z,15,15,0,15,15,15,0,0,15,0,0
3936,8997,finished,,2023-10-02T15:00:00.000000Z,15,15,0,15,15,15,0,0,15,0,0
3937,8999,finished,,2023-10-03T16:45:00.000000Z,15,15,0,15,15,15,0,0,15,0,0
3938,9003,finished,,2023-10-04T16:30:00.000000Z,15,15,0,15,15,15,0,0,15,0,0
3939,9007,finished,,2023-10-05T16:45:00.000000Z,15,15,0,15,15,15,0,0,15,0,0
3940,9010,finished,,2023-10-06T16:00:00.000000Z,15,15,0,15,15,15,0,0,15,0,0
3941,9012,finished,,2023-10-07T13:30:00.000000Z,15,15,0,15,15,15,0,0,15,0,0
3942,9015,finished,,2023-10-08T13:00:00.000000Z,15,15,0,15,15,15,0,0,15,0,0
3943,9018,finished,,2023-10-09T15:30:00.000000Z,15,15,0,15,15,15,0,0,15,0,0
3944,9021,finished,,2023-10-10T16:00:00.000000Z,15,15,0,15,15,15,0,0,15,0,0
3945,9024,finished,,2023-10-11T16:30:00.000000Z,15,15,0,15,15,15,0,0,15,0,0
3946,9027,finished,,2023-10-12T15:00:00.000000Z,15,15,0,15,15,15,0,0,15,0,0
3947,9030,finished,,2023-10-13T16:00:00.000000Z,15,15,0,15,15,15,0,0,15,0,0
3948,9033,finished,,2023-10-14T14:00:00.000000Z,15,15,0,15,15,15,0,0,15,0,0
3949,9036,finished,,2023-10-15T14:15:00.000000Z,15,15,0,15,15,15,0,0,15,0,0
3950,9040,finished,,2023-10-16T16:00:00.000000Z,15,15,0,15,15,15,0,0,15,0,0
3951,9042,finished,,2023-10-17T15:00:00.000000Z,15,15,0,15,15,15,0,0,15,0,0
3952,9045,finished,,2023-10-18T15:00:00.000000Z,15,15,0,15,15,15,0,0,14,0,1
3953,9048,finished,,2023-10-19T15:00:00.000000Z,15,15,0,15,15,15,0,0,15,0,0
3954,9050,finished,,2023-10-20T16:00:00.000000Z,15,15,0,15,15,15,0,0,14,0,1
3955,9053,finished,,2023-10-21T13:30:00.000000Z,15,15,0,15,15,15,0,0,15,0,0
3956,9057,finished,,2023-10-22T13:00:00.000000Z,15,15,0,15,15,15,0,0,15,0,0
3957,9060,finished,,2023-10-23T16:00:00.000000Z,15,15,0,15,15,15,0,0,15,0,0
3958,9063,finished,,2023-10-24T16:30:00.000000Z,15,15,0,15,15,15,0,0,15,0,0
3959,9065,finished,,2023-10-25T16:30:00.000000Z,15,15,0,15,15,15,0,0,15,0,0
3960,9069,finished,,2023-10-26T16:45:00.000000Z,15,15,0,15,15,15,0,0,15,0,0
3961,9072,finished,,2023-10-27T14:30:00.000000Z,15,15,0,15,15,15,0,0,15,0,0
3962,9075,finished,,2023-10-28T13:00:00.000000Z,15,15,0,15,15,15,0,0,15,0,0
3963,9078,finished,,2023-10-29T14:00:00.000000Z,15,15,0,15,15,15,0,0,15,0,0
3964,9082,finished,,2023-10-30T15:30:00.000000Z,15,15,0,15,15,15,0,0,14,0,1
3965,9085,finished,,2023-10-31T16:30:00.000000Z,15,15,0,15,15,15,0,0,15,0,0
3966,9087,finished,,2023-11-01T15:30:00.000000Z,15,15,0,15,15,15,0,0,15,0,0
3967,9091,finished,,2023-11-02T15:30:00.000000Z,15,15,0,15,15,15,0,0,14,0,1
3968,9093,finished,,2023-11-03T17:00:00.000000Z,15,15,0,15,15,15,0,0,15,0,0
3969,9096,finished,,2023-11-04T14:30:00.000000Z,15,15,0,15,15,15,0,0,15,0,0
3970,9099,finished,,2023-11-05T14:00:00.000000Z,15,15,0,15,15,15,0,0,15,0,0
3971,9103,finished,,2023-11-06T15:30:00.000000Z,15,15,0,15,15,15,0,0,15,0,0
3972,9105,finished,,2023-11-07T17:30:00.000000Z,15,15,0,15,15,15,0,0,15,0,0
3973,9108,finished,,2023-11-08T16:00:00.000000Z,15,15,0,15,15,15,0,0,15,0,0
3974,9111,finished,,2023-11-09T16:00:00.000000Z,15,15,0,15,15,15,0,0,15,0,0
3975,9114,finished,,2023-11-10T16:30:00.000000Z,15,15,0,15,15,15,0,0,15,0,0
3976,9117,finished,,2023-11-11T14:30:00.000000Z,15,15,0,15,15,15,0,0,15,0,0
3977,9121,finished,,2023-11-12T14:00:00.000000Z,15,15,0,15,15,15,0,0,15,0,0
3978,9124,finished,,2023-11-13T15:30:00.000000Z,15,15,0,15,15,15,0,0,15,0,0
3979,9125,finished,,2023-11-14T19:00:00.000000Z,15,15,0,15,15,15,0,0,14,0,1
3980,9130,finished,,2023-11-15T16:30:00.000000Z,15,15,0,15,15,15,0,0,15,0,0
3981,9132,finished,,2023-11-16T16:00:00.000000Z,15,15,0,15,15,15,0,0,15,0,0
3982,9135,finished,,2023-11-17T14:45:00.000000Z,15,15,0,15,15,15,0,0,15,0,0
3983,9138,finished,,2023-11-18T15:00:00.000000Z,15,15,0,15,15,15,0,0,15,0,0
3984,9142,finished,,2023-11-19T14:00:00.000000Z,15,15,0,15,15,15,0,0,15,0,0
3985,9144,finished,,2023-11-20T14:00:00.000000Z,15,15,0,15,15,15,0,0,15,0,0
3986,9147,finished,,2023-11-21T19:00:00.000000Z,15,15,0,15,15,15,0,0,15,0,0
3987,9151,finished,,2023-11-22T15:00:00.000000Z,15,15,0,15,15,15,0,0,15,0,0
3988,9153,finished,,2023-11-23T15:30:00.000000Z,15,15,0,15,15,15,0,0,15,0,0
3989,9156,finished,,2023-11-24T16:30:00.000000Z,15,15,0,15,15,15,0,0,15,0,0
3990,9159,finished,,2023-11-25T14:30:00.000000Z,15,15,0,15,15,15,0,0,15,0,0
3991,9162,finished,,2023-11-26T14:00:00.000000Z,15,15,0,15,15,15,0,0,15,0,0
3992,9166,finished,,2023-11-27T15:30:00.000000Z,15,15,0,15,15,15,0,0,15,0,0
3993,9168,finished,,2023-11-28T17:00:00.000000Z,15,15,0,15,15,15,0,0,15,0,0
3994,9172,finished,,2023-11-29T15:00:00.000000Z,15,15,0,15,15,15,0,0,15,0,0
3995,9173,finished,,2023-11-30T15:30:00.000000Z,15,15,0,15,15,15,0,0,15,0,0
3996,9177,finished,,2023-12-01T15:00:00.000000Z,15,15,0,15,15,15,0,0,15,0,0
3997,9180,finished,,2023-12-02T14:30:00.000000Z,15,15,0,15,15,15,0,0,15,0,0
3998,9184,finished,,2023-12-03T14:30:00.000000Z,15,15,0,15,15,15,0,0,15,0,0
3999,9186,finished,,2023-12-04T14:00:00.000000Z,15,15,0,15,15,15,0,0,15,0,0
4000,9189,finished,,2023-12-05T17:00:00.000000Z,15,15,0,15,15,15,0,0,15,0,0
4001,9192,finished,,2023-12-06T16:00:00.000000Z,15,15,0,15,15,15,0,0,15,0,0
4002,9195,finished,,2023-12-07T15:00:00.000000Z,15,15,0,15,15,15,0,0,15,0,0
4003,9198,finished,,2023-12-08T16:30:00.000000Z,15,15,0,15,15,15,0,0,15,0,0
4004,9201,finished,,2023-12-09T14:30:00.000000Z,15,15,0,15,15,15,0,0,15,0,0
4005,9205,finished,,2023-12-10T13:30:00.000000Z,15,15,0,15,15,15,0,0,15,0,0
4006,9207,finished,,2023-12-11T15:30:00.000000Z,15,15,0,15,15,15,0,0,15,0,0
4007,9210,finished,,2023-12-12T15:00:00.000000Z,15,15,0,15,15,15,0,0,15,0,0
4008,9212,finished,,2023-12-13T16:00:00.000000Z,15,15,0,15,15,15,0,0,15,0,0
4009,9218,finished,,2023-12-14T17:00:00.000000Z,15,15,0,15,15,15,0,0,15,0,0
4010,9219,finished,,2023-12-15T16:00:00.000000Z,15,15,0,15,15,15,0,0,15,0,0
4011,9222,finished,,2023-12-16T14:00:00.000000Z,15,15,0,15,15,15,0,0,15,0,0
4012,9225,finished,,2023-12-17T14:00:00.000000Z,15,15,0,15,15,15,0,0,15,0,0
4013,9229,finished,,2023-12-18T14:30:00.000000Z,15,15,0,15,15,15,0,0,15,0,0
4014,9231,finished,,2023-12-19T17:00:00.000000Z,15,15,0,15,15,15,0,0,15,0,0
4015,9234,finished,,2023-12-20T17:00:00.000000Z,15,15,0,15,15,15,0,0,14,0,1
4016,9237,finished,,2023-12-21T15:00:00.000000Z,15,15,0,15,15,15,0,0,15,0,0
4017,9240,finished,,2023-12-22T17:30:00.000000Z,15,15,0,15,15,15,0,0,15,0,0
4018,9243,finished,,2023-12-23T14:00:00.000000Z,15,15,0,15,15,15,0,0,13,0,2
4019,9246,finished,,2023-12-24T13:00:00.000000Z,15,15,0,15,15,15,0,0,15,0,0
4020,9249,finished,,2023-12-25T14:00:00.000000Z,15,15,0,15,15,15,0,0,15,0,0
4021,9252,finished,,2023-12-26T15:00:00.000000Z,15,15,0,15,15,15,0,0,15,0,0
4022,9254,finished,,2023-12-27T15:45:00.000000Z,15,15,0,15,15,15,0,0,14,0,1
4023,9257,finished,,2023-12-28T13:00:00.000000Z,15,15,0,15,15,15,0,0,15,0,0
4024,9260,finished,,2023-12-29T17:00:00.000000Z,15,15,0,15,15,15,0,0,14,0,1
4025,9263,finished,,2023-12-30T15:00:00.000000Z,15,15,0,15,15,15,0,0,14,0,1
4026,9267,finished,,2024-01-01T15:00:00.000000Z,15,15,0,15,15,15,0,0,15,0,0
4027,9269,finished,,2024-01-02T15:00:00.000000Z,15,15,0,15,15,15,0,0,15,0,0
4028,9273,finished,,2024-01-03T15:00:00.000000Z,15,15,0,15,15,15,0,0,15,0,0
4029,9277,finished,,2024-01-04T14:30:00.000000Z,15,15,0,15,15,15,0,0,15,0,0
4030,9279,finished,,2024-01-05T14:00:00.000000Z,15,15,0,15,15,15,0,0,15,0,0
4031,9282,finished,,2024-01-06T14:00:00.000000Z,15,15,0,15,15,15,0,0,15,0,0
4032,9285,finished,,2024-01-07T14:00:00.000000Z,15,15,0,15,15,15,0,0,15,0,0
4033,9289,finished,,2024-01-08T12:30:00.000000Z,15,15,0,15,15,15,0,0,15,0,0
4034,9291,finished,,2024-01-09T14:00:00.000000Z,15,15,0,15,15,15,0,0,13,0,2
4035,9294,finished,,2024-01-10T14:00:00.000000Z,15,15,0,15,15,15,0,0,14,0,1
4036,9297,finished,,2024-01-11T14:00:00.000000Z,15,15,0,15,15,15,0,0,15,0,0
4037,9300,finished,,2024-01-12T16:30:00.000000Z,15,15,0,15,15,15,0,0,15,0,0
4038,9302,finished,,2024-01-13T14:00:00.000000Z,15,15,0,15,15,15,0,0,15,0,0
4039,9305,finished,,2024-01-14T14:00:00.000000Z,15,15,0,15,15,15,0,0,15,0,0
4040,9309,finished,,2024-01-15T13:30:00.000000Z,15,15,0,15,15,15,0,0,13,0,2
4041,9311,finished,,2024-01-16T19:00:00.000000Z,15,15,0,15,15,15,0,0,8,0,7
4042,9315,finished,,2024-01-17T15:00:00.000000Z,15,15,0,15,15,15,0,0,15,0,0
4043,9317,finished,,2024-01-18T14:00:00.000000Z,15,15,0,15,15,15,0,0,15,0,0
4044,9320,finished,,2024-01-19T14:00:00.000000Z,15,15,0,15,15,15,0,0,11,0,4
4045,9322,finished,,2024-01-20T14:30:00.000000Z,15,15,0,15,15,15,0,0,14,0,1
4046,9325,finished,,2024-01-21T14:00:00.000000Z,15,15,0,15,15,15,0,0,15,0,0
4047,9329,finished,,2024-01-22T15:00:00.000000Z,15,15,0,15,15,15,0,0,15,0,0
4048,9331,finished,,2024-01-23T17:00:00.000000Z,15,15,0,15,15,15,0,0,15,0,0
4049,9334,finished,,2024-01-24T14:00:00.000000Z,15,15,0,15,15,15,0,0,15,0,0
4050,9336,finished,,2024-01-25T17:00:00.000000Z,15,15,0,15,15,15,0,0,14,0,1
4051,9341,finished,,2024-01-26T17:00:00.000000Z,15,15,0,15,15,15,0,0,15,0,0
4052,9343,finished,,2024-01-27T14:30:00.000000Z,15,15,0,15,15,15,0,0,15,0,0
4053,9346,finished,,2024-01-28T14:00:00.000000Z,15,15,0,15,15,15,0,0,15,0,0
4054,9349,finished,,2024-01-29T14:00:00.000000Z,15,15,0,15,15,15,0,0,14,0,1
4055,9352,finished,,2024-01-30T17:00:00.000000Z,15,15,0,15,15,15,0,0,15,0,0
4056,9356,finished,,2024-01-31T15:00:00.000000Z,15,15,0,15,15,15,0,0,15,0,0
4057,9358,finished,,2024-02-01T15:00:00.000000Z,15,15,0,15,15,15,0,0,15,0,0
4058,9360,finished,,2024-02-02T15:00:00.000000Z,15,15,0,15,15,15,0,0,15,0,0
4059,9364,finished,,2024-02-03T14:00:00.000000Z,15,15,0,15,15,15,0,0,15,0,0
4060,9367,finished,,2024-02-04T14:00:00.000000Z,15,15,0,15,15,15,0,0,14,0,1
4061,9370,finished,,2024-02-05T15:00:00.000000Z,15,15,0,15,15,15,0,0,15,0,0
4062,9373,finished,,2024-02-06T16:30:00.000000Z,15,15,0,15,15,15,0,0,13,0,2
4063,9376,finished,,2024-02-07T16:30:00.000000Z,15,15,0,15,15,15,0,0,15,0,0
4064,9379,finished,,2024-02-08T15:00:00.000000Z,15,15,0,15,15,15,0,0,15,0,0
4065,9382,finished,,2024-02-09T18:00:00.000000Z,15,15,0,15,15,15,0,0,15,0,0
4066,9386,finished,,2024-02-10T14:30:00.000000Z,15,15,0,15,15,15,0,0,15,0,0
4067,9389,finished,,2024-02-11T14:00:00.000000Z,15,15,0,15,15,15,0,0,15,0,0
4068,9392,finished,,2024-02-12T15:00:00.000000Z,15,15,0,15,15,15,0,0,15,0,0
4069,9394,finished,,2024-02-13T17:00:00.000000Z,15,15,0,15,15,15,0,0,14,0,1
4070,9397,finished,,2024-02-14T17:00:00.000000Z,15,15,0,15,15,15,0,0,15,0,0
4071,9400,finished,,2024-02-15T16:00:00.000000Z,15,15,0,15,15,15,0,0,15,0,0
4072,9403,finished,,2024-02-16T16:30:00.000000Z,15,15,0,15,15,15,0,0,15,0,0
4073,9406,finished,,2024-02-17T14:30:00.000000Z,15,15,0,15,15,15,0,0,15,0,0
4074,9409,finished,,2024-02-18T14:00:00.000000Z,15,15,0,15,15,15,0,0,15,0,0
4075,9411,finished,,2024-02-19T15:30:00.000000Z,15,15,0,15,15,15,0,0,15,0,0
4076,9415,finished,,2024-02-20T17:00:00.000000Z,15,15,0,15,15,15,0,0,14,0,1
4077,9417,finished,,2024-02-21T16:00:00.000000Z,15,15,0,15,15,15,0,0,15,0,0
4078,9421,finished,,2024-02-22T17:00:00.000000Z,15,15,0,15,15,15,0,0,15,0,0
4079,9424,finished,,2024-02-23T16:00:00.000000Z,15,15,0,15,15,15,0,0,15,0,0
4080,9427,finished,,2024-02-24T14:30:00.000000Z,15,15,0,15,15,15,0,0,15,0,0
4081,9430,finished,,2024-02-25T14:00:00.000000Z,15,15,0,15,15,15,0,0,15,0,0
4082,9434,finished,,2024-02-26T17:00:00.000000Z,15,15,0,15,15,15,0,0,15,0,0
4083,9437,finished,,2024-02-27T16:30:00.000000Z,15,15,0,15,15,15,0,0,15,0,0
4084,9439,finished,,2024-02-28T15:00:00.000000Z,15,15,0,15,15,15,0,0,15,0,0
4085,9442,finished,,2024-02-29T14:15:00.000000Z,15,15,0,15,15,15,0,0,15,0,0
4086,9445,finished,,2024-03-01T16:00:00.000000Z,15,15,0,15,15,15,0,0,15,0,0
4087,9447,finished,,2024-03-02T14:30:00.000000Z,15,15,0,15,15,15,0,0,15,0,0
4088,9451,finished,,2024-03-03T13:30:00.000000Z,15,15,0,15,15,15,0,0,15,0,0
4089,9453,finished,,2024-03-04T16:00:00.000000Z,15,15,0,15,15,15,0,0,15,0,0
4090,9457,finished,,2024-03-05T17:00:00.000000Z,15,15,0,15,15,15,0,0,15,0,0
4091,9460,finished,,2024-03-06T16:30:00.000000Z,15,15,0,15,15,15,0,0,15,0,0
4092,9463,finished,,2024-03-07T17:30:00.000000Z,15,15,0,15,15,15,0,0,15,0,0
4093,9466,finished,,2024-03-08T15:30:00.000000Z,15,15,0,15,15,15,0,0,15,0,0
4094,9470,finished,,2024-03-09T14:00:00.000000Z,15,15,0,15,15,15,0,0,15,0,0
4095,9473,finished,,2024-03-10T14:00:00.000000Z,15,15,0,15,15,15,0,0,15,0,0
4096,9476,finished,,2024-03-11T17:30:00.000000Z,15,15,0,15,15,15,0,0,15,0,0
4097,9479,finished,,2024-03-12T16:30:00.000000Z,15,15,0,15,15,15,0,0,13,0,2
4098,9480,finished,,2024-03-13T15:00:00.000000Z,15,15,0,15,15,15,0,0,15,0,0
4099,9484,finished,,2024-03-14T15:00:00.000000Z,15,15,0,15,15,15,0,0,15,0,0
4100,9486,finished,,2024-03-15T17:30:00.000000Z,15,15,0,15,15,15,0,0,15,0,0
4101,9490,finished,,2024-03-16T14:00:00.000000Z,15,15,0,15,15,15,0,0,15,0,0
4102,9491,finished,,2024-03-17T14:00:00.000000Z,15,15,0,15,15,15,0,0,15,0,0
4103,9496,finished,,2024-03-18T14:00:00.000000Z,15,15,0,15,15,15,0,0,15,0,0
4104,9498,finished,,2024-03-19T14:30:00.000000Z,15,15,0,15,15,15,0,0,15,0,0
4105,9500,finished,,2024-03-20T15:00:00.000000Z,15,15,0,15,15,15,0,0,14,0,1
4106,9504,finished,,2024-03-21T16:30:00.000000Z,15,15,0,15,15,15,0,0,15,0,0
4107,9507,finished,,2024-03-22T15:00:00.000000Z,15,15,0,15,15,15,0,0,15,0,0
4108,9510,finished,,2024-03-23T14:00:00.000000Z,15,15,0,15,15,15,0,0,14,0,1
4109,9513,finished,,2024-03-24T14:30:00.000000Z,15,15,0,15,15,15,0,0,15,0,0
4110,9515,finished,,2024-03-25T16:00:00.000000Z,15,15,0,15,15,15,0,0,15,0,0
4111,9519,finished,,2024-03-26T17:00:00.000000Z,15,15,0,15,15,15,0,0,13,0,2
4112,9523,finished,,2024-03-27T16:30:00.000000Z,15,15,0,15,15,15,0,0,15,0,0
4113,9527,finished,,2024-03-28T16:00:00.000000Z,15,15,0,15,15,15,0,0,15,0,0
4114,9528,finished,,2024-03-29T15:00:00.000000Z,15,15,0,15,15,15,0,0,15,0,0
4115,9529,finished,,2024-03-30T14:30:00.000000Z,15,15,0,15,15,15,0,0,15,0,0
4116,9534,finished,,2024-03-31T14:15:00.000000Z,15,15,0,15,15,15,0,0,15,0,0
4117,9537,finished,,2024-04-01T15:30:00.000000Z,15,15,0,15,15,15,0,0,15,0,0
4118,9540,finished,,2024-04-02T16:30:00.000000Z,15,15,0,15,15,15,0,0,15,0,0
4119,9541,finished,,2024-04-03T15:00:00.000000Z,15,15,0,15,15,15,0,0,15,0,0
4120,9545,finished,,2024-04-04T16:00:00.000000Z,15,15,0,15,15,15,0,0,15,0,0
4121,9548,finished,,2024-04-05T16:10:00.000000Z,15,15,0,15,15,15,0,0,15,0,0
4122,9551,finished,,2024-04-06T13:30:00.000000Z,15,15,0,15,15,15,0,0,15,0,0
4123,9555,finished,,2024-04-07T13:30:00.000000Z,15,15,0,15,15,15,0,0,15,0,0
4124,9558,finished,,2024-04-08T16:30:00.000000Z,15,15,0,15,15,15,0,0,15,0,0
4125,9561,finished,,2024-04-09T15:30:00.000000Z,15,15,0,15,15,15,0,0,15,0,0
4126,9564,finished,,2024-04-10T15:00:00.000000Z,15,15,0,15,15,15,0,0,15,0,0
4127,9567,finished,,2024-04-11T15:00:00.000000Z,15,15,0,15,15,15,0,0,15,0,0
4128,9569,finished,,2024-04-12T16:00:00.000000Z,15,15,0,15,15,15,0,0,15,0,0
4129,9572,finished,,2024-04-13T14:00:00.000000Z,15,15,0,15,15,15,0,0,15,0,0
4130,9576,finished,,2024-04-14T13:45:00.000000Z,15,15,0,15,15,15,0,0,14,0,1
4131,9579,finished,,2024-04-15T16:00:00.000000Z,15,15,0,15,15,15,0,0,15,0,0
4132,9581,finished,,2024-04-16T17:00:00.000000Z,15,15,0,15,15,15,0,0,15,0,0
4133,9584,finished,,2024-04-17T14:00:00.000000Z,15,15,0,15,15,15,0,0,15,0,0
4134,9586,finished,,2024-04-18T14:00:00.000000Z,15,15,0,15,15,15,0,0,15,0,0
4135,9590,finished,,2024-04-19T16:00:00.000000Z,15,15,0,15,15,15,0,0,15,0,0
4136,9593,finished,,2024-04-20T14:00:00.000000Z,15,15,0,15,15,15,0,0,15,0,0
4137,9596,finished,,2024-04-21T14:00:00.000000Z,15,15,0,15,15,15,0,0,15,0,0
4138,9599,finished,,2024-04-22T16:00:00.000000Z,15,15,0,15,15,15,0,0,15,0,0
4139,9603,finished,,2024-04-23T16:30:00.000000Z,15,15,0,15,15,15,0,0,15,0,0
4140,9605,finished,,2024-04-24T15:30:00.000000Z,15,15,0,15,15,15,0,0,15,0,0
4141,9608,finished,,2024-04-25T15:15:00.000000Z,15,15,0,15,15,15,0,0,15,0,0
4142,9611,finished,,2024-04-26T16:30:00.000000Z,15,15,0,15,15,15,0,0,15,0,0
4143,9614,finished,,2024-04-27T13:30:00.000000Z,15,15,0,15,15,15,0,0,15,0,0
4144,9617,finished,,2024-04-28T13:00:00.000000Z,15,15,0,15,15,15,0,0,15,0,0
4145,9620,finished,,2024-04-29T14:30:00.000000Z,15,15,0,15,15,15,0,0,15,0,0
4146,9623,finished,,2024-04-30T17:00:00.000000Z,15,15,0,15,15,15,0,0,15,0,0
4147,9626,finished,,2024-05-01T15:00:00.000000Z,15,15,0,15,15,15,0,0,15,0,0
4148,9628,finished,,2024-05-02T16:00:00.000000Z,15,15,0,15,15,15,0,0,15,0,0
4149,9631,finished,,2024-05-03T16:00:00.000000Z,15,15,0,15,15,15,0,0,15,0,0
4150,9634,finished,,2024-05-04T13:30:00.000000Z,15,15,0,15,15,15,0,0,15,0,0
4151,9637,finished,,2024-05-05T13:00:00.000000Z,15,15,0,15,15,15,0,0,15,0,0
4152,9640,finished,,2024-05-06T14:00:00.000000Z,15,15,0,15,15,15,0,0,14,0,1
4153,9643,finished,,2024-05-07T16:00:00.000000Z,15,15,0,15,15,15,0,0,15,0,0
4154,9646,finished,,2024-05-08T16:00:00.000000Z,15,15,0,15,15,15,0,0,15,0,0
4155,9650,finished,,2024-05-09T15:00:00.000000Z,15,15,0,15,15,15,0,0,15,0,0
4156,9652,finished,,2024-05-10T16:00:00.000000Z,15,15,0,15,15,15,0,0,14,0,1
4157,9655,finished,,2024-05-11T13:30:00.000000Z,15,15,0,15,15,15,0,0,15,0,0
4158,9658,finished,,2024-05-12T13:00:00.000000Z,15,15,0,15,15,15,0,0,15,0,0
4159,9660,finished,,2024-05-13T16:30:00.000000Z,15,15,0,15,15,15,0,0,15,0,0
4160,9664,finished,,2024-05-14T16:00:00.000000Z,15,15,0,15,15,15,0,0,15,0,0
4161,9667,finished,,2024-05-15T16:00:00.000000Z,15,15,0,15,15,15,0,0,15,0,0
4162,9669,finished,,2024-05-16T15:00:00.000000Z,15,15,0,15,15,15,0,0,15,0,0
4163,9673,finished,,2024-05-17T16:10:00.000000Z,15,15,0,15,15,15,0,0,15,0,0
4164,9676,finished,,2024-05-18T13:30:00.000000Z,15,15,0,15,15,15,0,0,15,0,0
4165,9679,finished,,2024-05-19T14:00:00.000000Z,15,15,0,15,15,15,0,0,15,0,0
4166,9683,finished,,2024-05-20T16:00:00.000000Z,15,15,0,15,15,15,0,0,15,0,0
4167,9686,finished,,2024-05-21T15:30:00.000000Z,15,15,0,15,15,15,0,0,14,0,1
4168,9688,finished,,2024-05-22T15:00:00.000000Z,15,15,0,15,15,15,0,0,15,0,0
4169,9690,finished,,2024-05-23T15:00:00.000000Z,15,15,0,15,15,15,0,0,15,0,0
4170,9694,finished,,2024-05-24T16:00:00.000000Z,15,15,0,15,15,15,0,0,15,0,0
4171,9697,finished,,2024-05-25T13:30:00.000000Z,15,15,0,15,15,15,0,0,15,0,0
4172,9700,finished,,2024-05-26T14:00:00.000000Z,15,15,0,15,15,15,0,0,15,0,0
4173,9702,finished,,2024-05-27T16:00:00.000000Z,15,15,0,15,15,15,0,0,15,0,0
4174,9706,finished,,2024-05-28T16:00:00.000000Z,15,15,0,15,15,15,0,0,15,0,0
4175,9709,finished,,2024-05-29T16:15:00.000000Z,15,15,0,15,15,15,0,0,14,0,1
4176,9711,finished,,2024-05-30T15:00:00.000000Z,15,15,0,15,15,15,0,0,15,0,0
4177,9715,finished,,2024-05-31T15:00:00.000000Z,15,15,0,15,15,15,0,0,15,0,0
4178,9718,finished,,2024-06-01T15:00:00.000000Z,15,15,0,15,15,15,0,0,15,0,0
4179,9722,finished,,2024-06-02T14:15:00.000000Z,15,15,0,15,15,15,0,0,15,0,0
4180,9723,finished,,2024-06-03T16:00:00.000000Z,15,15,0,15,15,15,0,0,15,0,0
4181,9727,finished,,2024-06-04T16:00:00.000000Z,15,15,0,15,15,15,0,0,15,0,0
4182,9729,finished,,2024-06-05T14:30:00.000000Z,15,15,0,15,15,15,0,0,15,0,0
4183,9732,finished,,2024-06-06T14:00:00.000000Z,15,15,0,15,15,15,0,0,15,0,0
4184,9736,finished,,2024-06-07T15:00:00.000000Z,15,15,0,15,15,15,0,0,15,0,0
4185,9739,finished,,2024-06-08T16:00:00.000000Z,15,15,0,15,15,15,0,0,15,0,0
4186,9743,finished,,2024-06-09T15:00:00.000000Z,15,15,0,15,15,15,0,0,14,0,1
4187,9744,finished,,2024-06-10T15:00:00.000000Z,15,15,0,15,15,15,0,0,15,0,0
4188,9747,finished,,2024-06-11T14:00:00.000000Z,15,15,0,15,15,15,0,0,15,0,0
4189,9750,finished,,2024-06-12T15:00:00.000000Z,15,15,0,15,15,15,0,0,15,0,0
4190,9753,finished,,2024-06-13T15:30:00.000000Z,15,15,0,15,15,15,0,0,15,0,0
4191,9755,finished,,2024-06-14T15:00:00.000000Z,15,15,0,15,15,15,0,0,15,0,0
4192,9758,finished,,2024-06-15T13:00:00.000000Z,15,15,0,15,15,15,0,0,15,0,0
4193,9760,finished,,2024-06-16T13:00:00.000000Z,15,15,0,15,15,15,0,0,15,0,0
4194,9763,finished,,2024-06-17T13:00:00.000000Z,15,15,0,15,15,15,0,0,15,0,0
4195,9766,finished,,2024-06-18T16:00:00.000000Z,15,15,0,15,15,15,0,0,15,0,0
4196,9769,finished,,2024-06-19T16:00:00.000000Z,15,15,0,15,15,15,0,0,15,0,0
4197,9773,finished,,2024-06-20T16:00:00.000000Z,15,15,0,15,15,15,0,0,15,0,0
4198,9775,finished,,2024-06-21T15:00:00.000000Z,15,15,0,15,15,15,0,0,15,0,0
4199,9776,finished,,2024-06-22T15:00:00.000000Z,15,15,0,15,15,15,0,0,15,0,0
4200,9779,finished,,2024-06-23T15:00:00.000000Z,15,15,0,15,15,15,0,0,15,0,0
4201,9783,finished,,2024-06-24T16:00:00.000000Z,15,15,0,15,15,15,0,0,15,0,0
4202,9784,finished,,2024-06-25T16:00:00.000000Z,15,15,0,15,15,15,0,0,15,0,0
4203,9787,finished,,2024-06-26T16:00:00.000000Z,15,15,0,15,15,15,0,0,15,0,0
4204,9789,finished,,2024-06-27T15:00:00.000000Z,15,15,0,15,15,15,0,0,15,0,0
4205,9792,finished,,2024-06-28T15:00:00.000000Z,15,15,0,15,15,15,0,0,15,0,0
4206,9795,finished,,2024-06-29T13:00:00.000000Z,15,15,0,15,15,15,0,0,15,0,0
4207,9796,finished,,2024-06-30T17:30:00.000000Z,15,15,0,15,15,15,0,0,15,0,0
4208,9800,finished,,2024-07-01T15:00:00.000000Z,15,15,0,15,15,15,0,0,15,0,0
4209,9803,finished,,2024-07-02T13:00:00.000000Z,15,15,0,15,15,15,0,0,15,0,0
4210,9804,finished,,2024-07-03T15:00:00.000000Z,15,15,0,15,15,15,0,0,15,0,0
4211,9807,finished,,2024-07-04T16:00:00.000000Z,15,15,0,15,15,15,0,0,15,0,0
4212,9809,finished,,2024-07-05T16:00:00.000000Z,15,15,0,15,15,15,0,0,15,0,0
4213,9811,finished,,2024-07-06T16:00:00.000000Z,15,15,0,15,15,15,0,0,15,0,0
4214,9815,finished,,2024-07-07T15:30:00.000000Z,15,15,0,15,15,15,0,0,14,0,1
4215,9817,finished,,2024-07-08T15:00:00.000000Z,15,15,0,15,15,15,0,0,15,0,0
4216,9820,finished,,2024-07-09T18:00:00.000000Z,15,15,0,15,15,15,0,0,15,0,0
4217,9824,finished,,2024-07-10T15:00:00.000000Z,15,15,0,15,15,15,0,0,15,0,0
4218,9825,finished,,2024-07-11T15:00:00.000000Z,15,15,0,15,15,15,0,0,15,0,0
4219,9828,finished,,2024-07-12T17:00:00.000000Z,15,15,0,15,15,15,0,0,14,0,1
4220,9831,finished,,2024-07-13T15:00:00.000000Z,15,15,0,15,15,15,0,0,15,0,0
4221,9834,finished,,2024-07-14T14:30:00.000000Z,15,15,0,15,15,15,0,0,15,0,0
4222,9836,finished,,2024-07-15T15:00:00.000000Z,15,15,0,15,15,15,0,0,15,0,0
4223,9839,finished,,2024-07-16T16:00:00.000000Z,15,15,0,15,15,15,0,0,15,0,0
4224,9842,finished,,2024-07-17T15:00:00.000000Z,15,15,0,15,15,15,0,0,15,0,0
4225,9845,finished,,2024-07-18T16:00:00.000000Z,15,15,0,15,15,15,0,0,15,0,0
4226,9849,finished,,2024-07-19T16:00:00.000000Z,15,15,0,15,15,15,0,0,14,0,1
4227,9851,finished,,2024-07-20T15:00:00.000000Z,15,15,0,15,15,15,0,0,15,0,0
4228,9854,finished,,2024-07-21T17:00:00.000000Z,15,15,0,15,15,15,0,0,15,0,0
4229,9858,finished,,2024-07-22T15:30:00.000000Z,15,15,0,15,15,15,0,0,15,0,0
4230,9860,finished,,2024-07-23T15:30:00.000000Z,15,15,0,15,15,15,0,0,15,0,0
4231,9863,finished,,2024-07-24T15:00:00.000000Z,15,15,0,15,15,15,0,0,15,0,0
4232,9866,finished,,2024-07-25T15:00:00.000000Z,15,15,0,15,15,15,0,0,15,0,0
4233,9868,finished,,2024-07-26T15:00:00.000000Z,15,15,0,15,15,15,0,0,14,0,1
4234,9871,finished,,2024-07-27T16:00:00.000000Z,15,15,0,15,15,15,0,0,15,0,0
4235,9876,finished,,2024-07-28T14:00:00.000000Z,15,15,0,15,15,15,0,0,15,0,0
4236,9878,finished,,2024-07-29T15:30:00.000000Z,15,15,0,15,15,15,0,0,15,0,0
4237,9880,finished,,2024-07-30T15:00:00.000000Z,15,15,0,15,15,15,0,0,15,0,0
4238,9883,finished,,2024-07-31T15:30:00.000000Z,15,15,0,15,15,15,0,0,15,0,0
4239,9886,finished,,2024-08-01T15:00:00.000000Z,15,15,0,15,15,15,0,0,15,0,0
4240,9889,finished,,2024-08-02T17:00:00.000000Z,15,15,0,15,15,15,0,0,15,0,0
4241,9893,finished,,2024-08-03T15:00:00.000000Z,15,15,0,15,15,15,0,0,15,0,0
4242,9896,finished,,2024-08-04T14:30:00.000000Z,15,15,0,15,15,15,0,0,15,0,0
4243,9899,finished,,2024-08-05T16:00:00.000000Z,15,15,0,15,15,15,0,0,15,0,0
4244,9900,finished,,2024-08-06T14:00:00.000000Z,15,15,0,15,15,15,0,0,14,0,1
4245,9904,finished,,2024-08-07T15:00:00.000000Z,15,15,0,15,15,15,0,0,15,0,0
4246,9906,finished,,2024-08-08T15:00:00.000000Z,15,15,0,15,15,15,0,0,15,0,0
4247,9909,finished,,2024-08-09T15:30:00.000000Z,15,15,0,15,15,15,0,0,15,0,0
4248,9911,finished,,2024-08-10T15:00:00.000000Z,15,15,0,15,15,15,0,0,15,0,0
4249,9916,finished,,2024-08-11T16:00:00.000000Z,15,15,0,15,15,15,0,0,15,0,0
4250,9919,finished,,2024-08-12T16:00:00.000000Z,15,15,0,15,15,15,0,0,15,0,0
4251,9920,finished,,2024-08-13T17:00:00.000000Z,15,15,0,15,15,15,0,0,15,0,0
4252,9923,finished,,2024-08-14T14:30:00.000000Z,15,15,0,15,15,15,0,0,15,0,0
4253,9926,finished,,2024-08-15T16:00:00.000000Z,15,15,0,15,15,15,0,0,15,0,0
4254,9930,finished,,2024-08-16T16:00:00.000000Z,15,15,0,15,15,15,0,0,15,0,0
4255,9932,finished,,2024-08-17T14:00:00.000000Z,15,15,0,15,15,15,0,0,15,0,0
4256,9936,finished,,2024-08-18T14:00:00.000000Z,15,15,0,15,15,15,0,0,15,0,0
4257,9939,finished,,2024-08-19T17:00:00.000000Z,15,15,0,15,15,15,0,0,15,0,0
4258,9942,finished,,2024-08-20T17:00:00.000000Z,15,15,0,15,15,15,0,0,15,0,0
4259,9945,finished,,2024-08-21T15:00:00.000000Z,15,15,0,15,15,15,0,0,15,0,0
4260,9947,finished,,2024-08-22T16:00:00.000000Z,15,15,0,15,15,15,0,0,15,0,0
4261,9950,finished,,2024-08-23T16:00:00.000000Z,15,15,0,15,15,15,0,0,15,0,0
4262,9954,finished,,2024-08-24T14:00:00.000000Z,15,15,0,15,15,15,0,0,15,0,0
4263,9957,finished,,2024-08-25T14:00:00.000000Z,15,15,0,15,15,15,0,0,15,0,0
4264,9960,finished,,2024-08-26T15:30:00.000000Z,15,15,0,15,15,15,0,0,15,0,0
4265,9963,finished,,2024-08-27T16:30:00.000000Z,15,15,0,15,15,15,0,0,12,0,3
4266,9967,finished,,2024-08-28T17:00:00.000000Z,15,15,0,15,15,15,0,0,15,0,0
4267,9970,finished,,2024-08-29T16:00:00.000000Z,15,15,0,15,15,15,0,0,15,0,0
4268,9972,finished,,2024-08-30T16:00:00.000000Z,15,15,0,15,15,15,0,0,15,0,0
4269,9974,finished,,2024-08-31T13:30:00.000000Z,15,15,0,15,15,15,0,0,15,0,0
4270,9978,finished,,2024-09-01T14:30:00.000000Z,15,15,0,15,15,15,0,0,15,0,0
4271,9982,finished,,2024-09-02T16:00:00.000000Z,15,15,0,15,15,15,0,0,15,0,0
4272,9984,finished,,2024-09-03T17:30:00.000000Z,15,15,0,15,15,15,0,0,15,0,0
4273,9988,finished,,2024-09-04T13:00:00.000000Z,15,15,0,15,15,15,0,0,14,0,1
4274,9989,finished,,2024-09-05T15:30:00.000000Z,15,15,0,15,15,15,0,0,13,0,2
4275,9993,finished,,2024-09-06T16:00:00.000000Z,15,15,0,15,15,15,0,0,15,0,0
4276,9996,finished,,2024-09-07T14:00:00.000000Z,15,15,0,15,15,15,0,0,15,0,0
4277,9998,finished,,2024-09-08T14:15:00.000000Z,15,15,0,15,15,15,0,0,14,0,1
4278,10003,finished,,2024-09-09T15:00:00.000000Z,15,15,0,15,15,15,0,0,15,0,0
4279,10006,finished,,2024-09-10T15:00:00.000000Z,15,15,0,15,15,15,0,0,15,0,0
4280,10008,finished,,2024-09-11T16:00:00.000000Z,15,15,0,15,15,15,0,0,15,0,0
4281,10012,finished,,2024-09-13T16:00:00.000000Z,15,15,0,15,15,15,0,0,15,0,0
4282,10016,finished,,2024-09-14T13:30:00.000000Z,15,15,0,15,15,15,0,0,15,0,0
4283,10019,finished,,2024-09-15T13:30:00.000000Z,15,15,0,15,15,15,0,0,14,0,1
4284,10023,finished,,2024-09-16T16:30:00.000000Z,15,15,0,15,15,15,0,0,15,0,0
4285,10028,finished,,2024-09-17T15:55:00.000000Z,15,15,0,15,15,15,0,0,15,0,0
4286,10030,finished,,2024-09-18T16:00:00.000000Z,15,15,0,15,15,15,0,0,15,0,0
4287,10033,finished,,2024-09-19T15:00:00.000000Z,15,15,0,15,15,15,0,0,15,0,0
4288,10036,finished,,2024-09-20T16:00:00.000000Z,15,15,0,15,15,15,0,0,15,0,0
4289,10039,finished,,2024-09-21T13:30:00.000000Z,15,15,0,15,15,15,0,0,15,0,0
4290,10043,finished,,2024-09-22T14:00:00.000000Z,15,15,0,15,15,15,0,0,15,0,0
4291,10048,finished,,2024-09-23T15:30:00.000000Z,15,15,0,15,15,15,0,0,15,0,0
4292,10051,finished,,2024-09-24T16:00:00.000000Z,15,15,0,15,15,15,0,0,15,0,0
4293,10053,finished,,2024-09-25T17:00:00.000000Z,15,15,0,15,15,15,0,0,15,0,0
4294,10058,finished,,2024-09-26T16:00:00.000000Z,15,15,0,15,15,15,0,0,14,0,1
4295,10060,finished,,2024-09-27T16:00:00.000000Z,15,15,0,15,15,15,0,0,15,0,0
4296,10063,finished,,2024-09-28T13:30:00.000000Z,15,15,0,15,15,15,0,0,14,0,1
4297,10066,finished,,2024-09-29T14:00:00.000000Z,15,15,0,15,15,15,0,0,15,0,0
4298,10071,finished,,2024-09-30T17:00:00.000000Z,15,15,0,15,15,15,0,0,15,0,0
4299,10074,finished,,2024-10-01T16:30:00.000000Z,15,15,0,15,15,15,0,0,15,0,0
4300,10077,finished,,2024-10-02T16:00:00.000000Z,15,15,0,15,15,15,0,0,15,0,0
4301,10080,finished,,2024-10-03T16:30:00.000000Z,15,15,0,15,15,15,0,0,14,0,1
4302,10082,finished,,2024-10-04T16:00:00.000000Z,15,15,0,15,15,15,0,0,15,0,0
4303,10085,finished,,2024-10-05T13:30:00.000000Z,15,15,0,15,15,15,0,0,15,0,0
4304,10089,finished,,2024-10-06T14:00:00.000000Z,15,15,0,15,15,15,0,0,15,0,0
4305,10095,finished,,2024-10-07T16:30:00.000000Z,15,15,0,15,15,15,0,0,15,0,0
4306,10097,finished,,2024-10-08T16:30:00.000000Z,15,15,0,15,15,15,0,0,15,0,0
4307,10100,finished,,2024-10-09T15:00:00.000000Z,15,15,0,15,15,15,0,0,15,0,0
4308,10103,finished,,2024-10-10T14:00:00.000000Z,15,15,0,15,15,15,0,0,15,0,0
4309,10106,finished,,2024-10-11T16:00:00.000000Z,15,15,0,15,15,15,0,0,15,0,0
4310,10109,finished,,2024-10-12T14:15:00.000000Z,15,15,0,15,15,15,0,0,15,0,0
4311,10113,finished,,2024-10-13T14:00:00.000000Z,15,15,0,15,15,15,0,0,15,0,0
4312,10116,finished,,2024-10-14T16:00:00.000000Z,15,15,0,15,15,15,0,0,15,0,0
4313,10119,finished,,2024-10-15T14:00:00.000000Z,15,15,0,15,15,15,0,0,15,0,0
4314,10122,finished,,2024-10-16T15:00:00.000000Z,15,15,0,15,15,15,0,0,14,0,1
4315,10125,finished,,2024-10-17T14:00:00.000000Z,15,15,0,15,15,15,0,0,15,0,0
4316,10128,finished,,2024-10-18T15:30:00.000000Z,15,15,0,15,15,15,0,0,15,0,0
4317,10130,finished,,2024-10-19T13:30:00.000000Z,15,15,0,15,15,15,0,0,15,0,0
4318,10135,finished,,2024-10-20T13:30:00.000000Z,15,15,0,15,15,15,0,0,15,0,0
4319,10138,finished,,2024-10-21T16:00:00.000000Z,15,15,0,15,15,15,0,0,15,0,0
4320,10141,finished,,2024-10-22T17:30:00.000000Z,15,15,0,15,15,15,0,0,15,0,0
4321,10144,finished,,2024-10-23T16:00:00.000000Z,15,15,0,15,15,15,0,0,15,0,0
4322,10148,finished,,2024-10-24T16:45:00.000000Z,15,15,0,15,15,15,0,0,15,0,0
4323,10151,finished,,2024-10-25T16:30:00.000000Z,15,15,0,15,15,15,0,0,15,0,0
4324,10154,finished,,2024-10-26T13:30:00.000000Z,15,15,0,15,15,15,0,0,15,0,0
4325,10157,finished,,2024-10-27T14:00:00.000000Z,15,15,0,15,15,15,0,0,15,0,0
4326,10161,finished,,2024-10-28T16:00:00.000000Z,15,15,0,15,15,15,0,0,15,0,0
4327,10166,finished,,2024-10-29T16:00:00.000000Z,15,15,0,15,15,15,0,0,15,0,0
4328,10167,finished,,2024-10-30T17:00:00.000000Z,15,15,0,15,15,15,0,0,15,0,0
4329,10169,finished,,2024-10-31T17:30:00.000000Z,15,15,0,15,15,15,0,0,15,0,0
4330,10172,finished,,2024-11-01T17:00:00.000000Z,15,15,0,15,15,15,0,0,15,0,0
4331,10174,finished,,2024-11-02T14:30:00.000000Z,15,15,0,15,15,15,0,0,15,0,0
4332,10175,finished,,2024-11-03T14:00:00.000000Z,15,15,0,15,15,15,0,0,15,0,0
4333,10177,finished,,2024-11-04T16:00:00.000000Z,15,15,0,15,15,15,0,0,15,0,0
4334,10180,finished,,2024-11-05T17:45:00.000000Z,15,15,0,15,15,15,0,0,15,0,0
4335,10183,finished,,2024-11-06T15:30:00.000000Z,15,15,0,15,15,15,0,0,15,0,0
4336,10187,finished,,2024-11-07T17:45:00.000000Z,15,15,0,15,15,15,0,0,15,0,0
4337,10191,finished,,2024-11-08T16:00:00.000000Z,15,15,0,15,15,15,0,0,15,0,0
4338,10192,finished,,2024-11-09T15:00:00.000000Z,15,15,0,15,15,15,0,0,15,0,0
4339,10197,finished,,2024-11-10T15:15:00.000000Z,15,15,0,15,15,15,0,0,15,0,0
4340,10202,finished,,2024-11-11T16:00:00.000000Z,15,15,0,15,15,15,0,0,15,0,0
4341,10204,finished,,2024-11-12T17:30:00.000000Z,15,15,0,15,15,15,0,0,15,0,0
4342,10207,finished,,2024-11-13T15:00:00.000000Z,15,15,0,15,15,15,0,0,14,0,1
4343,10210,finished,,2024-11-14T15:00:00.000000Z,15,15,0,15,15,15,0,0,15,0,0
4344,10212,finished,,2024-11-15T16:00:00.000000Z,15,15,0,15,15,15,0,0,15,0,0
4345,10215,finished,,2024-11-16T15:00:00.000000Z,15,15,0,15,15,15,0,0,15,0,0
4346,10218,finished,,2024-11-17T14:00:00.000000Z,15,15,0,15,15,15,0,0,15,0,0
4347,10222,finished,,2024-11-18T16:00:00.000000Z,15,15,0,15,15,15,0,0,15,0,0
4348,10225,finished,,2024-11-19T15:00:00.000000Z,15,15,0,15,15,15,0,0,12,0,3
4349,10227,finished,,2024-11-20T15:00:00.000000Z,15,15,0,15,15,15,0,0,15,0,0
4350,10231,finished,,2024-11-21T15:00:00.000000Z,15,15,0,15,15,15,0,0,15,0,0
4351,10233,finished,,2024-11-22T18:00:00.000000Z,15,15,0,15,15,15,0,0,13,0,2
4352,10236,finished,,2024-11-23T14:30:00.000000Z,15,15,0,15,15,15,0,0,15,0,0
4353,10239,finished,,2024-11-24T14:00:00.000000Z,15,15,0,15,15,15,0,0,15,0,0
4354,10243,finished,,2024-11-25T15:30:00.000000Z,15,15,0,15,15,15,0,0,15,0,0
4355,10245,finished,,2024-11-26T19:30:00.000000Z,15,15,0,15,15,15,0,0,15,0,0
4356,10249,finished,,2024-11-27T15:15:00.000000Z,15,15,0,15,15,15,0,0,14,0,1
4357,10251,finished,,2024-11-28T16:30:00.000000Z,15,15,0,15,15,15,0,0,15,0,0
4358,10254,finished,,2024-11-29T17:00:00.000000Z,15,15,0,15,15,15,0,0,15,0,0
4359,10258,finished,,2024-11-30T14:00:00.000000Z,15,15,0,15,15,15,0,0,15,0,0
4360,10260,finished,,2024-12-01T14:00:00.000000Z,15,15,0,15,15,15,0,0,15,0,0
4361,10264,finished,,2024-12-02T16:00:00.000000Z,15,15,0,15,15,15,0,0,15,0,0
4362,10266,finished,,2024-12-03T17:30:00.000000Z,15,15,0,15,15,15,0,0,13,0,2
4363,10269,finished,,2024-12-04T16:30:00.000000Z,15,15,0,15,15,15,0,0,15,0,0
4364,10272,finished,,2024-12-05T15:00:00.000000Z,15,15,0,15,15,15,0,0,15,0,0
4365,10275,finished,,2024-12-06T17:00:00.000000Z,15,15,0,15,15,15,0,0,15,0,0
4366,10279,finished,,2024-12-07T14:00:00.000000Z,15,15,0,15,15,15,0,0,13,0,2
4367,10281,finished,,2024-12-08T14:00:00.000000Z,15,15,0,15,15,15,0,0,15,0,0
4368,10286,finished,,2024-12-09T15:30:00.000000Z,15,15,0,15,15,15,0,0,15,0,0
4369,10290,finished,,2024-12-10T17:45:00.000000Z,15,15,0,15,15,15,0,0,15,0,0
4370,10292,finished,,2024-12-11T15:00:00.000000Z,15,15,0,15,15,15,0,0,15,0,0
4371,10295,finished,,2024-12-12T17:45:00.000000Z,15,15,0,15,15,15,0,0,15,0,0
4372,10299,finished,,2024-12-13T15:00:00.000000Z,15,15,0,15,15,15,0,0,15,0,0
4373,10302,finished,,2024-12-14T15:00:00.000000Z,15,15,0,15,15,15,0,0,15,0,0
4374,10303,finished,,2024-12-15T15:00:00.000000Z,15,15,0,15,15,15,0,0,14,0,1
4375,10308,finished,,2024-12-16T15:00:00.000000Z,15,15,0,15,15,15,0,0,15,0,0
4376,10310,finished,,2024-12-17T18:00:00.000000Z,15,15,0,15,15,15,0,0,14,0,1
4377,10313,finished,,2024-12-18T15:00:00.000000Z,15,15,0,15,15,15,0,0,15,0,0
4378,10315,finished,,2024-12-19T16:30:00.000000Z,15,15,0,15,15,15,0,0,15,0,0
4379,10317,finished,,2024-12-20T15:00:00.000000Z,15,15,0,15,15,15,0,0,15,0,0
4380,10320,finished,,2024-12-21T15:00:00.000000Z,15,15,0,15,15,15,0,0,14,0,1
4381,10324,finished,,2024-12-22T14:00:00.000000Z,15,15,0,15,15,15,0,0,15,0,0
4382,10325,finished,,2024-12-23T13:30:00.000000Z,15,15,0,15,15,15,0,0,15,0,0
4383,10329,finished,,2024-12-26T14:00:00.000000Z,15,15,0,15,15,15,0,0,14,0,1
4384,10332,finished,,2024-12-27T12:00:00.000000Z,15,15,0,15,15,15,0,0,15,0,0
4385,10336,finished,,2024-12-28T13:30:00.000000Z,15,15,0,15,15,15,0,0,15,0,0
4386,10338,finished,,2024-12-29T15:00:00.000000Z,15,15,0,15,15,15,0,0,15,0,0
4387,10343,finished,,2024-12-30T12:30:00.000000Z,15,15,0,15,15,15,0,0,14,0,1
4388,10345,finished,,2024-12-31T12:30:00.000000Z,15,15,0,15,15,15,0,0,14,0,1
4389,10347,finished,,2025-01-01T15:00:00.000000Z,15,15,0,15,15,15,0,0,14,0,1
4390,10349,finished,,2025-01-02T12:30:00.000000Z,15,15,0,15,15,15,0,0,15,0,0
4391,10353,finished,,2025-01-03T13:00:00.000000Z,15,15,0,15,15,15,0,0,15,0,0
4392,10356,finished,,2025-01-04T15:00:00.000000Z,15,15,0,15,15,15,0,0,15,0,0
4393,10359,finished,,2025-01-05T14:00:00.000000Z,15,15,0,15,15,15,0,0,13,0,2
4394,10362,finished,,2025-01-06T14:00:00.000000Z,15,15,0,15,15,15,0,0,15,0,0
4395,10365,finished,,2025-01-07T15:00:00.000000Z,15,15,0,15,15,15,0,0,15,0,0
4396,10368,finished,,2025-01-08T15:00:00.000000Z,15,15,0,15,15,15,0,0,14,0,1
4397,10371,finished,,2025-01-09T13:00:00.000000Z,15,15,0,15,15,15,0,0,15,0,0
4398,10373,finished,,2025-01-10T18:00:00.000000Z,15,15,0,15,15,15,0,0,15,0,0
4399,10376,finished,,2025-01-11T14:30:00.000000Z,15,15,0,15,15,15,0,0,14,0,1
4400,10377,finished,,2025-01-12T14:00:00.000000Z,15,15,0,15,15,15,0,0,15,0,0
4401,10381,finished,,2025-01-13T14:00:00.000000Z,15,15,0,15,15,15,0,0,15,0,0
4402,10383,finished,,2025-01-14T17:30:00.000000Z,15,15,0,15,15,15,0,0,15,0,0
4403,10386,finished,,2025-01-15T17:30:00.000000Z,15,15,0,15,15,15,0,0,15,0,0
4404,10389,finished,,2025-01-16T17:00:00.000000Z,15,15,0,15,15,15,0,0,15,0,0
4405,10392,finished,,2025-01-17T15:00:00.000000Z,15,15,0,15,15,15,0,0,15,0,0
4406,10395,finished,,2025-01-18T14:30:00.000000Z,15,15,0,15,15,15,0,0,15,0,0
4407,10398,finished,,2025-01-19T14:00:00.000000Z,15,15,0,15,15,15,0,0,15,0,0
4408,10402,finished,,2025-01-20T16:00:00.000000Z,15,15,0,15,15,15,0,0,15,0,0
4409,10404,finished,,2025-01-21T17:00:00.000000Z,15,15,0,15,15,15,0,0,15,0,0
4410,10407,finished,,2025-01-22T17:45:00.000000Z,15,15,0,15,15,15,0,0,15,0,0
4411,10411,finished,,2025-01-23T17:45:00.000000Z,15,15,0,15,15,15,0,0,14,0,1
4412,10413,finished,,2025-01-24T15:00:00.000000Z,15,15,0,15,15,15,0,0,15,0,0
4413,10416,finished,,2025-01-25T14:30:00.000000Z,15,15,0,15,15,15,0,0,15,0,0
4414,10420,finished,,2025-01-26T14:00:00.000000Z,15,15,0,15,15,15,0,0,14,0,1
4415,10422,finished,,2025-01-27T17:00:00.000000Z,15,15,0,15,15,15,0,0,13,0,2
4416,10426,finished,,2025-01-28T19:00:00.000000Z,15,15,0,15,15,15,0,0,14,0,1
4417,10427,finished,,2025-01-29T17:30:00.000000Z,15,15,0,15,15,15,0,0,15,0,0
4418,10431,finished,,2025-01-30T16:00:00.000000Z,15,15,0,15,15,15,0,0,15,0,0
4419,10434,finished,,2025-01-31T17:30:00.000000Z,15,15,0,15,15,15,0,0,15,0,0
4420,10437,finished,,2025-02-01T14:00:00.000000Z,15,15,0,15,15,15,0,0,15,0,0
4421,10440,finished,,2025-02-02T14:00:00.000000Z,15,15,0,15,15,15,0,0,15,0,0
4422,10444,finished,,2025-02-03T17:00:00.000000Z,15,15,0,15,15,15,0,0,14,0,1
4423,10447,finished,,2025-02-04T15:00:00.000000Z,15,15,0,15,15,15,0,0,12,0,3
4424,10450,finished,,2025-02-05T17:30:00.000000Z,15,15,0,15,15,15,0,0,15,0,0
4425,10453,finished,,2025-02-06T18:30:00.000000Z,15,15,0,15,15,15,0,0,14,0,1
4426,10457,finished,,2025-02-07T17:00:00.000000Z,15,15,0,15,15,15,0,0,15,0,0
4427,10460,finished,,2025-02-08T15:00:00.000000Z,15,15,0,15,15,15,0,0,15,0,0
4428,10463,finished,,2025-02-09T15:15:00.000000Z,15,15,0,15,15,15,0,0,15,0,0
4429,10467,finished,,2025-02-10T16:00:00.000000Z,15,15,0,15,15,15,0,0,15,0,0
4430,10469,finished,,2025-02-11T16:30:00.000000Z,15,15,0,15,15,15,0,0,15,0,0
4431,10473,finished,,2025-02-12T14:00:00.000000Z,15,15,0,15,15,15,0,0,15,0,0
4432,10475,finished,,2025-02-13T17:00:00.000000Z,15,15,0,15,15,15,0,0,15,0,0
4433,10480,finished,,2025-02-14T17:00:00.000000Z,15,15,0,15,15,15,0,0,15,0,0
4434,10482,finished,,2025-02-15T17:00:00.000000Z,15,15,0,15,15,15,0,0,15,0,0
4435,10486,finished,,2025-02-16T14:00:00.000000Z,15,15,0,15,15,15,0,0,15,0,0
4436,10489,finished,,2025-02-17T14:00:00.000000Z,15,15,0,15,15,15,0,0,14,0,1
4437,10492,finished,,2025-02-18T16:00:00.000000Z,15,15,0,15,15,15,0,0,15,0,0
4438,10496,finished,,2025-02-19T14:30:00.000000Z,15,15,0,15,15,15,0,0,15,0,0
4439,10499,finished,,2025-02-20T15:30:00.000000Z,15,15,0,15,15,15,0,0,15,0,0
4440,10502,finished,,2025-02-21T16:30:00.000000Z,15,15,0,15,15,15,0,0,15,0,0
4441,10504,finished,,2025-02-22T14:00:00.000000Z,15,15,0,15,15,15,0,0,15,0,0
4442,10507,finished,,2025-02-23T14:00:00.000000Z,15,15,0,15,15,15,0,0,15,0,0
4443,10511,finished,,2025-02-24T14:15:00.000000Z,15,15,0,15,15,15,0,0,15,0,0
4444,10514,finished,,2025-02-25T17:30:00.000000Z,15,15,0,15,15,15,0,0,15,0,0
4445,10517,finished,,2025-02-26T14:30:00.000000Z,15,15,0,15,15,15,0,0,15,0,0
4446,10521,finished,,2025-02-27T14:00:00.000000Z,15,15,0,15,15,15,0,0,15,0,0
4447,10524,finished,,2025-02-28T17:00:00.000000Z,15,15,0,15,15,15,0,0,15,0,0
4448,10528,finished,,2025-03-01T14:30:00.000000Z,15,15,0,15,15,15,0,0,15,0,0
4449,10529,finished,,2025-03-02T16:15:00.000000Z,15,15,0,15,15,15,0,0,15,0,0
4450,10534,finished,,2025-03-03T15:00:00.000000Z,15,15,0,15,15,15,0,0,15,0,0
4451,10536,finished,,2025-03-04T17:45:00.000000Z,15,15,0,15,15,15,0,0,15,0,0
4452,10540,finished,,2025-03-05T17:30:00.000000Z,15,15,0,15,15,15,0,0,15,0,0
4453,10542,finished,,2025-03-06T17:45:00.000000Z,15,15,0,15,15,15,0,0,15,0,0
4454,10546,finished,,2025-03-07T17:30:00.000000Z,15,15,0,15,15,15,0,0,15,0,0
4455,10550,finished,,2025-03-08T14:00:00.000000Z,15,15,0,15,15,15,0,0,15,0,0
4456,10552,finished,,2025-03-09T14:00:00.000000Z,15,15,0,15,15,15,0,0,15,0,0
4457,10557,finished,,2025-03-10T17:00:00.000000Z,15,15,0,15,15,15,0,0,15,0,0
4458,10560,finished,,2025-03-11T17:00:00.000000Z,15,15,0,15,15,15,0,0,15,0,0
4459,10563,finished,,2025-03-12T14:30:00.000000Z,15,15,0,15,15,15,0,0,15,0,0
4460,10565,finished,,2025-03-13T14:00:00.000000Z,15,15,0,15,15,15,0,0,15,0,0
4461,10568,finished,,2025-03-14T17:30:00.000000Z,15,15,0,15,15,15,0,0,15,0,0
4462,10572,finished,,2025-03-15T14:00:00.000000Z,15,15,0,15,15,15,0,0,15,0,0
4463,10574,finished,,2025-03-16T14:00:00.000000Z,15,15,0,15,15,15,0,0,14,0,1
4464,10578,finished,,2025-03-17T17:00:00.000000Z,15,15,0,15,15,15,0,0,15,0,0
4465,10581,finished,,2025-03-18T15:30:00.000000Z,15,15,0,15,15,15,0,0,14,0,1
4466,10585,finished,,2025-03-19T13:00:00.000000Z,15,15,0,15,15,15,0,0,15,0,0
4467,10587,finished,,2025-03-20T16:00:00.000000Z,15,15,0,15,15,15,0,0,15,0,0
4468,10590,finished,,2025-03-21T18:30:00.000000Z,15,15,0,15,15,15,0,0,15,0,0
4469,10594,finished,,2025-03-22T15:00:00.000000Z,15,15,0,15,15,15,0,0,15,0,0
4470,10596,finished,,2025-03-23T17:00:00.000000Z,15,15,0,15,15,15,0,0,15,0,0
4471,10601,finished,,2025-03-24T16:00:00.000000Z,15,15,0,15,15,15,0,0,15,0,0
4472,10603,finished,,2025-03-25T16:00:00.000000Z,15,15,0,15,15,15,0,0,15,0,0
4473,10605,finished,,2025-03-26T14:00:00.000000Z,15,15,0,15,15,15,0,0,15,0,0
4474,10609,finished,,2025-03-27T15:00:00.000000Z,15,15,0,15,15,15,0,0,15,0,0
4475,10611,finished,,2025-03-28T15:30:00.000000Z,15,15,0,15,15,15,0,0,15,0,0
4476,10614,finished,,2025-03-29T13:30:00.000000Z,15,15,0,15,15,15,0,0,15,0,0
4477,10616,finished,,2025-03-30T13:00:00.000000Z,15,15,0,15,15,15,0,0,15,0,0
4478,10620,finished,,2025-03-31T14:00:00.000000Z,15,15,0,15,15,15,0,0,15,0,0
4479,10622,finished,,2025-04-01T18:45:00.000000Z,15,15,0,15,15,15,0,0,15,0,0
4480,10627,finished,,2025-04-02T14:00:00.000000Z,15,15,0,15,15,15,0,0,15,0,0
4481,10628,finished,,2025-04-03T14:00:00.000000Z,15,15,0,15,15,15,0,0,15,0,0
4482,10632,finished,,2025-04-04T16:00:00.000000Z,15,15,0,15,15,15,0,0,15,0,0
4483,10635,finished,,2025-04-05T13:30:00.000000Z,15,15,0,15,15,15,0,0,15,0,0
4484,10638,finished,,2025-04-06T13:00:00.000000Z,15,15,0,15,15,15,0,0,15,0,0
4485,10640,finished,,2025-04-07T14:00:00.000000Z,15,15,0,15,15,15,0,0,15,0,0
4486,10643,finished,,2025-04-08T16:00:00.000000Z,15,15,0,15,15,15,0,0,15,0,0
4487,10646,finished,,2025-04-09T14:30:00.000000Z,15,15,0,15,15,15,0,0,15,0,0
4488,10649,finished,,2025-04-10T14:00:00.000000Z,15,15,0,15,15,15,0,0,15,0,0
4489,10652,finished,,2025-04-11T16:00:00.000000Z,15,15,0,15,15,15,0,0,15,0,0
4490,10656,finished,,2025-04-12T13:30:00.000000Z,15,15,0,15,15,15,0,0,15,0,0
4491,10660,finished,,2025-04-13T13:00:00.000000Z,15,15,0,15,15,15,0,0,15,0,0
4492,10662,finished,,2025-04-14T15:00:00.000000Z,15,15,0,15,15,15,0,0,15,0,0
4493,10665,finished,,2025-04-15T14:00:00.000000Z,15,15,0,15,15,15,0,0,13,0,2
4494,10668,finished,,2025-04-16T14:30:00.000000Z,15,15,0,15,15,15,0,0,14,0,1
4495,10670,finished,,2025-04-17T14:00:00.000000Z,15,15,0,15,15,15,0,0,15,0,0
4496,10674,finished,,2025-04-18T14:00:00.000000Z,15,15,0,15,15,15,0,0,15,0,0
4497,10676,finished,,2025-04-19T13:30:00.000000Z,15,15,0,15,15,15,0,0,15,0,0
4498,10681,finished,,2025-04-20T13:00:00.000000Z,15,15,0,15,15,15,0,0,15,0,0
4499,10683,finished,,2025-04-21T13:00:00.000000Z,15,15,0,15,15,15,0,0,0,0,15
4500,10685,expected,,2025-04-21T20:10:00.000000Z,15,15,0,15,15,15,0,0,9,0,6
4501,10688,finished,,2025-04-22T15:00:00.000000Z,15,15,0,15,15,15,0,0,15,0,0
4502,10690,finished,,2025-04-23T16:30:00.000000Z,15,15,0,15,15,15,0,0,15,0,0
4503,10693,finished,,2025-04-24T16:00:00.000000Z,15,15,0,15,15,15,0,0,15,0,0
4504,10696,finished,,2025-04-25T16:30:00.000000Z,15,15,0,15,15,15,0,0,15,0,0
4505,10698,finished,,2025-04-26T14:00:00.000000Z,15,15,0,15,15,15,0,0,15,0,0
4506,10702,finished,,2025-04-27T16:00:00.000000Z,15,15,0,15,15,15,0,0,15,0,0
4507,10706,finished,,2025-04-28T17:00:00.000000Z,15,15,0,15,15,15,0,0,13,0,2
4508,10709,finished,,2025-04-29T16:00:00.000000Z,15,15,0,15,15,15,0,0,15,0,0
4509,10712,finished,,2025-04-30T15:00:00.000000Z,15,15,0,15,15,15,0,0,15,0,0
4510,10714,finished,,2025-05-01T13:00:00.000000Z,15,15,0,15,15,15,0,0,15,0,0
4511,10717,finished,,2025-05-02T16:00:00.000000Z,15,15,0,15,15,15,0,0,15,0,0
4512,10720,finished,,2025-05-03T14:00:00.000000Z,15,15,0,15,15,15,0,0,15,0,0
4513,10724,finished,,2025-05-04T15:30:00.000000Z,15,15,0,15,15,15,0,0,15,0,0
4514,10727,finished,,2025-05-05T14:00:00.000000Z,15,15,0,15,15,15,0,0,15,0,0
4515,10729,finished,,2025-05-06T14:00:00.000000Z,15,15,0,15,15,15,0,0,15,0,0
4516,10731,finished,,2025-05-07T14:00:00.000000Z,15,15,0,15,15,15,0,0,15,0,0
4517,10734,finished,,2025-05-08T15:15:00.000000Z,15,15,0,15,15,15,0,0,15,0,0
4518,10738,finished,,2025-05-09T15:30:00.000000Z,15,15,0,15,15,15,0,0,15,0,0
4519,10740,finished,,2025-05-10T16:00:00.000000Z,15,15,0,15,15,15,0,0,15,0,0
4520,10745,finished,,2025-05-11T13:00:00.000000Z,15,15,0,15,15,15,0,0,15,0,0
4521,10747,finished,,2025-05-12T15:00:00.000000Z,15,15,0,15,15,15,0,0,15,0,0
4522,10750,finished,,2025-05-13T15:30:00.000000Z,15,15,0,15,15,15,0,0,15,0,0
4523,10753,finished,,2025-05-14T17:00:00.000000Z,15,15,0,15,15,15,0,0,15,0,0
4524,10757,finished,,2025-05-15T15:30:00.000000Z,15,15,0,15,15,15,0,0,15,0,0
4525,10759,finished,,2025-05-16T16:00:00.000000Z,15,15,0,15,15,15,0,0,14,0,1
4526,10762,finished,,2025-05-17T13:30:00.000000Z,15,15,0,15,15,15,0,0,15,0,0
4527,10764,finished,,2025-05-18T13:15:00.000000Z,15,15,0,15,15,15,0,0,15,0,0
4528,10768,finished,,2025-05-19T14:00:00.000000Z,15,15,0,15,15,15,0,0,15,0,0
4529,10770,finished,,2025-05-20T16:00:00.000000Z,15,15,0,15,15,15,0,0,15,0,0
4530,10774,finished,,2025-05-21T16:00:00.000000Z,15,15,0,15,15,15,0,0,15,0,0
4531,10776,finished,,2025-05-22T16:00:00.000000Z,15,15,0,15,15,15,0,0,15,0,0
4532,10779,finished,,2025-05-23T15:00:00.000000Z,15,15,0,15,15,15,0,0,15,0,0
4533,10781,finished,,2025-05-24T13:30:00.000000Z,15,15,0,15,15,15,0,0,15,0,0
4534,10785,finished,,2025-05-25T15:00:00.000000Z,15,15,0,15,15,15,0,0,15,0,0
4535,10788,finished,,2025-05-26T17:00:00.000000Z,15,15,0,15,15,15,0,0,14,0,1
4536,10791,finished,,2025-05-27T15:30:00.000000Z,15,15,0,15,15,15,0,0,15,0,0
4537,10794,finished,,2025-05-29T14:00:00.000000Z,15,15,0,15,15,15,0,0,15,0,0
4538,10798,finished,,2025-05-30T15:00:00.000000Z,15,15,0,15,15,15,0,0,15,0,0
4539,10801,finished,,2025-05-31T13:00:00.000000Z,15,15,0,15,15,15,0,0,15,0,0
4540,10803,finished,,2025-06-01T16:30:00.000000Z,15,15,0,15,15,15,0,0,15,0,0
4541,10807,finished,,2025-06-02T15:00:00.000000Z,15,15,0,15,15,15,0,0,15,0,0
4542,10810,finished,,2025-06-03T14:00:00.000000Z,15,15,0,15,15,15,0,0,14,0,1
4543,10813,finished,,2025-06-04T14:30:00.000000Z,15,15,0,15,15,15,0,0,15,0,0
4544,10815,finished,,2025-06-05T15:00:00.000000Z,15,15,0,15,15,15,0,0,15,0,0
4545,10819,finished,,2025-06-06T15:00:00.000000Z,15,15,0,15,15,15,0,0,15,0,0
4546,10822,finished,,2025-06-07T16:00:00.000000Z,15,15,0,15,15,15,0,0,15,0,0
4547,10824,finished,,2025-06-08T13:00:00.000000Z,15,15,0,15,15,15,0,0,15,0,0
4548,10827,finished,,2025-06-09T13:00:00.000000Z,15,15,0,15,15,15,0,0,15,0,0
4549,10829,finished,,2025-06-10T16:00:00.000000Z,15,15,0,15,15,15,0,0,15,0,0
4550,10833,finished,,2025-06-11T15:00:00.000000Z,15,15,0,15,15,15,0,0,15,0,0
4551,10834,finished,,2025-06-12T14:00:00.000000Z,15,15,0,15,15,15,0,0,15,0,0
4552,10836,finished,,2025-06-13T15:00:00.000000Z,15,15,0,15,15,15,0,0,15,0,0
4553,10840,finished,,2025-06-14T15:00:00.000000Z,15,15,0,15,15,15,0,0,15,0,0
4554,10844,finished,,2025-06-15T15:00:00.000000Z,15,15,0,15,15,15,0,0,15,0,0
4555,10847,finished,,2025-06-16T16:00:00.000000Z,15,15,0,15,15,15,0,0,14,0,1
4556,10850,finished,,2025-06-17T15:00:00.000000Z,15,15,0,15,15,15,0,0,15,0,0
4557,10852,finished,,2025-06-18T17:00:00.000000Z,15,15,0,15,15,15,0,0,14,0,1
4558,10854,finished,,2025-06-19T15:30:00.000000Z,15,15,0,15,15,15,0,0,15,0,0
4559,10857,finished,,2025-06-20T16:00:00.000000Z,15,15,0,15,15,15,0,0,15,0,0
4560,10859,finished,,2025-06-21T15:30:00.000000Z,15,15,0,15,15,15,0,0,15,0,0
4561,10862,finished,,2025-06-22T15:00:00.000000Z,15,15,0,15,15,15,0,0,15,0,0
4562,10865,finished,,2025-06-23T15:00:00.000000Z,15,15,0,15,15,15,0,0,15,0,0
4563,10867,finished,,2025-06-24T15:00:00.000000Z,15,15,0,15,15,15,0,0,15,0,0
4564,10870,finished,,2025-06-25T16:00:00.000000Z,15,15,0,15,15,15,0,0,15,0,0
4565,10873,finished,,2025-06-26T16:00:00.000000Z,15,15,0,15,15,15,0,0,15,0,0
4566,10876,finished,,2025-06-27T15:30:00.000000Z,15,15,0,15,15,15,0,0,15,0,0
4567,10878,finished,,2025-06-28T14:00:00.000000Z,15,15,0,15,15,15,0,0,15,0,0
4568,10881,finished,,2025-06-29T14:00:00.000000Z,15,15,0,15,15,15,0,0,15,0,0
4569,10884,finished,,2025-06-30T16:00:00.000000Z,15,15,0,15,15,15,0,0,13,0,2
4570,10887,finished,,2025-07-01T16:00:00.000000Z,15,15,0,15,15,15,0,0,15,0,0
4571,10892,finished,,2025-07-03T18:00:00.000000Z,15,15,0,15,15,15,0,0,14,0,1
4572,10895,finished,,2025-07-05T14:00:00.000000Z,15,15,0,15,15,15,0,0,15,0,0
4573,10898,finished,,2025-07-06T15:30:00.000000Z,15,15,0,15,15,15,0,0,15,0,0
4574,10901,finished,,2025-07-07T15:00:00.000000Z,15,15,0,15,15,15,0,0,15,0,0
4575,10904,finished,,2025-07-08T15:30:00.000000Z,15,15,0,15,15,15,0,0,15,0,0
4576,10906,finished,,2025-07-10T16:00:00.000000Z,15,15,0,15,15,15,0,0,15,0,0
4577,10909,finished,,2025-07-11T15:30:00.000000Z,15,15,0,15,15,15,0,0,15,0,0
4578,10910,finished,,2025-07-12T15:00:00.000000Z,15,15,0,15,15,15,0,0,15,0,0
4579,10914,finished,,2025-07-13T15:00:00.000000Z,15,15,0,15,15,15,0,0,15,0,0
4580,10917,finished,,2025-07-14T15:15:00.000000Z,15,15,0,15,15,15,0,0,15,0,0
4581,10919,finished,,2025-07-15T14:30:00.000000Z,15,15,0,15,15,15,0,0,15,0,0
4582,10922,finished,,2025-07-16T15:30:00.000000Z,15,15,0,15,15,15,0,0,15,0,0
4583,10925,finished,,2025-07-17T16:00:00.000000Z,15,15,0,15,15,15,0,0,15,0,0
4584,10928,finished,,2025-07-18T16:00:00.000000Z,15,15,0,15,15,15,0,0,15,0,0
4585,10930,finished,,2025-07-19T14:00:00.000000Z,15,15,0,15,15,15,0,0,15,0,0
4586,10933,finished,,2025-07-20T15:00:00.000000Z,15,15,0,15,15,15,0,0,15,0,0
4587,10936,finished,,2025-07-21T15:00:00.000000Z,15,15,0,15,15,15,0,0,15,0,0
4588,10938,finished,,2025-07-22T15:00:00.000000Z,15,15,0,15,15,15,0,0,15,0,0
4589,10941,finished,,2025-07-23T15:30:00.000000Z,15,15,0,15,15,15,0,0,15,0,0
4590,10945,finished,,2025-07-24T16:00:00.000000Z,15,15,0,15,15,15,0,0,15,0,0
4591,10948,finished,,2025-07-25T15:30:00.000000Z,15,15,0,15,15,15,0,0,15,0,0
4592,10950,finished,,2025-07-26T14:00:00.000000Z,15,15,0,15,15,15,0,0,15,0,0
4593,10954,finished,,2025-07-27T14:00:00.000000Z,15,15,0,15,15,15,0,0,15,0,0
4594,10956,finished,,2025-07-28T17:00:00.000000Z,15,15,0,15,15,15,0,0,15,0,0
4595,10960,finished,,2025-07-29T15:30:00.000000Z,15,15,0,15,15,15,0,0,15,0,0
4596,10962,finished,,2025-07-30T14:30:00.000000Z,15,15,0,15,15,15,0,0,15,0,0
4597,10964,finished,,2025-07-31T16:00:00.000000Z,15,15,0,15,15,15,0,0,15,0,0
4598,10967,finished,,2025-08-01T16:00:00.000000Z,15,15,0,15,15,15,0,0,15,0,0
4599,10971,finished,,2025-08-02T15:00:00.000000Z,15,15,0,15,15,15,0,0,15,0,0
4600,10975,finished,,2025-08-03T14:00:00.000000Z,15,15,0,15,15,15,0,0,15,0,0
4601,10977,finished,,2025-08-04T16:00:00.000000Z,15,15,0,15,15,15,0,0,15,0,0
4602,10980,finished,,2025-08-05T14:00:00.000000Z,15,15,0,15,15,15,0,0,15,0,0
4603,10983,finished,,2025-08-06T14:00:00.000000Z,15,15,0,15,15,15,0,0,15,0,0
4604,10986,finished,,2025-08-07T16:00:00.000000Z,15,15,0,15,15,15,0,0,14,0,1
4605,10988,finished,,2025-08-08T15:00:00.000000Z,15,15,0,15,15,15,0,0,15,0,0
4606,10991,finished,,2025-08-09T14:30:00.000000Z,15,15,0,15,15,15,0,0,15,0,0
4607,10996,finished,,2025-08-10T14:00:00.000000Z,15,15,0,15,15,15,0,0,15,0,0
4608,10998,finished,,2025-08-11T16:00:00.000000Z,15,15,0,15,15,15,0,0,15,0,0
4609,11000,finished,,2025-08-12T17:00:00.000000Z,15,15,0,15,15,15,0,0,15,0,0
4610,11003,finished,,2025-08-13T15:30:00.000000Z,15,15,0,15,15,15,0,0,13,0,2
4611,11007,finished,,2025-08-14T15:00:00.000000Z,15,15,0,15,15,15,0,0,15,0,0
4612,11009,finished,,2025-08-15T16:00:00.000000Z,15,15,0,15,15,15,0,0,15,0,0
4613,11012,finished,,2025-08-16T14:00:00.000000Z,15,15,0,15,15,15,0,0,15,0,0
4614,11016,finished,,2025-08-17T14:30:00.000000Z,15,15,0,15,15,15,0,0,15,0,0
4615,11020,finished,,2025-08-18T16:00:00.000000Z,15,15,0,15,15,15,0,0,15,0,0
4616,11021,finished,,2025-08-19T15:00:00.000000Z,15,15,0,15,15,15,0,0,15,0,0
4617,11024,finished,,2025-08-20T16:00:00.000000Z,15,15,0,15,15,15,0,0,15,0,0
4618,11028,finished,,2025-08-21T17:00:00.000000Z,15,15,0,15,15,15,0,0,15,0,0
4619,11031,finished,,2025-08-22T15:00:00.000000Z,15,15,0,15,15,15,0,0,15,0,0
4620,11033,finished,,2025-08-23T13:30:00.000000Z,15,15,0,15,15,15,0,0,15,0,0
4621,11036,finished,,2025-08-24T15:00:00.000000Z,15,15,0,15,15,15,0,0,15,0,0
4622,11041,finished,,2025-08-25T15:45:00.000000Z,15,15,0,15,15,15,0,0,15,0,0
4623,11042,finished,,2025-08-26T15:00:00.000000Z,15,15,0,15,15,15,0,0,15,0,0
4624,11047,finished,,2025-08-27T16:30:00.000000Z,15,15,0,15,15,15,0,0,14,0,1
4625,11050,finished,,2025-08-28T15:00:00.000000Z,15,15,0,15,15,15,0,0,15,0,0
4626,11051,finished,,2025-08-29T15:00:00.000000Z,15,15,0,15,15,15,0,0,15,0,0
4627,11054,finished,,2025-08-30T15:30:00.000000Z,15,15,0,15,15,15,0,0,15,0,0
4628,11059,finished,,2025-08-31T14:30:00.000000Z,15,15,0,15,15,15,0,0,15,0,0
4629,11062,finished,,2025-09-01T15:00:00.000000Z,15,15,0,15,15,15,0,0,15,0,0
4630,11063,finished,,2025-09-02T18:00:00.000000Z,15,15,0,15,15,15,0,0,15,0,0
4631,11067,finished,,2025-09-03T14:30:00.000000Z,15,15,0,15,15,15,0,0,15,0,0
4632,11068,finished,,2025-09-04T13:30:00.000000Z,15,15,0,15,15,15,0,0,15,0,0
4633,11071,finished,,2025-09-05T16:00:00.000000Z,15,15,0,15,15,15,0,0,15,0,0
4634,11074,finished,,2025-09-06T15:00:00.000000Z,15,15,0,15,15,15,0,0,14,0,1
4635,11078,finished,,2025-09-07T16:00:00.000000Z,15,15,0,15,15,15,0,0,15,0,0
4636,11081,finished,,2025-09-08T14:00:00.000000Z,15,15,0,15,15,15,0,0,15,0,0
4637,11084,finished,,2025-09-09T16:00:00.000000Z,15,15,0,15,15,15,0,0,15,0,0
4638,11086,finished,,2025-09-10T15:00:00.000000Z,15,15,0,15,15,15,0,0,15,0,0
4639,11088,finished,,2025-09-11T14:00:00.000000Z,15,15,0,15,15,15,0,0,15,0,0
4640,11091,finished,,2025-09-12T15:00:00.000000Z,15,15,0,15,15,15,0,0,15,0,0
4641,11093,finished,,2025-09-13T15:00:00.000000Z,15,15,0,15,15,15,0,0,15,0,0
4642,11097,finished,,2025-09-14T13:30:00.000000Z,15,15,0,15,15,15,0,0,15,0,0
4643,11100,finished,,2025-09-15T15:30:00.000000Z,15,15,0,15,15,15,0,0,15,0,0
4644,11102,finished,,2025-09-16T16:45:00.000000Z,15,15,0,15,15,15,0,0,15,0,0
4645,11105,finished,,2025-09-17T16:00:00.000000Z,15,15,0,15,15,15,0,0,15,0,0
4646,11108,finished,,2025-09-18T14:00:00.000000Z,15,15,0,15,15,15,0,0,15,0,0
4647,11110,finished,,2025-09-19T15:00:00.000000Z,15,15,0,15,15,15,0,0,15,0,0
4648,11112,finished,,2025-09-20T13:30:00.000000Z,15,15,0,15,15,15,0,0,15,0,0
4649,11116,finished,,2025-09-21T13:00:00.000000Z,15,15,0,15,15,15,0,0,15,0,0
4650,11119,finished,,2025-09-22T15:00:00.000000Z,15,15,0,15,15,15,0,0,15,0,0
4651,11121,finished,,2025-09-23T16:00:00.000000Z,15,15,0,15,15,15,0,0,15,0,0
4652,11124,finished,,2025-09-24T15:30:00.000000Z,15,15,0,15,15,15,0,0,15,0,0
4653,11127,finished,,2025-09-25T13:00:00.000000Z,15,15,0,15,15,15,0,0,15,0,0
4654,11130,finished,,2025-09-26T15:00:00.000000Z,15,15,0,15,15,15,0,0,15,0,0
4655,11133,finished,,2025-09-27T13:30:00.000000Z,15,15,0,15,15,15,0,0,15,0,0
4656,11137,finished,,2025-09-28T13:00:00.000000Z,15,15,0,15,15,15,0,0,15,0,0
4657,11140,finished,,2025-09-29T16:00:00.000000Z,15,15,0,15,15,15,0,0,15,0,0
4658,11143,finished,,2025-09-30T18:30:00.000000Z,15,15,0,15,15,15,0,0,15,0,0
4659,11147,finished,,2025-10-01T15:00:00.000000Z,15,15,0,15,15,15,0,0,15,0,0
4660,11148,finished,,2025-10-02T16:30:00.000000Z,15,15,0,15,15,15,0,0,15,0,0
4661,11151,finished,,2025-10-03T16:30:00.000000Z,15,15,0,15,15,15,0,0,15,0,0
4662,11155,finished,,2025-10-04T13:30:00.000000Z,15,15,0,15,15,15,0,0,15,0,0
4663,11158,finished,,2025-10-05T13:00:00.000000Z,15,15,0,15,15,15,0,0,15,0,0
4664,11161,finished,,2025-10-06T15:30:00.000000Z,15,15,0,15,15,15,0,0,14,0,1
4665,11164,finished,,2025-10-07T18:00:00.000000Z,15,15,0,15,15,15,0,0,14,0,1
4666,11166,finished,,2025-10-08T14:00:00.000000Z,15,15,0,15,15,15,0,0,15,0,0
4667,11169,finished,,2025-10-09T16:00:00.000000Z,15,15,0,15,15,15,0,0,14,0,1
4668,11172,finished,,2025-10-10T16:00:00.000000Z,15,15,0,15,15,15,0,0,15,0,0
4669,11174,finished,,2025-10-11T14:00:00.000000Z,15,15,0,15,15,15,0,0,14,0,1
4670,11178,finished,,2025-10-12T14:00:00.000000Z,15,15,0,15,15,15,0,0,14,0,1
4671,11182,finished,,2025-10-13T16:00:00.000000Z,15,15,0,15,15,15,0,0,15,0,0
4672,11183,finished,,2025-10-14T16:00:00.000000Z,15,15,0,15,15,15,0,0,15,0,0
4673,11186,finished,,2025-10-15T14:00:00.000000Z,15,15,0,15,15,15,0,0,15,0,0
4674,11189,finished,,2025-10-16T14:30:00.000000Z,15,15,0,15,15,15,0,0,15,0,0
4675,11192,finished,,2025-10-17T15:30:00.000000Z,15,15,0,15,15,15,0,0,15,0,0
4676,11194,finished,,2025-10-18T13:00:00.000000Z,15,15,0,15,15,15,0,0,15,0,0
4677,11198,finished,,2025-10-19T13:00:00.000000Z,15,15,0,15,15,15,0,0,15,0,0
4678,11201,finished,,2025-10-20T15:30:00.000000Z,15,15,0,15,15,15,0,0,15,0,0
4679,11203,finished,,2025-10-21T16:45:00.000000Z,15,15,0,15,15,15,0,0,15,0,0
4680,11206,finished,,2025-10-22T15:00:00.000000Z,15,15,0,15,15,15,0,0,15,0,0
4681,11210,finished,,2025-10-23T16:45:00.000000Z,15,15,0,15,15,15,0,0,15,0,0
4682,11213,finished,,2025-10-24T16:00:00.000000Z,15,15,0,15,15,15,0,0,14,0,1
4683,11216,finished,,2025-10-25T13:00:00.000000Z,15,15,0,15,15,15,0,0,15,0,0
4684,11218,finished,,2025-10-26T13:30:00.000000Z,15,15,0,15,15,15,0,0,15,0,0
4685,11222,finished,,2025-10-27T15:30:00.000000Z,15,15,0,15,15,15,0,0,15,0,0
4686,11225,finished,,2025-10-28T17:30:00.000000Z,15,15,0,15,15,15,0,0,15,0,0
4687,11226,finished,,2025-10-29T17:00:00.000000Z,15,15,0,15,15,15,0,0,15,0,0
4688,11229,finished,,2025-10-30T14:00:00.000000Z,15,15,0,15,15,15,0,0,15,0,0
4689,11232,finished,,2025-10-31T17:00:00.000000Z,15,15,0,15,15,15,0,0,15,0,0
4690,11234,finished,,2025-11-01T14:30:00.000000Z,15,15,0,15,15,15,0,0,15,0,0
4691,11239,finished,,2025-11-02T14:00:00.000000Z,15,15,0,15,15,15,0,0,15,0,0
4692,11242,finished,,2025-11-03T15:30:00.000000Z,15,15,0,15,15,15,0,0,15,0,0
4693,11243,finished,,2025-11-04T16:00:00.000000Z,15,15,0,15,15,15,0,0,15,0,0
4694,11247,finished,,2025-11-05T19:00:00.000000Z,15,15,0,15,15,15,0,0,15,0,0
4695,11250,finished,,2025-11-06T16:30:00.000000Z,15,15,0,15,15,15,0,0,15,0,0
4696,11253,finished,,2025-11-07T17:00:00.000000Z,15,15,0,15,15,15,0,0,15,0,0
4697,11256,finished,,2025-11-08T13:30:00.000000Z,15,15,0,15,15,15,0,0,15,0,0
4698,11260,finished,,2025-11-09T14:00:00.000000Z,15,15,0,15,15,15,0,0,15,0,0
4699,11261,finished,,2025-11-10T13:00:00.000000Z,15,15,0,15,15,15,0,0,15,0,0
4700,11265,finished,,2025-11-11T19:00:00.000000Z,15,15,0,15,15,15,0,0,14,0,1
4701,11266,finished,,2025-11-12T14:00:00.000000Z,15,15,0,15,15,15,0,0,14,0,1
4702,11269,finished,,2025-11-13T16:00:00.000000Z,15,15,0,15,15,15,0,0,15,0,0
4703,11272,finished,,2025-11-14T15:00:00.000000Z,15,15,0,15,15,15,0,0,15,0,0
4704,11275,finished,,2025-11-15T15:00:00.000000Z,15,15,0,15,15,15,0,0,15,0,0
4705,11277,finished,,2025-11-16T14:00:00.000000Z,15,15,0,15,15,15,0,0,15,0,0
4706,11280,finished,,2025-11-17T14:30:00.000000Z,15,15,0,15,15,15,0,0,15,0,0
4707,11283,finished,,2025-11-18T16:00:00.000000Z,15,15,0,15,15,15,0,0,15,0,0
4708,11285,finished,,2025-11-19T15:00:00.000000Z,15,15,0,15,15,15,0,0,15,0,0
4709,11289,finished,,2025-11-20T16:30:00.000000Z,15,15,0,15,15,15,0,0,15,0,0
4710,11291,finished,,2025-11-21T15:30:00.000000Z,15,15,0,15,15,15,0,0,15,0,0
4711,11294,finished,,2025-11-22T13:00:00.000000Z,15,15,0,15,15,15,0,0,15,0,0
4712,11297,finished,,2025-11-23T13:00:00.000000Z,15,15,0,15,15,15,0,0,15,0,0
4713,11300,finished,,2025-11-24T13:45:00.000000Z,15,15,0,15,15,15,0,0,15,0,0
4714,11302,finished,,2025-11-25T19:45:00.000000Z,15,15,0,15,15,15,0,0,14,0,1
4715,11306,finished,,2025-11-26T15:00:00.000000Z,15,15,0,15,15,15,0,0,14,0,1
4716,11308,finished,,2025-11-27T13:00:00.000000Z,15,15,0,15,15,15,0,0,15,0,0
4717,11311,finished,,2025-11-28T16:00:00.000000Z,15,15,0,15,15,15,0,0,15,0,0
4718,11314,finished,,2025-11-29T14:00:00.000000Z,15,15,0,15,15,15,0,0,15,0,0
4719,11318,finished,,2025-11-30T13:00:00.000000Z,15,15,0,15,15,15,0,0,15,0,0
4720,11321,finished,,2025-12-01T15:30:00.000000Z,15,15,0,15,15,15,0,0,15,0,0
4721,11323,finished,,2025-12-02T15:00:00.000000Z,15,15,0,15,15,15,0,0,15,0,0
4722,11326,finished,,2025-12-03T16:30:00.000000Z,15,15,0,15,15,15,0,0,14,0,1
4723,11329,finished,,2025-12-04T16:00:00.000000Z,15,15,0,15,15,15,0,0,15,0,0
4724,11332,finished,,2025-12-05T17:30:00.000000Z,15,15,0,15,15,15,0,0,14,0,1
4725,11335,finished,,2025-12-06T13:45:00.000000Z,15,15,0,15,15,15,0,0,15,0,0
4726,11338,finished,,2025-12-07T14:30:00.000000Z,15,15,0,15,15,15,0,0,15,0,0
4727,11342,finished,,2025-12-08T14:00:00.000000Z,15,15,0,15,15,15,0,0,15,0,0
4728,11343,finished,,2025-12-09T19:45:00.000000Z,15,15,0,15,15,15,0,0,14,0,1
4729,11348,finished,,2025-12-10T17:00:00.000000Z,15,15,0,15,15,15,0,0,15,0,0
4730,11350,finished,,2025-12-11T17:45:00.000000Z,15,15,0,15,15,15,0,0,15,0,0
4731,11353,finished,,2025-12-12T17:00:00.000000Z,15,15,0,15,15,15,0,0,15,0,0
4732,11356,finished,,2025-12-13T14:00:00.000000Z,15,15,0,15,15,15,0,0,14,0,1
4733,11359,finished,,2025-12-14T14:00:00.000000Z,15,15,0,15,15,15,0,0,15,0,0
4734,11363,finished,,2025-12-15T15:30:00.000000Z,15,15,0,15,15,15,0,0,15,0,0
4735,11364,finished,,2025-12-16T16:00:00.000000Z,15,15,0,15,15,15,0,0,15,0,0
4736,11367,finished,,2025-12-17T15:00:00.000000Z,15,15,0,15,15,15,0,0,15,0,0
4737,11370,finished,,2025-12-18T15:00:00.000000Z,15,15,0,15,15,15,0,0,15,0,0
4738,11372,finished,,2025-12-19T17:00:00.000000Z,15,15,0,15,15,15,0,0,15,0,0
4739,11374,finished,,2025-12-20T14:30:00.000000Z,15,15,0,15,15,15,0,0,15,0,0
4740,11378,finished,,2025-12-21T14:00:00.000000Z,15,15,0,15,15,15,0,0,15,0,0
4741,11380,finished,,2025-12-22T14:00:00.000000Z,15,15,0,15,15,15,0,0,15,0,0
4742,11382,finished,,2025-12-23T13:30:00.000000Z,15,15,0,15,15,15,0,0,15,0,0
4743,11386,finished,,2025-12-24T12:20:00.000000Z,15,15,0,15,15,15,0,0,15,0,0
4744,11388,finished,,2025-12-25T12:00:00.000000Z,15,15,0,15,15,15,0,0,14,0,1
4745,11392,finished,,2025-12-26T15:00:00.000000Z,15,15,0,15,15,15,0,0,15,0,0
4746,11394,finished,,2025-12-27T14:00:00.000000Z,15,15,0,15,15,15,0,0,15,0,0
4747,11398,finished,,2025-12-28T14:00:00.000000Z,15,15,0,15,15,15,0,0,15,0,0
4748,11400,finished,,2025-12-29T16:00:00.000000Z,15,15,0,15,15,15,0,0,15,0,0
4749,11402,finished,,2025-12-30T17:00:00.000000Z,15,15,0,15,15,15,0,0,15,0,0
4750,11406,finished,,2025-12-31T13:00:00.000000Z,15,15,0,15,15,15,0,0,15,0,0
4751,11408,finished,,2026-01-01T15:00:00.000000Z,15,15,0,15,15,15,0,0,15,0,0
4752,11410,finished,,2026-01-02T12:55:00.000000Z,15,15,0,15,15,15,0,0,15,0,0
4753,11412,finished,,2026-01-03T15:00:00.000000Z,15,15,0,15,15,15,0,0,12,0,3
4754,11416,finished,,2026-01-04T15:00:00.000000Z,15,15,0,15,15,15,0,0,12,0,3
4755,11418,finished,,2026-01-05T14:00:00.000000Z,15,15,0,15,15,15,0,0,15,0,0
4756,11421,finished,,2026-01-06T14:00:00.000000Z,15,15,0,15,15,15,0,0,13,0,2
4757,11423,finished,,2026-01-07T14:30:00.000000Z,15,15,0,15,15,15,0,0,15,0,0
4758,11426,finished,,2026-01-08T14:00:00.000000Z,15,15,0,15,15,15,0,0,15,0,0
4759,11428,finished,,2026-01-09T15:00:00.000000Z,15,15,0,15,15,15,0,0,12,0,3
4760,11430,finished,,2026-01-10T14:30:00.000000Z,15,15,0,15,15,15,0,0,14,0,1
4761,11434,finished,,2026-01-11T15:00:00.000000Z,15,15,0,15,15,15,0,0,15,0,0
4762,11437,finished,,2026-01-12T15:00:00.000000Z,15,15,0,15,15,15,0,0,15,0,0
4763,11439,finished,,2026-01-13T15:00:00.000000Z,15,15,0,15,15,15,0,0,14,0,1
4764,11441,finished,,2026-01-14T16:00:00.000000Z,15,15,0,15,15,15,0,0,15,0,0
4765,11444,finished,,2026-01-15T15:00:00.000000Z,15,15,0,15,15,15,0,0,15,0,0
4766,11446,finished,,2026-01-16T15:00:00.000000Z,15,15,0,15,15,15,0,0,15,0,0
4767,11449,finished,,2026-01-17T15:00:00.000000Z,15,15,0,15,15,15,0,0,15,0,0
4768,11452,finished,,2026-01-18T14:00:00.000000Z,15,15,0,15,15,15,0,0,15,0,0
4769,11456,finished,,2026-01-19T14:00:00.000000Z,15,15,0,15,15,15,0,0,15,0,0
4770,11457,finished,,2026-01-20T15:00:00.000000Z,15,15,0,15,15,15,0,0,15,0,0
4771,11460,finished,,2026-01-21T15:30:00.000000Z,15,15,0,15,15,15,0,0,15,0,0
4772,11463,finished,,2026-01-22T17:30:00.000000Z,15,15,0,15,15,15,0,0,15,0,0
4773,11467,finished,,2026-01-23T15:00:00.000000Z,15,15,0,15,15,15,0,0,15,0,0
4774,11468,finished,,2026-01-24T14:30:00.000000Z,15,15,0,15,15,15,0,0,15,0,0
4775,11473,finished,,2026-01-25T14:00:00.000000Z,15,15,0,15,15,15,0,0,15,0,0
4776,11475,finished,,2026-01-26T15:00:00.000000Z,15,15,0,15,15,15,0,0,14,0,1
4777,11477,finished,,2026-01-27T19:30:00.000000Z,15,15,0,15,15,15,0,0,12,0,3
4778,11481,finished,,2026-01-28T20:00:00.000000Z,15,15,0,15,15,15,0,0,15,0,0
4779,11485,finished,,2026-01-29T20:00:00.000000Z,15,15,0,15,15,15,0,0,15,0,0
4780,11488,finished,,2026-01-30T17:00:00.000000Z,15,15,0,15,15,15,0,0,15,0,0
4781,11489,finished,,2026-01-31T14:00:00.000000Z,15,15,0,15,15,15,0,0,15,0,0
4782,11494,finished,,2026-02-01T14:00:00.000000Z,15,15,0,15,15,15,0,0,15,0,0
4783,11496,finished,,2026-02-02T16:30:00.000000Z,15,15,0,15,15,15,0,0,14,0,1
4784,11499,finished,,2026-02-03T15:40:00.000000Z,15,15,0,15,15,15,0,0,14,0,1
4785,11501,finished,,2026-02-04T15:00:00.000000Z,15,15,0,15,15,15,0,0,15,0,0
4786,11505,finished,,2026-02-05T15:00:00.000000Z,15,15,0,15,15,15,0,0,15,0,0
4787,11508,finished,,2026-02-06T17:30:00.000000Z,15,15,0,15,15,15,0,0,15,0,0
4788,11511,finished,,2026-02-07T14:30:00.000000Z,15,15,0,15,15,15,0,0,15,0,0
4789,11514,finished,,2026-02-08T13:00:00.000000Z,15,15,0,15,15,15,0,0,15,0,0
4790,11516,finished,,2026-02-09T13:45:00.000000Z,15,15,0,15,15,15,0,0,14,0,1
4791,11519,finished,,2026-02-10T18:00:00.000000Z,15,15,0,15,15,15,0,0,14,0,1
4792,11523,finished,,2026-02-11T17:45:00.000000Z,15,15,0,15,15,15,0,0,14,0,1
4793,11526,finished,,2026-02-12T16:00:00.000000Z,15,15,0,15,15,15,0,0,15,0,0
4794,11528,finished,,2026-02-13T17:00:00.000000Z,15,15,0,15,15,15,0,0,14,0,1
4795,11531,finished,,2026-02-14T14:30:00.000000Z,15,15,0,15,15,15,0,0,15,0,0
4796,11535,finished,,2026-02-15T14:00:00.000000Z,15,15,0,15,15,15,0,0,15,0,0
4797,11538,finished,,2026-02-16T15:00:00.000000Z,15,15,0,15,15,15,0,0,15,0,0
4798,11540,finished,,2026-02-17T17:45:00.000000Z,15,15,0,15,15,15,0,0,15,0,0
4799,11544,finished,,2026-02-18T16:30:00.000000Z,15,15,0,15,15,15,0,0,14,0,1
4800,11547,finished,,2026-02-19T17:45:00.000000Z,15,15,0,15,15,15,0,0,13,0,2
4801,11549,finished,,2026-02-20T17:00:00.000000Z,15,15,0,15,15,15,0,0,15,0,0
4802,11553,finished,,2026-02-21T14:00:00.000000Z,15,15,0,15,15,15,0,0,15,0,0
4803,11557,finished,,2026-02-22T14:00:00.000000Z,15,15,0,15,15,15,0,0,15,0,0
4804,11559,finished,,2026-02-23T15:00:00.000000Z,15,15,0,15,15,15,0,0,15,0,0
4805,11563,finished,,2026-02-24T19:00:00.000000Z,15,15,0,15,15,15,0,0,15,0,0
4806,11566,finished,,2026-02-25T17:45:00.000000Z,15,15,0,15,15,15,0,0,15,0,0
4807,11567,finished,,2026-02-26T17:30:00.000000Z,15,15,0,15,15,15,0,0,15,0,0
4808,11572,finished,,2026-02-27T17:30:00.000000Z,15,15,0,15,15,15,0,0,15,0,0
4809,11573,finished,,2026-02-28T14:30:00.000000Z,15,15,0,15,15,15,0,0,15,0,0
4810,11578,finished,,2026-03-01T14:00:00.000000Z,15,15,0,15,15,15,0,0,15,0,0
4811,11581,finished,,2026-03-02T16:00:00.000000Z,15,15,0,15,15,15,0,0,15,0,0
4812,11583,finished,,2026-03-03T17:00:00.000000Z,15,15,0,15,15,15,0,0,15,0,0
4813,11585,finished,,2026-03-04T15:30:00.000000Z,15,15,0,15,15,15,0,0,14,0,1
4814,11588,finished,,2026-03-05T16:30:00.000000Z,15,15,0,15,15,15,0,0,15,0,0
4815,11591,finished,,2026-03-06T17:00:00.000000Z,15,15,0,15,15,15,0,0,15,0,0
4816,11594,finished,,2026-03-07T13:45:00.000000Z,15,15,0,15,15,15,0,0,15,0,0
4817,11598,finished,,2026-03-08T14:00:00.000000Z,15,15,0,15,15,15,0,0,14,0,1
4818,11601,finished,,2026-03-09T14:00:00.000000Z,15,15,0,15,15,15,0,0,15,0,0
4819,11604,finished,,2026-03-10T17:00:00.000000Z,15,15,0,15,15,15,0,0,15,0,0
4820,11607,finished,,2026-03-11T17:45:00.000000Z,15,15,0,15,15,15,0,0,15,0,0
4821,11610,finished,,2026-03-12T17:45:00.000000Z,15,15,0,15,15,15,0,0,15,0,0
4822,11613,finished,,2026-03-13T16:30:00.000000Z,15,15,0,15,15,15,0,0,15,0,0
4823,11616,finished,,2026-03-14T15:00:00.000000Z,15,15,0,15,15,15,0,0,15,0,0
4824,11618,finished,,2026-03-15T14:00:00.000000Z,15,15,0,15,15,15,0,0,15,0,0
4825,11622,finished,,2026-03-16T16:30:00.000000Z,15,15,0,15,15,15,0,0,15,0,0
4826,11625,finished,,2026-03-17T16:30:00.000000Z,15,15,0,15,15,15,0,0,14,0,1
4827,11627,finished,,2026-03-18T17:00:00.000000Z,15,15,0,15,15,15,0,0,15,0,0
4828,11632,finished,,2026-03-19T15:30:00.000000Z,15,15,0,15,15,15,0,0,15,0,0
4829,11634,finished,,2026-03-20T16:30:00.000000Z,15,15,0,15,15,15,0,0,15,0,0
4830,11636,finished,,2026-03-21T14:30:00.000000Z,15,15,0,15,15,15,0,0,15,0,0
4831,11637,finished,,2026-03-22T13:00:00.000000Z,15,15,0,15,15,15,0,0,15,0,0
4832,11640,finished,,2026-03-23T14:30:00.000000Z,15,15,0,15,15,15,0,0,15,0,0
4833,11643,finished,,2026-03-24T19:45:00.000000Z,15,15,0,15,15,15,0,0,15,0,0
4834,11647,finished,,2026-03-25T16:45:00.000000Z,15,15,0,15,15,15,0,0,15,0,0
4835,11650,finished,,2026-03-26T15:00:00.000000Z,15,15,0,15,15,15,0,0,15,0,0
4836,11653,finished,,2026-03-27T16:30:00.000000Z,15,15,0,15,15,15,0,0,15,0,0
4837,11656,finished,,2026-03-28T14:30:00.000000Z,15,15,0,15,15,15,0,0,15,0,0
4838,11659,finished,,2026-03-29T16:00:00.000000Z,15,15,0,15,15,15,0,0,13,0,2
4839,11663,finished,,2026-03-30T14:00:00.000000Z,15,15,0,15,15,15,0,0,15,0,0
4840,11664,finished,,2026-03-31T14:30:00.000000Z,15,15,0,15,15,15,0,0,15,0,0
4841,11668,finished,,2026-04-01T16:30:00.000000Z,15,15,0,15,15,15,0,0,15,0,0
4842,11671,finished,,2026-04-02T14:00:00.000000Z,15,15,0,15,15,15,0,0,15,0,0
4843,11674,finished,,2026-04-03T14:00:00.000000Z,15,15,0,15,15,15,0,0,15,0,0
4844,11676,finished,,2026-04-04T13:00:00.000000Z,15,15,0,15,15,15,0,0,15,0,0
4845,11679,finished,,2026-04-05T13:00:00.000000Z,15,15,0,15,15,15,0,0,15,0,0
4846,11683,finished,,2026-04-06T14:00:00.000000Z,15,15,0,15,15,15,0,0,15,0,0
4847,11685,finished,,2026-04-07T17:00:00.000000Z,15,15,0,15,15,15,0,0,15,0,0
4848,11689,finished,,2026-04-08T15:15:00.000000Z,15,15,0,15,15,15,0,0,15,0,0
4849,11692,finished,,2026-04-09T15:00:00.000000Z,15,15,0,15,15,15,0,0,15,0,0
4850,11695,finished,,2026-04-10T16:00:00.000000Z,15,15,0,15,15,15,0,0,13,0,2
4851,11698,finished,,2026-04-11T15:00:00.000000Z,15,15,0,15,15,15,0,0,15,0,0
4852,11702,finished,,2026-04-12T13:00:00.000000Z,15,15,0,15,15,15,0,0,15,0,0
4853,11703,finished,,2026-04-13T16:45:00.000000Z,15,15,0,15,15,15,0,0,15,0,0
4854,11708,finished,,2026-04-14T15:00:00.000000Z,15,15,0,15,15,15,0,0,15,0,0
4855,11709,finished,,2026-04-15T15:00:00.000000Z,15,15,0,15,15,15,0,0,15,0,0
4856,11713,finished,,2026-04-16T14:30:00.000000Z,15,15,0,15,15,15,0,0,15,0,0
4857,11715,finished,,2026-04-17T16:00:00.000000Z,15,15,0,15,15,15,0,0,15,0,0
4858,11718,finished,,2026-04-18T13:30:00.000000Z,15,15,0,15,15,15,0,0,15,0,0
4859,11719,finished,,2026-04-19T13:00:00.000000Z,15,15,0,15,15,15,0,0,15,0,0
4860,11723,finished,,2026-04-20T17:00:00.000000Z,15,15,0,15,15,15,0,0,15,0,0
4861,11726,finished,,2026-04-21T14:30:00.000000Z,15,15,0,15,15,15,0,0,15,0,0
4862,11728,finished,,2026-04-22T14:00:00.000000Z,15,15,0,15,15,15,0,0,15,0,0
4863,11732,finished,,2026-04-23T14:30:00.000000Z,15,15,0,15,15,15,0,0,15,0,0
4864,11734,finished,,2026-04-24T15:00:00.000000Z,15,15,0,15,15,15,0,0,15,0,0
4865,11737,finished,,2026-04-25T13:30:00.000000Z,15,15,0,15,15,15,0,0,15,0,0
4866,11741,finished,,2026-04-26T14:00:00.000000Z,15,15,0,15,15,15,0,0,15,0,0
4867,11745,finished,,2026-04-27T14:00:00.000000Z,15,15,0,15,15,15,0,0,15,0,0
4868,11746,finished,,2026-04-28T16:00:00.000000Z,15,15,0,15,15,15,0,0,15,0,0
4869,11749,finished,,2026-04-29T15:00:00.000000Z,15,15,0,15,15,15,0,0,15,0,0
4870,11753,finished,,2026-04-30T15:00:00.000000Z,15,15,0,15,15,15,0,0,15,0,0
4871,11756,finished,,2026-05-01T14:00:00.000000Z,15,15,0,15,15,15,0,0,15,0,0
4872,11759,finished,,2026-05-02T13:30:00.000000Z,15,15,0,15,15,15,0,0,15,0,0
4873,11763,finished,,2026-05-03T14:30:00.000000Z,15,15,0,15,15,15,0,0,15,0,0
4874,11766,finished,,2026-05-04T15:00:00.000000Z,15,15,0,15,15,15,0,0,15,0,0
4875,11769,finished,,2026-05-05T14:00:00.000000Z,15,15,0,15,15,15,0,0,14,0,1
4876,11770,finished,,2026-05-06T16:30:00.000000Z,15,15,0,15,15,15,0,0,15,0,0
4877,11775,finished,,2026-05-07T14:00:00.000000Z,15,15,0,15,15,15,0,0,15,0,0
4878,11777,finished,,2026-05-08T15:00:00.000000Z,15,15,0,15,15,15,0,0,15,0,0
4879,11780,finished,,2026-05-09T14:00:00.000000Z,15,15,0,15,15,15,0,0,15,0,0
4880,11782,finished,,2026-05-10T14:00:00.000000Z,15,15,0,15,15,15,0,0,15,0,0
4881,11787,finished,,2026-05-11T16:00:00.000000Z,15,15,0,15,15,15,0,0,15,0,0
4882,11790,finished,,2026-05-12T14:00:00.000000Z,15,15,0,15,15,15,0,0,15,0,0
4883,11791,finished,,2026-05-13T16:00:00.000000Z,15,15,0,15,15,15,0,0,15,0,0
4884,11794,finished,,2026-05-14T15:00:00.000000Z,15,15,0,15,15,15,0,0,15,0,0
4885,11798,finished,,2026-05-15T14:30:00.000000Z,15,15,0,15,15,15,0,0,15,0,0
4886,11801,finished,,2026-05-16T14:15:00.000000Z,15,15,0,15,15,15,0,0,14,0,1
4887,11805,finished,,2026-05-17T16:30:00.000000Z,15,15,0,15,15,15,0,0,14,0,1
4888,11808,finished,,2026-05-18T14:00:00.000000Z,15,15,0,15,15,15,0,0,15,0,0
4889,11809,finished,,2026-05-19T16:00:00.000000Z,15,15,0,15,15,15,0,0,15,0,0
4890,11812,finished,,2026-05-20T14:30:00.000000Z,15,15,0,15,15,15,0,0,15,0,0
4891,11815,finished,,2026-05-21T14:00:00.000000Z,15,15,0,15,15,15,0,0,15,0,0
4892,11818,finished,,2026-05-22T14:00:00.000000Z,15,15,0,15,15,15,0,0,15,0,0
4893,11820,finished,,2026-05-23T14:30:00.000000Z,15,15,0,15,15,15,0,0,15,0,0
4894,11824,finished,,2026-05-24T14:00:00.000000Z,15,15,0,15,15,15,0,0,15,0,0
4895,11828,finished,,2026-05-25T14:00:00.000000Z,15,15,0,15,15,15,0,0,15,0,0
4896,11829,finished,,2026-05-26T14:00:00.000000Z,15,15,0,15,15,15,0,0,15,0,0
4897,11833,finished,,2026-05-28T13:00:00.000000Z,15,15,0,15,15,15,0,0,15,0,0
4898,11836,finished,,2026-05-29T14:00:00.000000Z,15,15,0,15,15,15,0,0,15,0,0
4899,11839,finished,,2026-05-30T14:00:00.000000Z,15,15,0,15,15,15,0,0,15,0,0
4900,11842,finished,,2026-05-31T14:00:00.000000Z,15,15,0,15,15,15,0,0,15,0,0
4901,11845,finished,,2026-06-01T15:00:00.000000Z,15,15,0,15,15,15,0,0,15,0,0
4902,11848,finished,,2026-06-02T14:00:00.000000Z,15,15,0,15,15,15,0,0,14,0,1
4903,11850,finished,,2026-06-03T15:00:00.000000Z,15,15,0,15,15,15,0,0,14,0,1
4904,11853,finished,,2026-06-04T13:00:00.000000Z,15,15,0,15,15,15,0,0,14,0,1
4905,11855,finished,,2026-06-05T17:00:00.000000Z,15,15,0,15,15,15,0,0,15,0,0
4906,11857,finished,,2026-06-06T14:00:00.000000Z,15,15,0,15,15,15,0,0,14,0,1
4907,11860,finished,,2026-06-07T16:30:00.000000Z,15,15,0,15,15,15,0,0,15,0,0
4908,11864,finished,,2026-06-08T14:00:00.000000Z,15,15,0,15,15,15,0,0,15,0,0
4909,11865,finished,,2026-06-09T14:00:00.000000Z,15,15,0,15,15,15,0,0,14,0,1
4910,11868,finished,,2026-06-10T13:00:00.000000Z,15,15,0,15,15,15,0,0,14,0,1
4911,11869,finished,,2026-06-11T15:00:00.000000Z,15,15,0,15,15,15,0,0,15,0,0
4912,11872,finished,,2026-06-12T15:00:00.000000Z,15,15,0,15,15,15,0,0,15,0,0
4913,11873,finished,,2026-06-13T16:00:00.000000Z,15,15,0,15,15,15,0,0,15,0,0
4914,11877,finished,,2026-06-14T14:00:00.000000Z,15,15,0,15,15,15,0,0,15,0,0
4915,11879,finished,,2026-06-15T14:00:00.000000Z,15,15,0,15,15,15,0,0,15,0,0
4916,11881,finished,,2026-06-16T13:00:00.000000Z,15,15,0,15,15,15,0,0,15,0,0
4917,11883,finished,,2026-06-17T15:00:00.000000Z,15,15,0,15,15,15,0,0,15,0,0
4918,11885,finished,,2026-06-18T14:00:00.000000Z,15,15,0,15,15,15,0,0,15,0,0
4919,11888,finished,,2026-06-19T15:00:00.000000Z,15,15,0,15,15,15,0,0,15,0,0
4920,11889,finished,,2026-06-20T14:00:00.000000Z,15,15,0,15,15,15,0,0,15,0,0
4921,11892,finished,,2026-06-21T14:00:00.000000Z,15,15,0,15,15,15,0,0,15,0,0
4922,11894,finished,,2026-06-22T14:30:00.000000Z,15,15,0,15,15,15,0,0,15,0,0
4923,11897,finished,,2026-06-23T15:00:00.000000Z,15,15,0,15,15,15,0,0,15,0,0
4924,11900,finished,,2026-06-24T16:00:00.000000Z,15,15,0,15,15,15,0,0,15,0,0
4925,11902,finished,,2026-06-25T17:00:00.000000Z,15,15,0,15,15,15,0,0,15,0,0
4926,11905,finished,,2026-06-26T15:00:00.000000Z,15,15,0,15,15,15,0,0,15,0,0
4927,11907,finished,,2026-06-27T14:00:00.000000Z,15,15,0,15,15,15,0,0,15,0,0
4928,11910,finished,,2026-06-28T14:00:00.000000Z,15,15,0,15,15,15,0,0,15,0,0
4929,11912,finished,,2026-06-29T15:00:00.000000Z,15,15,0,15,15,15,0,0,15,0,0
4930,11916,finished,,2026-06-30T14:30:00.000000Z,15,15,0,15,15,15,0,0,15,0,0
4931,11917,finished,,2026-07-01T15:00:00.000000Z,15,15,0,15,15,15,0,0,14,0,1
4932,11919,finished,,2026-07-02T13:00:00.000000Z,15,15,0,15,15,15,0,0,15,0,0
4933,11923,finished,,2026-07-03T14:00:00.000000Z,15,15,0,15,15,15,0,0,15,0,0
4934,11925,finished,,2026-07-04T16:00:00.000000Z,15,15,0,15,15,15,0,0,15,0,0
4935,11928,finished,,2026-07-05T15:00:00.000000Z,15,15,0,15,15,15,0,0,15,0,0
4936,11930,finished,,2026-07-06T15:45:00.000000Z,15,15,0,15,15,15,0,0,15,0,0
4937,11933,finished,,2026-07-07T15:30:00.000000Z,15,15,0,15,15,15,0,0,15,0,0
4938,11935,finished,,2026-07-08T15:00:00.000000Z,15,15,0,15,15,15,0,0,15,0,0
4939,11938,finished,,2026-07-09T14:00:00.000000Z,15,15,0,15,15,15,0,0,0,0,15
4940,11941,finished,,2026-07-10T15:30:00.000000Z,15,15,0,15,15,15,10,0,0,0,15
4941,11944,finished,,2026-07-11T14:00:00.000000Z,15,15,0,15,15,15,12,0,15,0,0
4942,11946,finished,,2026-07-12T16:00:00.000000Z,15,15,0,15,15,15,14,0,15,0,0
4943,11949,finished,,2026-07-13T14:00:00.000000Z,15,15,0,15,15,15,10,0,15,0,0
4944,11951,finished,,2026-07-14T14:00:00.000000Z,15,15,0,15,15,15,11,0,15,0,0
4945,11953,finished,,2026-07-15T15:00:00.000000Z,15,15,0,15,15,15,12,0,0,0,15
4946,11955,finished,,2026-07-16T15:00:00.000000Z,15,15,0,15,15,15,13,0,14,0,1
4947,11957,finished,,2026-07-17T15:30:00.000000Z,15,15,0,15,15,15,15,0,15,0,0
4948,11959,finished,,2026-07-18T14:00:00.000000Z,15,15,0,15,15,15,12,0,15,0,0
4949,11962,finished,,2026-07-19T13:00:00.000000Z,15,15,0,15,15,15,13,0,0,0,15
4950,11964,finished,,2026-07-20T14:30:00.000000Z,15,15,0,15,15,15,9,0,0,0,15
4951,11968,finished,,2026-07-21T16:00:00.000000Z,15,15,0,15,15,15,12,0,0,0,15
4952,11970,finished,,2026-07-22T16:00:00.000000Z,15,15,0,15,15,15,15,0,0,0,15
4953,11972,finished,,2026-07-23T15:30:00.000000Z,15,15,0,15,15,15,12,0,15,0,0
4954,11975,finished,,2026-07-24T15:30:00.000000Z,15,15,15,0,0,0,0,0,14,1,0
4955,11977,finished,,2026-07-25T15:30:00.000000Z,15,15,15,0,0,0,0,0,15,0,0
4956,11981,finished,,2026-07-26T14:30:00.000000Z,15,15,15,0,0,0,0,0,15,0,0
4957,11983,finished,,2026-07-27T15:00:00.000000Z,15,15,0,15,15,15,11,0,0,0,15
4958,11986,finished,,2026-07-28T14:00:00.000000Z,15,15,0,15,15,15,10,0,0,0,15
4959,11988,active,,2026-07-29T14:00:00.000000Z,15,15,0,15,15,15,10,0,0,0,15
