drawing_number,drawing_id,raw_snapshot_records,raw_unique_payloads,raw_sources,events_class,events_reason,names_class,names_reason,pool_class,pool_reason,bk_class,bk_reason,norm_class,norm_reason,results_class,results_reason,raw_final_result_conflict
2759,202,0,0,,OK,SQLite field is complete,OK,SQLite field is complete,OK,SQLite field is complete,OK,SQLite field is complete,C,no local RAW/API snapshot is available,C,no local RAW/API snapshot is available,False
2760,203,0,0,,OK,SQLite field is complete,OK,SQLite field is complete,OK,SQLite field is complete,OK,SQLite field is complete,C,no local RAW/API snapshot is available,C,no local RAW/API snapshot is available,False
2761,204,0,0,,OK,SQLite field is complete,OK,SQLite field is complete,OK,SQLite field is complete,OK,SQLite field is complete,C,no local RAW/API snapshot is available,C,no local RAW/API snapshot is available,False
2762,205,0,0,,OK,SQLite field is complete,OK,SQLite field is complete,OK,SQLite field is complete,OK,SQLite field is complete,C,no local RAW/API snapshot is available,C,no local RAW/API snapshot is available,False
2763,206,0,0,,OK,SQLite field is complete,OK,SQLite field is complete,OK,SQLite field is complete,OK,SQLite field is complete,C,no local RAW/API snapshot is available,C,no local RAW/API snapshot is available,False
2764,207,0,0,,OK,SQLite field is complete,OK,SQLite field is complete,OK,SQLite field is complete,OK,SQLite field is complete,C,no local RAW/API snapshot is available,OK,SQLite field is complete,False
2765,208,0,0,,OK,SQLite field is complete,OK,SQLite field is complete,OK,SQLite field is complete,OK,SQLite field is complete,C,no local RAW/API snapshot is available,OK,SQLite field is complete,False
2766,209,0,0,,OK,SQLite field is complete,OK,SQLite field is complete,OK,SQLite field is complete,OK,SQLite field is complete,C,no local RAW/API snapshot is available,OK,SQLite field is complete,False
2767,210,0,0,,OK,SQLite field is complete,OK,SQLite field is complete,OK,SQLite field is complete,OK,SQLite field is complete,C,no local RAW/API snapshot is available,OK,SQLite field is complete,False
2768,211,0,0,,OK,SQLite field is complete,OK,SQLite field is complete,OK,SQLite field is complete,OK,SQLite field is complete,C,no local RAW/API snapshot is available,OK,SQLite field is complete,False
2769,212,0,0,,OK,SQLite field is complete,OK,SQLite field is complete,OK,SQLite field is complete,OK,SQLite field is complete,C,no local RAW/API snapshot is available,C,no local RAW/API snapshot is available,False
2770,213,0,0,,OK,SQLite field is complete,OK,SQLite field is complete,OK,SQLite field is complete,OK,SQLite field is complete,C,no local RAW/API snapshot is available,OK,SQLite field is complete,False
2771,214,0,0,,OK,SQLite field is complete,OK,SQLite field is complete,OK,SQLite field is complete,OK,SQLite field is complete,C,no local RAW/API snapshot is available,OK,SQLite field is complete,False
2772,215,0,0,,OK,SQLite field is complete,OK,SQLite field is complete,OK,SQLite field is complete,OK,SQLite field is complete,C,no local RAW/API snapshot is available,OK,SQLite field is complete,False
2773,216,0,0,,OK,SQLite field is complete,OK,SQLite field is complete,OK,SQLite field is complete,OK,SQLite field is complete,C,no local RAW/API snapshot is available,C,no local RAW/API snapshot is available,False
2774,217,0,0,,OK,SQLite field is complete,OK,SQLite field is complete,OK,SQLite field is complete,OK,SQLite field is complete,C,no local RAW/API snapshot is available,OK,SQLite field is complete,False
2775,218,0,0,,OK,SQLite field is complete,OK,SQLite field is complete,OK,SQLite field is complete,OK,SQLite field is complete,C,no local RAW/API snapshot is available,OK,SQLite field is complete,False
2776,219,0,0,,OK,SQLite field is complete,OK,SQLite field is complete,OK,SQLite field is complete,OK,SQLite field is complete,C,no local RAW/API snapshot is available,OK,SQLite field is complete,False
2777,220,0,0,,OK,SQLite field is complete,OK,SQLite field is complete,OK,SQLite field is complete,OK,SQLite field is complete,C,no local RAW/API snapshot is available,C,no local RAW/API snapshot is available,False
2778,221,0,0,,OK,SQLite field is complete,OK,SQLite field is complete,OK,SQLite field is complete,OK,SQLite field is complete,C,no local RAW/API snapshot is available,OK,SQLite field is complete,False
2779,222,0,0,,OK,SQLite field is complete,OK,SQLite field is complete,OK,SQLite field is complete,OK,SQLite field is complete,C,no local RAW/API snapshot is available,OK,SQLite field is complete,False
2780,223,0,0,,OK,SQLite field is complete,OK,SQLite field is complete,OK,SQLite field is complete,OK,SQLite field is complete,C,no local RAW/API snapshot is available,OK,SQLite field is complete,False
2781,224,0,0,,OK,SQLite field is complete,OK,SQLite field is complete,OK,SQLite field is complete,OK,SQLite field is complete,C,no local RAW/API snapshot is available,OK,SQLite field is complete,False
2782,225,0,0,,OK,SQLite field is complete,OK,SQLite field is complete,OK,SQLite field is complete,OK,SQLite field is complete,C,no local RAW/API snapshot is available,OK,SQLite field is complete,False
2783,226,0,0,,OK,SQLite field is complete,OK,SQLite field is complete,OK,SQLite field is complete,OK,SQLite field is complete,C,no local RAW/API snapshot is available,OK,SQLite field is complete,False
2784,227,0,0,,OK,SQLite field is complete,OK,SQLite field is complete,OK,SQLite field is complete,OK,SQLite field is complete,C,no local RAW/API snapshot is available,OK,SQLite field is complete,False
2785,228,0,0,,OK,SQLite field is complete,OK,SQLite field is complete,OK,SQLite field is complete,OK,SQLite field is complete,C,no local RAW/API snapshot is available,OK,SQLite field is complete,False
2786,229,0,0,,OK,SQLite field is complete,OK,SQLite field is complete,OK,SQLite field is complete,OK,SQLite field is complete,C,no local RAW/API snapshot is available,OK,SQLite field is complete,False
2787,230,0,0,,OK,SQLite field is complete,OK,SQLite field is complete,OK,SQLite field is complete,OK,SQLite field is complete,C,no local RAW/API snapshot is available,OK,SQLite field is complete,False
2788,231,0,0,,OK,SQLite field is complete,OK,SQLite field is complete,OK,SQLite field is complete,OK,SQLite field is complete,C,no local RAW/API snapshot is available,OK,SQLite field is complete,False
2789,232,0,0,,OK,SQLite field is complete,OK,SQLite field is complete,OK,SQLite field is complete,OK,SQLite field is complete,C,no local RAW/API snapshot is available,OK,SQLite field is complete,False
2790,233,0,0,,OK,SQLite field is complete,OK,SQLite field is complete,OK,SQLite field is complete,OK,SQLite field is complete,C,no local RAW/API snapshot is available,C,no local RAW/API snapshot is available,False
2791,234,0,0,,OK,SQLite field is complete,OK,SQLite field is complete,OK,SQLite field is complete,OK,SQLite field is complete,C,no local RAW/API snapshot is available,OK,SQLite field is complete,False
2792,235,0,0,,OK,SQLite field is complete,OK,SQLite field is complete,OK,SQLite field is complete,OK,SQLite field is complete,C,no local RAW/API snapshot is available,OK,SQLite field is complete,False
2793,236,0,0,,OK,SQLite field is complete,OK,SQLite field is complete,OK,SQLite field is complete,OK,SQLite field is complete,C,no local RAW/API snapshot is available,OK,SQLite field is complete,False
2794,237,0,0,,OK,SQLite field is complete,OK,SQLite field is complete,OK,SQLite field is complete,OK,SQLite field is complete,C,no local RAW/API snapshot is available,OK,SQLite field is complete,False
2795,238,0,0,,OK,SQLite field is complete,OK,SQLite field is complete,OK,SQLite field is complete,OK,SQLite field is complete,C,no local RAW/API snapshot is available,OK,SQLite field is complete,False
2796,239,0,0,,OK,SQLite field is complete,OK,SQLite field is complete,OK,SQLite field is complete,OK,SQLite field is complete,C,no local RAW/API snapshot is available,OK,SQLite field is complete,False
2797,240,0,0,,OK,SQLite field is complete,OK,SQLite field is complete,OK,SQLite field is complete,OK,SQLite field is complete,C,no local RAW/API snapshot is available,OK,SQLite field is complete,False
2798,241,0,0,,OK,SQLite field is complete,OK,SQLite field is complete,OK,SQLite field is complete,OK,SQLite field is complete,C,no local RAW/API snapshot is available,OK,SQLite field is complete,False
2799,242,0,0,,OK,SQLite field is complete,OK,SQLite field is complete,OK,SQLite field is complete,OK,SQLite field is complete,C,no local RAW/API snapshot is available,OK,SQLite field is complete,False
2800,243,0,0,,OK,SQLite field is complete,OK,SQLite field is complete,OK,SQLite field is complete,OK,SQLite field is complete,C,no local RAW/API snapshot is available,OK,SQLite field is complete,False
2801,244,0,0,,OK,SQLite field is complete,OK,SQLite field is complete,OK,SQLite field is complete,OK,SQLite field is complete,C,no local RAW/API snapshot is available,C,no local RAW/API snapshot is available,False
2802,245,0,0,,OK,SQLite field is complete,OK,SQLite field is complete,OK,SQLite field is complete,OK,SQLite field is complete,C,no local RAW/API snapshot is available,OK,SQLite field is complete,False
2803,246,0,0,,OK,SQLite field is complete,OK,SQLite field is complete,OK,SQLite field is complete,OK,SQLite field is complete,C,no local RAW/API snapshot is available,C,no local RAW/API snapshot is available,False
2804,247,0,0,,OK,SQLite field is complete,OK,SQLite field is complete,OK,SQLite field is complete,OK,SQLite field is complete,C,no local RAW/API snapshot is available,OK,SQLite field is complete,False
2805,248,0,0,,OK,SQLite field is complete,OK,SQLite field is complete,OK,SQLite field is complete,OK,SQLite field is complete,C,no local RAW/API snapshot is available,OK,SQLite field is complete,False
2806,249,0,0,,OK,SQLite field is complete,OK,SQLite field is complete,OK,SQLite field is complete,OK,SQLite field is complete,C,no local RAW/API snapshot is available,OK,SQLite field is complete,False
2807,250,0,0,,OK,SQLite field is complete,OK,SQLite field is complete,OK,SQLite field is complete,OK,SQLite field is complete,C,no local RAW/API snapshot is available,C,no local RAW/API snapshot is available,False
2808,251,0,0,,OK,SQLite field is complete,OK,SQLite field is complete,OK,SQLite field is complete,OK,SQLite field is complete,C,no local RAW/API snapshot is available,C,no local RAW/API snapshot is available,False
2809,252,0,0,,OK,SQLite field is complete,OK,SQLite field is complete,OK,SQLite field is complete,OK,SQLite field is complete,C,no local RAW/API snapshot is available,C,no local RAW/API snapshot is available,False
2810,253,0,0,,OK,SQLite field is complete,OK,SQLite field is complete,OK,SQLite field is complete,OK,SQLite field is complete,C,no local RAW/API snapshot is available,OK,SQLite field is complete,False
2811,254,0,0,,OK,SQLite field is complete,OK,SQLite field is complete,OK,SQLite field is complete,OK,SQLite field is complete,C,no local RAW/API snapshot is available,OK,SQLite field is complete,False
2812,255,0,0,,OK,SQLite field is complete,OK,SQLite field is complete,OK,SQLite field is complete,OK,SQLite field is complete,C,no local RAW/API snapshot is available,OK,SQLite field is complete,False
2813,256,0,0,,OK,SQLite field is complete,OK,SQLite field is complete,OK,SQLite field is complete,OK,SQLite field is complete,C,no local RAW/API snapshot is available,OK,SQLite field is complete,False
2814,257,0,0,,OK,SQLite field is complete,OK,SQLite field is complete,OK,SQLite field is complete,OK,SQLite field is complete,C,no local RAW/API snapshot is available,C,no local RAW/API snapshot is available,False
2815,258,0,0,,OK,SQLite field is complete,OK,SQLite field is complete,OK,SQLite field is complete,OK,SQLite field is complete,C,no local RAW/API snapshot is available,OK,SQLite field is complete,False
2816,259,0,0,,OK,SQLite field is complete,OK,SQLite field is complete,OK,SQLite field is complete,OK,SQLite field is complete,C,no local RAW/API snapshot is available,C,no local RAW/API snapshot is available,False
2817,260,0,0,,OK,SQLite field is complete,OK,SQLite field is complete,OK,SQLite field is complete,OK,SQLite field is complete,C,no local RAW/API snapshot is available,C,no local RAW/API snapshot is available,False
2818,261,0,0,,OK,SQLite field is complete,OK,SQLite field is complete,OK,SQLite field is complete,OK,SQLite field is complete,C,no local RAW/API snapshot is available,OK,SQLite field is complete,False
2819,262,0,0,,OK,SQLite field is complete,OK,SQLite field is complete,OK,SQLite field is complete,OK,SQLite field is complete,C,no local RAW/API snapshot is available,OK,SQLite field is complete,False
2820,263,0,0,,OK,SQLite field is complete,OK,SQLite field is complete,OK,SQLite field is complete,OK,SQLite field is complete,C,no local RAW/API snapshot is available,C,no local RAW/API snapshot is available,False
2821,264,0,0,,OK,SQLite field is complete,OK,SQLite field is complete,OK,SQLite field is complete,OK,SQLite field is complete,C,no local RAW/API snapshot is available,OK,SQLite field is complete,False
2822,265,0,0,,OK,SQLite field is complete,OK,SQLite field is complete,OK,SQLite field is complete,OK,SQLite field is complete,C,no local RAW/API snapshot is available,OK,SQLite field is complete,False
2823,266,0,0,,OK,SQLite field is complete,OK,SQLite field is complete,OK,SQLite field is complete,OK,SQLite field is complete,C,no local RAW/API snapshot is available,OK,SQLite field is complete,False
2824,267,0,0,,OK,SQLite field is complete,OK,SQLite field is complete,OK,SQLite field is complete,OK,SQLite field is complete,C,no local RAW/API snapshot is available,OK,SQLite field is complete,False
2825,268,0,0,,OK,SQLite field is complete,OK,SQLite field is complete,OK,SQLite field is complete,OK,SQLite field is complete,C,no local RAW/API snapshot is available,OK,SQLite field is complete,False
2826,269,0,0,,OK,SQLite field is complete,OK,SQLite field is complete,OK,SQLite field is complete,OK,SQLite field is complete,C,no local RAW/API snapshot is available,OK,SQLite field is complete,False
2827,270,0,0,,OK,SQLite field is complete,OK,SQLite field is complete,OK,SQLite field is complete,OK,SQLite field is complete,C,no local RAW/API snapshot is available,OK,SQLite field is complete,False
2828,271,0,0,,OK,SQLite field is complete,OK,SQLite field is complete,OK,SQLite field is complete,OK,SQLite field is complete,C,no local RAW/API snapshot is available,C,no local RAW/API snapshot is available,False
2829,272,0,0,,OK,SQLite field is complete,OK,SQLite field is complete,OK,SQLite field is complete,OK,SQLite field is complete,C,no local RAW/API snapshot is available,C,no local RAW/API snapshot is available,False
2830,273,0,0,,OK,SQLite field is complete,OK,SQLite field is complete,OK,SQLite field is complete,OK,SQLite field is complete,C,no local RAW/API snapshot is available,OK,SQLite field is complete,False
2831,274,0,0,,OK,SQLite field is complete,OK,SQLite field is complete,OK,SQLite field is complete,OK,SQLite field is complete,C,no local RAW/API snapshot is available,OK,SQLite field is complete,False
2832,275,0,0,,OK,SQLite field is complete,OK,SQLite field is complete,OK,SQLite field is complete,OK,SQLite field is complete,C,no local RAW/API snapshot is available,OK,SQLite field is complete,False
2833,276,0,0,,OK,SQLite field is complete,OK,SQLite field is complete,OK,SQLite field is complete,OK,SQLite field is complete,C,no local RAW/API snapshot is available,OK,SQLite field is complete,False
2834,277,0,0,,OK,SQLite field is complete,OK,SQLite field is complete,OK,SQLite field is complete,OK,SQLite field is complete,C,no local RAW/API snapshot is available,C,no local RAW/API snapshot is available,False
2835,278,0,0,,OK,SQLite field is complete,OK,SQLite field is complete,OK,SQLite field is complete,OK,SQLite field is complete,C,no local RAW/API snapshot is available,OK,SQLite field is complete,False
2836,279,0,0,,OK,SQLite field is complete,OK,SQLite field is complete,OK,SQLite field is complete,OK,SQLite field is complete,C,no local RAW/API snapshot is available,OK,SQLite field is complete,False
2837,280,0,0,,OK,SQLite field is complete,OK,SQLite field is complete,OK,SQLite field is complete,OK,SQLite field is complete,C,no local RAW/API snapshot is available,OK,SQLite field is complete,False
2838,281,0,0,,OK,SQLite field is complete,OK,SQLite field is complete,OK,SQLite field is complete,OK,SQLite field is complete,C,no local RAW/API snapshot is available,OK,SQLite field is complete,False
2839,282,0,0,,OK,SQLite field is complete,OK,SQLite field is complete,OK,SQLite field is complete,OK,SQLite field is complete,C,no local RAW/API snapshot is available,OK,SQLite field is complete,False
2840,283,0,0,,OK,SQLite field is complete,OK,SQLite field is complete,OK,SQLite field is complete,OK,SQLite field is complete,C,no local RAW/API snapshot is available,OK,SQLite field is complete,False
2841,284,0,0,,OK,SQLite field is complete,OK,SQLite field is complete,OK,SQLite field is complete,OK,SQLite field is complete,C,no local RAW/API snapshot is available,OK,SQLite field is complete,False
2842,285,0,0,,OK,SQLite field is complete,OK,SQLite field is complete,OK,SQLite field is complete,OK,SQLite field is complete,C,no local RAW/API snapshot is available,OK,SQLite field is complete,False
2843,286,0,0,,OK,SQLite field is complete,OK,SQLite field is complete,OK,SQLite field is complete,OK,SQLite field is complete,C,no local RAW/API snapshot is available,OK,SQLite field is complete,False
2844,287,0,0,,OK,SQLite field is complete,OK,SQLite field is complete,OK,SQLite field is complete,OK,SQLite field is complete,C,no local RAW/API snapshot is available,OK,SQLite field is complete,False
2845,288,0,0,,OK,SQLite field is complete,OK,SQLite field is complete,OK,SQLite field is complete,OK,SQLite field is complete,C,no local RAW/API snapshot is available,C,no local RAW/API snapshot is available,False
2846,289,0,0,,OK,SQLite field is complete,OK,SQLite field is complete,OK,SQLite field is complete,OK,SQLite field is complete,C,no local RAW/API snapshot is available,OK,SQLite field is complete,False
2847,290,0,0,,OK,SQLite field is complete,OK,SQLite field is complete,OK,SQLite field is complete,OK,SQLite field is complete,C,no local RAW/API snapshot is available,C,no local RAW/API snapshot is available,False
2848,291,0,0,,OK,SQLite field is complete,OK,SQLite field is complete,OK,SQLite field is complete,OK,SQLite field is complete,C,no local RAW/API snapshot is available,OK,SQLite field is complete,False
2849,292,0,0,,OK,SQLite field is complete,OK,SQLite field is complete,OK,SQLite field is complete,OK,SQLite field is complete,C,no local RAW/API snapshot is available,C,no local RAW/API snapshot is available,False
2850,293,0,0,,OK,SQLite field is complete,OK,SQLite field is complete,OK,SQLite field is complete,OK,SQLite field is complete,C,no local RAW/API snapshot is available,C,no local RAW/API snapshot is available,False
2851,294,0,0,,OK,SQLite field is complete,OK,SQLite field is complete,OK,SQLite field is complete,OK,SQLite field is complete,C,no local RAW/API snapshot is available,OK,SQLite field is complete,False
2852,295,0,0,,OK,SQLite field is complete,OK,SQLite field is complete,OK,SQLite field is complete,OK,SQLite field is complete,C,no local RAW/API snapshot is available,C,no local RAW/API snapshot is available,False
2853,296,0,0,,OK,SQLite field is complete,OK,SQLite field is complete,OK,SQLite field is complete,OK,SQLite field is complete,C,no local RAW/API snapshot is available,C,no local RAW/API snapshot is available,False
2854,297,0,0,,OK,SQLite field is complete,OK,SQLite field is complete,OK,SQLite field is complete,OK,SQLite field is complete,C,no local RAW/API snapshot is available,OK,SQLite field is complete,False
2855,298,0,0,,OK,SQLite field is complete,OK,SQLite field is complete,OK,SQLite field is complete,OK,SQLite field is complete,C,no local RAW/API snapshot is available,OK,SQLite field is complete,False
2856,299,0,0,,OK,SQLite field is complete,OK,SQLite field is complete,OK,SQLite field is complete,OK,SQLite field is complete,C,no local RAW/API snapshot is available,C,no local RAW/API snapshot is available,False
2857,300,0,0,,OK,SQLite field is complete,OK,SQLite field is complete,OK,SQLite field is complete,OK,SQLite field is complete,C,no local RAW/API snapshot is available,C,no local RAW/API snapshot is available,False
2858,301,0,0,,OK,SQLite field is complete,OK,SQLite field is complete,OK,SQLite field is complete,OK,SQLite field is complete,C,no local RAW/API snapshot is available,OK,SQLite field is complete,False
2859,302,0,0,,OK,SQLite field is complete,OK,SQLite field is complete,OK,SQLite field is complete,OK,SQLite field is complete,C,no local RAW/API snapshot is available,OK,SQLite field is complete,False
2860,303,0,0,,OK,SQLite field is complete,OK,SQLite field is complete,OK,SQLite field is complete,OK,SQLite field is complete,C,no local RAW/API snapshot is available,OK,SQLite field is complete,False
2861,304,0,0,,OK,SQLite field is complete,OK,SQLite field is complete,OK,SQLite field is complete,OK,SQLite field is complete,C,no local RAW/API snapshot is available,OK,SQLite field is complete,False
2862,305,0,0,,OK,SQLite field is complete,OK,SQLite field is complete,OK,SQLite field is complete,OK,SQLite field is complete,C,no local RAW/API snapshot is available,OK,SQLite field is complete,False
2863,306,0,0,,OK,SQLite field is complete,OK,SQLite field is complete,OK,SQLite field is complete,OK,SQLite field is complete,C,no local RAW/API snapshot is available,OK,SQLite field is complete,False
2864,307,0,0,,OK,SQLite field is complete,OK,SQLite field is complete,OK,SQLite field is complete,OK,SQLite field is complete,C,no local RAW/API snapshot is available,C,no local RAW/API snapshot is available,False
2865,308,0,0,,OK,SQLite field is complete,OK,SQLite field is complete,OK,SQLite field is complete,OK,SQLite field is complete,C,no local RAW/API snapshot is available,OK,SQLite field is complete,False
2866,309,0,0,,OK,SQLite field is complete,OK,SQLite field is complete,OK,SQLite field is complete,OK,SQLite field is complete,C,no local RAW/API snapshot is available,C,no local RAW/API snapshot is available,False
2867,310,0,0,,OK,SQLite field is complete,OK,SQLite field is complete,OK,SQLite field is complete,OK,SQLite field is complete,C,no local RAW/API snapshot is available,OK,SQLite field is complete,False
2868,311,0,0,,OK,SQLite field is complete,OK,SQLite field is complete,OK,SQLite field is complete,OK,SQLite field is complete,C,no local RAW/API snapshot is available,C,no local RAW/API snapshot is available,False
2869,312,0,0,,OK,SQLite field is complete,OK,SQLite field is complete,OK,SQLite field is complete,OK,SQLite field is complete,C,no local RAW/API snapshot is available,OK,SQLite field is complete,False
2870,313,0,0,,OK,SQLite field is complete,OK,SQLite field is complete,OK,SQLite field is complete,OK,SQLite field is complete,C,no local RAW/API snapshot is available,C,no local RAW/API snapshot is available,False
2871,314,0,0,,OK,SQLite field is complete,OK,SQLite field is complete,OK,SQLite field is complete,OK,SQLite field is complete,C,no local RAW/API snapshot is available,OK,SQLite field is complete,False
2872,315,0,0,,OK,SQLite field is complete,OK,SQLite field is complete,OK,SQLite field is complete,OK,SQLite field is complete,C,no local RAW/API snapshot is available,C,no local RAW/API snapshot is available,False
2873,316,0,0,,OK,SQLite field is complete,OK,SQLite field is complete,OK,SQLite field is complete,OK,SQLite field is complete,C,no local RAW/API snapshot is available,OK,SQLite field is complete,False
2874,317,0,0,,OK,SQLite field is complete,OK,SQLite field is complete,OK,SQLite field is complete,OK,SQLite field is complete,C,no local RAW/API snapshot is available,C,no local RAW/API snapshot is available,False
2875,318,0,0,,OK,SQLite field is complete,OK,SQLite field is complete,OK,SQLite field is complete,OK,SQLite field is complete,C,no local RAW/API snapshot is available,C,no local RAW/API snapshot is available,False
2876,319,0,0,,OK,SQLite field is complete,OK,SQLite field is complete,OK,SQLite field is complete,OK,SQLite field is complete,C,no local RAW/API snapshot is available,OK,SQLite field is complete,False
2877,320,0,0,,OK,SQLite field is complete,OK,SQLite field is complete,OK,SQLite field is complete,OK,SQLite field is complete,C,no local RAW/API snapshot is available,OK,SQLite field is complete,False
2878,321,0,0,,OK,SQLite field is complete,OK,SQLite field is complete,OK,SQLite field is complete,OK,SQLite field is complete,C,no local RAW/API snapshot is available,OK,SQLite field is complete,False
2879,322,0,0,,OK,SQLite field is complete,OK,SQLite field is complete,OK,SQLite field is complete,OK,SQLite field is complete,C,no local RAW/API snapshot is available,OK,SQLite field is complete,False
2880,323,0,0,,OK,SQLite field is complete,OK,SQLite field is complete,OK,SQLite field is complete,OK,SQLite field is complete,C,no local RAW/API snapshot is available,C,no local RAW/API snapshot is available,False
2881,324,0,0,,OK,SQLite field is complete,OK,SQLite field is complete,OK,SQLite field is complete,OK,SQLite field is complete,C,no local RAW/API snapshot is available,OK,SQLite field is complete,False
2882,325,0,0,,OK,SQLite field is complete,OK,SQLite field is complete,OK,SQLite field is complete,OK,SQLite field is complete,C,no local RAW/API snapshot is available,OK,SQLite field is complete,False
2883,326,0,0,,OK,SQLite field is complete,OK,SQLite field is complete,OK,SQLite field is complete,OK,SQLite field is complete,C,no local RAW/API snapshot is available,OK,SQLite field is complete,False
2884,327,0,0,,OK,SQLite field is complete,OK,SQLite field is complete,OK,SQLite field is complete,OK,SQLite field is complete,C,no local RAW/API snapshot is available,OK,SQLite field is complete,False
2885,328,0,0,,OK,SQLite field is complete,OK,SQLite field is complete,OK,SQLite field is complete,OK,SQLite field is complete,C,no local RAW/API snapshot is available,OK,SQLite field is complete,False
2886,329,0,0,,OK,SQLite field is complete,OK,SQLite field is complete,OK,SQLite field is complete,OK,SQLite field is complete,C,no local RAW/API snapshot is available,OK,SQLite field is complete,False
2887,330,0,0,,OK,SQLite field is complete,OK,SQLite field is complete,OK,SQLite field is complete,OK,SQLite field is complete,C,no local RAW/API snapshot is available,C,no local RAW/API snapshot is available,False
2888,331,0,0,,OK,SQLite field is complete,OK,SQLite field is complete,OK,SQLite field is complete,OK,SQLite field is complete,C,no local RAW/API snapshot is available,OK,SQLite field is complete,False
2889,332,0,0,,OK,SQLite field is complete,OK,SQLite field is complete,OK,SQLite field is complete,OK,SQLite field is complete,C,no local RAW/API snapshot is available,OK,SQLite field is complete,False
2890,333,0,0,,OK,SQLite field is complete,OK,SQLite field is complete,OK,SQLite field is complete,OK,SQLite field is complete,C,no local RAW/API snapshot is available,OK,SQLite field is complete,False
2891,334,0,0,,OK,SQLite field is complete,OK,SQLite field is complete,OK,SQLite field is complete,OK,SQLite field is complete,C,no local RAW/API snapshot is available,OK,SQLite field is complete,False
2892,335,0,0,,OK,SQLite field is complete,OK,SQLite field is complete,OK,SQLite field is complete,OK,SQLite field is complete,C,no local RAW/API snapshot is available,C,no local RAW/API snapshot is available,False
2893,336,0,0,,OK,SQLite field is complete,OK,SQLite field is complete,OK,SQLite field is complete,OK,SQLite field is complete,C,no local RAW/API snapshot is available,OK,SQLite field is complete,False
2894,337,0,0,,OK,SQLite field is complete,OK,SQLite field is complete,OK,SQLite field is complete,OK,SQLite field is complete,C,no local RAW/API snapshot is available,OK,SQLite field is complete,False
2895,338,0,0,,OK,SQLite field is complete,OK,SQLite field is complete,OK,SQLite field is complete,OK,SQLite field is complete,C,no local RAW/API snapshot is available,OK,SQLite field is complete,False
2896,339,0,0,,OK,SQLite field is complete,OK,SQLite field is complete,OK,SQLite field is complete,OK,SQLite field is complete,C,no local RAW/API snapshot is available,OK,SQLite field is complete,False
2897,340,0,0,,OK,SQLite field is complete,OK,SQLite field is complete,OK,SQLite field is complete,OK,SQLite field is complete,C,no local RAW/API snapshot is available,OK,SQLite field is complete,False
2898,341,0,0,,OK,SQLite field is complete,OK,SQLite field is complete,OK,SQLite field is complete,OK,SQLite field is complete,C,no local RAW/API snapshot is available,OK,SQLite field is complete,False
2899,342,0,0,,OK,SQLite field is complete,OK,SQLite field is complete,OK,SQLite field is complete,OK,SQLite field is complete,C,no local RAW/API snapshot is available,OK,SQLite field is complete,False
2900,343,0,0,,OK,SQLite field is complete,OK,SQLite field is complete,OK,SQLite field is complete,OK,SQLite field is complete,C,no local RAW/API snapshot is available,OK,SQLite field is complete,False
2901,344,0,0,,OK,SQLite field is complete,OK,SQLite field is complete,OK,SQLite field is complete,OK,SQLite field is complete,C,no local RAW/API snapshot is available,OK,SQLite field is complete,False
2902,345,0,0,,OK,SQLite field is complete,OK,SQLite field is complete,OK,SQLite field is complete,OK,SQLite field is complete,C,no local RAW/API snapshot is available,OK,SQLite field is complete,False
2903,346,0,0,,OK,SQLite field is complete,OK,SQLite field is complete,OK,SQLite field is complete,OK,SQLite field is complete,C,no local RAW/API snapshot is available,C,no local RAW/API snapshot is available,False
2904,347,0,0,,OK,SQLite field is complete,OK,SQLite field is complete,OK,SQLite field is complete,OK,SQLite field is complete,C,no local RAW/API snapshot is available,C,no local RAW/API snapshot is available,False
2905,348,0,0,,OK,SQLite field is complete,OK,SQLite field is complete,OK,SQLite field is complete,OK,SQLite field is complete,C,no local RAW/API snapshot is available,OK,SQLite field is complete,False
2906,349,0,0,,OK,SQLite field is complete,OK,SQLite field is complete,OK,SQLite field is complete,OK,SQLite field is complete,C,no local RAW/API snapshot is available,OK,SQLite field is complete,False
2907,350,0,0,,OK,SQLite field is complete,OK,SQLite field is complete,OK,SQLite field is complete,OK,SQLite field is complete,C,no local RAW/API snapshot is available,C,no local RAW/API snapshot is available,False
2908,351,0,0,,OK,SQLite field is complete,OK,SQLite field is complete,OK,SQLite field is complete,OK,SQLite field is complete,C,no local RAW/API snapshot is available,OK,SQLite field is complete,False
2909,352,0,0,,OK,SQLite field is complete,OK,SQLite field is complete,OK,SQLite field is complete,OK,SQLite field is complete,C,no local RAW/API snapshot is available,OK,SQLite field is complete,False
2910,353,0,0,,OK,SQLite field is complete,OK,SQLite field is complete,OK,SQLite field is complete,OK,SQLite field is complete,C,no local RAW/API snapshot is available,C,no local RAW/API snapshot is available,False
2911,354,0,0,,OK,SQLite field is complete,OK,SQLite field is complete,OK,SQLite field is complete,OK,SQLite field is complete,C,no local RAW/API snapshot is available,C,no local RAW/API snapshot is available,False
2912,355,0,0,,OK,SQLite field is complete,OK,SQLite field is complete,OK,SQLite field is complete,OK,SQLite field is complete,C,no local RAW/API snapshot is available,OK,SQLite field is complete,False
2913,356,0,0,,OK,SQLite field is complete,OK,SQLite field is complete,OK,SQLite field is complete,OK,SQLite field is complete,C,no local RAW/API snapshot is available,OK,SQLite field is complete,False
2914,357,0,0,,OK,SQLite field is complete,OK,SQLite field is complete,OK,SQLite field is complete,OK,SQLite field is complete,C,no local RAW/API snapshot is available,OK,SQLite field is complete,False
2915,358,0,0,,OK,SQLite field is complete,OK,SQLite field is complete,OK,SQLite field is complete,OK,SQLite field is complete,C,no local RAW/API snapshot is available,OK,SQLite field is complete,False
2916,359,0,0,,OK,SQLite field is complete,OK,SQLite field is complete,OK,SQLite field is complete,OK,SQLite field is complete,C,no local RAW/API snapshot is available,OK,SQLite field is complete,False
2917,360,0,0,,OK,SQLite field is complete,OK,SQLite field is complete,OK,SQLite field is complete,OK,SQLite field is complete,C,no local RAW/API snapshot is available,OK,SQLite field is complete,False
2918,361,0,0,,OK,SQLite field is complete,OK,SQLite field is complete,OK,SQLite field is complete,OK,SQLite field is complete,C,no local RAW/API snapshot is available,OK,SQLite field is complete,False
2919,362,0,0,,OK,SQLite field is complete,OK,SQLite field is complete,OK,SQLite field is complete,OK,SQLite field is complete,C,no local RAW/API snapshot is available,OK,SQLite field is complete,False
2920,363,0,0,,OK,SQLite field is complete,OK,SQLite field is complete,OK,SQLite field is complete,OK,SQLite field is complete,C,no local RAW/API snapshot is available,OK,SQLite field is complete,False
2921,364,0,0,,OK,SQLite field is complete,OK,SQLite field is complete,OK,SQLite field is complete,OK,SQLite field is complete,C,no local RAW/API snapshot is available,OK,SQLite field is complete,False
2922,365,0,0,,OK,SQLite field is complete,OK,SQLite field is complete,OK,SQLite field is complete,OK,SQLite field is complete,C,no local RAW/API snapshot is available,OK,SQLite field is complete,False
2923,366,0,0,,OK,SQLite field is complete,OK,SQLite field is complete,OK,SQLite field is complete,OK,SQLite field is complete,C,no local RAW/API snapshot is available,C,no local RAW/API snapshot is available,False
2924,367,0,0,,OK,SQLite field is complete,OK,SQLite field is complete,OK,SQLite field is complete,OK,SQLite field is complete,C,no local RAW/API snapshot is available,C,no local RAW/API snapshot is available,False
2925,368,0,0,,OK,SQLite field is complete,OK,SQLite field is complete,OK,SQLite field is complete,OK,SQLite field is complete,C,no local RAW/API snapshot is available,OK,SQLite field is complete,False
2926,369,0,0,,OK,SQLite field is complete,OK,SQLite field is complete,OK,SQLite field is complete,OK,SQLite field is complete,C,no local RAW/API snapshot is available,C,no local RAW/API snapshot is available,False
2927,370,0,0,,OK,SQLite field is complete,OK,SQLite field is complete,OK,SQLite field is complete,OK,SQLite field is complete,C,no local RAW/API snapshot is available,C,no local RAW/API snapshot is available,False
2928,371,0,0,,OK,SQLite field is complete,OK,SQLite field is complete,OK,SQLite field is complete,OK,SQLite field is complete,C,no local RAW/API snapshot is available,OK,SQLite field is complete,False
2929,372,0,0,,OK,SQLite field is complete,OK,SQLite field is complete,OK,SQLite field is complete,OK,SQLite field is complete,C,no local RAW/API snapshot is available,C,no local RAW/API snapshot is available,False
2930,373,0,0,,OK,SQLite field is complete,OK,SQLite field is complete,OK,SQLite field is complete,OK,SQLite field is complete,C,no local RAW/API snapshot is available,OK,SQLite field is complete,False
2931,374,0,0,,OK,SQLite field is complete,OK,SQLite field is complete,OK,SQLite field is complete,OK,SQLite field is complete,C,no local RAW/API snapshot is available,C,no local RAW/API snapshot is available,False
2932,375,0,0,,OK,SQLite field is complete,OK,SQLite field is complete,OK,SQLite field is complete,OK,SQLite field is complete,C,no local RAW/API snapshot is available,C,no local RAW/API snapshot is available,False
2933,376,0,0,,OK,SQLite field is complete,OK,SQLite field is complete,OK,SQLite field is complete,OK,SQLite field is complete,C,no local RAW/API snapshot is available,C,no local RAW/API snapshot is available,False
2934,377,0,0,,OK,SQLite field is complete,OK,SQLite field is complete,OK,SQLite field is complete,OK,SQLite field is complete,C,no local RAW/API snapshot is available,OK,SQLite field is complete,False
2935,378,0,0,,OK,SQLite field is complete,OK,SQLite field is complete,OK,SQLite field is complete,OK,SQLite field is complete,C,no local RAW/API snapshot is available,OK,SQLite field is complete,False
2936,379,0,0,,OK,SQLite field is complete,OK,SQLite field is complete,OK,SQLite field is complete,OK,SQLite field is complete,C,no local RAW/API snapshot is available,C,no local RAW/API snapshot is available,False
2937,380,0,0,,OK,SQLite field is complete,OK,SQLite field is complete,OK,SQLite field is complete,OK,SQLite field is complete,C,no local RAW/API snapshot is available,OK,SQLite field is complete,False
2938,381,0,0,,OK,SQLite field is complete,OK,SQLite field is complete,OK,SQLite field is complete,OK,SQLite field is complete,C,no local RAW/API snapshot is available,C,no local RAW/API snapshot is available,False
2939,382,0,0,,OK,SQLite field is complete,OK,SQLite field is complete,OK,SQLite field is complete,OK,SQLite field is complete,C,no local RAW/API snapshot is available,OK,SQLite field is complete,False
2940,383,0,0,,OK,SQLite field is complete,OK,SQLite field is complete,OK,SQLite field is complete,OK,SQLite field is complete,C,no local RAW/API snapshot is available,C,no local RAW/API snapshot is available,False
2941,384,0,0,,OK,SQLite field is complete,OK,SQLite field is complete,OK,SQLite field is complete,OK,SQLite field is complete,C,no local RAW/API snapshot is available,C,no local RAW/API snapshot is available,False
2942,385,0,0,,OK,SQLite field is complete,OK,SQLite field is complete,OK,SQLite field is complete,OK,SQLite field is complete,C,no local RAW/API snapshot is available,OK,SQLite field is complete,False
2943,386,0,0,,OK,SQLite field is complete,OK,SQLite field is complete,OK,SQLite field is complete,OK,SQLite field is complete,C,no local RAW/API snapshot is available,C,no local RAW/API snapshot is available,False
2944,387,0,0,,OK,SQLite field is complete,OK,SQLite field is complete,OK,SQLite field is complete,OK,SQLite field is complete,C,no local RAW/API snapshot is available,C,no local RAW/API snapshot is available,False
2945,388,0,0,,OK,SQLite field is complete,OK,SQLite field is complete,OK,SQLite field is complete,OK,SQLite field is complete,C,no local RAW/API snapshot is available,C,no local RAW/API snapshot is available,False
2946,389,0,0,,OK,SQLite field is complete,OK,SQLite field is complete,OK,SQLite field is complete,OK,SQLite field is complete,C,no local RAW/API snapshot is available,OK,SQLite field is complete,False
2947,390,0,0,,OK,SQLite field is complete,OK,SQLite field is complete,OK,SQLite field is complete,OK,SQLite field is complete,C,no local RAW/API snapshot is available,OK,SQLite field is complete,False
2948,391,0,0,,OK,SQLite field is complete,OK,SQLite field is complete,OK,SQLite field is complete,OK,SQLite field is complete,C,no local RAW/API snapshot is available,OK,SQLite field is complete,False
2949,392,0,0,,OK,SQLite field is complete,OK,SQLite field is complete,OK,SQLite field is complete,OK,SQLite field is complete,C,no local RAW/API snapshot is available,C,no local RAW/API snapshot is available,False
2950,393,0,0,,OK,SQLite field is complete,OK,SQLite field is complete,OK,SQLite field is complete,OK,SQLite field is complete,C,no local RAW/API snapshot is available,C,no local RAW/API snapshot is available,False
2951,394,0,0,,OK,SQLite field is complete,OK,SQLite field is complete,OK,SQLite field is complete,OK,SQLite field is complete,C,no local RAW/API snapshot is available,OK,SQLite field is complete,False
2952,395,0,0,,OK,SQLite field is complete,OK,SQLite field is complete,OK,SQLite field is complete,OK,SQLite field is complete,C,no local RAW/API snapshot is available,OK,SQLite field is complete,False
2953,396,0,0,,OK,SQLite field is complete,OK,SQLite field is complete,OK,SQLite field is complete,OK,SQLite field is complete,C,no local RAW/API snapshot is available,OK,SQLite field is complete,False
2954,397,0,0,,OK,SQLite field is complete,OK,SQLite field is complete,OK,SQLite field is complete,OK,SQLite field is complete,C,no local RAW/API snapshot is available,C,no local RAW/API snapshot is available,False
2955,398,0,0,,OK,SQLite field is complete,OK,SQLite field is complete,OK,SQLite field is complete,OK,SQLite field is complete,C,no local RAW/API snapshot is available,OK,SQLite field is complete,False
2956,399,0,0,,OK,SQLite field is complete,OK,SQLite field is complete,OK,SQLite field is complete,OK,SQLite field is complete,C,no local RAW/API snapshot is available,OK,SQLite field is complete,False
2957,400,0,0,,OK,SQLite field is complete,OK,SQLite field is complete,OK,SQLite field is complete,OK,SQLite field is complete,C,no local RAW/API snapshot is available,OK,SQLite field is complete,False
2958,401,0,0,,OK,SQLite field is complete,OK,SQLite field is complete,OK,SQLite field is complete,OK,SQLite field is complete,C,no local RAW/API snapshot is available,OK,SQLite field is complete,False
2959,2477,0,0,,OK,SQLite field is complete,OK,SQLite field is complete,OK,SQLite field is complete,OK,SQLite field is complete,C,no local RAW/API snapshot is available,OK,SQLite field is complete,False
2960,2481,0,0,,OK,SQLite field is complete,OK,SQLite field is complete,OK,SQLite field is complete,OK,SQLite field is complete,C,no local RAW/API snapshot is available,C,no local RAW/API snapshot is available,False
2961,2485,0,0,,OK,SQLite field is complete,OK,SQLite field is complete,OK,SQLite field is complete,OK,SQLite field is complete,C,no local RAW/API snapshot is available,C,no local RAW/API snapshot is available,False
2962,2490,0,0,,OK,SQLite field is complete,OK,SQLite field is complete,OK,SQLite field is complete,OK,SQLite field is complete,C,no local RAW/API snapshot is available,OK,SQLite field is complete,False
2963,2495,0,0,,OK,SQLite field is complete,OK,SQLite field is complete,OK,SQLite field is complete,OK,SQLite field is complete,C,no local RAW/API snapshot is available,OK,SQLite field is complete,False
2964,2499,0,0,,OK,SQLite field is complete,OK,SQLite field is complete,OK,SQLite field is complete,OK,SQLite field is complete,C,no local RAW/API snapshot is available,OK,SQLite field is complete,False
2965,2503,0,0,,OK,SQLite field is complete,OK,SQLite field is complete,OK,SQLite field is complete,OK,SQLite field is complete,C,no local RAW/API snapshot is available,C,no local RAW/API snapshot is available,False
2966,2508,0,0,,OK,SQLite field is complete,OK,SQLite field is complete,OK,SQLite field is complete,OK,SQLite field is complete,C,no local RAW/API snapshot is available,OK,SQLite field is complete,False
2967,2510,0,0,,OK,SQLite field is complete,OK,SQLite field is complete,OK,SQLite field is complete,OK,SQLite field is complete,C,no local RAW/API snapshot is available,C,no local RAW/API snapshot is available,False
2968,2516,0,0,,OK,SQLite field is complete,OK,SQLite field is complete,OK,SQLite field is complete,OK,SQLite field is complete,C,no local RAW/API snapshot is available,C,no local RAW/API snapshot is available,False
2969,2520,0,0,,OK,SQLite field is complete,OK,SQLite field is complete,OK,SQLite field is complete,OK,SQLite field is complete,C,no local RAW/API snapshot is available,C,no local RAW/API snapshot is available,False
2970,2523,0,0,,OK,SQLite field is complete,OK,SQLite field is complete,OK,SQLite field is complete,OK,SQLite field is complete,C,no local RAW/API snapshot is available,C,no local RAW/API snapshot is available,False
2971,2527,0,0,,OK,SQLite field is complete,OK,SQLite field is complete,OK,SQLite field is complete,OK,SQLite field is complete,C,no local RAW/API snapshot is available,C,no local RAW/API snapshot is available,False
2972,2531,0,0,,OK,SQLite field is complete,OK,SQLite field is complete,OK,SQLite field is complete,OK,SQLite field is complete,C,no local RAW/API snapshot is available,C,no local RAW/API snapshot is available,False
2973,2534,0,0,,OK,SQLite field is complete,OK,SQLite field is complete,OK,SQLite field is complete,OK,SQLite field is complete,C,no local RAW/API snapshot is available,C,no local RAW/API snapshot is available,False
2974,2539,0,0,,OK,SQLite field is complete,OK,SQLite field is complete,OK,SQLite field is complete,OK,SQLite field is complete,C,no local RAW/API snapshot is available,OK,SQLite field is complete,False
2975,2543,0,0,,OK,SQLite field is complete,OK,SQLite field is complete,OK,SQLite field is complete,OK,SQLite field is complete,C,no local RAW/API snapshot is available,C,no local RAW/API snapshot is available,False
2976,2548,0,0,,OK,SQLite field is complete,OK,SQLite field is complete,OK,SQLite field is complete,OK,SQLite field is complete,C,no local RAW/API snapshot is available,OK,SQLite field is complete,False
2977,2554,0,0,,OK,SQLite field is complete,OK,SQLite field is complete,OK,SQLite field is complete,OK,SQLite field is complete,C,no local RAW/API snapshot is available,OK,SQLite field is complete,False
2978,2556,0,0,,OK,SQLite field is complete,OK,SQLite field is complete,OK,SQLite field is complete,OK,SQLite field is complete,C,no local RAW/API snapshot is available,OK,SQLite field is complete,False
2979,2561,0,0,,OK,SQLite field is complete,OK,SQLite field is complete,OK,SQLite field is complete,OK,SQLite field is complete,C,no local RAW/API snapshot is available,C,no local RAW/API snapshot is available,False
2980,2564,0,0,,OK,SQLite field is complete,OK,SQLite field is complete,OK,SQLite field is complete,OK,SQLite field is complete,C,no local RAW/API snapshot is available,OK,SQLite field is complete,False
2981,2568,0,0,,OK,SQLite field is complete,OK,SQLite field is complete,OK,SQLite field is complete,OK,SQLite field is complete,C,no local RAW/API snapshot is available,OK,SQLite field is complete,False
2982,2572,0,0,,OK,SQLite field is complete,OK,SQLite field is complete,C,no local RAW/API snapshot is available,OK,SQLite field is complete,C,no local RAW/API snapshot is available,OK,SQLite field is complete,False
2983,2579,0,0,,OK,SQLite field is complete,OK,SQLite field is complete,OK,SQLite field is complete,OK,SQLite field is complete,C,no local RAW/API snapshot is available,OK,SQLite field is complete,False
2984,2583,0,0,,OK,SQLite field is complete,OK,SQLite field is complete,OK,SQLite field is complete,OK,SQLite field is complete,C,no local RAW/API snapshot is available,OK,SQLite field is complete,False
2985,2585,0,0,,OK,SQLite field is complete,OK,SQLite field is complete,OK,SQLite field is complete,OK,SQLite field is complete,C,no local RAW/API snapshot is available,C,no local RAW/API snapshot is available,False
2986,2588,0,0,,OK,SQLite field is complete,OK,SQLite field is complete,OK,SQLite field is complete,OK,SQLite field is complete,C,no local RAW/API snapshot is available,OK,SQLite field is complete,False
2987,2592,0,0,,OK,SQLite field is complete,OK,SQLite field is complete,C,no local RAW/API snapshot is available,OK,SQLite field is complete,C,no local RAW/API snapshot is available,OK,SQLite field is complete,False
2988,2597,0,0,,OK,SQLite field is complete,OK,SQLite field is complete,OK,SQLite field is complete,OK,SQLite field is complete,C,no local RAW/API snapshot is available,OK,SQLite field is complete,False
2989,2601,0,0,,OK,SQLite field is complete,OK,SQLite field is complete,OK,SQLite field is complete,OK,SQLite field is complete,C,no local RAW/API snapshot is available,OK,SQLite field is complete,False
2990,2606,0,0,,OK,SQLite field is complete,OK,SQLite field is complete,OK,SQLite field is complete,OK,SQLite field is complete,C,no local RAW/API snapshot is available,OK,SQLite field is complete,False
2991,2612,0,0,,OK,SQLite field is complete,OK,SQLite field is complete,OK,SQLite field is complete,OK,SQLite field is complete,C,no local RAW/API snapshot is available,OK,SQLite field is complete,False
2992,2615,0,0,,OK,SQLite field is complete,OK,SQLite field is complete,OK,SQLite field is complete,OK,SQLite field is complete,C,no local RAW/API snapshot is available,OK,SQLite field is complete,False
2993,2619,0,0,,OK,SQLite field is complete,OK,SQLite field is complete,OK,SQLite field is complete,OK,SQLite field is complete,C,no local RAW/API snapshot is available,OK,SQLite field is complete,False
2994,2623,0,0,,OK,SQLite field is complete,OK,SQLite field is complete,OK,SQLite field is complete,OK,SQLite field is complete,C,no local RAW/API snapshot is available,C,no local RAW/API snapshot is available,False
2995,2626,0,0,,OK,SQLite field is complete,OK,SQLite field is complete,OK,SQLite field is complete,OK,SQLite field is complete,C,no local RAW/API snapshot is available,OK,SQLite field is complete,False
2996,2631,0,0,,OK,SQLite field is complete,OK,SQLite field is complete,OK,SQLite field is complete,OK,SQLite field is complete,C,no local RAW/API snapshot is available,OK,SQLite field is complete,False
2997,2636,0,0,,OK,SQLite field is complete,OK,SQLite field is complete,OK,SQLite field is complete,OK,SQLite field is complete,C,no local RAW/API snapshot is available,OK,SQLite field is complete,False
2998,2639,0,0,,OK,SQLite field is complete,OK,SQLite field is complete,OK,SQLite field is complete,OK,SQLite field is complete,C,no local RAW/API snapshot is available,OK,SQLite field is complete,False
2999,2643,0,0,,OK,SQLite field is complete,OK,SQLite field is complete,OK,SQLite field is complete,OK,SQLite field is complete,C,no local RAW/API snapshot is available,OK,SQLite field is complete,False
3000,2648,0,0,,OK,SQLite field is complete,OK,SQLite field is complete,OK,SQLite field is complete,OK,SQLite field is complete,C,no local RAW/API snapshot is available,OK,SQLite field is complete,False
3001,2650,0,0,,OK,SQLite field is complete,OK,SQLite field is complete,OK,SQLite field is complete,OK,SQLite field is complete,C,no local RAW/API snapshot is available,C,no local RAW/API snapshot is available,False
3002,2656,0,0,,OK,SQLite field is complete,OK,SQLite field is complete,OK,SQLite field is complete,OK,SQLite field is complete,C,no local RAW/API snapshot is available,C,no local RAW/API snapshot is available,False
3003,2659,0,0,,OK,SQLite field is complete,OK,SQLite field is complete,OK,SQLite field is complete,OK,SQLite field is complete,C,no local RAW/API snapshot is available,C,no local RAW/API snapshot is available,False
3004,2665,0,0,,OK,SQLite field is complete,OK,SQLite field is complete,OK,SQLite field is complete,OK,SQLite field is complete,C,no local RAW/API snapshot is available,OK,SQLite field is complete,False
3005,2669,0,0,,OK,SQLite field is complete,OK,SQLite field is complete,C,no local RAW/API snapshot is available,OK,SQLite field is complete,C,no local RAW/API snapshot is available,OK,SQLite field is complete,False
3006,2672,0,0,,OK,SQLite field is complete,OK,SQLite field is complete,OK,SQLite field is complete,OK,SQLite field is complete,C,no local RAW/API snapshot is available,OK,SQLite field is complete,False
3007,2677,0,0,,OK,SQLite field is complete,OK,SQLite field is complete,OK,SQLite field is complete,OK,SQLite field is complete,C,no local RAW/API snapshot is available,OK,SQLite field is complete,False
3008,2680,0,0,,OK,SQLite field is complete,OK,SQLite field is complete,OK,SQLite field is complete,OK,SQLite field is complete,C,no local RAW/API snapshot is available,OK,SQLite field is complete,False
3009,2684,0,0,,OK,SQLite field is complete,OK,SQLite field is complete,OK,SQLite field is complete,OK,SQLite field is complete,C,no local RAW/API snapshot is available,C,no local RAW/API snapshot is available,False
3010,2688,0,0,,OK,SQLite field is complete,OK,SQLite field is complete,OK,SQLite field is complete,OK,SQLite field is complete,C,no local RAW/API snapshot is available,OK,SQLite field is complete,False
3011,2695,0,0,,OK,SQLite field is complete,OK,SQLite field is complete,OK,SQLite field is complete,OK,SQLite field is complete,C,no local RAW/API snapshot is available,OK,SQLite field is complete,False
3012,2699,0,0,,OK,SQLite field is complete,OK,SQLite field is complete,C,no local RAW/API snapshot is available,OK,SQLite field is complete,C,no local RAW/API snapshot is available,C,no local RAW/API snapshot is available,False
3013,2702,0,0,,OK,SQLite field is complete,OK,SQLite field is complete,OK,SQLite field is complete,OK,SQLite field is complete,C,no local RAW/API snapshot is available,OK,SQLite field is complete,False
3014,2707,0,0,,OK,SQLite field is complete,OK,SQLite field is complete,OK,SQLite field is complete,OK,SQLite field is complete,C,no local RAW/API snapshot is available,C,no local RAW/API snapshot is available,False
3015,2709,0,0,,OK,SQLite field is complete,OK,SQLite field is complete,OK,SQLite field is complete,OK,SQLite field is complete,C,no local RAW/API snapshot is available,C,no local RAW/API snapshot is available,False
3016,2713,0,0,,OK,SQLite field is complete,OK,SQLite field is complete,OK,SQLite field is complete,OK,SQLite field is complete,C,no local RAW/API snapshot is available,OK,SQLite field is complete,False
3017,2717,0,0,,OK,SQLite field is complete,OK,SQLite field is complete,OK,SQLite field is complete,OK,SQLite field is complete,C,no local RAW/API snapshot is available,OK,SQLite field is complete,False
3018,2720,0,0,,OK,SQLite field is complete,OK,SQLite field is complete,OK,SQLite field is complete,OK,SQLite field is complete,C,no local RAW/API snapshot is available,OK,SQLite field is complete,False
3019,2724,0,0,,OK,SQLite field is complete,OK,SQLite field is complete,OK,SQLite field is complete,OK,SQLite field is complete,C,no local RAW/API snapshot is available,OK,SQLite field is complete,False
3020,2725,0,0,,OK,SQLite field is complete,OK,SQLite field is complete,OK,SQLite field is complete,OK,SQLite field is complete,C,no local RAW/API snapshot is available,OK,SQLite field is complete,False
3021,2728,0,0,,OK,SQLite field is complete,OK,SQLite field is complete,OK,SQLite field is complete,OK,SQLite field is complete,C,no local RAW/API snapshot is available,OK,SQLite field is complete,False
3022,2731,0,0,,OK,SQLite field is complete,OK,SQLite field is complete,OK,SQLite field is complete,OK,SQLite field is complete,C,no local RAW/API snapshot is available,OK,SQLite field is complete,False
3023,2734,0,0,,OK,SQLite field is complete,OK,SQLite field is complete,OK,SQLite field is complete,OK,SQLite field is complete,C,no local RAW/API snapshot is available,OK,SQLite field is complete,False
3024,2736,0,0,,OK,SQLite field is complete,OK,SQLite field is complete,OK,SQLite field is complete,OK,SQLite field is complete,C,no local RAW/API snapshot is available,OK,SQLite field is complete,False
3025,2741,0,0,,OK,SQLite field is complete,OK,SQLite field is complete,OK,SQLite field is complete,OK,SQLite field is complete,C,no local RAW/API snapshot is available,OK,SQLite field is complete,False
3026,2744,0,0,,OK,SQLite field is complete,OK,SQLite field is complete,OK,SQLite field is complete,OK,SQLite field is complete,C,no local RAW/API snapshot is available,OK,SQLite field is complete,False
3027,2745,0,0,,OK,SQLite field is complete,OK,SQLite field is complete,OK,SQLite field is complete,OK,SQLite field is complete,C,no local RAW/API snapshot is available,OK,SQLite field is complete,False
3028,2750,0,0,,OK,SQLite field is complete,OK,SQLite field is complete,OK,SQLite field is complete,OK,SQLite field is complete,C,no local RAW/API snapshot is available,OK,SQLite field is complete,False
3029,2752,0,0,,OK,SQLite field is complete,OK,SQLite field is complete,C,no local RAW/API snapshot is available,OK,SQLite field is complete,C,no local RAW/API snapshot is available,OK,SQLite field is complete,False
3030,2754,0,0,,OK,SQLite field is complete,OK,SQLite field is complete,OK,SQLite field is complete,OK,SQLite field is complete,C,no local RAW/API snapshot is available,OK,SQLite field is complete,False
3031,2758,0,0,,OK,SQLite field is complete,OK,SQLite field is complete,OK,SQLite field is complete,OK,SQLite field is complete,C,no local RAW/API snapshot is available,OK,SQLite field is complete,False
3032,2759,0,0,,OK,SQLite field is complete,OK,SQLite field is complete,OK,SQLite field is complete,OK,SQLite field is complete,C,no local RAW/API snapshot is available,OK,SQLite field is complete,False
3033,2764,0,0,,OK,SQLite field is complete,OK,SQLite field is complete,OK,SQLite field is complete,OK,SQLite field is complete,C,no local RAW/API snapshot is available,OK,SQLite field is complete,False
3034,2765,0,0,,OK,SQLite field is complete,OK,SQLite field is complete,OK,SQLite field is complete,OK,SQLite field is complete,C,no local RAW/API snapshot is available,OK,SQLite field is complete,False
3035,2768,0,0,,OK,SQLite field is complete,OK,SQLite field is complete,OK,SQLite field is complete,OK,SQLite field is complete,C,no local RAW/API snapshot is available,C,no local RAW/API snapshot is available,False
3036,2770,0,0,,OK,SQLite field is complete,OK,SQLite field is complete,OK,SQLite field is complete,OK,SQLite field is complete,C,no local RAW/API snapshot is available,OK,SQLite field is complete,False
3037,2773,0,0,,OK,SQLite field is complete,OK,SQLite field is complete,OK,SQLite field is complete,OK,SQLite field is complete,C,no local RAW/API snapshot is available,OK,SQLite field is complete,False
3038,2775,0,0,,OK,SQLite field is complete,OK,SQLite field is complete,OK,SQLite field is complete,OK,SQLite field is complete,C,no local RAW/API snapshot is available,OK,SQLite field is complete,False
3039,2779,0,0,,OK,SQLite field is complete,OK,SQLite field is complete,OK,SQLite field is complete,OK,SQLite field is complete,C,no local RAW/API snapshot is available,OK,SQLite field is complete,False
3040,4391,0,0,,OK,SQLite field is complete,OK,SQLite field is complete,OK,SQLite field is complete,OK,SQLite field is complete,C,no local RAW/API snapshot is available,OK,SQLite field is complete,False
3041,4395,0,0,,OK,SQLite field is complete,OK,SQLite field is complete,OK,SQLite field is complete,OK,SQLite field is complete,C,no local RAW/API snapshot is available,OK,SQLite field is complete,False
3042,4398,0,0,,OK,SQLite field is complete,OK,SQLite field is complete,OK,SQLite field is complete,OK,SQLite field is complete,C,no local RAW/API snapshot is available,OK,SQLite field is complete,False
3043,4402,0,0,,OK,SQLite field is complete,OK,SQLite field is complete,OK,SQLite field is complete,OK,SQLite field is complete,C,no local RAW/API snapshot is available,OK,SQLite field is complete,False
3044,4407,0,0,,OK,SQLite field is complete,OK,SQLite field is complete,OK,SQLite field is complete,OK,SQLite field is complete,C,no local RAW/API snapshot is available,OK,SQLite field is complete,False
3045,4414,0,0,,OK,SQLite field is complete,OK,SQLite field is complete,OK,SQLite field is complete,OK,SQLite field is complete,C,no local RAW/API snapshot is available,OK,SQLite field is complete,False
3046,4419,0,0,,OK,SQLite field is complete,OK,SQLite field is complete,OK,SQLite field is complete,OK,SQLite field is complete,C,no local RAW/API snapshot is available,OK,SQLite field is complete,False
3047,4423,0,0,,OK,SQLite field is complete,OK,SQLite field is complete,OK,SQLite field is complete,OK,SQLite field is complete,C,no local RAW/API snapshot is available,OK,SQLite field is complete,False
3048,4428,0,0,,OK,SQLite field is complete,OK,SQLite field is complete,OK,SQLite field is complete,OK,SQLite field is complete,C,no local RAW/API snapshot is available,C,no local RAW/API snapshot is available,False
3049,4434,0,0,,OK,SQLite field is complete,OK,SQLite field is complete,OK,SQLite field is complete,OK,SQLite field is complete,C,no local RAW/API snapshot is available,OK,SQLite field is complete,False
3050,4438,0,0,,OK,SQLite field is complete,OK,SQLite field is complete,OK,SQLite field is complete,OK,SQLite field is complete,C,no local RAW/API snapshot is available,OK,SQLite field is complete,False
3051,4445,0,0,,OK,SQLite field is complete,OK,SQLite field is complete,OK,SQLite field is complete,OK,SQLite field is complete,C,no local RAW/API snapshot is available,OK,SQLite field is complete,False
3052,4452,0,0,,OK,SQLite field is complete,OK,SQLite field is complete,OK,SQLite field is complete,OK,SQLite field is complete,C,no local RAW/API snapshot is available,OK,SQLite field is complete,False
3053,4456,0,0,,OK,SQLite field is complete,OK,SQLite field is complete,OK,SQLite field is complete,OK,SQLite field is complete,C,no local RAW/API snapshot is available,C,no local RAW/API snapshot is available,False
3054,4461,0,0,,OK,SQLite field is complete,OK,SQLite field is complete,OK,SQLite field is complete,OK,SQLite field is complete,C,no local RAW/API snapshot is available,OK,SQLite field is complete,False
3055,4468,0,0,,OK,SQLite field is complete,OK,SQLite field is complete,OK,SQLite field is complete,OK,SQLite field is complete,C,no local RAW/API snapshot is available,OK,SQLite field is complete,False
3056,5904,0,0,,OK,SQLite field is complete,OK,SQLite field is complete,OK,SQLite field is complete,OK,SQLite field is complete,C,no local RAW/API snapshot is available,OK,SQLite field is complete,False
3057,5908,0,0,,OK,SQLite field is complete,OK,SQLite field is complete,OK,SQLite field is complete,OK,SQLite field is complete,C,no local RAW/API snapshot is available,OK,SQLite field is complete,False
3058,5914,0,0,,OK,SQLite field is complete,OK,SQLite field is complete,OK,SQLite field is complete,OK,SQLite field is complete,C,no local RAW/API snapshot is available,OK,SQLite field is complete,False
3059,5920,0,0,,OK,SQLite field is complete,OK,SQLite field is complete,OK,SQLite field is complete,OK,SQLite field is complete,C,no local RAW/API snapshot is available,OK,SQLite field is complete,False
3060,5925,0,0,,OK,SQLite field is complete,OK,SQLite field is complete,OK,SQLite field is complete,OK,SQLite field is complete,C,no local RAW/API snapshot is available,OK,SQLite field is complete,False
3061,5932,0,0,,OK,SQLite field is complete,OK,SQLite field is complete,OK,SQLite field is complete,OK,SQLite field is complete,C,no local RAW/API snapshot is available,OK,SQLite field is complete,False
3062,5937,0,0,,OK,SQLite field is complete,OK,SQLite field is complete,OK,SQLite field is complete,OK,SQLite field is complete,C,no local RAW/API snapshot is available,OK,SQLite field is complete,False
3063,5941,0,0,,OK,SQLite field is complete,OK,SQLite field is complete,OK,SQLite field is complete,OK,SQLite field is complete,C,no local RAW/API snapshot is available,C,no local RAW/API snapshot is available,False
3064,5948,0,0,,OK,SQLite field is complete,OK,SQLite field is complete,OK,SQLite field is complete,OK,SQLite field is complete,C,no local RAW/API snapshot is available,OK,SQLite field is complete,False
3065,5954,0,0,,OK,SQLite field is complete,OK,SQLite field is complete,OK,SQLite field is complete,OK,SQLite field is complete,C,no local RAW/API snapshot is available,OK,SQLite field is complete,False
3066,5959,0,0,,OK,SQLite field is complete,OK,SQLite field is complete,OK,SQLite field is complete,OK,SQLite field is complete,C,no local RAW/API snapshot is available,OK,SQLite field is complete,False
3067,5966,0,0,,OK,SQLite field is complete,OK,SQLite field is complete,OK,SQLite field is complete,OK,SQLite field is complete,C,no local RAW/API snapshot is available,OK,SQLite field is complete,False
3068,5972,0,0,,OK,SQLite field is complete,OK,SQLite field is complete,OK,SQLite field is complete,OK,SQLite field is complete,C,no local RAW/API snapshot is available,OK,SQLite field is complete,False
3069,5976,0,0,,OK,SQLite field is complete,OK,SQLite field is complete,OK,SQLite field is complete,OK,SQLite field is complete,C,no local RAW/API snapshot is available,OK,SQLite field is complete,False
3070,5980,0,0,,OK,SQLite field is complete,OK,SQLite field is complete,OK,SQLite field is complete,OK,SQLite field is complete,C,no local RAW/API snapshot is available,OK,SQLite field is complete,False
3071,5987,0,0,,OK,SQLite field is complete,OK,SQLite field is complete,OK,SQLite field is complete,OK,SQLite field is complete,C,no local RAW/API snapshot is available,OK,SQLite field is complete,False
3072,5991,0,0,,OK,SQLite field is complete,OK,SQLite field is complete,OK,SQLite field is complete,OK,SQLite field is complete,C,no local RAW/API snapshot is available,OK,SQLite field is complete,False
3073,5997,0,0,,OK,SQLite field is complete,OK,SQLite field is complete,OK,SQLite field is complete,OK,SQLite field is complete,C,no local RAW/API snapshot is available,OK,SQLite field is complete,False
3074,6002,0,0,,OK,SQLite field is complete,OK,SQLite field is complete,OK,SQLite field is complete,OK,SQLite field is complete,C,no local RAW/API snapshot is available,OK,SQLite field is complete,False
3075,6008,0,0,,OK,SQLite field is complete,OK,SQLite field is complete,OK,SQLite field is complete,OK,SQLite field is complete,C,no local RAW/API snapshot is available,OK,SQLite field is complete,False
3076,6014,0,0,,OK,SQLite field is complete,OK,SQLite field is complete,OK,SQLite field is complete,OK,SQLite field is complete,C,no local RAW/API snapshot is available,OK,SQLite field is complete,False
3077,6018,0,0,,OK,SQLite field is complete,OK,SQLite field is complete,OK,SQLite field is complete,OK,SQLite field is complete,C,no local RAW/API snapshot is available,OK,SQLite field is complete,False
3078,6021,0,0,,OK,SQLite field is complete,OK,SQLite field is complete,OK,SQLite field is complete,OK,SQLite field is complete,C,no local RAW/API snapshot is available,C,no local RAW/API snapshot is available,False
3079,6027,0,0,,OK,SQLite field is complete,OK,SQLite field is complete,OK,SQLite field is complete,OK,SQLite field is complete,C,no local RAW/API snapshot is available,OK,SQLite field is complete,False
3080,6032,0,0,,OK,SQLite field is complete,OK,SQLite field is complete,OK,SQLite field is complete,OK,SQLite field is complete,C,no local RAW/API snapshot is available,OK,SQLite field is complete,False
3081,6038,0,0,,OK,SQLite field is complete,OK,SQLite field is complete,OK,SQLite field is complete,OK,SQLite field is complete,C,no local RAW/API snapshot is available,OK,SQLite field is complete,False
3082,6044,0,0,,OK,SQLite field is complete,OK,SQLite field is complete,OK,SQLite field is complete,OK,SQLite field is complete,C,no local RAW/API snapshot is available,OK,SQLite field is complete,False
3083,6048,0,0,,OK,SQLite field is complete,OK,SQLite field is complete,OK,SQLite field is complete,OK,SQLite field is complete,C,no local RAW/API snapshot is available,OK,SQLite field is complete,False
3084,6051,0,0,,OK,SQLite field is complete,OK,SQLite field is complete,OK,SQLite field is complete,OK,SQLite field is complete,C,no local RAW/API snapshot is available,OK,SQLite field is complete,False
3085,6056,0,0,,OK,SQLite field is complete,OK,SQLite field is complete,OK,SQLite field is complete,OK,SQLite field is complete,C,no local RAW/API snapshot is available,C,no local RAW/API snapshot is available,False
3086,6059,0,0,,OK,SQLite field is complete,OK,SQLite field is complete,OK,SQLite field is complete,OK,SQLite field is complete,C,no local RAW/API snapshot is available,OK,SQLite field is complete,False
3087,6063,0,0,,OK,SQLite field is complete,OK,SQLite field is complete,OK,SQLite field is complete,OK,SQLite field is complete,C,no local RAW/API snapshot is available,OK,SQLite field is complete,False
3088,6066,0,0,,OK,SQLite field is complete,OK,SQLite field is complete,OK,SQLite field is complete,OK,SQLite field is complete,C,no local RAW/API snapshot is available,OK,SQLite field is complete,False
3089,6074,0,0,,OK,SQLite field is complete,OK,SQLite field is complete,OK,SQLite field is complete,OK,SQLite field is complete,C,no local RAW/API snapshot is available,OK,SQLite field is complete,False
3090,6077,0,0,,OK,SQLite field is complete,OK,SQLite field is complete,OK,SQLite field is complete,OK,SQLite field is complete,C,no local RAW/API snapshot is available,OK,SQLite field is complete,False
3091,6080,0,0,,OK,SQLite field is complete,OK,SQLite field is complete,OK,SQLite field is complete,OK,SQLite field is complete,C,no local RAW/API snapshot is available,OK,SQLite field is complete,False
3092,6085,0,0,,OK,SQLite field is complete,OK,SQLite field is complete,OK,SQLite field is complete,OK,SQLite field is complete,C,no local RAW/API snapshot is available,OK,SQLite field is complete,False
3093,6090,0,0,,OK,SQLite field is complete,OK,SQLite field is complete,OK,SQLite field is complete,OK,SQLite field is complete,C,no local RAW/API snapshot is available,OK,SQLite field is complete,False
3094,6092,0,0,,OK,SQLite field is complete,OK,SQLite field is complete,OK,SQLite field is complete,OK,SQLite field is complete,C,no local RAW/API snapshot is available,OK,SQLite field is complete,False
3095,6100,0,0,,OK,SQLite field is complete,OK,SQLite field is complete,OK,SQLite field is complete,OK,SQLite field is complete,C,no local RAW/API snapshot is available,OK,SQLite field is complete,False
3096,6103,0,0,,OK,SQLite field is complete,OK,SQLite field is complete,OK,SQLite field is complete,OK,SQLite field is complete,C,no local RAW/API snapshot is available,OK,SQLite field is complete,False
3097,6105,0,0,,OK,SQLite field is complete,OK,SQLite field is complete,OK,SQLite field is complete,OK,SQLite field is complete,C,no local RAW/API snapshot is available,OK,SQLite field is complete,False
3098,6112,0,0,,OK,SQLite field is complete,OK,SQLite field is complete,OK,SQLite field is complete,OK,SQLite field is complete,C,no local RAW/API snapshot is available,OK,SQLite field is complete,False
3099,6116,0,0,,OK,SQLite field is complete,OK,SQLite field is complete,OK,SQLite field is complete,OK,SQLite field is complete,C,no local RAW/API snapshot is available,OK,SQLite field is complete,False
3100,6119,0,0,,OK,SQLite field is complete,OK,SQLite field is complete,OK,SQLite field is complete,OK,SQLite field is complete,C,no local RAW/API snapshot is available,OK,SQLite field is complete,False
3101,6125,0,0,,OK,SQLite field is complete,OK,SQLite field is complete,OK,SQLite field is complete,OK,SQLite field is complete,C,no local RAW/API snapshot is available,OK,SQLite field is complete,False
3102,6130,0,0,,OK,SQLite field is complete,OK,SQLite field is complete,OK,SQLite field is complete,OK,SQLite field is complete,C,no local RAW/API snapshot is available,OK,SQLite field is complete,False
3103,6133,0,0,,OK,SQLite field is complete,OK,SQLite field is complete,OK,SQLite field is complete,OK,SQLite field is complete,C,no local RAW/API snapshot is available,OK,SQLite field is complete,False
3104,6137,0,0,,OK,SQLite field is complete,OK,SQLite field is complete,OK,SQLite field is complete,OK,SQLite field is complete,C,no local RAW/API snapshot is available,OK,SQLite field is complete,False
3105,6143,0,0,,OK,SQLite field is complete,OK,SQLite field is complete,OK,SQLite field is complete,OK,SQLite field is complete,C,no local RAW/API snapshot is available,OK,SQLite field is complete,False
3106,6147,0,0,,OK,SQLite field is complete,OK,SQLite field is complete,OK,SQLite field is complete,OK,SQLite field is complete,C,no local RAW/API snapshot is available,OK,SQLite field is complete,False
3107,6150,0,0,,OK,SQLite field is complete,OK,SQLite field is complete,OK,SQLite field is complete,OK,SQLite field is complete,C,no local RAW/API snapshot is available,OK,SQLite field is complete,False
3108,6154,0,0,,OK,SQLite field is complete,OK,SQLite field is complete,OK,SQLite field is complete,OK,SQLite field is complete,C,no local RAW/API snapshot is available,OK,SQLite field is complete,False
3109,6160,0,0,,OK,SQLite field is complete,OK,SQLite field is complete,OK,SQLite field is complete,OK,SQLite field is complete,C,no local RAW/API snapshot is available,OK,SQLite field is complete,False
3110,6165,0,0,,OK,SQLite field is complete,OK,SQLite field is complete,OK,SQLite field is complete,OK,SQLite field is complete,C,no local RAW/API snapshot is available,OK,SQLite field is complete,False
3111,6171,0,0,,OK,SQLite field is complete,OK,SQLite field is complete,OK,SQLite field is complete,OK,SQLite field is complete,C,no local RAW/API snapshot is available,OK,SQLite field is complete,False
3112,6173,0,0,,OK,SQLite field is complete,OK,SQLite field is complete,OK,SQLite field is complete,OK,SQLite field is complete,C,no local RAW/API snapshot is available,C,no local RAW/API snapshot is available,False
3113,6179,0,0,,OK,SQLite field is complete,OK,SQLite field is complete,OK,SQLite field is complete,OK,SQLite field is complete,C,no local RAW/API snapshot is available,OK,SQLite field is complete,False
3114,6182,0,0,,OK,SQLite field is complete,OK,SQLite field is complete,OK,SQLite field is complete,OK,SQLite field is complete,C,no local RAW/API snapshot is available,OK,SQLite field is complete,False
3115,6185,0,0,,OK,SQLite field is complete,OK,SQLite field is complete,OK,SQLite field is complete,OK,SQLite field is complete,C,no local RAW/API snapshot is available,OK,SQLite field is complete,False
3116,6190,0,0,,OK,SQLite field is complete,OK,SQLite field is complete,OK,SQLite field is complete,OK,SQLite field is complete,C,no local RAW/API snapshot is available,OK,SQLite field is complete,False
3117,6194,0,0,,OK,SQLite field is complete,OK,SQLite field is complete,C,no local RAW/API snapshot is available,OK,SQLite field is complete,C,no local RAW/API snapshot is available,OK,SQLite field is complete,False
3118,6199,0,0,,OK,SQLite field is complete,OK,SQLite field is complete,OK,SQLite field is complete,OK,SQLite field is complete,C,no local RAW/API snapshot is available,OK,SQLite field is complete,False
3119,6204,0,0,,OK,SQLite field is complete,OK,SQLite field is complete,C,no local RAW/API snapshot is available,OK,SQLite field is complete,C,no local RAW/API snapshot is available,OK,SQLite field is complete,False
3120,6207,0,0,,OK,SQLite field is complete,OK,SQLite field is complete,OK,SQLite field is complete,OK,SQLite field is complete,C,no local RAW/API snapshot is available,OK,SQLite field is complete,False
3121,6212,0,0,,OK,SQLite field is complete,OK,SQLite field is complete,OK,SQLite field is complete,OK,SQLite field is complete,C,no local RAW/API snapshot is available,OK,SQLite field is complete,False
3122,6215,0,0,,OK,SQLite field is complete,OK,SQLite field is complete,OK,SQLite field is complete,OK,SQLite field is complete,C,no local RAW/API snapshot is available,C,no local RAW/API snapshot is available,False
3123,6222,0,0,,OK,SQLite field is complete,OK,SQLite field is complete,OK,SQLite field is complete,OK,SQLite field is complete,C,no local RAW/API snapshot is available,OK,SQLite field is complete,False
3124,6227,0,0,,OK,SQLite field is complete,OK,SQLite field is complete,OK,SQLite field is complete,OK,SQLite field is complete,C,no local RAW/API snapshot is available,OK,SQLite field is complete,False
3125,6229,0,0,,OK,SQLite field is complete,OK,SQLite field is complete,OK,SQLite field is complete,OK,SQLite field is complete,C,no local RAW/API snapshot is available,OK,SQLite field is complete,False
3126,6234,0,0,,OK,SQLite field is complete,OK,SQLite field is complete,OK,SQLite field is complete,OK,SQLite field is complete,C,no local RAW/API snapshot is available,OK,SQLite field is complete,False
3127,6239,0,0,,OK,SQLite field is complete,OK,SQLite field is complete,OK,SQLite field is complete,OK,SQLite field is complete,C,no local RAW/API snapshot is available,OK,SQLite field is complete,False
3128,6241,0,0,,OK,SQLite field is complete,OK,SQLite field is complete,OK,SQLite field is complete,OK,SQLite field is complete,C,no local RAW/API snapshot is available,OK,SQLite field is complete,False
3129,6243,0,0,,OK,SQLite field is complete,OK,SQLite field is complete,OK,SQLite field is complete,OK,SQLite field is complete,C,no local RAW/API snapshot is available,OK,SQLite field is complete,False
3130,6251,0,0,,OK,SQLite field is complete,OK,SQLite field is complete,OK,SQLite field is complete,OK,SQLite field is complete,C,no local RAW/API snapshot is available,C,no local RAW/API snapshot is available,False
3131,6256,0,0,,OK,SQLite field is complete,OK,SQLite field is complete,OK,SQLite field is complete,OK,SQLite field is complete,C,no local RAW/API snapshot is available,OK,SQLite field is complete,False
3132,6259,0,0,,OK,SQLite field is complete,OK,SQLite field is complete,C,no local RAW/API snapshot is available,OK,SQLite field is complete,C,no local RAW/API snapshot is available,OK,SQLite field is complete,False
3133,6263,0,0,,OK,SQLite field is complete,OK,SQLite field is complete,OK,SQLite field is complete,OK,SQLite field is complete,C,no local RAW/API snapshot is available,OK,SQLite field is complete,False
3134,6268,0,0,,OK,SQLite field is complete,OK,SQLite field is complete,OK,SQLite field is complete,OK,SQLite field is complete,C,no local RAW/API snapshot is available,OK,SQLite field is complete,False
3135,6272,0,0,,OK,SQLite field is complete,OK,SQLite field is complete,OK,SQLite field is complete,OK,SQLite field is complete,C,no local RAW/API snapshot is available,OK,SQLite field is complete,False
3136,6276,0,0,,OK,SQLite field is complete,OK,SQLite field is complete,OK,SQLite field is complete,OK,SQLite field is complete,C,no local RAW/API snapshot is available,C,no local RAW/API snapshot is available,False
3137,6283,0,0,,OK,SQLite field is complete,OK,SQLite field is complete,OK,SQLite field is complete,OK,SQLite field is complete,C,no local RAW/API snapshot is available,OK,SQLite field is complete,False
3138,6288,0,0,,OK,SQLite field is complete,OK,SQLite field is complete,OK,SQLite field is complete,OK,SQLite field is complete,C,no local RAW/API snapshot is available,OK,SQLite field is complete,False
3139,6293,0,0,,OK,SQLite field is complete,OK,SQLite field is complete,OK,SQLite field is complete,OK,SQLite field is complete,C,no local RAW/API snapshot is available,OK,SQLite field is complete,False
3140,6297,0,0,,OK,SQLite field is complete,OK,SQLite field is complete,OK,SQLite field is complete,OK,SQLite field is complete,C,no local RAW/API snapshot is available,OK,SQLite field is complete,False
3141,6300,0,0,,OK,SQLite field is complete,OK,SQLite field is complete,OK,SQLite field is complete,OK,SQLite field is complete,C,no local RAW/API snapshot is available,OK,SQLite field is complete,False
3142,6304,0,0,,OK,SQLite field is complete,OK,SQLite field is complete,C,no local RAW/API snapshot is available,OK,SQLite field is complete,C,no local RAW/API snapshot is available,OK,SQLite field is complete,False
3143,6312,0,0,,OK,SQLite field is complete,OK,SQLite field is complete,OK,SQLite field is complete,OK,SQLite field is complete,C,no local RAW/API snapshot is available,OK,SQLite field is complete,False
3144,6317,0,0,,OK,SQLite field is complete,OK,SQLite field is complete,OK,SQLite field is complete,OK,SQLite field is complete,C,no local RAW/API snapshot is available,OK,SQLite field is complete,False
3145,6320,0,0,,OK,SQLite field is complete,OK,SQLite field is complete,C,no local RAW/API snapshot is available,OK,SQLite field is complete,C,no local RAW/API snapshot is available,OK,SQLite field is complete,False
3146,6328,0,0,,OK,SQLite field is complete,OK,SQLite field is complete,OK,SQLite field is complete,OK,SQLite field is complete,C,no local RAW/API snapshot is available,OK,SQLite field is complete,False
3147,6332,0,0,,OK,SQLite field is complete,OK,SQLite field is complete,OK,SQLite field is complete,OK,SQLite field is complete,C,no local RAW/API snapshot is available,OK,SQLite field is complete,False
3148,6336,0,0,,OK,SQLite field is complete,OK,SQLite field is complete,OK,SQLite field is complete,OK,SQLite field is complete,C,no local RAW/API snapshot is available,OK,SQLite field is complete,False
3149,6341,0,0,,OK,SQLite field is complete,OK,SQLite field is complete,OK,SQLite field is complete,OK,SQLite field is complete,C,no local RAW/API snapshot is available,OK,SQLite field is complete,False
3150,6345,0,0,,OK,SQLite field is complete,OK,SQLite field is complete,OK,SQLite field is complete,OK,SQLite field is complete,C,no local RAW/API snapshot is available,OK,SQLite field is complete,False
3151,6351,0,0,,OK,SQLite field is complete,OK,SQLite field is complete,OK,SQLite field is complete,OK,SQLite field is complete,C,no local RAW/API snapshot is available,OK,SQLite field is complete,False
3152,6355,0,0,,OK,SQLite field is complete,OK,SQLite field is complete,OK,SQLite field is complete,OK,SQLite field is complete,C,no local RAW/API snapshot is available,OK,SQLite field is complete,False
3153,6361,0,0,,OK,SQLite field is complete,OK,SQLite field is complete,OK,SQLite field is complete,OK,SQLite field is complete,C,no local RAW/API snapshot is available,C,no local RAW/API snapshot is available,False
3154,6365,0,0,,OK,SQLite field is complete,OK,SQLite field is complete,OK,SQLite field is complete,OK,SQLite field is complete,C,no local RAW/API snapshot is available,OK,SQLite field is complete,False
3155,6368,0,0,,OK,SQLite field is complete,OK,SQLite field is complete,OK,SQLite field is complete,OK,SQLite field is complete,C,no local RAW/API snapshot is available,C,no local RAW/API snapshot is available,False
3156,6371,0,0,,OK,SQLite field is complete,OK,SQLite field is complete,OK,SQLite field is complete,OK,SQLite field is complete,C,no local RAW/API snapshot is available,OK,SQLite field is complete,False
3157,6376,0,0,,OK,SQLite field is complete,OK,SQLite field is complete,OK,SQLite field is complete,OK,SQLite field is complete,C,no local RAW/API snapshot is available,OK,SQLite field is complete,False
3158,6383,0,0,,OK,SQLite field is complete,OK,SQLite field is complete,OK,SQLite field is complete,OK,SQLite field is complete,C,no local RAW/API snapshot is available,OK,SQLite field is complete,False
3159,6389,0,0,,OK,SQLite field is complete,OK,SQLite field is complete,OK,SQLite field is complete,OK,SQLite field is complete,C,no local RAW/API snapshot is available,OK,SQLite field is complete,False
3160,6395,0,0,,OK,SQLite field is complete,OK,SQLite field is complete,OK,SQLite field is complete,OK,SQLite field is complete,C,no local RAW/API snapshot is available,OK,SQLite field is complete,False
3161,6399,0,0,,OK,SQLite field is complete,OK,SQLite field is complete,OK,SQLite field is complete,OK,SQLite field is complete,C,no local RAW/API snapshot is available,OK,SQLite field is complete,False
3162,6401,0,0,,OK,SQLite field is complete,OK,SQLite field is complete,OK,SQLite field is complete,OK,SQLite field is complete,C,no local RAW/API snapshot is available,OK,SQLite field is complete,False
3163,6408,0,0,,OK,SQLite field is complete,OK,SQLite field is complete,OK,SQLite field is complete,OK,SQLite field is complete,C,no local RAW/API snapshot is available,OK,SQLite field is complete,False
3164,6413,0,0,,OK,SQLite field is complete,OK,SQLite field is complete,OK,SQLite field is complete,OK,SQLite field is complete,C,no local RAW/API snapshot is available,OK,SQLite field is complete,False
3165,6417,0,0,,OK,SQLite field is complete,OK,SQLite field is complete,OK,SQLite field is complete,OK,SQLite field is complete,C,no local RAW/API snapshot is available,OK,SQLite field is complete,False
3166,6426,0,0,,OK,SQLite field is complete,OK,SQLite field is complete,OK,SQLite field is complete,OK,SQLite field is complete,C,no local RAW/API snapshot is available,C,no local RAW/API snapshot is available,False
3167,6429,0,0,,OK,SQLite field is complete,OK,SQLite field is complete,OK,SQLite field is complete,OK,SQLite field is complete,C,no local RAW/API snapshot is available,OK,SQLite field is complete,False
3168,6434,0,0,,OK,SQLite field is complete,OK,SQLite field is complete,OK,SQLite field is complete,OK,SQLite field is complete,C,no local RAW/API snapshot is available,OK,SQLite field is complete,False
3169,6438,0,0,,OK,SQLite field is complete,OK,SQLite field is complete,OK,SQLite field is complete,OK,SQLite field is complete,C,no local RAW/API snapshot is available,OK,SQLite field is complete,False
3170,6446,0,0,,OK,SQLite field is complete,OK,SQLite field is complete,OK,SQLite field is complete,OK,SQLite field is complete,C,no local RAW/API snapshot is available,OK,SQLite field is complete,False
3171,6447,0,0,,OK,SQLite field is complete,OK,SQLite field is complete,OK,SQLite field is complete,OK,SQLite field is complete,C,no local RAW/API snapshot is available,OK,SQLite field is complete,False
3172,6455,0,0,,OK,SQLite field is complete,OK,SQLite field is complete,OK,SQLite field is complete,OK,SQLite field is complete,C,no local RAW/API snapshot is available,OK,SQLite field is complete,False
3173,6459,0,0,,OK,SQLite field is complete,OK,SQLite field is complete,OK,SQLite field is complete,OK,SQLite field is complete,C,no local RAW/API snapshot is available,OK,SQLite field is complete,False
3174,6467,0,0,,OK,SQLite field is complete,OK,SQLite field is complete,OK,SQLite field is complete,OK,SQLite field is complete,C,no local RAW/API snapshot is available,OK,SQLite field is complete,False
3175,6472,0,0,,OK,SQLite field is complete,OK,SQLite field is complete,OK,SQLite field is complete,OK,SQLite field is complete,C,no local RAW/API snapshot is available,OK,SQLite field is complete,False
3176,6474,0,0,,OK,SQLite field is complete,OK,SQLite field is complete,OK,SQLite field is complete,OK,SQLite field is complete,C,no local RAW/API snapshot is available,OK,SQLite field is complete,False
3177,6480,0,0,,OK,SQLite field is complete,OK,SQLite field is complete,OK,SQLite field is complete,OK,SQLite field is complete,C,no local RAW/API snapshot is available,OK,SQLite field is complete,False
3178,6483,0,0,,OK,SQLite field is complete,OK,SQLite field is complete,OK,SQLite field is complete,OK,SQLite field is complete,C,no local RAW/API snapshot is available,OK,SQLite field is complete,False
3179,6491,0,0,,OK,SQLite field is complete,OK,SQLite field is complete,OK,SQLite field is complete,OK,SQLite field is complete,C,no local RAW/API snapshot is available,C,no local RAW/API snapshot is available,False
3180,6496,0,0,,OK,SQLite field is complete,OK,SQLite field is complete,OK,SQLite field is complete,OK,SQLite field is complete,C,no local RAW/API snapshot is available,C,no local RAW/API snapshot is available,False
3181,6499,0,0,,OK,SQLite field is complete,OK,SQLite field is complete,OK,SQLite field is complete,OK,SQLite field is complete,C,no local RAW/API snapshot is available,OK,SQLite field is complete,False
3182,6504,0,0,,OK,SQLite field is complete,OK,SQLite field is complete,C,no local RAW/API snapshot is available,OK,SQLite field is complete,C,no local RAW/API snapshot is available,C,no local RAW/API snapshot is available,False
3183,6506,0,0,,OK,SQLite field is complete,OK,SQLite field is complete,OK,SQLite field is complete,OK,SQLite field is complete,C,no local RAW/API snapshot is available,C,no local RAW/API snapshot is available,False
3184,6511,0,0,,OK,SQLite field is complete,OK,SQLite field is complete,OK,SQLite field is complete,OK,SQLite field is complete,C,no local RAW/API snapshot is available,OK,SQLite field is complete,False
3185,6516,0,0,,OK,SQLite field is complete,OK,SQLite field is complete,OK,SQLite field is complete,OK,SQLite field is complete,C,no local RAW/API snapshot is available,OK,SQLite field is complete,False
3186,6518,0,0,,OK,SQLite field is complete,OK,SQLite field is complete,OK,SQLite field is complete,OK,SQLite field is complete,C,no local RAW/API snapshot is available,OK,SQLite field is complete,False
3187,6526,0,0,,OK,SQLite field is complete,OK,SQLite field is complete,OK,SQLite field is complete,OK,SQLite field is complete,C,no local RAW/API snapshot is available,OK,SQLite field is complete,False
3188,6531,0,0,,OK,SQLite field is complete,OK,SQLite field is complete,OK,SQLite field is complete,OK,SQLite field is complete,C,no local RAW/API snapshot is available,OK,SQLite field is complete,False
3189,6536,0,0,,OK,SQLite field is complete,OK,SQLite field is complete,OK,SQLite field is complete,OK,SQLite field is complete,C,no local RAW/API snapshot is available,OK,SQLite field is complete,False
3190,6541,0,0,,OK,SQLite field is complete,OK,SQLite field is complete,OK,SQLite field is complete,OK,SQLite field is complete,C,no local RAW/API snapshot is available,OK,SQLite field is complete,False
3191,6545,0,0,,OK,SQLite field is complete,OK,SQLite field is complete,OK,SQLite field is complete,OK,SQLite field is complete,C,no local RAW/API snapshot is available,OK,SQLite field is complete,False
3192,6549,0,0,,OK,SQLite field is complete,OK,SQLite field is complete,OK,SQLite field is complete,OK,SQLite field is complete,C,no local RAW/API snapshot is available,OK,SQLite field is complete,False
3193,6554,0,0,,OK,SQLite field is complete,OK,SQLite field is complete,OK,SQLite field is complete,OK,SQLite field is complete,C,no local RAW/API snapshot is available,OK,SQLite field is complete,False
3194,6559,0,0,,OK,SQLite field is complete,OK,SQLite field is complete,OK,SQLite field is complete,OK,SQLite field is complete,C,no local RAW/API snapshot is available,OK,SQLite field is complete,False
3195,6565,0,0,,OK,SQLite field is complete,OK,SQLite field is complete,OK,SQLite field is complete,OK,SQLite field is complete,C,no local RAW/API snapshot is available,OK,SQLite field is complete,False
3196,6571,0,0,,OK,SQLite field is complete,OK,SQLite field is complete,OK,SQLite field is complete,OK,SQLite field is complete,C,no local RAW/API snapshot is available,OK,SQLite field is complete,False
3197,6574,0,0,,OK,SQLite field is complete,OK,SQLite field is complete,OK,SQLite field is complete,OK,SQLite field is complete,C,no local RAW/API snapshot is available,OK,SQLite field is complete,False
3198,6578,0,0,,OK,SQLite field is complete,OK,SQLite field is complete,OK,SQLite field is complete,OK,SQLite field is complete,C,no local RAW/API snapshot is available,OK,SQLite field is complete,False
3199,6585,0,0,,OK,SQLite field is complete,OK,SQLite field is complete,OK,SQLite field is complete,OK,SQLite field is complete,C,no local RAW/API snapshot is available,OK,SQLite field is complete,False
3200,6589,0,0,,OK,SQLite field is complete,OK,SQLite field is complete,OK,SQLite field is complete,OK,SQLite field is complete,C,no local RAW/API snapshot is available,OK,SQLite field is complete,False
3201,6593,0,0,,OK,SQLite field is complete,OK,SQLite field is complete,OK,SQLite field is complete,OK,SQLite field is complete,C,no local RAW/API snapshot is available,OK,SQLite field is complete,False
3202,6599,0,0,,OK,SQLite field is complete,OK,SQLite field is complete,OK,SQLite field is complete,OK,SQLite field is complete,C,no local RAW/API snapshot is available,OK,SQLite field is complete,False
3203,6605,0,0,,OK,SQLite field is complete,OK,SQLite field is complete,OK,SQLite field is complete,OK,SQLite field is complete,C,no local RAW/API snapshot is available,OK,SQLite field is complete,False
3204,6610,0,0,,OK,SQLite field is complete,OK,SQLite field is complete,C,no local RAW/API snapshot is available,OK,SQLite field is complete,C,no local RAW/API snapshot is available,OK,SQLite field is complete,False
3205,6613,0,0,,OK,SQLite field is complete,OK,SQLite field is complete,OK,SQLite field is complete,OK,SQLite field is complete,C,no local RAW/API snapshot is available,OK,SQLite field is complete,False
3206,6619,0,0,,OK,SQLite field is complete,OK,SQLite field is complete,OK,SQLite field is complete,OK,SQLite field is complete,C,no local RAW/API snapshot is available,OK,SQLite field is complete,False
3207,6622,0,0,,OK,SQLite field is complete,OK,SQLite field is complete,OK,SQLite field is complete,OK,SQLite field is complete,C,no local RAW/API snapshot is available,OK,SQLite field is complete,False
3208,6629,0,0,,OK,SQLite field is complete,OK,SQLite field is complete,OK,SQLite field is complete,OK,SQLite field is complete,C,no local RAW/API snapshot is available,OK,SQLite field is complete,False
3209,6634,0,0,,OK,SQLite field is complete,OK,SQLite field is complete,OK,SQLite field is complete,OK,SQLite field is complete,C,no local RAW/API snapshot is available,C,no local RAW/API snapshot is available,False
3210,6639,0,0,,OK,SQLite field is complete,OK,SQLite field is complete,OK,SQLite field is complete,OK,SQLite field is complete,C,no local RAW/API snapshot is available,OK,SQLite field is complete,False
3211,6641,0,0,,OK,SQLite field is complete,OK,SQLite field is complete,C,no local RAW/API snapshot is available,OK,SQLite field is complete,C,no local RAW/API snapshot is available,C,no local RAW/API snapshot is available,False
3212,6647,0,0,,OK,SQLite field is complete,OK,SQLite field is complete,OK,SQLite field is complete,OK,SQLite field is complete,C,no local RAW/API snapshot is available,OK,SQLite field is complete,False
3213,6651,0,0,,OK,SQLite field is complete,OK,SQLite field is complete,OK,SQLite field is complete,OK,SQLite field is complete,C,no local RAW/API snapshot is available,OK,SQLite field is complete,False
3214,6656,0,0,,OK,SQLite field is complete,OK,SQLite field is complete,OK,SQLite field is complete,OK,SQLite field is complete,C,no local RAW/API snapshot is available,OK,SQLite field is complete,False
3215,6662,0,0,,OK,SQLite field is complete,OK,SQLite field is complete,OK,SQLite field is complete,OK,SQLite field is complete,C,no local RAW/API snapshot is available,OK,SQLite field is complete,False
3216,6666,0,0,,OK,SQLite field is complete,OK,SQLite field is complete,C,no local RAW/API snapshot is available,OK,SQLite field is complete,C,no local RAW/API snapshot is available,C,no local RAW/API snapshot is available,False
3217,6670,0,0,,OK,SQLite field is complete,OK,SQLite field is complete,OK,SQLite field is complete,OK,SQLite field is complete,C,no local RAW/API snapshot is available,OK,SQLite field is complete,False
3218,6673,0,0,,OK,SQLite field is complete,OK,SQLite field is complete,OK,SQLite field is complete,OK,SQLite field is complete,C,no local RAW/API snapshot is available,OK,SQLite field is complete,False
3219,6678,0,0,,OK,SQLite field is complete,OK,SQLite field is complete,OK,SQLite field is complete,OK,SQLite field is complete,C,no local RAW/API snapshot is available,OK,SQLite field is complete,False
3220,6682,0,0,,OK,SQLite field is complete,OK,SQLite field is complete,OK,SQLite field is complete,OK,SQLite field is complete,C,no local RAW/API snapshot is available,OK,SQLite field is complete,False
3221,6685,0,0,,OK,SQLite field is complete,OK,SQLite field is complete,OK,SQLite field is complete,OK,SQLite field is complete,C,no local RAW/API snapshot is available,OK,SQLite field is complete,False
3222,6690,0,0,,OK,SQLite field is complete,OK,SQLite field is complete,OK,SQLite field is complete,OK,SQLite field is complete,C,no local RAW/API snapshot is available,OK,SQLite field is complete,False
3223,6696,0,0,,OK,SQLite field is complete,OK,SQLite field is complete,OK,SQLite field is complete,OK,SQLite field is complete,C,no local RAW/API snapshot is available,OK,SQLite field is complete,False
3224,6702,0,0,,OK,SQLite field is complete,OK,SQLite field is complete,OK,SQLite field is complete,OK,SQLite field is complete,C,no local RAW/API snapshot is available,OK,SQLite field is complete,False
3225,6707,0,0,,OK,SQLite field is complete,OK,SQLite field is complete,OK,SQLite field is complete,OK,SQLite field is complete,C,no local RAW/API snapshot is available,OK,SQLite field is complete,False
3226,6713,0,0,,OK,SQLite field is complete,OK,SQLite field is complete,OK,SQLite field is complete,OK,SQLite field is complete,C,no local RAW/API snapshot is available,OK,SQLite field is complete,False
3227,6719,0,0,,OK,SQLite field is complete,OK,SQLite field is complete,OK,SQLite field is complete,OK,SQLite field is complete,C,no local RAW/API snapshot is available,OK,SQLite field is complete,False
3228,6721,0,0,,OK,SQLite field is complete,OK,SQLite field is complete,OK,SQLite field is complete,OK,SQLite field is complete,C,no local RAW/API snapshot is available,OK,SQLite field is complete,False
3229,6725,0,0,,OK,SQLite field is complete,OK,SQLite field is complete,OK,SQLite field is complete,OK,SQLite field is complete,C,no local RAW/API snapshot is available,OK,SQLite field is complete,False
3230,6731,0,0,,OK,SQLite field is complete,OK,SQLite field is complete,OK,SQLite field is complete,OK,SQLite field is complete,C,no local RAW/API snapshot is available,OK,SQLite field is complete,False
3231,6737,0,0,,OK,SQLite field is complete,OK,SQLite field is complete,OK,SQLite field is complete,OK,SQLite field is complete,C,no local RAW/API snapshot is available,OK,SQLite field is complete,False
3232,6742,0,0,,OK,SQLite field is complete,OK,SQLite field is complete,OK,SQLite field is complete,OK,SQLite field is complete,C,no local RAW/API snapshot is available,OK,SQLite field is complete,False
3233,6745,0,0,,OK,SQLite field is complete,OK,SQLite field is complete,C,no local RAW/API snapshot is available,OK,SQLite field is complete,C,no local RAW/API snapshot is available,OK,SQLite field is complete,False
3234,6752,0,0,,OK,SQLite field is complete,OK,SQLite field is complete,OK,SQLite field is complete,OK,SQLite field is complete,C,no local RAW/API snapshot is available,OK,SQLite field is complete,False
3235,6755,0,0,,OK,SQLite field is complete,OK,SQLite field is complete,OK,SQLite field is complete,OK,SQLite field is complete,C,no local RAW/API snapshot is available,OK,SQLite field is complete,False
3236,6761,0,0,,OK,SQLite field is complete,OK,SQLite field is complete,OK,SQLite field is complete,OK,SQLite field is complete,C,no local RAW/API snapshot is available,C,no local RAW/API snapshot is available,False
3237,6766,0,0,,OK,SQLite field is complete,OK,SQLite field is complete,OK,SQLite field is complete,OK,SQLite field is complete,C,no local RAW/API snapshot is available,OK,SQLite field is complete,False
3238,6771,0,0,,OK,SQLite field is complete,OK,SQLite field is complete,OK,SQLite field is complete,OK,SQLite field is complete,C,no local RAW/API snapshot is available,OK,SQLite field is complete,False
3239,6775,0,0,,OK,SQLite field is complete,OK,SQLite field is complete,OK,SQLite field is complete,OK,SQLite field is complete,C,no local RAW/API snapshot is available,OK,SQLite field is complete,False
3240,6779,0,0,,OK,SQLite field is complete,OK,SQLite field is complete,OK,SQLite field is complete,OK,SQLite field is complete,C,no local RAW/API snapshot is available,OK,SQLite field is complete,False
3241,6783,0,0,,OK,SQLite field is complete,OK,SQLite field is complete,OK,SQLite field is complete,OK,SQLite field is complete,C,no local RAW/API snapshot is available,OK,SQLite field is complete,False
3242,6791,0,0,,OK,SQLite field is complete,OK,SQLite field is complete,OK,SQLite field is complete,OK,SQLite field is complete,C,no local RAW/API snapshot is available,OK,SQLite field is complete,False
3243,6794,0,0,,OK,SQLite field is complete,OK,SQLite field is complete,OK,SQLite field is complete,OK,SQLite field is complete,C,no local RAW/API snapshot is available,C,no local RAW/API snapshot is available,False
3244,6800,0,0,,OK,SQLite field is complete,OK,SQLite field is complete,OK,SQLite field is complete,OK,SQLite field is complete,C,no local RAW/API snapshot is available,OK,SQLite field is complete,False
3245,6804,0,0,,OK,SQLite field is complete,OK,SQLite field is complete,C,no local RAW/API snapshot is available,OK,SQLite field is complete,C,no local RAW/API snapshot is available,OK,SQLite field is complete,False
3246,6811,0,0,,OK,SQLite field is complete,OK,SQLite field is complete,OK,SQLite field is complete,OK,SQLite field is complete,C,no local RAW/API snapshot is available,OK,SQLite field is complete,False
3247,6812,0,0,,OK,SQLite field is complete,OK,SQLite field is complete,OK,SQLite field is complete,OK,SQLite field is complete,C,no local RAW/API snapshot is available,OK,SQLite field is complete,False
3248,6816,0,0,,OK,SQLite field is complete,OK,SQLite field is complete,OK,SQLite field is complete,OK,SQLite field is complete,C,no local RAW/API snapshot is available,OK,SQLite field is complete,False
3249,6820,0,0,,OK,SQLite field is complete,OK,SQLite field is complete,OK,SQLite field is complete,OK,SQLite field is complete,C,no local RAW/API snapshot is available,OK,SQLite field is complete,False
3250,6827,0,0,,OK,SQLite field is complete,OK,SQLite field is complete,OK,SQLite field is complete,OK,SQLite field is complete,C,no local RAW/API snapshot is available,OK,SQLite field is complete,False
3251,6831,0,0,,OK,SQLite field is complete,OK,SQLite field is complete,C,no local RAW/API snapshot is available,OK,SQLite field is complete,C,no local RAW/API snapshot is available,OK,SQLite field is complete,False
3252,6836,0,0,,OK,SQLite field is complete,OK,SQLite field is complete,OK,SQLite field is complete,OK,SQLite field is complete,C,no local RAW/API snapshot is available,OK,SQLite field is complete,False
3253,6839,0,0,,OK,SQLite field is complete,OK,SQLite field is complete,OK,SQLite field is complete,OK,SQLite field is complete,C,no local RAW/API snapshot is available,OK,SQLite field is complete,False
3254,6844,0,0,,OK,SQLite field is complete,OK,SQLite field is complete,OK,SQLite field is complete,OK,SQLite field is complete,C,no local RAW/API snapshot is available,OK,SQLite field is complete,False
3255,6847,0,0,,OK,SQLite field is complete,OK,SQLite field is complete,OK,SQLite field is complete,OK,SQLite field is complete,C,no local RAW/API snapshot is available,OK,SQLite field is complete,False
3256,6852,0,0,,OK,SQLite field is complete,OK,SQLite field is complete,OK,SQLite field is complete,OK,SQLite field is complete,C,no local RAW/API snapshot is available,OK,SQLite field is complete,False
3257,6856,0,0,,OK,SQLite field is complete,OK,SQLite field is complete,OK,SQLite field is complete,OK,SQLite field is complete,C,no local RAW/API snapshot is available,OK,SQLite field is complete,False
3258,6860,0,0,,OK,SQLite field is complete,OK,SQLite field is complete,OK,SQLite field is complete,OK,SQLite field is complete,C,no local RAW/API snapshot is available,OK,SQLite field is complete,False
3259,6866,0,0,,OK,SQLite field is complete,OK,SQLite field is complete,OK,SQLite field is complete,OK,SQLite field is complete,C,no local RAW/API snapshot is available,OK,SQLite field is complete,False
3260,6873,0,0,,OK,SQLite field is complete,OK,SQLite field is complete,OK,SQLite field is complete,OK,SQLite field is complete,C,no local RAW/API snapshot is available,OK,SQLite field is complete,False
3261,6878,0,0,,OK,SQLite field is complete,OK,SQLite field is complete,OK,SQLite field is complete,OK,SQLite field is complete,C,no local RAW/API snapshot is available,OK,SQLite field is complete,False
3262,6882,0,0,,OK,SQLite field is complete,OK,SQLite field is complete,OK,SQLite field is complete,OK,SQLite field is complete,C,no local RAW/API snapshot is available,OK,SQLite field is complete,False
3263,6885,0,0,,OK,SQLite field is complete,OK,SQLite field is complete,OK,SQLite field is complete,OK,SQLite field is complete,C,no local RAW/API snapshot is available,OK,SQLite field is complete,False
3264,6889,0,0,,OK,SQLite field is complete,OK,SQLite field is complete,C,no local RAW/API snapshot is available,OK,SQLite field is complete,C,no local RAW/API snapshot is available,C,no local RAW/API snapshot is available,False
3265,6894,0,0,,OK,SQLite field is complete,OK,SQLite field is complete,OK,SQLite field is complete,OK,SQLite field is complete,C,no local RAW/API snapshot is available,C,no local RAW/API snapshot is available,False
3266,6902,0,0,,OK,SQLite field is complete,OK,SQLite field is complete,OK,SQLite field is complete,OK,SQLite field is complete,C,no local RAW/API snapshot is available,OK,SQLite field is complete,False
3267,6906,0,0,,OK,SQLite field is complete,OK,SQLite field is complete,C,no local RAW/API snapshot is available,OK,SQLite field is complete,C,no local RAW/API snapshot is available,OK,SQLite field is complete,False
3268,6913,0,0,,OK,SQLite field is complete,OK,SQLite field is complete,OK,SQLite field is complete,OK,SQLite field is complete,C,no local RAW/API snapshot is available,OK,SQLite field is complete,False
3269,6918,0,0,,OK,SQLite field is complete,OK,SQLite field is complete,OK,SQLite field is complete,OK,SQLite field is complete,C,no local RAW/API snapshot is available,OK,SQLite field is complete,False
3270,6922,0,0,,OK,SQLite field is complete,OK,SQLite field is complete,OK,SQLite field is complete,OK,SQLite field is complete,C,no local RAW/API snapshot is available,OK,SQLite field is complete,False
3271,6926,0,0,,OK,SQLite field is complete,OK,SQLite field is complete,OK,SQLite field is complete,OK,SQLite field is complete,C,no local RAW/API snapshot is available,OK,SQLite field is complete,False
3272,6929,0,0,,OK,SQLite field is complete,OK,SQLite field is complete,OK,SQLite field is complete,OK,SQLite field is complete,C,no local RAW/API snapshot is available,OK,SQLite field is complete,False
3273,6936,0,0,,OK,SQLite field is complete,OK,SQLite field is complete,OK,SQLite field is complete,OK,SQLite field is complete,C,no local RAW/API snapshot is available,C,no local RAW/API snapshot is available,False
3274,6940,0,0,,OK,SQLite field is complete,OK,SQLite field is complete,OK,SQLite field is complete,OK,SQLite field is complete,C,no local RAW/API snapshot is available,OK,SQLite field is complete,False
3275,6946,0,0,,OK,SQLite field is complete,OK,SQLite field is complete,OK,SQLite field is complete,OK,SQLite field is complete,C,no local RAW/API snapshot is available,OK,SQLite field is complete,False
3276,6950,0,0,,OK,SQLite field is complete,OK,SQLite field is complete,OK,SQLite field is complete,OK,SQLite field is complete,C,no local RAW/API snapshot is available,OK,SQLite field is complete,False
3277,6955,0,0,,OK,SQLite field is complete,OK,SQLite field is complete,OK,SQLite field is complete,OK,SQLite field is complete,C,no local RAW/API snapshot is available,OK,SQLite field is complete,False
3278,6960,0,0,,OK,SQLite field is complete,OK,SQLite field is complete,OK,SQLite field is complete,OK,SQLite field is complete,C,no local RAW/API snapshot is available,OK,SQLite field is complete,False
3279,6967,0,0,,OK,SQLite field is complete,OK,SQLite field is complete,OK,SQLite field is complete,OK,SQLite field is complete,C,no local RAW/API snapshot is available,C,no local RAW/API snapshot is available,False
3280,6970,0,0,,OK,SQLite field is complete,OK,SQLite field is complete,OK,SQLite field is complete,OK,SQLite field is complete,C,no local RAW/API snapshot is available,C,no local RAW/API snapshot is available,False
3281,6975,0,0,,OK,SQLite field is complete,OK,SQLite field is complete,OK,SQLite field is complete,OK,SQLite field is complete,C,no local RAW/API snapshot is available,OK,SQLite field is complete,False
3282,6980,0,0,,OK,SQLite field is complete,OK,SQLite field is complete,OK,SQLite field is complete,OK,SQLite field is complete,C,no local RAW/API snapshot is available,OK,SQLite field is complete,False
3283,6984,0,0,,OK,SQLite field is complete,OK,SQLite field is complete,OK,SQLite field is complete,OK,SQLite field is complete,C,no local RAW/API snapshot is available,OK,SQLite field is complete,False
3284,6990,0,0,,OK,SQLite field is complete,OK,SQLite field is complete,OK,SQLite field is complete,OK,SQLite field is complete,C,no local RAW/API snapshot is available,OK,SQLite field is complete,False
3285,6995,0,0,,OK,SQLite field is complete,OK,SQLite field is complete,OK,SQLite field is complete,OK,SQLite field is complete,C,no local RAW/API snapshot is available,C,no local RAW/API snapshot is available,False
3286,7000,0,0,,OK,SQLite field is complete,OK,SQLite field is complete,OK,SQLite field is complete,OK,SQLite field is complete,C,no local RAW/API snapshot is available,OK,SQLite field is complete,False
3287,7007,0,0,,OK,SQLite field is complete,OK,SQLite field is complete,C,no local RAW/API snapshot is available,OK,SQLite field is complete,C,no local RAW/API snapshot is available,C,no local RAW/API snapshot is available,False
3288,7011,0,0,,OK,SQLite field is complete,OK,SQLite field is complete,OK,SQLite field is complete,OK,SQLite field is complete,C,no local RAW/API snapshot is available,OK,SQLite field is complete,False
3289,7014,0,0,,OK,SQLite field is complete,OK,SQLite field is complete,OK,SQLite field is complete,OK,SQLite field is complete,C,no local RAW/API snapshot is available,OK,SQLite field is complete,False
3290,7019,0,0,,OK,SQLite field is complete,OK,SQLite field is complete,OK,SQLite field is complete,OK,SQLite field is complete,C,no local RAW/API snapshot is available,OK,SQLite field is complete,False
3291,7022,0,0,,OK,SQLite field is complete,OK,SQLite field is complete,OK,SQLite field is complete,OK,SQLite field is complete,C,no local RAW/API snapshot is available,C,no local RAW/API snapshot is available,False
3292,7028,0,0,,OK,SQLite field is complete,OK,SQLite field is complete,OK,SQLite field is complete,OK,SQLite field is complete,C,no local RAW/API snapshot is available,C,no local RAW/API snapshot is available,False
3293,7032,0,0,,OK,SQLite field is complete,OK,SQLite field is complete,OK,SQLite field is complete,OK,SQLite field is complete,C,no local RAW/API snapshot is available,C,no local RAW/API snapshot is available,False
3294,7036,0,0,,OK,SQLite field is complete,OK,SQLite field is complete,OK,SQLite field is complete,OK,SQLite field is complete,C,no local RAW/API snapshot is available,C,no local RAW/API snapshot is available,False
3295,7040,0,0,,OK,SQLite field is complete,OK,SQLite field is complete,OK,SQLite field is complete,OK,SQLite field is complete,C,no local RAW/API snapshot is available,C,no local RAW/API snapshot is available,False
3296,7044,0,0,,OK,SQLite field is complete,OK,SQLite field is complete,OK,SQLite field is complete,OK,SQLite field is complete,C,no local RAW/API snapshot is available,C,no local RAW/API snapshot is available,False
3297,7046,0,0,,OK,SQLite field is complete,OK,SQLite field is complete,OK,SQLite field is complete,OK,SQLite field is complete,C,no local RAW/API snapshot is available,C,no local RAW/API snapshot is available,False
3298,7049,0,0,,OK,SQLite field is complete,OK,SQLite field is complete,OK,SQLite field is complete,OK,SQLite field is complete,C,no local RAW/API snapshot is available,C,no local RAW/API snapshot is available,False
3299,7054,0,0,,OK,SQLite field is complete,OK,SQLite field is complete,OK,SQLite field is complete,OK,SQLite field is complete,C,no local RAW/API snapshot is available,OK,SQLite field is complete,False
3300,7058,0,0,,OK,SQLite field is complete,OK,SQLite field is complete,OK,SQLite field is complete,OK,SQLite field is complete,C,no local RAW/API snapshot is available,C,no local RAW/API snapshot is available,False
3301,7062,0,0,,OK,SQLite field is complete,OK,SQLite field is complete,OK,SQLite field is complete,OK,SQLite field is complete,C,no local RAW/API snapshot is available,C,no local RAW/API snapshot is available,False
3302,7066,0,0,,OK,SQLite field is complete,OK,SQLite field is complete,OK,SQLite field is complete,OK,SQLite field is complete,C,no local RAW/API snapshot is available,OK,SQLite field is complete,False
3303,7070,0,0,,OK,SQLite field is complete,OK,SQLite field is complete,OK,SQLite field is complete,OK,SQLite field is complete,C,no local RAW/API snapshot is available,C,no local RAW/API snapshot is available,False
3304,7076,0,0,,OK,SQLite field is complete,OK,SQLite field is complete,OK,SQLite field is complete,OK,SQLite field is complete,C,no local RAW/API snapshot is available,C,no local RAW/API snapshot is available,False
3305,7079,0,0,,OK,SQLite field is complete,OK,SQLite field is complete,OK,SQLite field is complete,OK,SQLite field is complete,C,no local RAW/API snapshot is available,OK,SQLite field is complete,False
3306,7084,0,0,,OK,SQLite field is complete,OK,SQLite field is complete,OK,SQLite field is complete,OK,SQLite field is complete,C,no local RAW/API snapshot is available,OK,SQLite field is complete,False
3307,7087,0,0,,OK,SQLite field is complete,OK,SQLite field is complete,OK,SQLite field is complete,OK,SQLite field is complete,C,no local RAW/API snapshot is available,OK,SQLite field is complete,False
3308,7092,0,0,,OK,SQLite field is complete,OK,SQLite field is complete,OK,SQLite field is complete,OK,SQLite field is complete,C,no local RAW/API snapshot is available,C,no local RAW/API snapshot is available,False
3309,7100,0,0,,OK,SQLite field is complete,OK,SQLite field is complete,OK,SQLite field is complete,OK,SQLite field is complete,C,no local RAW/API snapshot is available,C,no local RAW/API snapshot is available,False
3310,7101,0,0,,OK,SQLite field is complete,OK,SQLite field is complete,OK,SQLite field is complete,OK,SQLite field is complete,C,no local RAW/API snapshot is available,C,no local RAW/API snapshot is available,False
3311,7107,0,0,,OK,SQLite field is complete,OK,SQLite field is complete,OK,SQLite field is complete,OK,SQLite field is complete,C,no local RAW/API snapshot is available,C,no local RAW/API snapshot is available,False
3312,7108,0,0,,OK,SQLite field is complete,OK,SQLite field is complete,OK,SQLite field is complete,OK,SQLite field is complete,C,no local RAW/API snapshot is available,C,no local RAW/API snapshot is available,False
3313,7116,0,0,,OK,SQLite field is complete,OK,SQLite field is complete,OK,SQLite field is complete,OK,SQLite field is complete,C,no local RAW/API snapshot is available,C,no local RAW/API snapshot is available,False
3314,7119,0,0,,OK,SQLite field is complete,OK,SQLite field is complete,OK,SQLite field is complete,OK,SQLite field is complete,C,no local RAW/API snapshot is available,C,no local RAW/API snapshot is available,False
3315,7124,0,0,,OK,SQLite field is complete,OK,SQLite field is complete,OK,SQLite field is complete,OK,SQLite field is complete,C,no local RAW/API snapshot is available,C,no local RAW/API snapshot is available,False
3316,7128,0,0,,OK,SQLite field is complete,OK,SQLite field is complete,OK,SQLite field is complete,OK,SQLite field is complete,C,no local RAW/API snapshot is available,C,no local RAW/API snapshot is available,False
3317,7133,0,0,,OK,SQLite field is complete,OK,SQLite field is complete,OK,SQLite field is complete,OK,SQLite field is complete,C,no local RAW/API snapshot is available,OK,SQLite field is complete,False
3318,7139,0,0,,OK,SQLite field is complete,OK,SQLite field is complete,OK,SQLite field is complete,OK,SQLite field is complete,C,no local RAW/API snapshot is available,OK,SQLite field is complete,False
3319,7143,0,0,,OK,SQLite field is complete,OK,SQLite field is complete,OK,SQLite field is complete,OK,SQLite field is complete,C,no local RAW/API snapshot is available,OK,SQLite field is complete,False
3320,7149,0,0,,OK,SQLite field is complete,OK,SQLite field is complete,OK,SQLite field is complete,OK,SQLite field is complete,C,no local RAW/API snapshot is available,OK,SQLite field is complete,False
3321,7152,0,0,,OK,SQLite field is complete,OK,SQLite field is complete,OK,SQLite field is complete,OK,SQLite field is complete,C,no local RAW/API snapshot is available,C,no local RAW/API snapshot is available,False
3322,7157,0,0,,OK,SQLite field is complete,OK,SQLite field is complete,OK,SQLite field is complete,OK,SQLite field is complete,C,no local RAW/API snapshot is available,OK,SQLite field is complete,False
3323,7164,0,0,,OK,SQLite field is complete,OK,SQLite field is complete,OK,SQLite field is complete,OK,SQLite field is complete,C,no local RAW/API snapshot is available,OK,SQLite field is complete,False
3324,7167,0,0,,OK,SQLite field is complete,OK,SQLite field is complete,OK,SQLite field is complete,OK,SQLite field is complete,C,no local RAW/API snapshot is available,OK,SQLite field is complete,False
3325,7173,0,0,,OK,SQLite field is complete,OK,SQLite field is complete,OK,SQLite field is complete,OK,SQLite field is complete,C,no local RAW/API snapshot is available,C,no local RAW/API snapshot is available,False
3326,7176,0,0,,OK,SQLite field is complete,OK,SQLite field is complete,OK,SQLite field is complete,OK,SQLite field is complete,C,no local RAW/API snapshot is available,OK,SQLite field is complete,False
3327,7183,0,0,,OK,SQLite field is complete,OK,SQLite field is complete,C,no local RAW/API snapshot is available,OK,SQLite field is complete,C,no local RAW/API snapshot is available,OK,SQLite field is complete,False
3328,7186,0,0,,OK,SQLite field is complete,OK,SQLite field is complete,OK,SQLite field is complete,OK,SQLite field is complete,C,no local RAW/API snapshot is available,OK,SQLite field is complete,False
3329,7189,0,0,,OK,SQLite field is complete,OK,SQLite field is complete,OK,SQLite field is complete,OK,SQLite field is complete,C,no local RAW/API snapshot is available,OK,SQLite field is complete,False
3330,7193,0,0,,OK,SQLite field is complete,OK,SQLite field is complete,OK,SQLite field is complete,OK,SQLite field is complete,C,no local RAW/API snapshot is available,C,no local RAW/API snapshot is available,False
3331,7199,0,0,,OK,SQLite field is complete,OK,SQLite field is complete,OK,SQLite field is complete,OK,SQLite field is complete,C,no local RAW/API snapshot is available,OK,SQLite field is complete,False
3332,7202,0,0,,OK,SQLite field is complete,OK,SQLite field is complete,OK,SQLite field is complete,OK,SQLite field is complete,C,no local RAW/API snapshot is available,OK,SQLite field is complete,False
3333,7207,0,0,,OK,SQLite field is complete,OK,SQLite field is complete,OK,SQLite field is complete,OK,SQLite field is complete,C,no local RAW/API snapshot is available,OK,SQLite field is complete,False
3334,7214,0,0,,OK,SQLite field is complete,OK,SQLite field is complete,OK,SQLite field is complete,OK,SQLite field is complete,C,no local RAW/API snapshot is available,OK,SQLite field is complete,False
3335,7218,0,0,,OK,SQLite field is complete,OK,SQLite field is complete,OK,SQLite field is complete,OK,SQLite field is complete,C,no local RAW/API snapshot is available,OK,SQLite field is complete,False
3336,7221,0,0,,OK,SQLite field is complete,OK,SQLite field is complete,OK,SQLite field is complete,OK,SQLite field is complete,C,no local RAW/API snapshot is available,OK,SQLite field is complete,False
3337,7227,0,0,,OK,SQLite field is complete,OK,SQLite field is complete,OK,SQLite field is complete,OK,SQLite field is complete,C,no local RAW/API snapshot is available,OK,SQLite field is complete,False
3338,7233,0,0,,OK,SQLite field is complete,OK,SQLite field is complete,OK,SQLite field is complete,OK,SQLite field is complete,C,no local RAW/API snapshot is available,OK,SQLite field is complete,False
3339,7237,0,0,,OK,SQLite field is complete,OK,SQLite field is complete,OK,SQLite field is complete,OK,SQLite field is complete,C,no local RAW/API snapshot is available,OK,SQLite field is complete,False
3340,7240,0,0,,OK,SQLite field is complete,OK,SQLite field is complete,OK,SQLite field is complete,OK,SQLite field is complete,C,no local RAW/API snapshot is available,OK,SQLite field is complete,False
3341,7246,0,0,,OK,SQLite field is complete,OK,SQLite field is complete,OK,SQLite field is complete,OK,SQLite field is complete,C,no local RAW/API snapshot is available,C,no local RAW/API snapshot is available,False
3342,7252,0,0,,OK,SQLite field is complete,OK,SQLite field is complete,C,no local RAW/API snapshot is available,OK,SQLite field is complete,C,no local RAW/API snapshot is available,OK,SQLite field is complete,False
3343,7258,0,0,,OK,SQLite field is complete,OK,SQLite field is complete,OK,SQLite field is complete,OK,SQLite field is complete,C,no local RAW/API snapshot is available,OK,SQLite field is complete,False
3344,7260,0,0,,OK,SQLite field is complete,OK,SQLite field is complete,OK,SQLite field is complete,OK,SQLite field is complete,C,no local RAW/API snapshot is available,C,no local RAW/API snapshot is available,False
3345,7265,0,0,,OK,SQLite field is complete,OK,SQLite field is complete,OK,SQLite field is complete,OK,SQLite field is complete,C,no local RAW/API snapshot is available,C,no local RAW/API snapshot is available,False
3346,7271,0,0,,OK,SQLite field is complete,OK,SQLite field is complete,OK,SQLite field is complete,OK,SQLite field is complete,C,no local RAW/API snapshot is available,OK,SQLite field is complete,False
3347,7274,0,0,,OK,SQLite field is complete,OK,SQLite field is complete,OK,SQLite field is complete,OK,SQLite field is complete,C,no local RAW/API snapshot is available,OK,SQLite field is complete,False
3348,7281,0,0,,OK,SQLite field is complete,OK,SQLite field is complete,OK,SQLite field is complete,OK,SQLite field is complete,C,no local RAW/API snapshot is available,OK,SQLite field is complete,False
3349,7284,0,0,,OK,SQLite field is complete,OK,SQLite field is complete,OK,SQLite field is complete,OK,SQLite field is complete,C,no local RAW/API snapshot is available,OK,SQLite field is complete,False
3350,7291,0,0,,OK,SQLite field is complete,OK,SQLite field is complete,OK,SQLite field is complete,OK,SQLite field is complete,C,no local RAW/API snapshot is available,C,no local RAW/API snapshot is available,False
3351,7294,0,0,,OK,SQLite field is complete,OK,SQLite field is complete,OK,SQLite field is complete,OK,SQLite field is complete,C,no local RAW/API snapshot is available,C,no local RAW/API snapshot is available,False
3352,7301,0,0,,OK,SQLite field is complete,OK,SQLite field is complete,OK,SQLite field is complete,OK,SQLite field is complete,C,no local RAW/API snapshot is available,OK,SQLite field is complete,False
3353,7304,0,0,,OK,SQLite field is complete,OK,SQLite field is complete,OK,SQLite field is complete,OK,SQLite field is complete,C,no local RAW/API snapshot is available,OK,SQLite field is complete,False
3354,7309,0,0,,OK,SQLite field is complete,OK,SQLite field is complete,C,no local RAW/API snapshot is available,OK,SQLite field is complete,C,no local RAW/API snapshot is available,OK,SQLite field is complete,False
3355,7314,0,0,,OK,SQLite field is complete,OK,SQLite field is complete,OK,SQLite field is complete,OK,SQLite field is complete,C,no local RAW/API snapshot is available,C,no local RAW/API snapshot is available,False
3356,7317,0,0,,OK,SQLite field is complete,OK,SQLite field is complete,OK,SQLite field is complete,OK,SQLite field is complete,C,no local RAW/API snapshot is available,C,no local RAW/API snapshot is available,False
3357,7324,0,0,,OK,SQLite field is complete,OK,SQLite field is complete,OK,SQLite field is complete,OK,SQLite field is complete,C,no local RAW/API snapshot is available,OK,SQLite field is complete,False
3358,7328,0,0,,OK,SQLite field is complete,OK,SQLite field is complete,OK,SQLite field is complete,OK,SQLite field is complete,C,no local RAW/API snapshot is available,OK,SQLite field is complete,False
3359,7331,0,0,,OK,SQLite field is complete,OK,SQLite field is complete,OK,SQLite field is complete,OK,SQLite field is complete,C,no local RAW/API snapshot is available,OK,SQLite field is complete,False
3360,7337,0,0,,OK,SQLite field is complete,OK,SQLite field is complete,OK,SQLite field is complete,OK,SQLite field is complete,C,no local RAW/API snapshot is available,OK,SQLite field is complete,False
3361,7340,0,0,,OK,SQLite field is complete,OK,SQLite field is complete,OK,SQLite field is complete,OK,SQLite field is complete,C,no local RAW/API snapshot is available,OK,SQLite field is complete,False
3362,7344,0,0,,OK,SQLite field is complete,OK,SQLite field is complete,OK,SQLite field is complete,OK,SQLite field is complete,C,no local RAW/API snapshot is available,OK,SQLite field is complete,False
3363,7351,0,0,,OK,SQLite field is complete,OK,SQLite field is complete,C,no local RAW/API snapshot is available,OK,SQLite field is complete,C,no local RAW/API snapshot is available,OK,SQLite field is complete,False
3364,7356,0,0,,OK,SQLite field is complete,OK,SQLite field is complete,C,no local RAW/API snapshot is available,OK,SQLite field is complete,C,no local RAW/API snapshot is available,OK,SQLite field is complete,False
3365,7362,0,0,,OK,SQLite field is complete,OK,SQLite field is complete,OK,SQLite field is complete,OK,SQLite field is complete,C,no local RAW/API snapshot is available,OK,SQLite field is complete,False
3366,7367,0,0,,OK,SQLite field is complete,OK,SQLite field is complete,OK,SQLite field is complete,OK,SQLite field is complete,C,no local RAW/API snapshot is available,OK,SQLite field is complete,False
3367,7370,0,0,,OK,SQLite field is complete,OK,SQLite field is complete,OK,SQLite field is complete,OK,SQLite field is complete,C,no local RAW/API snapshot is available,OK,SQLite field is complete,False
3368,7373,0,0,,OK,SQLite field is complete,OK,SQLite field is complete,OK,SQLite field is complete,OK,SQLite field is complete,C,no local RAW/API snapshot is available,OK,SQLite field is complete,False
3369,7379,0,0,,OK,SQLite field is complete,OK,SQLite field is complete,OK,SQLite field is complete,OK,SQLite field is complete,C,no local RAW/API snapshot is available,OK,SQLite field is complete,False
3370,7383,0,0,,OK,SQLite field is complete,OK,SQLite field is complete,OK,SQLite field is complete,OK,SQLite field is complete,C,no local RAW/API snapshot is available,OK,SQLite field is complete,False
3371,7387,0,0,,OK,SQLite field is complete,OK,SQLite field is complete,C,no local RAW/API snapshot is available,OK,SQLite field is complete,C,no local RAW/API snapshot is available,OK,SQLite field is complete,False
3372,7389,0,0,,OK,SQLite field is complete,OK,SQLite field is complete,OK,SQLite field is complete,OK,SQLite field is complete,C,no local RAW/API snapshot is available,OK,SQLite field is complete,False
3373,7390,0,0,,OK,SQLite field is complete,OK,SQLite field is complete,OK,SQLite field is complete,OK,SQLite field is complete,C,no local RAW/API snapshot is available,C,no local RAW/API snapshot is available,False
3374,7392,0,0,,OK,SQLite field is complete,OK,SQLite field is complete,OK,SQLite field is complete,OK,SQLite field is complete,C,no local RAW/API snapshot is available,OK,SQLite field is complete,False
3375,7395,0,0,,OK,SQLite field is complete,OK,SQLite field is complete,OK,SQLite field is complete,OK,SQLite field is complete,C,no local RAW/API snapshot is available,OK,SQLite field is complete,False
3376,7397,0,0,,OK,SQLite field is complete,OK,SQLite field is complete,OK,SQLite field is complete,OK,SQLite field is complete,C,no local RAW/API snapshot is available,OK,SQLite field is complete,False
3377,7398,0,0,,OK,SQLite field is complete,OK,SQLite field is complete,C,no local RAW/API snapshot is available,OK,SQLite field is complete,C,no local RAW/API snapshot is available,OK,SQLite field is complete,False
3378,7401,0,0,,OK,SQLite field is complete,OK,SQLite field is complete,C,no local RAW/API snapshot is available,OK,SQLite field is complete,C,no local RAW/API snapshot is available,C,no local RAW/API snapshot is available,False
3379,7403,0,0,,OK,SQLite field is complete,OK,SQLite field is complete,OK,SQLite field is complete,OK,SQLite field is complete,C,no local RAW/API snapshot is available,OK,SQLite field is complete,False
3380,7405,0,0,,OK,SQLite field is complete,OK,SQLite field is complete,OK,SQLite field is complete,OK,SQLite field is complete,C,no local RAW/API snapshot is available,OK,SQLite field is complete,False
3381,7407,0,0,,OK,SQLite field is complete,OK,SQLite field is complete,OK,SQLite field is complete,OK,SQLite field is complete,C,no local RAW/API snapshot is available,OK,SQLite field is complete,False
3382,7409,0,0,,OK,SQLite field is complete,OK,SQLite field is complete,OK,SQLite field is complete,OK,SQLite field is complete,C,no local RAW/API snapshot is available,OK,SQLite field is complete,False
3383,7411,0,0,,OK,SQLite field is complete,OK,SQLite field is complete,C,no local RAW/API snapshot is available,OK,SQLite field is complete,C,no local RAW/API snapshot is available,OK,SQLite field is complete,False
3384,7413,0,0,,OK,SQLite field is complete,OK,SQLite field is complete,OK,SQLite field is complete,OK,SQLite field is complete,C,no local RAW/API snapshot is available,OK,SQLite field is complete,False
3385,7415,0,0,,OK,SQLite field is complete,OK,SQLite field is complete,C,no local RAW/API snapshot is available,OK,SQLite field is complete,C,no local RAW/API snapshot is available,OK,SQLite field is complete,False
3386,7417,0,0,,OK,SQLite field is complete,OK,SQLite field is complete,OK,SQLite field is complete,OK,SQLite field is complete,C,no local RAW/API snapshot is available,OK,SQLite field is complete,False
3387,7418,0,0,,OK,SQLite field is complete,OK,SQLite field is complete,OK,SQLite field is complete,OK,SQLite field is complete,C,no local RAW/API snapshot is available,OK,SQLite field is complete,False
3388,7421,0,0,,OK,SQLite field is complete,OK,SQLite field is complete,OK,SQLite field is complete,OK,SQLite field is complete,C,no local RAW/API snapshot is available,OK,SQLite field is complete,False
3389,7424,0,0,,OK,SQLite field is complete,OK,SQLite field is complete,OK,SQLite field is complete,OK,SQLite field is complete,C,no local RAW/API snapshot is available,OK,SQLite field is complete,False
3390,7428,0,0,,OK,SQLite field is complete,OK,SQLite field is complete,OK,SQLite field is complete,OK,SQLite field is complete,C,no local RAW/API snapshot is available,OK,SQLite field is complete,False
3391,7430,0,0,,OK,SQLite field is complete,OK,SQLite field is complete,OK,SQLite field is complete,OK,SQLite field is complete,C,no local RAW/API snapshot is available,OK,SQLite field is complete,False
3392,7433,0,0,,OK,SQLite field is complete,OK,SQLite field is complete,OK,SQLite field is complete,OK,SQLite field is complete,C,no local RAW/API snapshot is available,OK,SQLite field is complete,False
3393,7437,0,0,,OK,SQLite field is complete,OK,SQLite field is complete,OK,SQLite field is complete,OK,SQLite field is complete,C,no local RAW/API snapshot is available,OK,SQLite field is complete,False
3394,7439,0,0,,OK,SQLite field is complete,OK,SQLite field is complete,OK,SQLite field is complete,OK,SQLite field is complete,C,no local RAW/API snapshot is available,OK,SQLite field is complete,False
3395,7443,0,0,,OK,SQLite field is complete,OK,SQLite field is complete,OK,SQLite field is complete,OK,SQLite field is complete,C,no local RAW/API snapshot is available,OK,SQLite field is complete,False
3396,7445,0,0,,OK,SQLite field is complete,OK,SQLite field is complete,OK,SQLite field is complete,OK,SQLite field is complete,C,no local RAW/API snapshot is available,OK,SQLite field is complete,False
3397,7448,0,0,,OK,SQLite field is complete,OK,SQLite field is complete,OK,SQLite field is complete,OK,SQLite field is complete,C,no local RAW/API snapshot is available,OK,SQLite field is complete,False
3398,7452,0,0,,OK,SQLite field is complete,OK,SQLite field is complete,C,no local RAW/API snapshot is available,OK,SQLite field is complete,C,no local RAW/API snapshot is available,OK,SQLite field is complete,False
3399,7454,0,0,,OK,SQLite field is complete,OK,SQLite field is complete,OK,SQLite field is complete,OK,SQLite field is complete,C,no local RAW/API snapshot is available,OK,SQLite field is complete,False
3400,7457,0,0,,OK,SQLite field is complete,OK,SQLite field is complete,OK,SQLite field is complete,OK,SQLite field is complete,C,no local RAW/API snapshot is available,OK,SQLite field is complete,False
3401,7460,0,0,,OK,SQLite field is complete,OK,SQLite field is complete,OK,SQLite field is complete,OK,SQLite field is complete,C,no local RAW/API snapshot is available,OK,SQLite field is complete,False
3402,7463,0,0,,OK,SQLite field is complete,OK,SQLite field is complete,OK,SQLite field is complete,OK,SQLite field is complete,C,no local RAW/API snapshot is available,OK,SQLite field is complete,False
3403,7466,0,0,,OK,SQLite field is complete,OK,SQLite field is complete,OK,SQLite field is complete,OK,SQLite field is complete,C,no local RAW/API snapshot is available,OK,SQLite field is complete,False
3404,7470,0,0,,OK,SQLite field is complete,OK,SQLite field is complete,OK,SQLite field is complete,OK,SQLite field is complete,C,no local RAW/API snapshot is available,OK,SQLite field is complete,False
3405,7473,0,0,,OK,SQLite field is complete,OK,SQLite field is complete,OK,SQLite field is complete,OK,SQLite field is complete,C,no local RAW/API snapshot is available,OK,SQLite field is complete,False
3406,7474,0,0,,OK,SQLite field is complete,OK,SQLite field is complete,OK,SQLite field is complete,OK,SQLite field is complete,C,no local RAW/API snapshot is available,OK,SQLite field is complete,False
3407,7478,0,0,,OK,SQLite field is complete,OK,SQLite field is complete,OK,SQLite field is complete,OK,SQLite field is complete,C,no local RAW/API snapshot is available,OK,SQLite field is complete,False
3408,7481,0,0,,OK,SQLite field is complete,OK,SQLite field is complete,OK,SQLite field is complete,OK,SQLite field is complete,C,no local RAW/API snapshot is available,C,no local RAW/API snapshot is available,False
3409,7485,0,0,,OK,SQLite field is complete,OK,SQLite field is complete,OK,SQLite field is complete,OK,SQLite field is complete,C,no local RAW/API snapshot is available,OK,SQLite field is complete,False
3410,7487,0,0,,OK,SQLite field is complete,OK,SQLite field is complete,C,no local RAW/API snapshot is available,OK,SQLite field is complete,C,no local RAW/API snapshot is available,OK,SQLite field is complete,False
3411,7490,0,0,,OK,SQLite field is complete,OK,SQLite field is complete,OK,SQLite field is complete,OK,SQLite field is complete,C,no local RAW/API snapshot is available,OK,SQLite field is complete,False
3412,7495,0,0,,OK,SQLite field is complete,OK,SQLite field is complete,OK,SQLite field is complete,OK,SQLite field is complete,C,no local RAW/API snapshot is available,OK,SQLite field is complete,False
3413,7498,0,0,,OK,SQLite field is complete,OK,SQLite field is complete,C,no local RAW/API snapshot is available,OK,SQLite field is complete,C,no local RAW/API snapshot is available,OK,SQLite field is complete,False
3414,7500,0,0,,OK,SQLite field is complete,OK,SQLite field is complete,OK,SQLite field is complete,OK,SQLite field is complete,C,no local RAW/API snapshot is available,OK,SQLite field is complete,False
3415,7502,0,0,,OK,SQLite field is complete,OK,SQLite field is complete,OK,SQLite field is complete,OK,SQLite field is complete,C,no local RAW/API snapshot is available,OK,SQLite field is complete,False
3416,7505,0,0,,OK,SQLite field is complete,OK,SQLite field is complete,OK,SQLite field is complete,OK,SQLite field is complete,C,no local RAW/API snapshot is available,OK,SQLite field is complete,False
3417,7509,0,0,,OK,SQLite field is complete,OK,SQLite field is complete,OK,SQLite field is complete,OK,SQLite field is complete,C,no local RAW/API snapshot is available,OK,SQLite field is complete,False
3418,7513,0,0,,OK,SQLite field is complete,OK,SQLite field is complete,C,no local RAW/API snapshot is available,OK,SQLite field is complete,C,no local RAW/API snapshot is available,OK,SQLite field is complete,False
3419,7515,0,0,,OK,SQLite field is complete,OK,SQLite field is complete,OK,SQLite field is complete,OK,SQLite field is complete,C,no local RAW/API snapshot is available,OK,SQLite field is complete,False
3420,7518,0,0,,OK,SQLite field is complete,OK,SQLite field is complete,OK,SQLite field is complete,OK,SQLite field is complete,C,no local RAW/API snapshot is available,C,no local RAW/API snapshot is available,False
3421,7521,0,0,,OK,SQLite field is complete,OK,SQLite field is complete,OK,SQLite field is complete,OK,SQLite field is complete,C,no local RAW/API snapshot is available,OK,SQLite field is complete,False
3422,7525,0,0,,OK,SQLite field is complete,OK,SQLite field is complete,OK,SQLite field is complete,OK,SQLite field is complete,C,no local RAW/API snapshot is available,OK,SQLite field is complete,False
3423,7528,0,0,,OK,SQLite field is complete,OK,SQLite field is complete,OK,SQLite field is complete,OK,SQLite field is complete,C,no local RAW/API snapshot is available,OK,SQLite field is complete,False
3424,7531,0,0,,OK,SQLite field is complete,OK,SQLite field is complete,OK,SQLite field is complete,OK,SQLite field is complete,C,no local RAW/API snapshot is available,OK,SQLite field is complete,False
3425,7534,0,0,,OK,SQLite field is complete,OK,SQLite field is complete,OK,SQLite field is complete,OK,SQLite field is complete,C,no local RAW/API snapshot is available,OK,SQLite field is complete,False
3426,7536,0,0,,OK,SQLite field is complete,OK,SQLite field is complete,OK,SQLite field is complete,OK,SQLite field is complete,C,no local RAW/API snapshot is available,OK,SQLite field is complete,False
3427,7540,0,0,,OK,SQLite field is complete,OK,SQLite field is complete,OK,SQLite field is complete,OK,SQLite field is complete,C,no local RAW/API snapshot is available,OK,SQLite field is complete,False
3428,7543,0,0,,OK,SQLite field is complete,OK,SQLite field is complete,C,no local RAW/API snapshot is available,OK,SQLite field is complete,C,no local RAW/API snapshot is available,OK,SQLite field is complete,False
3429,7546,0,0,,OK,SQLite field is complete,OK,SQLite field is complete,OK,SQLite field is complete,OK,SQLite field is complete,C,no local RAW/API snapshot is available,OK,SQLite field is complete,False
3430,7549,0,0,,OK,SQLite field is complete,OK,SQLite field is complete,OK,SQLite field is complete,OK,SQLite field is complete,C,no local RAW/API snapshot is available,OK,SQLite field is complete,False
3431,7552,0,0,,OK,SQLite field is complete,OK,SQLite field is complete,OK,SQLite field is complete,OK,SQLite field is complete,C,no local RAW/API snapshot is available,OK,SQLite field is complete,False
3432,7555,0,0,,OK,SQLite field is complete,OK,SQLite field is complete,OK,SQLite field is complete,OK,SQLite field is complete,C,no local RAW/API snapshot is available,OK,SQLite field is complete,False
3433,7558,0,0,,OK,SQLite field is complete,OK,SQLite field is complete,OK,SQLite field is complete,OK,SQLite field is complete,C,no local RAW/API snapshot is available,OK,SQLite field is complete,False
3434,7559,0,0,,OK,SQLite field is complete,OK,SQLite field is complete,OK,SQLite field is complete,OK,SQLite field is complete,C,no local RAW/API snapshot is available,OK,SQLite field is complete,False
3435,7563,0,0,,OK,SQLite field is complete,OK,SQLite field is complete,OK,SQLite field is complete,OK,SQLite field is complete,C,no local RAW/API snapshot is available,C,no local RAW/API snapshot is available,False
3436,7566,0,0,,OK,SQLite field is complete,OK,SQLite field is complete,OK,SQLite field is complete,OK,SQLite field is complete,C,no local RAW/API snapshot is available,C,no local RAW/API snapshot is available,False
3437,7569,0,0,,OK,SQLite field is complete,OK,SQLite field is complete,OK,SQLite field is complete,OK,SQLite field is complete,C,no local RAW/API snapshot is available,OK,SQLite field is complete,False
3438,7573,0,0,,OK,SQLite field is complete,OK,SQLite field is complete,OK,SQLite field is complete,OK,SQLite field is complete,C,no local RAW/API snapshot is available,OK,SQLite field is complete,False
3439,7576,0,0,,OK,SQLite field is complete,OK,SQLite field is complete,OK,SQLite field is complete,OK,SQLite field is complete,C,no local RAW/API snapshot is available,OK,SQLite field is complete,False
3440,7579,0,0,,OK,SQLite field is complete,OK,SQLite field is complete,OK,SQLite field is complete,OK,SQLite field is complete,C,no local RAW/API snapshot is available,C,no local RAW/API snapshot is available,False
3441,7581,0,0,,OK,SQLite field is complete,OK,SQLite field is complete,OK,SQLite field is complete,OK,SQLite field is complete,C,no local RAW/API snapshot is available,OK,SQLite field is complete,False
3442,7585,0,0,,OK,SQLite field is complete,OK,SQLite field is complete,OK,SQLite field is complete,OK,SQLite field is complete,C,no local RAW/API snapshot is available,OK,SQLite field is complete,False
3443,7587,0,0,,OK,SQLite field is complete,OK,SQLite field is complete,OK,SQLite field is complete,OK,SQLite field is complete,C,no local RAW/API snapshot is available,OK,SQLite field is complete,False
3444,7589,0,0,,OK,SQLite field is complete,OK,SQLite field is complete,OK,SQLite field is complete,OK,SQLite field is complete,C,no local RAW/API snapshot is available,OK,SQLite field is complete,False
3445,7590,0,0,,OK,SQLite field is complete,OK,SQLite field is complete,OK,SQLite field is complete,OK,SQLite field is complete,C,no local RAW/API snapshot is available,OK,SQLite field is complete,False
3446,7593,0,0,,OK,SQLite field is complete,OK,SQLite field is complete,C,no local RAW/API snapshot is available,OK,SQLite field is complete,C,no local RAW/API snapshot is available,C,no local RAW/API snapshot is available,False
3447,7595,0,0,,OK,SQLite field is complete,OK,SQLite field is complete,C,no local RAW/API snapshot is available,OK,SQLite field is complete,C,no local RAW/API snapshot is available,OK,SQLite field is complete,False
3448,7597,0,0,,OK,SQLite field is complete,OK,SQLite field is complete,C,no local RAW/API snapshot is available,OK,SQLite field is complete,C,no local RAW/API snapshot is available,OK,SQLite field is complete,False
3449,7598,0,0,,OK,SQLite field is complete,OK,SQLite field is complete,OK,SQLite field is complete,OK,SQLite field is complete,C,no local RAW/API snapshot is available,OK,SQLite field is complete,False
3450,7600,0,0,,OK,SQLite field is complete,OK,SQLite field is complete,OK,SQLite field is complete,OK,SQLite field is complete,C,no local RAW/API snapshot is available,OK,SQLite field is complete,False
3451,7603,0,0,,OK,SQLite field is complete,OK,SQLite field is complete,OK,SQLite field is complete,OK,SQLite field is complete,C,no local RAW/API snapshot is available,OK,SQLite field is complete,False
3452,7607,0,0,,OK,SQLite field is complete,OK,SQLite field is complete,OK,SQLite field is complete,OK,SQLite field is complete,C,no local RAW/API snapshot is available,OK,SQLite field is complete,False
3453,7609,0,0,,OK,SQLite field is complete,OK,SQLite field is complete,OK,SQLite field is complete,OK,SQLite field is complete,C,no local RAW/API snapshot is available,OK,SQLite field is complete,False
3454,7611,0,0,,OK,SQLite field is complete,OK,SQLite field is complete,OK,SQLite field is complete,OK,SQLite field is complete,C,no local RAW/API snapshot is available,OK,SQLite field is complete,False
3455,7613,0,0,,OK,SQLite field is complete,OK,SQLite field is complete,C,no local RAW/API snapshot is available,OK,SQLite field is complete,C,no local RAW/API snapshot is available,OK,SQLite field is complete,False
3456,7615,0,0,,OK,SQLite field is complete,OK,SQLite field is complete,OK,SQLite field is complete,OK,SQLite field is complete,C,no local RAW/API snapshot is available,OK,SQLite field is complete,False
3457,7617,0,0,,OK,SQLite field is complete,OK,SQLite field is complete,OK,SQLite field is complete,OK,SQLite field is complete,C,no local RAW/API snapshot is available,OK,SQLite field is complete,False
3458,7619,0,0,,OK,SQLite field is complete,OK,SQLite field is complete,OK,SQLite field is complete,OK,SQLite field is complete,C,no local RAW/API snapshot is available,OK,SQLite field is complete,False
3459,7621,0,0,,OK,SQLite field is complete,OK,SQLite field is complete,OK,SQLite field is complete,OK,SQLite field is complete,C,no local RAW/API snapshot is available,OK,SQLite field is complete,False
3460,7623,0,0,,OK,SQLite field is complete,OK,SQLite field is complete,OK,SQLite field is complete,OK,SQLite field is complete,C,no local RAW/API snapshot is available,OK,SQLite field is complete,False
3461,7625,0,0,,OK,SQLite field is complete,OK,SQLite field is complete,C,no local RAW/API snapshot is available,OK,SQLite field is complete,C,no local RAW/API snapshot is available,OK,SQLite field is complete,False
3462,7626,0,0,,OK,SQLite field is complete,OK,SQLite field is complete,C,no local RAW/API snapshot is available,OK,SQLite field is complete,C,no local RAW/API snapshot is available,OK,SQLite field is complete,False
3463,7629,0,0,,OK,SQLite field is complete,OK,SQLite field is complete,OK,SQLite field is complete,OK,SQLite field is complete,C,no local RAW/API snapshot is available,OK,SQLite field is complete,False
3464,7631,0,0,,OK,SQLite field is complete,OK,SQLite field is complete,OK,SQLite field is complete,OK,SQLite field is complete,C,no local RAW/API snapshot is available,OK,SQLite field is complete,False
3465,7633,0,0,,OK,SQLite field is complete,OK,SQLite field is complete,OK,SQLite field is complete,OK,SQLite field is complete,C,no local RAW/API snapshot is available,OK,SQLite field is complete,False
3466,7635,0,0,,OK,SQLite field is complete,OK,SQLite field is complete,OK,SQLite field is complete,OK,SQLite field is complete,C,no local RAW/API snapshot is available,OK,SQLite field is complete,False
3467,7637,0,0,,OK,SQLite field is complete,OK,SQLite field is complete,OK,SQLite field is complete,OK,SQLite field is complete,C,no local RAW/API snapshot is available,OK,SQLite field is complete,False
3468,7639,0,0,,OK,SQLite field is complete,OK,SQLite field is complete,OK,SQLite field is complete,OK,SQLite field is complete,C,no local RAW/API snapshot is available,OK,SQLite field is complete,False
3469,7641,0,0,,OK,SQLite field is complete,OK,SQLite field is complete,OK,SQLite field is complete,OK,SQLite field is complete,C,no local RAW/API snapshot is available,OK,SQLite field is complete,False
3470,7644,0,0,,OK,SQLite field is complete,OK,SQLite field is complete,OK,SQLite field is complete,OK,SQLite field is complete,C,no local RAW/API snapshot is available,C,no local RAW/API snapshot is available,False
3471,7647,0,0,,OK,SQLite field is complete,OK,SQLite field is complete,OK,SQLite field is complete,OK,SQLite field is complete,C,no local RAW/API snapshot is available,OK,SQLite field is complete,False
3472,7650,0,0,,OK,SQLite field is complete,OK,SQLite field is complete,OK,SQLite field is complete,OK,SQLite field is complete,C,no local RAW/API snapshot is available,OK,SQLite field is complete,False
3473,7653,0,0,,OK,SQLite field is complete,OK,SQLite field is complete,OK,SQLite field is complete,OK,SQLite field is complete,C,no local RAW/API snapshot is available,OK,SQLite field is complete,False
3474,7655,0,0,,OK,SQLite field is complete,OK,SQLite field is complete,OK,SQLite field is complete,OK,SQLite field is complete,C,no local RAW/API snapshot is available,OK,SQLite field is complete,False
3475,7657,0,0,,OK,SQLite field is complete,OK,SQLite field is complete,OK,SQLite field is complete,OK,SQLite field is complete,C,no local RAW/API snapshot is available,OK,SQLite field is complete,False
3476,7661,0,0,,OK,SQLite field is complete,OK,SQLite field is complete,OK,SQLite field is complete,OK,SQLite field is complete,C,no local RAW/API snapshot is available,OK,SQLite field is complete,False
3477,7663,0,0,,OK,SQLite field is complete,OK,SQLite field is complete,OK,SQLite field is complete,OK,SQLite field is complete,C,no local RAW/API snapshot is available,OK,SQLite field is complete,False
3478,7667,0,0,,OK,SQLite field is complete,OK,SQLite field is complete,OK,SQLite field is complete,OK,SQLite field is complete,C,no local RAW/API snapshot is available,C,no local RAW/API snapshot is available,False
3479,7668,0,0,,OK,SQLite field is complete,OK,SQLite field is complete,OK,SQLite field is complete,OK,SQLite field is complete,C,no local RAW/API snapshot is available,OK,SQLite field is complete,False
3480,7671,0,0,,OK,SQLite field is complete,OK,SQLite field is complete,OK,SQLite field is complete,OK,SQLite field is complete,C,no local RAW/API snapshot is available,OK,SQLite field is complete,False
3481,7673,0,0,,OK,SQLite field is complete,OK,SQLite field is complete,OK,SQLite field is complete,OK,SQLite field is complete,C,no local RAW/API snapshot is available,OK,SQLite field is complete,False
3482,7676,0,0,,OK,SQLite field is complete,OK,SQLite field is complete,C,no local RAW/API snapshot is available,OK,SQLite field is complete,C,no local RAW/API snapshot is available,OK,SQLite field is complete,False
3483,7679,0,0,,OK,SQLite field is complete,OK,SQLite field is complete,C,no local RAW/API snapshot is available,OK,SQLite field is complete,C,no local RAW/API snapshot is available,C,no local RAW/API snapshot is available,False
3484,7682,0,0,,OK,SQLite field is complete,OK,SQLite field is complete,C,no local RAW/API snapshot is available,OK,SQLite field is complete,C,no local RAW/API snapshot is available,C,no local RAW/API snapshot is available,False
3485,7684,0,0,,OK,SQLite field is complete,OK,SQLite field is complete,OK,SQLite field is complete,OK,SQLite field is complete,C,no local RAW/API snapshot is available,OK,SQLite field is complete,False
3486,7687,0,0,,OK,SQLite field is complete,OK,SQLite field is complete,OK,SQLite field is complete,OK,SQLite field is complete,C,no local RAW/API snapshot is available,OK,SQLite field is complete,False
3487,7689,0,0,,OK,SQLite field is complete,OK,SQLite field is complete,OK,SQLite field is complete,OK,SQLite field is complete,C,no local RAW/API snapshot is available,C,no local RAW/API snapshot is available,False
3488,7693,0,0,,OK,SQLite field is complete,OK,SQLite field is complete,OK,SQLite field is complete,OK,SQLite field is complete,C,no local RAW/API snapshot is available,C,no local RAW/API snapshot is available,False
3489,7695,0,0,,OK,SQLite field is complete,OK,SQLite field is complete,C,no local RAW/API snapshot is available,OK,SQLite field is complete,C,no local RAW/API snapshot is available,OK,SQLite field is complete,False
3490,7698,0,0,,OK,SQLite field is complete,OK,SQLite field is complete,OK,SQLite field is complete,OK,SQLite field is complete,C,no local RAW/API snapshot is available,OK,SQLite field is complete,False
3491,7700,0,0,,OK,SQLite field is complete,OK,SQLite field is complete,OK,SQLite field is complete,OK,SQLite field is complete,C,no local RAW/API snapshot is available,C,no local RAW/API snapshot is available,False
3492,7703,0,0,,OK,SQLite field is complete,OK,SQLite field is complete,OK,SQLite field is complete,OK,SQLite field is complete,C,no local RAW/API snapshot is available,OK,SQLite field is complete,False
3493,7706,0,0,,OK,SQLite field is complete,OK,SQLite field is complete,OK,SQLite field is complete,OK,SQLite field is complete,C,no local RAW/API snapshot is available,OK,SQLite field is complete,False
3494,7710,0,0,,OK,SQLite field is complete,OK,SQLite field is complete,OK,SQLite field is complete,OK,SQLite field is complete,C,no local RAW/API snapshot is available,OK,SQLite field is complete,False
3495,7713,0,0,,OK,SQLite field is complete,OK,SQLite field is complete,OK,SQLite field is complete,OK,SQLite field is complete,C,no local RAW/API snapshot is available,OK,SQLite field is complete,False
3496,7717,0,0,,OK,SQLite field is complete,OK,SQLite field is complete,OK,SQLite field is complete,OK,SQLite field is complete,C,no local RAW/API snapshot is available,OK,SQLite field is complete,False
3497,7719,0,0,,OK,SQLite field is complete,OK,SQLite field is complete,OK,SQLite field is complete,OK,SQLite field is complete,C,no local RAW/API snapshot is available,OK,SQLite field is complete,False
3498,7721,0,0,,OK,SQLite field is complete,OK,SQLite field is complete,OK,SQLite field is complete,OK,SQLite field is complete,C,no local RAW/API snapshot is available,OK,SQLite field is complete,False
3499,7726,0,0,,OK,SQLite field is complete,OK,SQLite field is complete,OK,SQLite field is complete,OK,SQLite field is complete,C,no local RAW/API snapshot is available,OK,SQLite field is complete,False
3500,7727,0,0,,OK,SQLite field is complete,OK,SQLite field is complete,OK,SQLite field is complete,OK,SQLite field is complete,C,no local RAW/API snapshot is available,C,no local RAW/API snapshot is available,False
3501,7732,0,0,,OK,SQLite field is complete,OK,SQLite field is complete,OK,SQLite field is complete,OK,SQLite field is complete,C,no local RAW/API snapshot is available,C,no local RAW/API snapshot is available,False
3502,7735,0,0,,OK,SQLite field is complete,OK,SQLite field is complete,OK,SQLite field is complete,OK,SQLite field is complete,C,no local RAW/API snapshot is available,OK,SQLite field is complete,False
3503,7738,0,0,,OK,SQLite field is complete,OK,SQLite field is complete,C,no local RAW/API snapshot is available,OK,SQLite field is complete,C,no local RAW/API snapshot is available,OK,SQLite field is complete,False
3504,7739,0,0,,OK,SQLite field is complete,OK,SQLite field is complete,OK,SQLite field is complete,OK,SQLite field is complete,C,no local RAW/API snapshot is available,C,no local RAW/API snapshot is available,False
3505,7742,0,0,,OK,SQLite field is complete,OK,SQLite field is complete,OK,SQLite field is complete,OK,SQLite field is complete,C,no local RAW/API snapshot is available,OK,SQLite field is complete,False
3506,7745,0,0,,OK,SQLite field is complete,OK,SQLite field is complete,OK,SQLite field is complete,OK,SQLite field is complete,C,no local RAW/API snapshot is available,C,no local RAW/API snapshot is available,False
3507,7749,0,0,,OK,SQLite field is complete,OK,SQLite field is complete,OK,SQLite field is complete,OK,SQLite field is complete,C,no local RAW/API snapshot is available,OK,SQLite field is complete,False
3508,7751,0,0,,OK,SQLite field is complete,OK,SQLite field is complete,OK,SQLite field is complete,OK,SQLite field is complete,C,no local RAW/API snapshot is available,OK,SQLite field is complete,False
3509,7755,0,0,,OK,SQLite field is complete,OK,SQLite field is complete,OK,SQLite field is complete,OK,SQLite field is complete,C,no local RAW/API snapshot is available,OK,SQLite field is complete,False
3510,7757,0,0,,OK,SQLite field is complete,OK,SQLite field is complete,C,no local RAW/API snapshot is available,OK,SQLite field is complete,C,no local RAW/API snapshot is available,OK,SQLite field is complete,False
3511,7762,0,0,,OK,SQLite field is complete,OK,SQLite field is complete,C,no local RAW/API snapshot is available,OK,SQLite field is complete,C,no local RAW/API snapshot is available,OK,SQLite field is complete,False
3512,7764,0,0,,OK,SQLite field is complete,OK,SQLite field is complete,OK,SQLite field is complete,OK,SQLite field is complete,C,no local RAW/API snapshot is available,OK,SQLite field is complete,False
3513,7766,0,0,,OK,SQLite field is complete,OK,SQLite field is complete,OK,SQLite field is complete,OK,SQLite field is complete,C,no local RAW/API snapshot is available,OK,SQLite field is complete,False
3514,7769,0,0,,OK,SQLite field is complete,OK,SQLite field is complete,OK,SQLite field is complete,OK,SQLite field is complete,C,no local RAW/API snapshot is available,OK,SQLite field is complete,False
3515,7772,0,0,,OK,SQLite field is complete,OK,SQLite field is complete,OK,SQLite field is complete,OK,SQLite field is complete,C,no local RAW/API snapshot is available,OK,SQLite field is complete,False
3516,7776,0,0,,OK,SQLite field is complete,OK,SQLite field is complete,OK,SQLite field is complete,OK,SQLite field is complete,C,no local RAW/API snapshot is available,OK,SQLite field is complete,False
3517,7779,0,0,,OK,SQLite field is complete,OK,SQLite field is complete,OK,SQLite field is complete,OK,SQLite field is complete,C,no local RAW/API snapshot is available,OK,SQLite field is complete,False
3518,7781,0,0,,OK,SQLite field is complete,OK,SQLite field is complete,OK,SQLite field is complete,OK,SQLite field is complete,C,no local RAW/API snapshot is available,OK,SQLite field is complete,False
3519,7784,0,0,,OK,SQLite field is complete,OK,SQLite field is complete,C,no local RAW/API snapshot is available,OK,SQLite field is complete,C,no local RAW/API snapshot is available,OK,SQLite field is complete,False
3520,7788,0,0,,OK,SQLite field is complete,OK,SQLite field is complete,OK,SQLite field is complete,OK,SQLite field is complete,C,no local RAW/API snapshot is available,OK,SQLite field is complete,False
3521,7790,0,0,,OK,SQLite field is complete,OK,SQLite field is complete,C,no local RAW/API snapshot is available,OK,SQLite field is complete,C,no local RAW/API snapshot is available,C,no local RAW/API snapshot is available,False
3522,7795,0,0,,OK,SQLite field is complete,OK,SQLite field is complete,OK,SQLite field is complete,OK,SQLite field is complete,C,no local RAW/API snapshot is available,OK,SQLite field is complete,False
3523,7798,0,0,,OK,SQLite field is complete,OK,SQLite field is complete,OK,SQLite field is complete,OK,SQLite field is complete,C,no local RAW/API snapshot is available,OK,SQLite field is complete,False
3524,7799,0,0,,OK,SQLite field is complete,OK,SQLite field is complete,OK,SQLite field is complete,OK,SQLite field is complete,C,no local RAW/API snapshot is available,OK,SQLite field is complete,False
3525,7803,0,0,,OK,SQLite field is complete,OK,SQLite field is complete,OK,SQLite field is complete,OK,SQLite field is complete,C,no local RAW/API snapshot is available,OK,SQLite field is complete,False
3526,7806,0,0,,OK,SQLite field is complete,OK,SQLite field is complete,OK,SQLite field is complete,OK,SQLite field is complete,C,no local RAW/API snapshot is available,OK,SQLite field is complete,False
3527,7809,0,0,,OK,SQLite field is complete,OK,SQLite field is complete,OK,SQLite field is complete,OK,SQLite field is complete,C,no local RAW/API snapshot is available,OK,SQLite field is complete,False
3528,7811,0,0,,OK,SQLite field is complete,OK,SQLite field is complete,C,no local RAW/API snapshot is available,OK,SQLite field is complete,C,no local RAW/API snapshot is available,OK,SQLite field is complete,False
3529,7815,0,0,,OK,SQLite field is complete,OK,SQLite field is complete,C,no local RAW/API snapshot is available,OK,SQLite field is complete,C,no local RAW/API snapshot is available,OK,SQLite field is complete,False
3530,7817,0,0,,OK,SQLite field is complete,OK,SQLite field is complete,OK,SQLite field is complete,OK,SQLite field is complete,C,no local RAW/API snapshot is available,OK,SQLite field is complete,False
3531,7820,0,0,,OK,SQLite field is complete,OK,SQLite field is complete,OK,SQLite field is complete,OK,SQLite field is complete,C,no local RAW/API snapshot is available,OK,SQLite field is complete,False
3532,7824,0,0,,OK,SQLite field is complete,OK,SQLite field is complete,C,no local RAW/API snapshot is available,OK,SQLite field is complete,C,no local RAW/API snapshot is available,C,no local RAW/API snapshot is available,False
3533,7827,0,0,,OK,SQLite field is complete,OK,SQLite field is complete,OK,SQLite field is complete,OK,SQLite field is complete,C,no local RAW/API snapshot is available,OK,SQLite field is complete,False
3534,7830,0,0,,OK,SQLite field is complete,OK,SQLite field is complete,OK,SQLite field is complete,OK,SQLite field is complete,C,no local RAW/API snapshot is available,OK,SQLite field is complete,False
3535,7832,0,0,,OK,SQLite field is complete,OK,SQLite field is complete,OK,SQLite field is complete,OK,SQLite field is complete,C,no local RAW/API snapshot is available,OK,SQLite field is complete,False
3536,7835,0,0,,OK,SQLite field is complete,OK,SQLite field is complete,OK,SQLite field is complete,OK,SQLite field is complete,C,no local RAW/API snapshot is available,OK,SQLite field is complete,False
3537,7839,0,0,,OK,SQLite field is complete,OK,SQLite field is complete,OK,SQLite field is complete,OK,SQLite field is complete,C,no local RAW/API snapshot is available,OK,SQLite field is complete,False
3538,7842,0,0,,OK,SQLite field is complete,OK,SQLite field is complete,OK,SQLite field is complete,OK,SQLite field is complete,C,no local RAW/API snapshot is available,OK,SQLite field is complete,False
3539,7845,0,0,,OK,SQLite field is complete,OK,SQLite field is complete,OK,SQLite field is complete,OK,SQLite field is complete,C,no local RAW/API snapshot is available,OK,SQLite field is complete,False
3540,7849,0,0,,OK,SQLite field is complete,OK,SQLite field is complete,OK,SQLite field is complete,OK,SQLite field is complete,C,no local RAW/API snapshot is available,OK,SQLite field is complete,False
3541,7851,0,0,,OK,SQLite field is complete,OK,SQLite field is complete,OK,SQLite field is complete,OK,SQLite field is complete,C,no local RAW/API snapshot is available,OK,SQLite field is complete,False
3542,7853,0,0,,OK,SQLite field is complete,OK,SQLite field is complete,OK,SQLite field is complete,OK,SQLite field is complete,C,no local RAW/API snapshot is available,OK,SQLite field is complete,False
3543,7857,0,0,,OK,SQLite field is complete,OK,SQLite field is complete,OK,SQLite field is complete,OK,SQLite field is complete,C,no local RAW/API snapshot is available,OK,SQLite field is complete,False
3544,7860,0,0,,OK,SQLite field is complete,OK,SQLite field is complete,OK,SQLite field is complete,OK,SQLite field is complete,C,no local RAW/API snapshot is available,OK,SQLite field is complete,False
3545,7863,0,0,,OK,SQLite field is complete,OK,SQLite field is complete,OK,SQLite field is complete,OK,SQLite field is complete,C,no local RAW/API snapshot is available,OK,SQLite field is complete,False
3546,7866,0,0,,OK,SQLite field is complete,OK,SQLite field is complete,C,no local RAW/API snapshot is available,OK,SQLite field is complete,C,no local RAW/API snapshot is available,OK,SQLite field is complete,False
3547,7869,0,0,,OK,SQLite field is complete,OK,SQLite field is complete,OK,SQLite field is complete,OK,SQLite field is complete,C,no local RAW/API snapshot is available,OK,SQLite field is complete,False
3548,7872,0,0,,OK,SQLite field is complete,OK,SQLite field is complete,OK,SQLite field is complete,OK,SQLite field is complete,C,no local RAW/API snapshot is available,C,no local RAW/API snapshot is available,False
3549,7875,0,0,,OK,SQLite field is complete,OK,SQLite field is complete,OK,SQLite field is complete,OK,SQLite field is complete,C,no local RAW/API snapshot is available,OK,SQLite field is complete,False
3550,7878,0,0,,OK,SQLite field is complete,OK,SQLite field is complete,OK,SQLite field is complete,OK,SQLite field is complete,C,no local RAW/API snapshot is available,OK,SQLite field is complete,False
3551,7880,0,0,,OK,SQLite field is complete,OK,SQLite field is complete,OK,SQLite field is complete,OK,SQLite field is complete,C,no local RAW/API snapshot is available,C,no local RAW/API snapshot is available,False
3552,7885,0,0,,OK,SQLite field is complete,OK,SQLite field is complete,OK,SQLite field is complete,OK,SQLite field is complete,C,no local RAW/API snapshot is available,OK,SQLite field is complete,False
3553,7887,0,0,,OK,SQLite field is complete,OK,SQLite field is complete,C,no local RAW/API snapshot is available,OK,SQLite field is complete,C,no local RAW/API snapshot is available,OK,SQLite field is complete,False
3554,7890,0,0,,OK,SQLite field is complete,OK,SQLite field is complete,C,no local RAW/API snapshot is available,OK,SQLite field is complete,C,no local RAW/API snapshot is available,OK,SQLite field is complete,False
3555,7893,0,0,,OK,SQLite field is complete,OK,SQLite field is complete,OK,SQLite field is complete,OK,SQLite field is complete,C,no local RAW/API snapshot is available,OK,SQLite field is complete,False
3556,7897,0,0,,OK,SQLite field is complete,OK,SQLite field is complete,OK,SQLite field is complete,OK,SQLite field is complete,C,no local RAW/API snapshot is available,OK,SQLite field is complete,False
3557,7899,0,0,,OK,SQLite field is complete,OK,SQLite field is complete,OK,SQLite field is complete,OK,SQLite field is complete,C,no local RAW/API snapshot is available,OK,SQLite field is complete,False
3558,7903,0,0,,OK,SQLite field is complete,OK,SQLite field is complete,OK,SQLite field is complete,OK,SQLite field is complete,C,no local RAW/API snapshot is available,OK,SQLite field is complete,False
3559,7905,0,0,,OK,SQLite field is complete,OK,SQLite field is complete,OK,SQLite field is complete,OK,SQLite field is complete,C,no local RAW/API snapshot is available,OK,SQLite field is complete,False
3560,7908,0,0,,OK,SQLite field is complete,OK,SQLite field is complete,OK,SQLite field is complete,OK,SQLite field is complete,C,no local RAW/API snapshot is available,OK,SQLite field is complete,False
3561,7911,0,0,,OK,SQLite field is complete,OK,SQLite field is complete,OK,SQLite field is complete,OK,SQLite field is complete,C,no local RAW/API snapshot is available,OK,SQLite field is complete,False
3562,7914,0,0,,OK,SQLite field is complete,OK,SQLite field is complete,OK,SQLite field is complete,OK,SQLite field is complete,C,no local RAW/API snapshot is available,OK,SQLite field is complete,False
3563,7917,0,0,,OK,SQLite field is complete,OK,SQLite field is complete,OK,SQLite field is complete,OK,SQLite field is complete,C,no local RAW/API snapshot is available,OK,SQLite field is complete,False
3564,7920,0,0,,OK,SQLite field is complete,OK,SQLite field is complete,OK,SQLite field is complete,OK,SQLite field is complete,C,no local RAW/API snapshot is available,C,no local RAW/API snapshot is available,False
3565,7923,0,0,,OK,SQLite field is complete,OK,SQLite field is complete,OK,SQLite field is complete,OK,SQLite field is complete,C,no local RAW/API snapshot is available,OK,SQLite field is complete,False
3566,7927,0,0,,OK,SQLite field is complete,OK,SQLite field is complete,C,no local RAW/API snapshot is available,OK,SQLite field is complete,C,no local RAW/API snapshot is available,OK,SQLite field is complete,False
3567,7928,0,0,,OK,SQLite field is complete,OK,SQLite field is complete,C,no local RAW/API snapshot is available,OK,SQLite field is complete,C,no local RAW/API snapshot is available,OK,SQLite field is complete,False
3568,7933,0,0,,OK,SQLite field is complete,OK,SQLite field is complete,OK,SQLite field is complete,OK,SQLite field is complete,C,no local RAW/API snapshot is available,OK,SQLite field is complete,False
3569,7935,0,0,,OK,SQLite field is complete,OK,SQLite field is complete,OK,SQLite field is complete,OK,SQLite field is complete,C,no local RAW/API snapshot is available,OK,SQLite field is complete,False
3570,7937,0,0,,OK,SQLite field is complete,OK,SQLite field is complete,OK,SQLite field is complete,OK,SQLite field is complete,C,no local RAW/API snapshot is available,OK,SQLite field is complete,False
3571,7940,0,0,,OK,SQLite field is complete,OK,SQLite field is complete,OK,SQLite field is complete,OK,SQLite field is complete,C,no local RAW/API snapshot is available,OK,SQLite field is complete,False
3572,7943,0,0,,OK,SQLite field is complete,OK,SQLite field is complete,OK,SQLite field is complete,OK,SQLite field is complete,C,no local RAW/API snapshot is available,OK,SQLite field is complete,False
3573,7947,0,0,,OK,SQLite field is complete,OK,SQLite field is complete,OK,SQLite field is complete,OK,SQLite field is complete,C,no local RAW/API snapshot is available,OK,SQLite field is complete,False
3574,7948,0,0,,OK,SQLite field is complete,OK,SQLite field is complete,OK,SQLite field is complete,OK,SQLite field is complete,C,no local RAW/API snapshot is available,OK,SQLite field is complete,False
3575,7951,0,0,,OK,SQLite field is complete,OK,SQLite field is complete,OK,SQLite field is complete,OK,SQLite field is complete,C,no local RAW/API snapshot is available,C,no local RAW/API snapshot is available,False
3576,7955,0,0,,OK,SQLite field is complete,OK,SQLite field is complete,OK,SQLite field is complete,OK,SQLite field is complete,C,no local RAW/API snapshot is available,OK,SQLite field is complete,False
3577,7958,0,0,,OK,SQLite field is complete,OK,SQLite field is complete,OK,SQLite field is complete,OK,SQLite field is complete,C,no local RAW/API snapshot is available,OK,SQLite field is complete,False
3578,7962,0,0,,OK,SQLite field is complete,OK,SQLite field is complete,OK,SQLite field is complete,OK,SQLite field is complete,C,no local RAW/API snapshot is available,OK,SQLite field is complete,False
3579,7964,0,0,,OK,SQLite field is complete,OK,SQLite field is complete,C,no local RAW/API snapshot is available,OK,SQLite field is complete,C,no local RAW/API snapshot is available,OK,SQLite field is complete,False
3580,7966,0,0,,OK,SQLite field is complete,OK,SQLite field is complete,C,no local RAW/API snapshot is available,OK,SQLite field is complete,C,no local RAW/API snapshot is available,OK,SQLite field is complete,False
3581,7971,0,0,,OK,SQLite field is complete,OK,SQLite field is complete,C,no local RAW/API snapshot is available,OK,SQLite field is complete,C,no local RAW/API snapshot is available,OK,SQLite field is complete,False
3582,7973,0,0,,OK,SQLite field is complete,OK,SQLite field is complete,OK,SQLite field is complete,OK,SQLite field is complete,C,no local RAW/API snapshot is available,OK,SQLite field is complete,False
3583,7977,0,0,,OK,SQLite field is complete,OK,SQLite field is complete,OK,SQLite field is complete,OK,SQLite field is complete,C,no local RAW/API snapshot is available,OK,SQLite field is complete,False
3584,7979,0,0,,OK,SQLite field is complete,OK,SQLite field is complete,OK,SQLite field is complete,OK,SQLite field is complete,C,no local RAW/API snapshot is available,OK,SQLite field is complete,False
3585,7982,0,0,,OK,SQLite field is complete,OK,SQLite field is complete,OK,SQLite field is complete,OK,SQLite field is complete,C,no local RAW/API snapshot is available,OK,SQLite field is complete,False
3586,7985,0,0,,OK,SQLite field is complete,OK,SQLite field is complete,OK,SQLite field is complete,OK,SQLite field is complete,C,no local RAW/API snapshot is available,OK,SQLite field is complete,False
3587,7988,0,0,,OK,SQLite field is complete,OK,SQLite field is complete,OK,SQLite field is complete,OK,SQLite field is complete,C,no local RAW/API snapshot is available,OK,SQLite field is complete,False
3588,7990,0,0,,OK,SQLite field is complete,OK,SQLite field is complete,OK,SQLite field is complete,OK,SQLite field is complete,C,no local RAW/API snapshot is available,OK,SQLite field is complete,False
3589,7995,0,0,,OK,SQLite field is complete,OK,SQLite field is complete,C,no local RAW/API snapshot is available,OK,SQLite field is complete,C,no local RAW/API snapshot is available,OK,SQLite field is complete,False
3590,7997,0,0,,OK,SQLite field is complete,OK,SQLite field is complete,OK,SQLite field is complete,OK,SQLite field is complete,C,no local RAW/API snapshot is available,OK,SQLite field is complete,False
3591,8000,0,0,,OK,SQLite field is complete,OK,SQLite field is complete,OK,SQLite field is complete,OK,SQLite field is complete,C,no local RAW/API snapshot is available,OK,SQLite field is complete,False
3592,8003,0,0,,OK,SQLite field is complete,OK,SQLite field is complete,OK,SQLite field is complete,OK,SQLite field is complete,C,no local RAW/API snapshot is available,OK,SQLite field is complete,False
3593,8006,0,0,,OK,SQLite field is complete,OK,SQLite field is complete,OK,SQLite field is complete,OK,SQLite field is complete,C,no local RAW/API snapshot is available,OK,SQLite field is complete,False
3594,8009,0,0,,OK,SQLite field is complete,OK,SQLite field is complete,OK,SQLite field is complete,OK,SQLite field is complete,C,no local RAW/API snapshot is available,OK,SQLite field is complete,False
3595,8011,0,0,,OK,SQLite field is complete,OK,SQLite field is complete,OK,SQLite field is complete,OK,SQLite field is complete,C,no local RAW/API snapshot is available,C,no local RAW/API snapshot is available,False
3596,8015,0,0,,OK,SQLite field is complete,OK,SQLite field is complete,OK,SQLite field is complete,OK,SQLite field is complete,C,no local RAW/API snapshot is available,OK,SQLite field is complete,False
3597,8019,0,0,,OK,SQLite field is complete,OK,SQLite field is complete,OK,SQLite field is complete,OK,SQLite field is complete,C,no local RAW/API snapshot is available,OK,SQLite field is complete,False
3598,8021,0,0,,OK,SQLite field is complete,OK,SQLite field is complete,OK,SQLite field is complete,OK,SQLite field is complete,C,no local RAW/API snapshot is available,OK,SQLite field is complete,False
3599,8025,0,0,,OK,SQLite field is complete,OK,SQLite field is complete,OK,SQLite field is complete,OK,SQLite field is complete,C,no local RAW/API snapshot is available,OK,SQLite field is complete,False
3600,8027,0,0,,OK,SQLite field is complete,OK,SQLite field is complete,OK,SQLite field is complete,OK,SQLite field is complete,C,no local RAW/API snapshot is available,OK,SQLite field is complete,False
3601,8030,0,0,,OK,SQLite field is complete,OK,SQLite field is complete,OK,SQLite field is complete,OK,SQLite field is complete,C,no local RAW/API snapshot is available,C,no local RAW/API snapshot is available,False
3602,8033,0,0,,OK,SQLite field is complete,OK,SQLite field is complete,OK,SQLite field is complete,OK,SQLite field is complete,C,no local RAW/API snapshot is available,OK,SQLite field is complete,False
3603,8035,0,0,,OK,SQLite field is complete,OK,SQLite field is complete,OK,SQLite field is complete,OK,SQLite field is complete,C,no local RAW/API snapshot is available,OK,SQLite field is complete,False
3604,8039,0,0,,OK,SQLite field is complete,OK,SQLite field is complete,OK,SQLite field is complete,OK,SQLite field is complete,C,no local RAW/API snapshot is available,OK,SQLite field is complete,False
3605,8042,0,0,,OK,SQLite field is complete,OK,SQLite field is complete,OK,SQLite field is complete,OK,SQLite field is complete,C,no local RAW/API snapshot is available,OK,SQLite field is complete,False
3606,8046,0,0,,OK,SQLite field is complete,OK,SQLite field is complete,OK,SQLite field is complete,OK,SQLite field is complete,C,no local RAW/API snapshot is available,OK,SQLite field is complete,False
3607,8047,0,0,,OK,SQLite field is complete,OK,SQLite field is complete,OK,SQLite field is complete,OK,SQLite field is complete,C,no local RAW/API snapshot is available,OK,SQLite field is complete,False
3608,8051,0,0,,OK,SQLite field is complete,OK,SQLite field is complete,OK,SQLite field is complete,OK,SQLite field is complete,C,no local RAW/API snapshot is available,C,no local RAW/API snapshot is available,False
3609,8053,0,0,,OK,SQLite field is complete,OK,SQLite field is complete,OK,SQLite field is complete,OK,SQLite field is complete,C,no local RAW/API snapshot is available,OK,SQLite field is complete,False
3610,8056,0,0,,OK,SQLite field is complete,OK,SQLite field is complete,OK,SQLite field is complete,OK,SQLite field is complete,C,no local RAW/API snapshot is available,OK,SQLite field is complete,False
3611,8060,0,0,,OK,SQLite field is complete,OK,SQLite field is complete,OK,SQLite field is complete,OK,SQLite field is complete,C,no local RAW/API snapshot is available,OK,SQLite field is complete,False
3612,8062,0,0,,OK,SQLite field is complete,OK,SQLite field is complete,OK,SQLite field is complete,OK,SQLite field is complete,C,no local RAW/API snapshot is available,OK,SQLite field is complete,False
3613,8067,0,0,,OK,SQLite field is complete,OK,SQLite field is complete,OK,SQLite field is complete,OK,SQLite field is complete,C,no local RAW/API snapshot is available,OK,SQLite field is complete,False
3614,8069,0,0,,OK,SQLite field is complete,OK,SQLite field is complete,OK,SQLite field is complete,OK,SQLite field is complete,C,no local RAW/API snapshot is available,OK,SQLite field is complete,False
3615,8072,0,0,,OK,SQLite field is complete,OK,SQLite field is complete,C,no local RAW/API snapshot is available,OK,SQLite field is complete,C,no local RAW/API snapshot is available,C,no local RAW/API snapshot is available,False
3616,8074,0,0,,OK,SQLite field is complete,OK,SQLite field is complete,OK,SQLite field is complete,OK,SQLite field is complete,C,no local RAW/API snapshot is available,OK,SQLite field is complete,False
3617,8078,0,0,,OK,SQLite field is complete,OK,SQLite field is complete,OK,SQLite field is complete,OK,SQLite field is complete,C,no local RAW/API snapshot is available,C,no local RAW/API snapshot is available,False
3618,8080,0,0,,OK,SQLite field is complete,OK,SQLite field is complete,OK,SQLite field is complete,OK,SQLite field is complete,C,no local RAW/API snapshot is available,C,no local RAW/API snapshot is available,False
3619,8083,0,0,,OK,SQLite field is complete,OK,SQLite field is complete,OK,SQLite field is complete,OK,SQLite field is complete,C,no local RAW/API snapshot is available,OK,SQLite field is complete,False
3620,8085,0,0,,OK,SQLite field is complete,OK,SQLite field is complete,OK,SQLite field is complete,OK,SQLite field is complete,C,no local RAW/API snapshot is available,OK,SQLite field is complete,False
3621,8087,0,0,,OK,SQLite field is complete,OK,SQLite field is complete,OK,SQLite field is complete,OK,SQLite field is complete,C,no local RAW/API snapshot is available,C,no local RAW/API snapshot is available,False
3622,8090,0,0,,OK,SQLite field is complete,OK,SQLite field is complete,OK,SQLite field is complete,OK,SQLite field is complete,C,no local RAW/API snapshot is available,C,no local RAW/API snapshot is available,False
3623,8093,0,0,,OK,SQLite field is complete,OK,SQLite field is complete,OK,SQLite field is complete,OK,SQLite field is complete,C,no local RAW/API snapshot is available,OK,SQLite field is complete,False
3624,8095,0,0,,OK,SQLite field is complete,OK,SQLite field is complete,OK,SQLite field is complete,OK,SQLite field is complete,C,no local RAW/API snapshot is available,OK,SQLite field is complete,False
3625,8098,0,0,,OK,SQLite field is complete,OK,SQLite field is complete,OK,SQLite field is complete,OK,SQLite field is complete,C,no local RAW/API snapshot is available,C,no local RAW/API snapshot is available,False
3626,8101,0,0,,OK,SQLite field is complete,OK,SQLite field is complete,OK,SQLite field is complete,OK,SQLite field is complete,C,no local RAW/API snapshot is available,OK,SQLite field is complete,False
3627,8104,0,0,,OK,SQLite field is complete,OK,SQLite field is complete,OK,SQLite field is complete,OK,SQLite field is complete,C,no local RAW/API snapshot is available,OK,SQLite field is complete,False
3628,8107,0,0,,OK,SQLite field is complete,OK,SQLite field is complete,C,no local RAW/API snapshot is available,OK,SQLite field is complete,C,no local RAW/API snapshot is available,C,no local RAW/API snapshot is available,False
3629,8110,0,0,,OK,SQLite field is complete,OK,SQLite field is complete,OK,SQLite field is complete,OK,SQLite field is complete,C,no local RAW/API snapshot is available,OK,SQLite field is complete,False
3630,8112,0,0,,OK,SQLite field is complete,OK,SQLite field is complete,OK,SQLite field is complete,OK,SQLite field is complete,C,no local RAW/API snapshot is available,OK,SQLite field is complete,False
3631,8115,0,0,,OK,SQLite field is complete,OK,SQLite field is complete,OK,SQLite field is complete,OK,SQLite field is complete,C,no local RAW/API snapshot is available,OK,SQLite field is complete,False
3632,8118,0,0,,OK,SQLite field is complete,OK,SQLite field is complete,OK,SQLite field is complete,OK,SQLite field is complete,C,no local RAW/API snapshot is available,OK,SQLite field is complete,False
3633,8121,0,0,,OK,SQLite field is complete,OK,SQLite field is complete,OK,SQLite field is complete,OK,SQLite field is complete,C,no local RAW/API snapshot is available,OK,SQLite field is complete,False
3634,8123,0,0,,OK,SQLite field is complete,OK,SQLite field is complete,OK,SQLite field is complete,OK,SQLite field is complete,C,no local RAW/API snapshot is available,OK,SQLite field is complete,False
3635,8126,0,0,,OK,SQLite field is complete,OK,SQLite field is complete,C,no local RAW/API snapshot is available,OK,SQLite field is complete,C,no local RAW/API snapshot is available,OK,SQLite field is complete,False
3636,8128,0,0,,OK,SQLite field is complete,OK,SQLite field is complete,OK,SQLite field is complete,OK,SQLite field is complete,C,no local RAW/API snapshot is available,C,no local RAW/API snapshot is available,False
3637,8132,0,0,,OK,SQLite field is complete,OK,SQLite field is complete,OK,SQLite field is complete,OK,SQLite field is complete,C,no local RAW/API snapshot is available,OK,SQLite field is complete,False
3638,8134,0,0,,OK,SQLite field is complete,OK,SQLite field is complete,OK,SQLite field is complete,OK,SQLite field is complete,C,no local RAW/API snapshot is available,OK,SQLite field is complete,False
3639,8137,0,0,,OK,SQLite field is complete,OK,SQLite field is complete,OK,SQLite field is complete,OK,SQLite field is complete,C,no local RAW/API snapshot is available,C,no local RAW/API snapshot is available,False
3640,8140,0,0,,OK,SQLite field is complete,OK,SQLite field is complete,OK,SQLite field is complete,OK,SQLite field is complete,C,no local RAW/API snapshot is available,C,no local RAW/API snapshot is available,False
3641,8143,0,0,,OK,SQLite field is complete,OK,SQLite field is complete,OK,SQLite field is complete,OK,SQLite field is complete,C,no local RAW/API snapshot is available,OK,SQLite field is complete,False
3642,8146,0,0,,OK,SQLite field is complete,OK,SQLite field is complete,OK,SQLite field is complete,OK,SQLite field is complete,C,no local RAW/API snapshot is available,OK,SQLite field is complete,False
3643,8149,0,0,,OK,SQLite field is complete,OK,SQLite field is complete,OK,SQLite field is complete,OK,SQLite field is complete,C,no local RAW/API snapshot is available,C,no local RAW/API snapshot is available,False
3644,8151,0,0,,OK,SQLite field is complete,OK,SQLite field is complete,OK,SQLite field is complete,OK,SQLite field is complete,C,no local RAW/API snapshot is available,OK,SQLite field is complete,False
3645,8154,0,0,,OK,SQLite field is complete,OK,SQLite field is complete,OK,SQLite field is complete,OK,SQLite field is complete,C,no local RAW/API snapshot is available,C,no local RAW/API snapshot is available,False
3646,8157,0,0,,OK,SQLite field is complete,OK,SQLite field is complete,OK,SQLite field is complete,OK,SQLite field is complete,C,no local RAW/API snapshot is available,C,no local RAW/API snapshot is available,False
3647,8161,0,0,,OK,SQLite field is complete,OK,SQLite field is complete,OK,SQLite field is complete,OK,SQLite field is complete,C,no local RAW/API snapshot is available,C,no local RAW/API snapshot is available,False
3648,8164,0,0,,OK,SQLite field is complete,OK,SQLite field is complete,OK,SQLite field is complete,OK,SQLite field is complete,C,no local RAW/API snapshot is available,OK,SQLite field is complete,False
3649,8167,0,0,,OK,SQLite field is complete,OK,SQLite field is complete,OK,SQLite field is complete,OK,SQLite field is complete,C,no local RAW/API snapshot is available,OK,SQLite field is complete,False
3650,8170,0,0,,OK,SQLite field is complete,OK,SQLite field is complete,OK,SQLite field is complete,OK,SQLite field is complete,C,no local RAW/API snapshot is available,OK,SQLite field is complete,False
3651,8173,0,0,,OK,SQLite field is complete,OK,SQLite field is complete,OK,SQLite field is complete,OK,SQLite field is complete,C,no local RAW/API snapshot is available,C,no local RAW/API snapshot is available,False
3652,8176,0,0,,OK,SQLite field is complete,OK,SQLite field is complete,OK,SQLite field is complete,OK,SQLite field is complete,C,no local RAW/API snapshot is available,C,no local RAW/API snapshot is available,False
3653,8179,0,0,,OK,SQLite field is complete,OK,SQLite field is complete,OK,SQLite field is complete,OK,SQLite field is complete,C,no local RAW/API snapshot is available,OK,SQLite field is complete,False
3654,8182,0,0,,OK,SQLite field is complete,OK,SQLite field is complete,OK,SQLite field is complete,OK,SQLite field is complete,C,no local RAW/API snapshot is available,OK,SQLite field is complete,False
3655,8184,0,0,,OK,SQLite field is complete,OK,SQLite field is complete,C,no local RAW/API snapshot is available,OK,SQLite field is complete,C,no local RAW/API snapshot is available,OK,SQLite field is complete,False
3656,8187,0,0,,OK,SQLite field is complete,OK,SQLite field is complete,OK,SQLite field is complete,OK,SQLite field is complete,C,no local RAW/API snapshot is available,OK,SQLite field is complete,False
3657,8189,0,0,,OK,SQLite field is complete,OK,SQLite field is complete,C,no local RAW/API snapshot is available,OK,SQLite field is complete,C,no local RAW/API snapshot is available,OK,SQLite field is complete,False
3658,8191,0,0,,OK,SQLite field is complete,OK,SQLite field is complete,OK,SQLite field is complete,OK,SQLite field is complete,C,no local RAW/API snapshot is available,OK,SQLite field is complete,False
3659,8194,0,0,,OK,SQLite field is complete,OK,SQLite field is complete,OK,SQLite field is complete,OK,SQLite field is complete,C,no local RAW/API snapshot is available,C,no local RAW/API snapshot is available,False
3660,8198,0,0,,OK,SQLite field is complete,OK,SQLite field is complete,OK,SQLite field is complete,OK,SQLite field is complete,C,no local RAW/API snapshot is available,OK,SQLite field is complete,False
3661,8199,0,0,,OK,SQLite field is complete,OK,SQLite field is complete,OK,SQLite field is complete,OK,SQLite field is complete,C,no local RAW/API snapshot is available,OK,SQLite field is complete,False
3662,8203,0,0,,OK,SQLite field is complete,OK,SQLite field is complete,OK,SQLite field is complete,OK,SQLite field is complete,C,no local RAW/API snapshot is available,OK,SQLite field is complete,False
3663,8206,0,0,,OK,SQLite field is complete,OK,SQLite field is complete,OK,SQLite field is complete,OK,SQLite field is complete,C,no local RAW/API snapshot is available,OK,SQLite field is complete,False
3664,8209,0,0,,OK,SQLite field is complete,OK,SQLite field is complete,OK,SQLite field is complete,OK,SQLite field is complete,C,no local RAW/API snapshot is available,C,no local RAW/API snapshot is available,False
3665,8211,0,0,,OK,SQLite field is complete,OK,SQLite field is complete,OK,SQLite field is complete,OK,SQLite field is complete,C,no local RAW/API snapshot is available,C,no local RAW/API snapshot is available,False
3666,8213,0,0,,OK,SQLite field is complete,OK,SQLite field is complete,OK,SQLite field is complete,OK,SQLite field is complete,C,no local RAW/API snapshot is available,OK,SQLite field is complete,False
3667,8216,0,0,,OK,SQLite field is complete,OK,SQLite field is complete,OK,SQLite field is complete,OK,SQLite field is complete,C,no local RAW/API snapshot is available,OK,SQLite field is complete,False
3668,8218,0,0,,OK,SQLite field is complete,OK,SQLite field is complete,OK,SQLite field is complete,OK,SQLite field is complete,C,no local RAW/API snapshot is available,OK,SQLite field is complete,False
3669,8222,0,0,,OK,SQLite field is complete,OK,SQLite field is complete,OK,SQLite field is complete,OK,SQLite field is complete,C,no local RAW/API snapshot is available,OK,SQLite field is complete,False
3670,8223,0,0,,OK,SQLite field is complete,OK,SQLite field is complete,OK,SQLite field is complete,OK,SQLite field is complete,C,no local RAW/API snapshot is available,OK,SQLite field is complete,False
3671,8227,0,0,,OK,SQLite field is complete,OK,SQLite field is complete,OK,SQLite field is complete,OK,SQLite field is complete,C,no local RAW/API snapshot is available,OK,SQLite field is complete,False
3672,8230,0,0,,OK,SQLite field is complete,OK,SQLite field is complete,C,no local RAW/API snapshot is available,OK,SQLite field is complete,C,no local RAW/API snapshot is available,OK,SQLite field is complete,False
3673,8233,0,0,,OK,SQLite field is complete,OK,SQLite field is complete,OK,SQLite field is complete,OK,SQLite field is complete,C,no local RAW/API snapshot is available,OK,SQLite field is complete,False
3674,8235,0,0,,OK,SQLite field is complete,OK,SQLite field is complete,OK,SQLite field is complete,OK,SQLite field is complete,C,no local RAW/API snapshot is available,OK,SQLite field is complete,False
3675,8238,0,0,,OK,SQLite field is complete,OK,SQLite field is complete,OK,SQLite field is complete,OK,SQLite field is complete,C,no local RAW/API snapshot is available,OK,SQLite field is complete,False
3676,8242,0,0,,OK,SQLite field is complete,OK,SQLite field is complete,OK,SQLite field is complete,OK,SQLite field is complete,C,no local RAW/API snapshot is available,OK,SQLite field is complete,False
3677,8244,0,0,,OK,SQLite field is complete,OK,SQLite field is complete,OK,SQLite field is complete,OK,SQLite field is complete,C,no local RAW/API snapshot is available,C,no local RAW/API snapshot is available,False
3678,8247,0,0,,OK,SQLite field is complete,OK,SQLite field is complete,OK,SQLite field is complete,OK,SQLite field is complete,C,no local RAW/API snapshot is available,C,no local RAW/API snapshot is available,False
3679,8250,0,0,,OK,SQLite field is complete,OK,SQLite field is complete,OK,SQLite field is complete,OK,SQLite field is complete,C,no local RAW/API snapshot is available,C,no local RAW/API snapshot is available,False
3680,8252,0,0,,OK,SQLite field is complete,OK,SQLite field is complete,C,no local RAW/API snapshot is available,OK,SQLite field is complete,C,no local RAW/API snapshot is available,OK,SQLite field is complete,False
3681,8256,0,0,,OK,SQLite field is complete,OK,SQLite field is complete,OK,SQLite field is complete,OK,SQLite field is complete,C,no local RAW/API snapshot is available,OK,SQLite field is complete,False
3682,8259,0,0,,OK,SQLite field is complete,OK,SQLite field is complete,OK,SQLite field is complete,OK,SQLite field is complete,C,no local RAW/API snapshot is available,OK,SQLite field is complete,False
3683,8262,0,0,,OK,SQLite field is complete,OK,SQLite field is complete,OK,SQLite field is complete,OK,SQLite field is complete,C,no local RAW/API snapshot is available,C,no local RAW/API snapshot is available,False
3684,8264,0,0,,OK,SQLite field is complete,OK,SQLite field is complete,OK,SQLite field is complete,OK,SQLite field is complete,C,no local RAW/API snapshot is available,OK,SQLite field is complete,False
3685,8267,0,0,,OK,SQLite field is complete,OK,SQLite field is complete,OK,SQLite field is complete,OK,SQLite field is complete,C,no local RAW/API snapshot is available,C,no local RAW/API snapshot is available,False
3686,8269,0,0,,OK,SQLite field is complete,OK,SQLite field is complete,C,no local RAW/API snapshot is available,OK,SQLite field is complete,C,no local RAW/API snapshot is available,C,no local RAW/API snapshot is available,False
3687,8274,0,0,,OK,SQLite field is complete,OK,SQLite field is complete,C,no local RAW/API snapshot is available,OK,SQLite field is complete,C,no local RAW/API snapshot is available,OK,SQLite field is complete,False
3688,8276,0,0,,OK,SQLite field is complete,OK,SQLite field is complete,OK,SQLite field is complete,OK,SQLite field is complete,C,no local RAW/API snapshot is available,OK,SQLite field is complete,False
3689,8279,0,0,,OK,SQLite field is complete,OK,SQLite field is complete,OK,SQLite field is complete,OK,SQLite field is complete,C,no local RAW/API snapshot is available,OK,SQLite field is complete,False
3690,8282,0,0,,OK,SQLite field is complete,OK,SQLite field is complete,OK,SQLite field is complete,OK,SQLite field is complete,C,no local RAW/API snapshot is available,OK,SQLite field is complete,False
3691,8286,0,0,,OK,SQLite field is complete,OK,SQLite field is complete,C,no local RAW/API snapshot is available,OK,SQLite field is complete,C,no local RAW/API snapshot is available,OK,SQLite field is complete,False
3692,8288,0,0,,OK,SQLite field is complete,OK,SQLite field is complete,OK,SQLite field is complete,OK,SQLite field is complete,C,no local RAW/API snapshot is available,OK,SQLite field is complete,False
3693,8292,0,0,,OK,SQLite field is complete,OK,SQLite field is complete,C,no local RAW/API snapshot is available,OK,SQLite field is complete,C,no local RAW/API snapshot is available,OK,SQLite field is complete,False
3694,8294,0,0,,OK,SQLite field is complete,OK,SQLite field is complete,OK,SQLite field is complete,OK,SQLite field is complete,C,no local RAW/API snapshot is available,OK,SQLite field is complete,False
3695,8297,0,0,,OK,SQLite field is complete,OK,SQLite field is complete,OK,SQLite field is complete,OK,SQLite field is complete,C,no local RAW/API snapshot is available,C,no local RAW/API snapshot is available,False
3696,8299,0,0,,OK,SQLite field is complete,OK,SQLite field is complete,OK,SQLite field is complete,OK,SQLite field is complete,C,no local RAW/API snapshot is available,OK,SQLite field is complete,False
3697,8303,0,0,,OK,SQLite field is complete,OK,SQLite field is complete,OK,SQLite field is complete,OK,SQLite field is complete,C,no local RAW/API snapshot is available,OK,SQLite field is complete,False
3698,8307,0,0,,OK,SQLite field is complete,OK,SQLite field is complete,OK,SQLite field is complete,OK,SQLite field is complete,C,no local RAW/API snapshot is available,C,no local RAW/API snapshot is available,False
3699,8309,0,0,,OK,SQLite field is complete,OK,SQLite field is complete,OK,SQLite field is complete,OK,SQLite field is complete,C,no local RAW/API snapshot is available,C,no local RAW/API snapshot is available,False
3700,8312,0,0,,OK,SQLite field is complete,OK,SQLite field is complete,C,no local RAW/API snapshot is available,OK,SQLite field is complete,C,no local RAW/API snapshot is available,OK,SQLite field is complete,False
3701,8315,0,0,,OK,SQLite field is complete,OK,SQLite field is complete,OK,SQLite field is complete,OK,SQLite field is complete,C,no local RAW/API snapshot is available,OK,SQLite field is complete,False
3702,8318,0,0,,OK,SQLite field is complete,OK,SQLite field is complete,OK,SQLite field is complete,OK,SQLite field is complete,C,no local RAW/API snapshot is available,OK,SQLite field is complete,False
3703,8322,0,0,,OK,SQLite field is complete,OK,SQLite field is complete,OK,SQLite field is complete,OK,SQLite field is complete,C,no local RAW/API snapshot is available,OK,SQLite field is complete,False
3704,8325,0,0,,OK,SQLite field is complete,OK,SQLite field is complete,OK,SQLite field is complete,OK,SQLite field is complete,C,no local RAW/API snapshot is available,OK,SQLite field is complete,False
3705,8326,0,0,,OK,SQLite field is complete,OK,SQLite field is complete,C,no local RAW/API snapshot is available,OK,SQLite field is complete,C,no local RAW/API snapshot is available,C,no local RAW/API snapshot is available,False
3706,8330,0,0,,OK,SQLite field is complete,OK,SQLite field is complete,OK,SQLite field is complete,OK,SQLite field is complete,C,no local RAW/API snapshot is available,OK,SQLite field is complete,False
3707,8333,0,0,,OK,SQLite field is complete,OK,SQLite field is complete,OK,SQLite field is complete,OK,SQLite field is complete,C,no local RAW/API snapshot is available,OK,SQLite field is complete,False
3708,8336,0,0,,OK,SQLite field is complete,OK,SQLite field is complete,C,no local RAW/API snapshot is available,OK,SQLite field is complete,C,no local RAW/API snapshot is available,OK,SQLite field is complete,False
3709,8339,0,0,,OK,SQLite field is complete,OK,SQLite field is complete,OK,SQLite field is complete,OK,SQLite field is complete,C,no local RAW/API snapshot is available,OK,SQLite field is complete,False
3710,8341,0,0,,OK,SQLite field is complete,OK,SQLite field is complete,OK,SQLite field is complete,OK,SQLite field is complete,C,no local RAW/API snapshot is available,OK,SQLite field is complete,False
3711,8345,0,0,,OK,SQLite field is complete,OK,SQLite field is complete,OK,SQLite field is complete,OK,SQLite field is complete,C,no local RAW/API snapshot is available,OK,SQLite field is complete,False
3712,8347,0,0,,OK,SQLite field is complete,OK,SQLite field is complete,C,no local RAW/API snapshot is available,OK,SQLite field is complete,C,no local RAW/API snapshot is available,OK,SQLite field is complete,False
3713,8351,0,0,,OK,SQLite field is complete,OK,SQLite field is complete,OK,SQLite field is complete,OK,SQLite field is complete,C,no local RAW/API snapshot is available,OK,SQLite field is complete,False
3714,8355,0,0,,OK,SQLite field is complete,OK,SQLite field is complete,OK,SQLite field is complete,OK,SQLite field is complete,C,no local RAW/API snapshot is available,OK,SQLite field is complete,False
3715,8357,0,0,,OK,SQLite field is complete,OK,SQLite field is complete,OK,SQLite field is complete,OK,SQLite field is complete,C,no local RAW/API snapshot is available,C,no local RAW/API snapshot is available,False
3716,8360,0,0,,OK,SQLite field is complete,OK,SQLite field is complete,OK,SQLite field is complete,OK,SQLite field is complete,C,no local RAW/API snapshot is available,OK,SQLite field is complete,False
3717,8362,0,0,,OK,SQLite field is complete,OK,SQLite field is complete,OK,SQLite field is complete,OK,SQLite field is complete,C,no local RAW/API snapshot is available,OK,SQLite field is complete,False
3718,8366,0,0,,OK,SQLite field is complete,OK,SQLite field is complete,OK,SQLite field is complete,OK,SQLite field is complete,C,no local RAW/API snapshot is available,OK,SQLite field is complete,False
3719,8369,0,0,,OK,SQLite field is complete,OK,SQLite field is complete,C,no local RAW/API snapshot is available,OK,SQLite field is complete,C,no local RAW/API snapshot is available,OK,SQLite field is complete,False
3720,8372,0,0,,OK,SQLite field is complete,OK,SQLite field is complete,OK,SQLite field is complete,OK,SQLite field is complete,C,no local RAW/API snapshot is available,OK,SQLite field is complete,False
3721,8376,0,0,,OK,SQLite field is complete,OK,SQLite field is complete,OK,SQLite field is complete,OK,SQLite field is complete,C,no local RAW/API snapshot is available,OK,SQLite field is complete,False
3722,8378,0,0,,OK,SQLite field is complete,OK,SQLite field is complete,OK,SQLite field is complete,OK,SQLite field is complete,C,no local RAW/API snapshot is available,OK,SQLite field is complete,False
3723,8381,0,0,,OK,SQLite field is complete,OK,SQLite field is complete,OK,SQLite field is complete,OK,SQLite field is complete,C,no local RAW/API snapshot is available,OK,SQLite field is complete,False
3724,8383,0,0,,OK,SQLite field is complete,OK,SQLite field is complete,OK,SQLite field is complete,OK,SQLite field is complete,C,no local RAW/API snapshot is available,OK,SQLite field is complete,False
3725,8388,0,0,,OK,SQLite field is complete,OK,SQLite field is complete,OK,SQLite field is complete,OK,SQLite field is complete,C,no local RAW/API snapshot is available,OK,SQLite field is complete,False
3726,8391,0,0,,OK,SQLite field is complete,OK,SQLite field is complete,OK,SQLite field is complete,OK,SQLite field is complete,C,no local RAW/API snapshot is available,OK,SQLite field is complete,False
3727,8394,0,0,,OK,SQLite field is complete,OK,SQLite field is complete,OK,SQLite field is complete,OK,SQLite field is complete,C,no local RAW/API snapshot is available,OK,SQLite field is complete,False
3728,8396,0,0,,OK,SQLite field is complete,OK,SQLite field is complete,OK,SQLite field is complete,OK,SQLite field is complete,C,no local RAW/API snapshot is available,C,no local RAW/API snapshot is available,False
3729,8399,0,0,,OK,SQLite field is complete,OK,SQLite field is complete,OK,SQLite field is complete,OK,SQLite field is complete,C,no local RAW/API snapshot is available,OK,SQLite field is complete,False
3730,8402,0,0,,OK,SQLite field is complete,OK,SQLite field is complete,OK,SQLite field is complete,OK,SQLite field is complete,C,no local RAW/API snapshot is available,OK,SQLite field is complete,False
3731,8405,0,0,,OK,SQLite field is complete,OK,SQLite field is complete,OK,SQLite field is complete,OK,SQLite field is complete,C,no local RAW/API snapshot is available,OK,SQLite field is complete,False
3732,8408,0,0,,OK,SQLite field is complete,OK,SQLite field is complete,OK,SQLite field is complete,OK,SQLite field is complete,C,no local RAW/API snapshot is available,OK,SQLite field is complete,False
3733,8412,0,0,,OK,SQLite field is complete,OK,SQLite field is complete,OK,SQLite field is complete,OK,SQLite field is complete,C,no local RAW/API snapshot is available,OK,SQLite field is complete,False
3734,8414,0,0,,OK,SQLite field is complete,OK,SQLite field is complete,OK,SQLite field is complete,OK,SQLite field is complete,C,no local RAW/API snapshot is available,C,no local RAW/API snapshot is available,False
3735,8416,0,0,,OK,SQLite field is complete,OK,SQLite field is complete,OK,SQLite field is complete,OK,SQLite field is complete,C,no local RAW/API snapshot is available,OK,SQLite field is complete,False
3736,8421,0,0,,OK,SQLite field is complete,OK,SQLite field is complete,OK,SQLite field is complete,OK,SQLite field is complete,C,no local RAW/API snapshot is available,OK,SQLite field is complete,False
3737,8423,0,0,,OK,SQLite field is complete,OK,SQLite field is complete,OK,SQLite field is complete,OK,SQLite field is complete,C,no local RAW/API snapshot is available,C,no local RAW/API snapshot is available,False
3738,8425,0,0,,OK,SQLite field is complete,OK,SQLite field is complete,OK,SQLite field is complete,OK,SQLite field is complete,C,no local RAW/API snapshot is available,C,no local RAW/API snapshot is available,False
3739,8429,0,0,,OK,SQLite field is complete,OK,SQLite field is complete,OK,SQLite field is complete,OK,SQLite field is complete,C,no local RAW/API snapshot is available,OK,SQLite field is complete,False
3740,8432,0,0,,OK,SQLite field is complete,OK,SQLite field is complete,C,no local RAW/API snapshot is available,OK,SQLite field is complete,C,no local RAW/API snapshot is available,OK,SQLite field is complete,False
3741,8434,0,0,,OK,SQLite field is complete,OK,SQLite field is complete,OK,SQLite field is complete,OK,SQLite field is complete,C,no local RAW/API snapshot is available,OK,SQLite field is complete,False
3742,8438,0,0,,OK,SQLite field is complete,OK,SQLite field is complete,C,no local RAW/API snapshot is available,OK,SQLite field is complete,C,no local RAW/API snapshot is available,OK,SQLite field is complete,False
3743,8441,0,0,,OK,SQLite field is complete,OK,SQLite field is complete,OK,SQLite field is complete,OK,SQLite field is complete,C,no local RAW/API snapshot is available,OK,SQLite field is complete,False
3744,8443,0,0,,OK,SQLite field is complete,OK,SQLite field is complete,OK,SQLite field is complete,OK,SQLite field is complete,C,no local RAW/API snapshot is available,OK,SQLite field is complete,False
3745,8445,0,0,,OK,SQLite field is complete,OK,SQLite field is complete,OK,SQLite field is complete,OK,SQLite field is complete,C,no local RAW/API snapshot is available,C,no local RAW/API snapshot is available,False
3746,8448,0,0,,OK,SQLite field is complete,OK,SQLite field is complete,C,no local RAW/API snapshot is available,OK,SQLite field is complete,C,no local RAW/API snapshot is available,OK,SQLite field is complete,False
3747,8453,0,0,,OK,SQLite field is complete,OK,SQLite field is complete,OK,SQLite field is complete,OK,SQLite field is complete,C,no local RAW/API snapshot is available,OK,SQLite field is complete,False
3748,8455,0,0,,OK,SQLite field is complete,OK,SQLite field is complete,OK,SQLite field is complete,OK,SQLite field is complete,C,no local RAW/API snapshot is available,OK,SQLite field is complete,False
3749,8458,0,0,,OK,SQLite field is complete,OK,SQLite field is complete,C,no local RAW/API snapshot is available,OK,SQLite field is complete,C,no local RAW/API snapshot is available,OK,SQLite field is complete,False
3750,8461,0,0,,OK,SQLite field is complete,OK,SQLite field is complete,OK,SQLite field is complete,OK,SQLite field is complete,C,no local RAW/API snapshot is available,OK,SQLite field is complete,False
3751,8464,0,0,,OK,SQLite field is complete,OK,SQLite field is complete,OK,SQLite field is complete,OK,SQLite field is complete,C,no local RAW/API snapshot is available,OK,SQLite field is complete,False
3752,8467,0,0,,OK,SQLite field is complete,OK,SQLite field is complete,OK,SQLite field is complete,OK,SQLite field is complete,C,no local RAW/API snapshot is available,OK,SQLite field is complete,False
3753,8470,0,0,,OK,SQLite field is complete,OK,SQLite field is complete,OK,SQLite field is complete,OK,SQLite field is complete,C,no local RAW/API snapshot is available,OK,SQLite field is complete,False
3754,8472,0,0,,OK,SQLite field is complete,OK,SQLite field is complete,OK,SQLite field is complete,OK,SQLite field is complete,C,no local RAW/API snapshot is available,OK,SQLite field is complete,False
3755,8476,0,0,,OK,SQLite field is complete,OK,SQLite field is complete,OK,SQLite field is complete,OK,SQLite field is complete,C,no local RAW/API snapshot is available,OK,SQLite field is complete,False
3756,8478,0,0,,OK,SQLite field is complete,OK,SQLite field is complete,OK,SQLite field is complete,OK,SQLite field is complete,C,no local RAW/API snapshot is available,OK,SQLite field is complete,False
3757,8482,0,0,,OK,SQLite field is complete,OK,SQLite field is complete,C,no local RAW/API snapshot is available,OK,SQLite field is complete,C,no local RAW/API snapshot is available,OK,SQLite field is complete,False
3758,8485,0,0,,OK,SQLite field is complete,OK,SQLite field is complete,OK,SQLite field is complete,OK,SQLite field is complete,C,no local RAW/API snapshot is available,OK,SQLite field is complete,False
3759,8489,0,0,,OK,SQLite field is complete,OK,SQLite field is complete,OK,SQLite field is complete,OK,SQLite field is complete,C,no local RAW/API snapshot is available,OK,SQLite field is complete,False
3760,8490,0,0,,OK,SQLite field is complete,OK,SQLite field is complete,OK,SQLite field is complete,OK,SQLite field is complete,C,no local RAW/API snapshot is available,OK,SQLite field is complete,False
3761,8494,0,0,,OK,SQLite field is complete,OK,SQLite field is complete,OK,SQLite field is complete,OK,SQLite field is complete,C,no local RAW/API snapshot is available,OK,SQLite field is complete,False
3762,8497,0,0,,OK,SQLite field is complete,OK,SQLite field is complete,C,no local RAW/API snapshot is available,OK,SQLite field is complete,C,no local RAW/API snapshot is available,C,no local RAW/API snapshot is available,False
3763,8500,0,0,,OK,SQLite field is complete,OK,SQLite field is complete,C,no local RAW/API snapshot is available,OK,SQLite field is complete,C,no local RAW/API snapshot is available,OK,SQLite field is complete,False
3764,8503,0,0,,OK,SQLite field is complete,OK,SQLite field is complete,OK,SQLite field is complete,OK,SQLite field is complete,C,no local RAW/API snapshot is available,OK,SQLite field is complete,False
3765,8506,0,0,,OK,SQLite field is complete,OK,SQLite field is complete,OK,SQLite field is complete,OK,SQLite field is complete,C,no local RAW/API snapshot is available,OK,SQLite field is complete,False
3766,8509,0,0,,OK,SQLite field is complete,OK,SQLite field is complete,OK,SQLite field is complete,OK,SQLite field is complete,C,no local RAW/API snapshot is available,OK,SQLite field is complete,False
3767,8511,0,0,,OK,SQLite field is complete,OK,SQLite field is complete,OK,SQLite field is complete,OK,SQLite field is complete,C,no local RAW/API snapshot is available,OK,SQLite field is complete,False
3768,8514,0,0,,OK,SQLite field is complete,OK,SQLite field is complete,C,no local RAW/API snapshot is available,OK,SQLite field is complete,C,no local RAW/API snapshot is available,OK,SQLite field is complete,False
3769,8517,0,0,,OK,SQLite field is complete,OK,SQLite field is complete,OK,SQLite field is complete,OK,SQLite field is complete,C,no local RAW/API snapshot is available,OK,SQLite field is complete,False
3770,8522,0,0,,OK,SQLite field is complete,OK,SQLite field is complete,C,no local RAW/API snapshot is available,OK,SQLite field is complete,C,no local RAW/API snapshot is available,OK,SQLite field is complete,False
3771,8524,0,0,,OK,SQLite field is complete,OK,SQLite field is complete,OK,SQLite field is complete,OK,SQLite field is complete,C,no local RAW/API snapshot is available,OK,SQLite field is complete,False
3772,8527,0,0,,OK,SQLite field is complete,OK,SQLite field is complete,OK,SQLite field is complete,OK,SQLite field is complete,C,no local RAW/API snapshot is available,OK,SQLite field is complete,False
3773,8529,0,0,,OK,SQLite field is complete,OK,SQLite field is complete,OK,SQLite field is complete,OK,SQLite field is complete,C,no local RAW/API snapshot is available,C,no local RAW/API snapshot is available,False
3774,8533,0,0,,OK,SQLite field is complete,OK,SQLite field is complete,OK,SQLite field is complete,OK,SQLite field is complete,C,no local RAW/API snapshot is available,OK,SQLite field is complete,False
3775,8535,0,0,,OK,SQLite field is complete,OK,SQLite field is complete,OK,SQLite field is complete,OK,SQLite field is complete,C,no local RAW/API snapshot is available,OK,SQLite field is complete,False
3776,8539,0,0,,OK,SQLite field is complete,OK,SQLite field is complete,OK,SQLite field is complete,OK,SQLite field is complete,C,no local RAW/API snapshot is available,OK,SQLite field is complete,False
3777,8542,0,0,,OK,SQLite field is complete,OK,SQLite field is complete,OK,SQLite field is complete,OK,SQLite field is complete,C,no local RAW/API snapshot is available,OK,SQLite field is complete,False
3778,8545,0,0,,OK,SQLite field is complete,OK,SQLite field is complete,OK,SQLite field is complete,OK,SQLite field is complete,C,no local RAW/API snapshot is available,OK,SQLite field is complete,False
3779,8548,0,0,,OK,SQLite field is complete,OK,SQLite field is complete,OK,SQLite field is complete,OK,SQLite field is complete,C,no local RAW/API snapshot is available,C,no local RAW/API snapshot is available,False
3780,8551,0,0,,OK,SQLite field is complete,OK,SQLite field is complete,OK,SQLite field is complete,OK,SQLite field is complete,C,no local RAW/API snapshot is available,OK,SQLite field is complete,False
3781,8554,0,0,,OK,SQLite field is complete,OK,SQLite field is complete,OK,SQLite field is complete,OK,SQLite field is complete,C,no local RAW/API snapshot is available,OK,SQLite field is complete,False
3782,8557,0,0,,OK,SQLite field is complete,OK,SQLite field is complete,OK,SQLite field is complete,OK,SQLite field is complete,C,no local RAW/API snapshot is available,OK,SQLite field is complete,False
3783,8560,0,0,,OK,SQLite field is complete,OK,SQLite field is complete,C,no local RAW/API snapshot is available,OK,SQLite field is complete,C,no local RAW/API snapshot is available,OK,SQLite field is complete,False
3784,8563,0,0,,OK,SQLite field is complete,OK,SQLite field is complete,C,no local RAW/API snapshot is available,OK,SQLite field is complete,C,no local RAW/API snapshot is available,OK,SQLite field is complete,False
3785,8566,0,0,,OK,SQLite field is complete,OK,SQLite field is complete,OK,SQLite field is complete,OK,SQLite field is complete,C,no local RAW/API snapshot is available,OK,SQLite field is complete,False
3786,8569,0,0,,OK,SQLite field is complete,OK,SQLite field is complete,OK,SQLite field is complete,OK,SQLite field is complete,C,no local RAW/API snapshot is available,OK,SQLite field is complete,False
3787,8572,0,0,,OK,SQLite field is complete,OK,SQLite field is complete,OK,SQLite field is complete,OK,SQLite field is complete,C,no local RAW/API snapshot is available,OK,SQLite field is complete,False
3788,8575,0,0,,OK,SQLite field is complete,OK,SQLite field is complete,OK,SQLite field is complete,OK,SQLite field is complete,C,no local RAW/API snapshot is available,OK,SQLite field is complete,False
3789,8578,0,0,,OK,SQLite field is complete,OK,SQLite field is complete,OK,SQLite field is complete,OK,SQLite field is complete,C,no local RAW/API snapshot is available,OK,SQLite field is complete,False
3790,8581,0,0,,OK,SQLite field is complete,OK,SQLite field is complete,C,no local RAW/API snapshot is available,OK,SQLite field is complete,C,no local RAW/API snapshot is available,OK,SQLite field is complete,False
3791,8584,0,0,,OK,SQLite field is complete,OK,SQLite field is complete,C,no local RAW/API snapshot is available,OK,SQLite field is complete,C,no local RAW/API snapshot is available,OK,SQLite field is complete,False
3792,8587,0,0,,OK,SQLite field is complete,OK,SQLite field is complete,OK,SQLite field is complete,OK,SQLite field is complete,C,no local RAW/API snapshot is available,OK,SQLite field is complete,False
3793,8590,0,0,,OK,SQLite field is complete,OK,SQLite field is complete,OK,SQLite field is complete,OK,SQLite field is complete,C,no local RAW/API snapshot is available,OK,SQLite field is complete,False
3794,8593,0,0,,OK,SQLite field is complete,OK,SQLite field is complete,OK,SQLite field is complete,OK,SQLite field is complete,C,no local RAW/API snapshot is available,OK,SQLite field is complete,False
3795,8596,0,0,,OK,SQLite field is complete,OK,SQLite field is complete,OK,SQLite field is complete,OK,SQLite field is complete,C,no local RAW/API snapshot is available,OK,SQLite field is complete,False
3796,8600,0,0,,OK,SQLite field is complete,OK,SQLite field is complete,OK,SQLite field is complete,OK,SQLite field is complete,C,no local RAW/API snapshot is available,OK,SQLite field is complete,False
3797,8602,0,0,,OK,SQLite field is complete,OK,SQLite field is complete,OK,SQLite field is complete,OK,SQLite field is complete,C,no local RAW/API snapshot is available,OK,SQLite field is complete,False
3798,8605,0,0,,OK,SQLite field is complete,OK,SQLite field is complete,C,no local RAW/API snapshot is available,OK,SQLite field is complete,C,no local RAW/API snapshot is available,C,no local RAW/API snapshot is available,False
3799,8608,0,0,,OK,SQLite field is complete,OK,SQLite field is complete,C,no local RAW/API snapshot is available,OK,SQLite field is complete,C,no local RAW/API snapshot is available,OK,SQLite field is complete,False
3800,8611,0,0,,OK,SQLite field is complete,OK,SQLite field is complete,OK,SQLite field is complete,OK,SQLite field is complete,C,no local RAW/API snapshot is available,OK,SQLite field is complete,False
3801,8614,0,0,,OK,SQLite field is complete,OK,SQLite field is complete,OK,SQLite field is complete,OK,SQLite field is complete,C,no local RAW/API snapshot is available,OK,SQLite field is complete,False
3802,8618,0,0,,OK,SQLite field is complete,OK,SQLite field is complete,OK,SQLite field is complete,OK,SQLite field is complete,C,no local RAW/API snapshot is available,OK,SQLite field is complete,False
3803,8621,0,0,,OK,SQLite field is complete,OK,SQLite field is complete,C,no local RAW/API snapshot is available,OK,SQLite field is complete,C,no local RAW/API snapshot is available,OK,SQLite field is complete,False
3804,8623,0,0,,OK,SQLite field is complete,OK,SQLite field is complete,C,no local RAW/API snapshot is available,OK,SQLite field is complete,C,no local RAW/API snapshot is available,OK,SQLite field is complete,False
3805,8626,0,0,,OK,SQLite field is complete,OK,SQLite field is complete,C,no local RAW/API snapshot is available,OK,SQLite field is complete,C,no local RAW/API snapshot is available,C,no local RAW/API snapshot is available,False
3806,8629,0,0,,OK,SQLite field is complete,OK,SQLite field is complete,OK,SQLite field is complete,OK,SQLite field is complete,C,no local RAW/API snapshot is available,OK,SQLite field is complete,False
3807,8632,0,0,,OK,SQLite field is complete,OK,SQLite field is complete,OK,SQLite field is complete,OK,SQLite field is complete,C,no local RAW/API snapshot is available,OK,SQLite field is complete,False
3808,8635,0,0,,OK,SQLite field is complete,OK,SQLite field is complete,OK,SQLite field is complete,OK,SQLite field is complete,C,no local RAW/API snapshot is available,OK,SQLite field is complete,False
3809,8637,0,0,,OK,SQLite field is complete,OK,SQLite field is complete,OK,SQLite field is complete,OK,SQLite field is complete,C,no local RAW/API snapshot is available,OK,SQLite field is complete,False
3810,8641,0,0,,OK,SQLite field is complete,OK,SQLite field is complete,OK,SQLite field is complete,OK,SQLite field is complete,C,no local RAW/API snapshot is available,OK,SQLite field is complete,False
3811,8643,0,0,,OK,SQLite field is complete,OK,SQLite field is complete,C,no local RAW/API snapshot is available,OK,SQLite field is complete,C,no local RAW/API snapshot is available,OK,SQLite field is complete,False
3812,8646,0,0,,OK,SQLite field is complete,OK,SQLite field is complete,C,no local RAW/API snapshot is available,OK,SQLite field is complete,C,no local RAW/API snapshot is available,OK,SQLite field is complete,False
3813,8649,0,0,,OK,SQLite field is complete,OK,SQLite field is complete,OK,SQLite field is complete,OK,SQLite field is complete,C,no local RAW/API snapshot is available,C,no local RAW/API snapshot is available,False
3814,8652,0,0,,OK,SQLite field is complete,OK,SQLite field is complete,OK,SQLite field is complete,OK,SQLite field is complete,C,no local RAW/API snapshot is available,OK,SQLite field is complete,False
3815,8654,0,0,,OK,SQLite field is complete,OK,SQLite field is complete,OK,SQLite field is complete,OK,SQLite field is complete,C,no local RAW/API snapshot is available,OK,SQLite field is complete,False
3816,8658,0,0,,OK,SQLite field is complete,OK,SQLite field is complete,OK,SQLite field is complete,OK,SQLite field is complete,C,no local RAW/API snapshot is available,OK,SQLite field is complete,False
3817,8659,0,0,,OK,SQLite field is complete,OK,SQLite field is complete,C,no local RAW/API snapshot is available,OK,SQLite field is complete,C,no local RAW/API snapshot is available,OK,SQLite field is complete,False
3818,8662,0,0,,OK,SQLite field is complete,OK,SQLite field is complete,OK,SQLite field is complete,OK,SQLite field is complete,C,no local RAW/API snapshot is available,OK,SQLite field is complete,False
3819,8665,0,0,,OK,SQLite field is complete,OK,SQLite field is complete,C,no local RAW/API snapshot is available,OK,SQLite field is complete,C,no local RAW/API snapshot is available,OK,SQLite field is complete,False
3820,8667,0,0,,OK,SQLite field is complete,OK,SQLite field is complete,C,no local RAW/API snapshot is available,OK,SQLite field is complete,C,no local RAW/API snapshot is available,OK,SQLite field is complete,False
3821,8670,0,0,,OK,SQLite field is complete,OK,SQLite field is complete,OK,SQLite field is complete,OK,SQLite field is complete,C,no local RAW/API snapshot is available,C,no local RAW/API snapshot is available,False
3822,8673,0,0,,OK,SQLite field is complete,OK,SQLite field is complete,OK,SQLite field is complete,OK,SQLite field is complete,C,no local RAW/API snapshot is available,OK,SQLite field is complete,False
3823,8676,0,0,,OK,SQLite field is complete,OK,SQLite field is complete,OK,SQLite field is complete,OK,SQLite field is complete,C,no local RAW/API snapshot is available,OK,SQLite field is complete,False
3824,8679,0,0,,OK,SQLite field is complete,OK,SQLite field is complete,C,no local RAW/API snapshot is available,OK,SQLite field is complete,C,no local RAW/API snapshot is available,OK,SQLite field is complete,False
3825,8682,0,0,,OK,SQLite field is complete,OK,SQLite field is complete,C,no local RAW/API snapshot is available,OK,SQLite field is complete,C,no local RAW/API snapshot is available,OK,SQLite field is complete,False
3826,8684,0,0,,OK,SQLite field is complete,OK,SQLite field is complete,C,no local RAW/API snapshot is available,OK,SQLite field is complete,C,no local RAW/API snapshot is available,OK,SQLite field is complete,False
3827,8687,0,0,,OK,SQLite field is complete,OK,SQLite field is complete,OK,SQLite field is complete,OK,SQLite field is complete,C,no local RAW/API snapshot is available,OK,SQLite field is complete,False
3828,8689,0,0,,OK,SQLite field is complete,OK,SQLite field is complete,OK,SQLite field is complete,OK,SQLite field is complete,C,no local RAW/API snapshot is available,C,no local RAW/API snapshot is available,False
3829,8692,0,0,,OK,SQLite field is complete,OK,SQLite field is complete,OK,SQLite field is complete,OK,SQLite field is complete,C,no local RAW/API snapshot is available,OK,SQLite field is complete,False
3830,8695,0,0,,OK,SQLite field is complete,OK,SQLite field is complete,OK,SQLite field is complete,OK,SQLite field is complete,C,no local RAW/API snapshot is available,OK,SQLite field is complete,False
3831,8698,0,0,,OK,SQLite field is complete,OK,SQLite field is complete,OK,SQLite field is complete,OK,SQLite field is complete,C,no local RAW/API snapshot is available,OK,SQLite field is complete,False
3832,8700,0,0,,OK,SQLite field is complete,OK,SQLite field is complete,C,no local RAW/API snapshot is available,OK,SQLite field is complete,C,no local RAW/API snapshot is available,OK,SQLite field is complete,False
3833,8704,0,0,,OK,SQLite field is complete,OK,SQLite field is complete,C,no local RAW/API snapshot is available,OK,SQLite field is complete,C,no local RAW/API snapshot is available,C,no local RAW/API snapshot is available,False
3834,8705,0,0,,OK,SQLite field is complete,OK,SQLite field is complete,OK,SQLite field is complete,OK,SQLite field is complete,C,no local RAW/API snapshot is available,OK,SQLite field is complete,False
3835,8707,0,0,,OK,SQLite field is complete,OK,SQLite field is complete,OK,SQLite field is complete,OK,SQLite field is complete,C,no local RAW/API snapshot is available,OK,SQLite field is complete,False
3836,8710,0,0,,OK,SQLite field is complete,OK,SQLite field is complete,OK,SQLite field is complete,OK,SQLite field is complete,C,no local RAW/API snapshot is available,OK,SQLite field is complete,False
3837,8713,0,0,,OK,SQLite field is complete,OK,SQLite field is complete,C,no local RAW/API snapshot is available,OK,SQLite field is complete,C,no local RAW/API snapshot is available,OK,SQLite field is complete,False
3838,8717,0,0,,OK,SQLite field is complete,OK,SQLite field is complete,C,no local RAW/API snapshot is available,OK,SQLite field is complete,C,no local RAW/API snapshot is available,OK,SQLite field is complete,False
3839,8719,0,0,,OK,SQLite field is complete,OK,SQLite field is complete,OK,SQLite field is complete,OK,SQLite field is complete,C,no local RAW/API snapshot is available,OK,SQLite field is complete,False
3840,8721,0,0,,OK,SQLite field is complete,OK,SQLite field is complete,C,no local RAW/API snapshot is available,OK,SQLite field is complete,C,no local RAW/API snapshot is available,OK,SQLite field is complete,False
3841,8723,0,0,,OK,SQLite field is complete,OK,SQLite field is complete,C,no local RAW/API snapshot is available,OK,SQLite field is complete,C,no local RAW/API snapshot is available,C,no local RAW/API snapshot is available,False
3842,8725,0,0,,OK,SQLite field is complete,OK,SQLite field is complete,OK,SQLite field is complete,OK,SQLite field is complete,C,no local RAW/API snapshot is available,OK,SQLite field is complete,False
3845,8733,0,0,,OK,SQLite field is complete,OK,SQLite field is complete,C,no local RAW/API snapshot is available,OK,SQLite field is complete,C,no local RAW/API snapshot is available,OK,SQLite field is complete,False
3846,8734,0,0,,OK,SQLite field is complete,OK,SQLite field is complete,C,no local RAW/API snapshot is available,OK,SQLite field is complete,C,no local RAW/API snapshot is available,C,no local RAW/API snapshot is available,False
3847,8737,0,0,,OK,SQLite field is complete,OK,SQLite field is complete,C,no local RAW/API snapshot is available,OK,SQLite field is complete,C,no local RAW/API snapshot is available,OK,SQLite field is complete,False
3848,8739,0,0,,OK,SQLite field is complete,OK,SQLite field is complete,OK,SQLite field is complete,OK,SQLite field is complete,C,no local RAW/API snapshot is available,OK,SQLite field is complete,False
3849,8741,0,0,,OK,SQLite field is complete,OK,SQLite field is complete,OK,SQLite field is complete,OK,SQLite field is complete,C,no local RAW/API snapshot is available,OK,SQLite field is complete,False
3850,8744,0,0,,OK,SQLite field is complete,OK,SQLite field is complete,OK,SQLite field is complete,OK,SQLite field is complete,C,no local RAW/API snapshot is available,OK,SQLite field is complete,False
3851,8747,0,0,,OK,SQLite field is complete,OK,SQLite field is complete,OK,SQLite field is complete,OK,SQLite field is complete,C,no local RAW/API snapshot is available,C,no local RAW/API snapshot is available,False
3852,8749,0,0,,OK,SQLite field is complete,OK,SQLite field is complete,OK,SQLite field is complete,OK,SQLite field is complete,C,no local RAW/API snapshot is available,OK,SQLite field is complete,False
3853,8752,0,0,,OK,SQLite field is complete,OK,SQLite field is complete,C,no local RAW/API snapshot is available,OK,SQLite field is complete,C,no local RAW/API snapshot is available,OK,SQLite field is complete,False
3854,8754,0,0,,OK,SQLite field is complete,OK,SQLite field is complete,C,no local RAW/API snapshot is available,OK,SQLite field is complete,C,no local RAW/API snapshot is available,OK,SQLite field is complete,False
3855,8757,0,0,,OK,SQLite field is complete,OK,SQLite field is complete,C,no local RAW/API snapshot is available,OK,SQLite field is complete,C,no local RAW/API snapshot is available,C,no local RAW/API snapshot is available,False
3856,8759,0,0,,OK,SQLite field is complete,OK,SQLite field is complete,OK,SQLite field is complete,OK,SQLite field is complete,C,no local RAW/API snapshot is available,C,no local RAW/API snapshot is available,False
3857,8762,0,0,,OK,SQLite field is complete,OK,SQLite field is complete,OK,SQLite field is complete,OK,SQLite field is complete,C,no local RAW/API snapshot is available,OK,SQLite field is complete,False
3858,8765,0,0,,OK,SQLite field is complete,OK,SQLite field is complete,OK,SQLite field is complete,OK,SQLite field is complete,C,no local RAW/API snapshot is available,OK,SQLite field is complete,False
3859,8767,0,0,,OK,SQLite field is complete,OK,SQLite field is complete,C,no local RAW/API snapshot is available,OK,SQLite field is complete,C,no local RAW/API snapshot is available,OK,SQLite field is complete,False
3860,8770,0,0,,OK,SQLite field is complete,OK,SQLite field is complete,C,no local RAW/API snapshot is available,OK,SQLite field is complete,C,no local RAW/API snapshot is available,OK,SQLite field is complete,False
3861,8773,0,0,,OK,SQLite field is complete,OK,SQLite field is complete,C,no local RAW/API snapshot is available,OK,SQLite field is complete,C,no local RAW/API snapshot is available,OK,SQLite field is complete,False
3862,8777,0,0,,OK,SQLite field is complete,OK,SQLite field is complete,OK,SQLite field is complete,OK,SQLite field is complete,C,no local RAW/API snapshot is available,OK,SQLite field is complete,False
3863,8779,0,0,,OK,SQLite field is complete,OK,SQLite field is complete,OK,SQLite field is complete,OK,SQLite field is complete,C,no local RAW/API snapshot is available,OK,SQLite field is complete,False
3864,8782,0,0,,OK,SQLite field is complete,OK,SQLite field is complete,OK,SQLite field is complete,OK,SQLite field is complete,C,no local RAW/API snapshot is available,OK,SQLite field is complete,False
3865,8786,0,0,,OK,SQLite field is complete,OK,SQLite field is complete,C,no local RAW/API snapshot is available,OK,SQLite field is complete,C,no local RAW/API snapshot is available,OK,SQLite field is complete,False
3866,8788,0,0,,OK,SQLite field is complete,OK,SQLite field is complete,C,no local RAW/API snapshot is available,OK,SQLite field is complete,C,no local RAW/API snapshot is available,OK,SQLite field is complete,False
3867,8791,0,0,,OK,SQLite field is complete,OK,SQLite field is complete,C,no local RAW/API snapshot is available,OK,SQLite field is complete,C,no local RAW/API snapshot is available,C,no local RAW/API snapshot is available,False
3868,8795,0,0,,OK,SQLite field is complete,OK,SQLite field is complete,C,no local RAW/API snapshot is available,OK,SQLite field is complete,C,no local RAW/API snapshot is available,OK,SQLite field is complete,False
3869,8796,0,0,,OK,SQLite field is complete,OK,SQLite field is complete,OK,SQLite field is complete,OK,SQLite field is complete,C,no local RAW/API snapshot is available,OK,SQLite field is complete,False
3870,8799,0,0,,OK,SQLite field is complete,OK,SQLite field is complete,OK,SQLite field is complete,OK,SQLite field is complete,C,no local RAW/API snapshot is available,OK,SQLite field is complete,False
3871,8803,0,0,,OK,SQLite field is complete,OK,SQLite field is complete,OK,SQLite field is complete,OK,SQLite field is complete,C,no local RAW/API snapshot is available,OK,SQLite field is complete,False
3872,8807,0,0,,OK,SQLite field is complete,OK,SQLite field is complete,OK,SQLite field is complete,OK,SQLite field is complete,C,no local RAW/API snapshot is available,OK,SQLite field is complete,False
3873,8810,0,0,,OK,SQLite field is complete,OK,SQLite field is complete,OK,SQLite field is complete,OK,SQLite field is complete,C,no local RAW/API snapshot is available,OK,SQLite field is complete,False
3874,8811,0,0,,OK,SQLite field is complete,OK,SQLite field is complete,C,no local RAW/API snapshot is available,OK,SQLite field is complete,C,no local RAW/API snapshot is available,OK,SQLite field is complete,False
3875,8814,0,0,,OK,SQLite field is complete,OK,SQLite field is complete,C,no local RAW/API snapshot is available,OK,SQLite field is complete,C,no local RAW/API snapshot is available,OK,SQLite field is complete,False
3876,8817,0,0,,OK,SQLite field is complete,OK,SQLite field is complete,OK,SQLite field is complete,OK,SQLite field is complete,C,no local RAW/API snapshot is available,OK,SQLite field is complete,False
3877,8820,0,0,,OK,SQLite field is complete,OK,SQLite field is complete,OK,SQLite field is complete,OK,SQLite field is complete,C,no local RAW/API snapshot is available,C,no local RAW/API snapshot is available,False
3878,8822,0,0,,OK,SQLite field is complete,OK,SQLite field is complete,OK,SQLite field is complete,OK,SQLite field is complete,C,no local RAW/API snapshot is available,C,no local RAW/API snapshot is available,False
3879,8827,0,0,,OK,SQLite field is complete,OK,SQLite field is complete,OK,SQLite field is complete,OK,SQLite field is complete,C,no local RAW/API snapshot is available,OK,SQLite field is complete,False
3880,8829,0,0,,OK,SQLite field is complete,OK,SQLite field is complete,OK,SQLite field is complete,OK,SQLite field is complete,C,no local RAW/API snapshot is available,OK,SQLite field is complete,False
3881,8831,0,0,,OK,SQLite field is complete,OK,SQLite field is complete,OK,SQLite field is complete,OK,SQLite field is complete,C,no local RAW/API snapshot is available,C,no local RAW/API snapshot is available,False
3882,8836,0,0,,OK,SQLite field is complete,OK,SQLite field is complete,C,no local RAW/API snapshot is available,OK,SQLite field is complete,C,no local RAW/API snapshot is available,OK,SQLite field is complete,False
3883,8839,0,0,,OK,SQLite field is complete,OK,SQLite field is complete,OK,SQLite field is complete,OK,SQLite field is complete,C,no local RAW/API snapshot is available,OK,SQLite field is complete,False
3884,8841,0,0,,OK,SQLite field is complete,OK,SQLite field is complete,OK,SQLite field is complete,OK,SQLite field is complete,C,no local RAW/API snapshot is available,OK,SQLite field is complete,False
3885,8844,0,0,,OK,SQLite field is complete,OK,SQLite field is complete,OK,SQLite field is complete,OK,SQLite field is complete,C,no local RAW/API snapshot is available,OK,SQLite field is complete,False
3886,8847,0,0,,OK,SQLite field is complete,OK,SQLite field is complete,OK,SQLite field is complete,OK,SQLite field is complete,C,no local RAW/API snapshot is available,OK,SQLite field is complete,False
3887,8849,0,0,,OK,SQLite field is complete,OK,SQLite field is complete,C,no local RAW/API snapshot is available,OK,SQLite field is complete,C,no local RAW/API snapshot is available,C,no local RAW/API snapshot is available,False
3888,8852,0,0,,OK,SQLite field is complete,OK,SQLite field is complete,OK,SQLite field is complete,OK,SQLite field is complete,C,no local RAW/API snapshot is available,OK,SQLite field is complete,False
3889,8856,0,0,,OK,SQLite field is complete,OK,SQLite field is complete,OK,SQLite field is complete,OK,SQLite field is complete,C,no local RAW/API snapshot is available,OK,SQLite field is complete,False
3890,8859,0,0,,OK,SQLite field is complete,OK,SQLite field is complete,OK,SQLite field is complete,OK,SQLite field is complete,C,no local RAW/API snapshot is available,OK,SQLite field is complete,False
3891,8861,0,0,,OK,SQLite field is complete,OK,SQLite field is complete,OK,SQLite field is complete,OK,SQLite field is complete,C,no local RAW/API snapshot is available,OK,SQLite field is complete,False
3892,8864,0,0,,OK,SQLite field is complete,OK,SQLite field is complete,OK,SQLite field is complete,OK,SQLite field is complete,C,no local RAW/API snapshot is available,OK,SQLite field is complete,False
3893,8868,0,0,,OK,SQLite field is complete,OK,SQLite field is complete,OK,SQLite field is complete,OK,SQLite field is complete,C,no local RAW/API snapshot is available,OK,SQLite field is complete,False
3894,8870,0,0,,OK,SQLite field is complete,OK,SQLite field is complete,OK,SQLite field is complete,OK,SQLite field is complete,C,no local RAW/API snapshot is available,OK,SQLite field is complete,False
3895,8874,0,0,,OK,SQLite field is complete,OK,SQLite field is complete,C,no local RAW/API snapshot is available,OK,SQLite field is complete,C,no local RAW/API snapshot is available,OK,SQLite field is complete,False
3896,8876,0,0,,OK,SQLite field is complete,OK,SQLite field is complete,OK,SQLite field is complete,OK,SQLite field is complete,C,no local RAW/API snapshot is available,OK,SQLite field is complete,False
3897,8879,0,0,,OK,SQLite field is complete,OK,SQLite field is complete,OK,SQLite field is complete,OK,SQLite field is complete,C,no local RAW/API snapshot is available,OK,SQLite field is complete,False
3898,8883,0,0,,OK,SQLite field is complete,OK,SQLite field is complete,OK,SQLite field is complete,OK,SQLite field is complete,C,no local RAW/API snapshot is available,OK,SQLite field is complete,False
3899,8885,0,0,,OK,SQLite field is complete,OK,SQLite field is complete,OK,SQLite field is complete,OK,SQLite field is complete,C,no local RAW/API snapshot is available,OK,SQLite field is complete,False
3900,8888,0,0,,OK,SQLite field is complete,OK,SQLite field is complete,OK,SQLite field is complete,OK,SQLite field is complete,C,no local RAW/API snapshot is available,OK,SQLite field is complete,False
3901,8892,0,0,,OK,SQLite field is complete,OK,SQLite field is complete,C,no local RAW/API snapshot is available,OK,SQLite field is complete,C,no local RAW/API snapshot is available,OK,SQLite field is complete,False
3902,8895,0,0,,OK,SQLite field is complete,OK,SQLite field is complete,OK,SQLite field is complete,OK,SQLite field is complete,C,no local RAW/API snapshot is available,OK,SQLite field is complete,False
3903,8898,0,0,,OK,SQLite field is complete,OK,SQLite field is complete,C,no local RAW/API snapshot is available,OK,SQLite field is complete,C,no local RAW/API snapshot is available,OK,SQLite field is complete,False
3904,8901,0,0,,OK,SQLite field is complete,OK,SQLite field is complete,OK,SQLite field is complete,OK,SQLite field is complete,C,no local RAW/API snapshot is available,OK,SQLite field is complete,False
3905,8904,0,0,,OK,SQLite field is complete,OK,SQLite field is complete,OK,SQLite field is complete,OK,SQLite field is complete,C,no local RAW/API snapshot is available,OK,SQLite field is complete,False
3906,8907,0,0,,OK,SQLite field is complete,OK,SQLite field is complete,OK,SQLite field is complete,OK,SQLite field is complete,C,no local RAW/API snapshot is available,OK,SQLite field is complete,False
3907,8910,0,0,,OK,SQLite field is complete,OK,SQLite field is complete,OK,SQLite field is complete,OK,SQLite field is complete,C,no local RAW/API snapshot is available,OK,SQLite field is complete,False
3908,8912,0,0,,OK,SQLite field is complete,OK,SQLite field is complete,C,no local RAW/API snapshot is available,OK,SQLite field is complete,C,no local RAW/API snapshot is available,OK,SQLite field is complete,False
3909,8916,0,0,,OK,SQLite field is complete,OK,SQLite field is complete,OK,SQLite field is complete,OK,SQLite field is complete,C,no local RAW/API snapshot is available,OK,SQLite field is complete,False
3910,8919,0,0,,OK,SQLite field is complete,OK,SQLite field is complete,C,no local RAW/API snapshot is available,OK,SQLite field is complete,C,no local RAW/API snapshot is available,OK,SQLite field is complete,False
3911,8923,0,0,,OK,SQLite field is complete,OK,SQLite field is complete,OK,SQLite field is complete,OK,SQLite field is complete,C,no local RAW/API snapshot is available,OK,SQLite field is complete,False
3912,8925,0,0,,OK,SQLite field is complete,OK,SQLite field is complete,OK,SQLite field is complete,OK,SQLite field is complete,C,no local RAW/API snapshot is available,OK,SQLite field is complete,False
3913,8928,0,0,,OK,SQLite field is complete,OK,SQLite field is complete,OK,SQLite field is complete,OK,SQLite field is complete,C,no local RAW/API snapshot is available,OK,SQLite field is complete,False
3914,8932,0,0,,OK,SQLite field is complete,OK,SQLite field is complete,OK,SQLite field is complete,OK,SQLite field is complete,C,no local RAW/API snapshot is available,OK,SQLite field is complete,False
3915,8935,0,0,,OK,SQLite field is complete,OK,SQLite field is complete,C,no local RAW/API snapshot is available,OK,SQLite field is complete,C,no local RAW/API snapshot is available,OK,SQLite field is complete,False
3916,8938,0,0,,OK,SQLite field is complete,OK,SQLite field is complete,C,no local RAW/API snapshot is available,OK,SQLite field is complete,C,no local RAW/API snapshot is available,C,no local RAW/API snapshot is available,False
3917,8941,0,0,,OK,SQLite field is complete,OK,SQLite field is complete,C,no local RAW/API snapshot is available,OK,SQLite field is complete,C,no local RAW/API snapshot is available,OK,SQLite field is complete,False
3918,8944,0,0,,OK,SQLite field is complete,OK,SQLite field is complete,C,no local RAW/API snapshot is available,OK,SQLite field is complete,C,no local RAW/API snapshot is available,OK,SQLite field is complete,False
3919,8946,0,0,,OK,SQLite field is complete,OK,SQLite field is complete,OK,SQLite field is complete,OK,SQLite field is complete,C,no local RAW/API snapshot is available,OK,SQLite field is complete,False
3920,8949,0,0,,OK,SQLite field is complete,OK,SQLite field is complete,OK,SQLite field is complete,OK,SQLite field is complete,C,no local RAW/API snapshot is available,OK,SQLite field is complete,False
3921,8952,0,0,,OK,SQLite field is complete,OK,SQLite field is complete,OK,SQLite field is complete,OK,SQLite field is complete,C,no local RAW/API snapshot is available,OK,SQLite field is complete,False
3922,8955,0,0,,OK,SQLite field is complete,OK,SQLite field is complete,OK,SQLite field is complete,OK,SQLite field is complete,C,no local RAW/API snapshot is available,OK,SQLite field is complete,False
3923,8958,0,0,,OK,SQLite field is complete,OK,SQLite field is complete,C,no local RAW/API snapshot is available,OK,SQLite field is complete,C,no local RAW/API snapshot is available,OK,SQLite field is complete,False
3924,8960,0,0,,OK,SQLite field is complete,OK,SQLite field is complete,OK,SQLite field is complete,OK,SQLite field is complete,C,no local RAW/API snapshot is available,OK,SQLite field is complete,False
3925,8963,0,0,,OK,SQLite field is complete,OK,SQLite field is complete,C,no local RAW/API snapshot is available,OK,SQLite field is complete,C,no local RAW/API snapshot is available,OK,SQLite field is complete,False
3926,8967,0,0,,OK,SQLite field is complete,OK,SQLite field is complete,OK,SQLite field is complete,OK,SQLite field is complete,C,no local RAW/API snapshot is available,OK,SQLite field is complete,False
3927,8971,0,0,,OK,SQLite field is complete,OK,SQLite field is complete,OK,SQLite field is complete,OK,SQLite field is complete,C,no local RAW/API snapshot is available,OK,SQLite field is complete,False
3928,8973,0,0,,OK,SQLite field is complete,OK,SQLite field is complete,OK,SQLite field is complete,OK,SQLite field is complete,C,no local RAW/API snapshot is available,OK,SQLite field is complete,False
3929,8976,0,0,,OK,SQLite field is complete,OK,SQLite field is complete,C,no local RAW/API snapshot is available,OK,SQLite field is complete,C,no local RAW/API snapshot is available,OK,SQLite field is complete,False
3930,8979,0,0,,OK,SQLite field is complete,OK,SQLite field is complete,OK,SQLite field is complete,OK,SQLite field is complete,C,no local RAW/API snapshot is available,OK,SQLite field is complete,False
3931,8981,0,0,,OK,SQLite field is complete,OK,SQLite field is complete,OK,SQLite field is complete,OK,SQLite field is complete,C,no local RAW/API snapshot is available,OK,SQLite field is complete,False
3932,8986,0,0,,OK,SQLite field is complete,OK,SQLite field is complete,OK,SQLite field is complete,OK,SQLite field is complete,C,no local RAW/API snapshot is available,OK,SQLite field is complete,False
3933,8988,0,0,,OK,SQLite field is complete,OK,SQLite field is complete,OK,SQLite field is complete,OK,SQLite field is complete,C,no local RAW/API snapshot is available,OK,SQLite field is complete,False
3934,8991,0,0,,OK,SQLite field is complete,OK,SQLite field is complete,OK,SQLite field is complete,OK,SQLite field is complete,C,no local RAW/API snapshot is available,OK,SQLite field is complete,False
3935,8994,0,0,,OK,SQLite field is complete,OK,SQLite field is complete,OK,SQLite field is complete,OK,SQLite field is complete,C,no local RAW/API snapshot is available,OK,SQLite field is complete,False
3936,8997,0,0,,OK,SQLite field is complete,OK,SQLite field is complete,OK,SQLite field is complete,OK,SQLite field is complete,C,no local RAW/API snapshot is available,OK,SQLite field is complete,False
3937,8999,0,0,,OK,SQLite field is complete,OK,SQLite field is complete,OK,SQLite field is complete,OK,SQLite field is complete,C,no local RAW/API snapshot is available,OK,SQLite field is complete,False
3938,9003,0,0,,OK,SQLite field is complete,OK,SQLite field is complete,C,no local RAW/API snapshot is available,OK,SQLite field is complete,C,no local RAW/API snapshot is available,OK,SQLite field is complete,False
3939,9007,0,0,,OK,SQLite field is complete,OK,SQLite field is complete,OK,SQLite field is complete,OK,SQLite field is complete,C,no local RAW/API snapshot is available,OK,SQLite field is complete,False
3940,9010,0,0,,OK,SQLite field is complete,OK,SQLite field is complete,OK,SQLite field is complete,OK,SQLite field is complete,C,no local RAW/API snapshot is available,OK,SQLite field is complete,False
3941,9012,0,0,,OK,SQLite field is complete,OK,SQLite field is complete,OK,SQLite field is complete,OK,SQLite field is complete,C,no local RAW/API snapshot is available,OK,SQLite field is complete,False
3942,9015,0,0,,OK,SQLite field is complete,OK,SQLite field is complete,OK,SQLite field is complete,OK,SQLite field is complete,C,no local RAW/API snapshot is available,OK,SQLite field is complete,False
3943,9018,0,0,,OK,SQLite field is complete,OK,SQLite field is complete,OK,SQLite field is complete,OK,SQLite field is complete,C,no local RAW/API snapshot is available,OK,SQLite field is complete,False
3944,9021,0,0,,OK,SQLite field is complete,OK,SQLite field is complete,OK,SQLite field is complete,OK,SQLite field is complete,C,no local RAW/API snapshot is available,OK,SQLite field is complete,False
3945,9024,0,0,,OK,SQLite field is complete,OK,SQLite field is complete,OK,SQLite field is complete,OK,SQLite field is complete,C,no local RAW/API snapshot is available,OK,SQLite field is complete,False
3946,9027,0,0,,OK,SQLite field is complete,OK,SQLite field is complete,OK,SQLite field is complete,OK,SQLite field is complete,C,no local RAW/API snapshot is available,OK,SQLite field is complete,False
3947,9030,0,0,,OK,SQLite field is complete,OK,SQLite field is complete,OK,SQLite field is complete,OK,SQLite field is complete,C,no local RAW/API snapshot is available,OK,SQLite field is complete,False
3948,9033,0,0,,OK,SQLite field is complete,OK,SQLite field is complete,OK,SQLite field is complete,OK,SQLite field is complete,C,no local RAW/API snapshot is available,OK,SQLite field is complete,False
3949,9036,0,0,,OK,SQLite field is complete,OK,SQLite field is complete,C,no local RAW/API snapshot is available,OK,SQLite field is complete,C,no local RAW/API snapshot is available,OK,SQLite field is complete,False
3950,9040,0,0,,OK,SQLite field is complete,OK,SQLite field is complete,OK,SQLite field is complete,OK,SQLite field is complete,C,no local RAW/API snapshot is available,OK,SQLite field is complete,False
3951,9042,0,0,,OK,SQLite field is complete,OK,SQLite field is complete,OK,SQLite field is complete,OK,SQLite field is complete,C,no local RAW/API snapshot is available,OK,SQLite field is complete,False
3952,9045,0,0,,OK,SQLite field is complete,OK,SQLite field is complete,OK,SQLite field is complete,OK,SQLite field is complete,C,no local RAW/API snapshot is available,C,no local RAW/API snapshot is available,False
3953,9048,0,0,,OK,SQLite field is complete,OK,SQLite field is complete,OK,SQLite field is complete,OK,SQLite field is complete,C,no local RAW/API snapshot is available,OK,SQLite field is complete,False
3954,9050,0,0,,OK,SQLite field is complete,OK,SQLite field is complete,OK,SQLite field is complete,OK,SQLite field is complete,C,no local RAW/API snapshot is available,C,no local RAW/API snapshot is available,False
3955,9053,0,0,,OK,SQLite field is complete,OK,SQLite field is complete,OK,SQLite field is complete,OK,SQLite field is complete,C,no local RAW/API snapshot is available,OK,SQLite field is complete,False
3956,9057,0,0,,OK,SQLite field is complete,OK,SQLite field is complete,OK,SQLite field is complete,OK,SQLite field is complete,C,no local RAW/API snapshot is available,OK,SQLite field is complete,False
3957,9060,0,0,,OK,SQLite field is complete,OK,SQLite field is complete,OK,SQLite field is complete,OK,SQLite field is complete,C,no local RAW/API snapshot is available,OK,SQLite field is complete,False
3958,9063,0,0,,OK,SQLite field is complete,OK,SQLite field is complete,OK,SQLite field is complete,OK,SQLite field is complete,C,no local RAW/API snapshot is available,OK,SQLite field is complete,False
3959,9065,0,0,,OK,SQLite field is complete,OK,SQLite field is complete,C,no local RAW/API snapshot is available,OK,SQLite field is complete,C,no local RAW/API snapshot is available,OK,SQLite field is complete,False
3960,9069,0,0,,OK,SQLite field is complete,OK,SQLite field is complete,OK,SQLite field is complete,OK,SQLite field is complete,C,no local RAW/API snapshot is available,OK,SQLite field is complete,False
3961,9072,0,0,,OK,SQLite field is complete,OK,SQLite field is complete,OK,SQLite field is complete,OK,SQLite field is complete,C,no local RAW/API snapshot is available,OK,SQLite field is complete,False
3962,9075,0,0,,OK,SQLite field is complete,OK,SQLite field is complete,OK,SQLite field is complete,OK,SQLite field is complete,C,no local RAW/API snapshot is available,OK,SQLite field is complete,False
3963,9078,0,0,,OK,SQLite field is complete,OK,SQLite field is complete,OK,SQLite field is complete,OK,SQLite field is complete,C,no local RAW/API snapshot is available,OK,SQLite field is complete,False
3964,9082,0,0,,OK,SQLite field is complete,OK,SQLite field is complete,OK,SQLite field is complete,OK,SQLite field is complete,C,no local RAW/API snapshot is available,C,no local RAW/API snapshot is available,False
3965,9085,0,0,,OK,SQLite field is complete,OK,SQLite field is complete,C,no local RAW/API snapshot is available,OK,SQLite field is complete,C,no local RAW/API snapshot is available,OK,SQLite field is complete,False
3966,9087,0,0,,OK,SQLite field is complete,OK,SQLite field is complete,OK,SQLite field is complete,OK,SQLite field is complete,C,no local RAW/API snapshot is available,OK,SQLite field is complete,False
3967,9091,0,0,,OK,SQLite field is complete,OK,SQLite field is complete,OK,SQLite field is complete,OK,SQLite field is complete,C,no local RAW/API snapshot is available,C,no local RAW/API snapshot is available,False
3968,9093,0,0,,OK,SQLite field is complete,OK,SQLite field is complete,OK,SQLite field is complete,OK,SQLite field is complete,C,no local RAW/API snapshot is available,OK,SQLite field is complete,False
3969,9096,0,0,,OK,SQLite field is complete,OK,SQLite field is complete,OK,SQLite field is complete,OK,SQLite field is complete,C,no local RAW/API snapshot is available,OK,SQLite field is complete,False
3970,9099,0,0,,OK,SQLite field is complete,OK,SQLite field is complete,OK,SQLite field is complete,OK,SQLite field is complete,C,no local RAW/API snapshot is available,OK,SQLite field is complete,False
3971,9103,0,0,,OK,SQLite field is complete,OK,SQLite field is complete,C,no local RAW/API snapshot is available,OK,SQLite field is complete,C,no local RAW/API snapshot is available,OK,SQLite field is complete,False
3972,9105,0,0,,OK,SQLite field is complete,OK,SQLite field is complete,C,no local RAW/API snapshot is available,OK,SQLite field is complete,C,no local RAW/API snapshot is available,OK,SQLite field is complete,False
3973,9108,0,0,,OK,SQLite field is complete,OK,SQLite field is complete,C,no local RAW/API snapshot is available,OK,SQLite field is complete,C,no local RAW/API snapshot is available,OK,SQLite field is complete,False
3974,9111,0,0,,OK,SQLite field is complete,OK,SQLite field is complete,OK,SQLite field is complete,OK,SQLite field is complete,C,no local RAW/API snapshot is available,OK,SQLite field is complete,False
3975,9114,0,0,,OK,SQLite field is complete,OK,SQLite field is complete,OK,SQLite field is complete,OK,SQLite field is complete,C,no local RAW/API snapshot is available,OK,SQLite field is complete,False
3976,9117,0,0,,OK,SQLite field is complete,OK,SQLite field is complete,OK,SQLite field is complete,OK,SQLite field is complete,C,no local RAW/API snapshot is available,OK,SQLite field is complete,False
3977,9121,0,0,,OK,SQLite field is complete,OK,SQLite field is complete,OK,SQLite field is complete,OK,SQLite field is complete,C,no local RAW/API snapshot is available,OK,SQLite field is complete,False
3978,9124,0,0,,OK,SQLite field is complete,OK,SQLite field is complete,C,no local RAW/API snapshot is available,OK,SQLite field is complete,C,no local RAW/API snapshot is available,OK,SQLite field is complete,False
3979,9125,0,0,,OK,SQLite field is complete,OK,SQLite field is complete,OK,SQLite field is complete,OK,SQLite field is complete,C,no local RAW/API snapshot is available,C,no local RAW/API snapshot is available,False
3980,9130,0,0,,OK,SQLite field is complete,OK,SQLite field is complete,C,no local RAW/API snapshot is available,OK,SQLite field is complete,C,no local RAW/API snapshot is available,OK,SQLite field is complete,False
3981,9132,0,0,,OK,SQLite field is complete,OK,SQLite field is complete,OK,SQLite field is complete,OK,SQLite field is complete,C,no local RAW/API snapshot is available,OK,SQLite field is complete,False
3982,9135,0,0,,OK,SQLite field is complete,OK,SQLite field is complete,OK,SQLite field is complete,OK,SQLite field is complete,C,no local RAW/API snapshot is available,OK,SQLite field is complete,False
3983,9138,0,0,,OK,SQLite field is complete,OK,SQLite field is complete,OK,SQLite field is complete,OK,SQLite field is complete,C,no local RAW/API snapshot is available,OK,SQLite field is complete,False
3984,9142,0,0,,OK,SQLite field is complete,OK,SQLite field is complete,OK,SQLite field is complete,OK,SQLite field is complete,C,no local RAW/API snapshot is available,OK,SQLite field is complete,False
3985,9144,0,0,,OK,SQLite field is complete,OK,SQLite field is complete,OK,SQLite field is complete,OK,SQLite field is complete,C,no local RAW/API snapshot is available,OK,SQLite field is complete,False
3986,9147,0,0,,OK,SQLite field is complete,OK,SQLite field is complete,OK,SQLite field is complete,OK,SQLite field is complete,C,no local RAW/API snapshot is available,OK,SQLite field is complete,False
3987,9151,0,0,,OK,SQLite field is complete,OK,SQLite field is complete,C,no local RAW/API snapshot is available,OK,SQLite field is complete,C,no local RAW/API snapshot is available,OK,SQLite field is complete,False
3988,9153,0,0,,OK,SQLite field is complete,OK,SQLite field is complete,OK,SQLite field is complete,OK,SQLite field is complete,C,no local RAW/API snapshot is available,OK,SQLite field is complete,False
3989,9156,0,0,,OK,SQLite field is complete,OK,SQLite field is complete,OK,SQLite field is complete,OK,SQLite field is complete,C,no local RAW/API snapshot is available,OK,SQLite field is complete,False
3990,9159,0,0,,OK,SQLite field is complete,OK,SQLite field is complete,OK,SQLite field is complete,OK,SQLite field is complete,C,no local RAW/API snapshot is available,OK,SQLite field is complete,False
3991,9162,0,0,,OK,SQLite field is complete,OK,SQLite field is complete,OK,SQLite field is complete,OK,SQLite field is complete,C,no local RAW/API snapshot is available,OK,SQLite field is complete,False
3992,9166,0,0,,OK,SQLite field is complete,OK,SQLite field is complete,OK,SQLite field is complete,OK,SQLite field is complete,C,no local RAW/API snapshot is available,OK,SQLite field is complete,False
3993,9168,0,0,,OK,SQLite field is complete,OK,SQLite field is complete,OK,SQLite field is complete,OK,SQLite field is complete,C,no local RAW/API snapshot is available,OK,SQLite field is complete,False
3994,9172,0,0,,OK,SQLite field is complete,OK,SQLite field is complete,C,no local RAW/API snapshot is available,OK,SQLite field is complete,C,no local RAW/API snapshot is available,OK,SQLite field is complete,False
3995,9173,0,0,,OK,SQLite field is complete,OK,SQLite field is complete,C,no local RAW/API snapshot is available,OK,SQLite field is complete,C,no local RAW/API snapshot is available,OK,SQLite field is complete,False
3996,9177,0,0,,OK,SQLite field is complete,OK,SQLite field is complete,OK,SQLite field is complete,OK,SQLite field is complete,C,no local RAW/API snapshot is available,OK,SQLite field is complete,False
3997,9180,0,0,,OK,SQLite field is complete,OK,SQLite field is complete,OK,SQLite field is complete,OK,SQLite field is complete,C,no local RAW/API snapshot is available,OK,SQLite field is complete,False
3998,9184,0,0,,OK,SQLite field is complete,OK,SQLite field is complete,OK,SQLite field is complete,OK,SQLite field is complete,C,no local RAW/API snapshot is available,OK,SQLite field is complete,False
3999,9186,0,0,,OK,SQLite field is complete,OK,SQLite field is complete,OK,SQLite field is complete,OK,SQLite field is complete,C,no local RAW/API snapshot is available,OK,SQLite field is complete,False
4000,9189,0,0,,OK,SQLite field is complete,OK,SQLite field is complete,OK,SQLite field is complete,OK,SQLite field is complete,C,no local RAW/API snapshot is available,OK,SQLite field is complete,False
4001,9192,0,0,,OK,SQLite field is complete,OK,SQLite field is complete,C,no local RAW/API snapshot is available,OK,SQLite field is complete,C,no local RAW/API snapshot is available,OK,SQLite field is complete,False
4002,9195,0,0,,OK,SQLite field is complete,OK,SQLite field is complete,OK,SQLite field is complete,OK,SQLite field is complete,C,no local RAW/API snapshot is available,OK,SQLite field is complete,False
4003,9198,0,0,,OK,SQLite field is complete,OK,SQLite field is complete,OK,SQLite field is complete,OK,SQLite field is complete,C,no local RAW/API snapshot is available,OK,SQLite field is complete,False
4004,9201,0,0,,OK,SQLite field is complete,OK,SQLite field is complete,OK,SQLite field is complete,OK,SQLite field is complete,C,no local RAW/API snapshot is available,OK,SQLite field is complete,False
4005,9205,0,0,,OK,SQLite field is complete,OK,SQLite field is complete,OK,SQLite field is complete,OK,SQLite field is complete,C,no local RAW/API snapshot is available,OK,SQLite field is complete,False
4006,9207,0,0,,OK,SQLite field is complete,OK,SQLite field is complete,OK,SQLite field is complete,OK,SQLite field is complete,C,no local RAW/API snapshot is available,OK,SQLite field is complete,False
4007,9210,0,0,,OK,SQLite field is complete,OK,SQLite field is complete,OK,SQLite field is complete,OK,SQLite field is complete,C,no local RAW/API snapshot is available,OK,SQLite field is complete,False
4008,9212,0,0,,OK,SQLite field is complete,OK,SQLite field is complete,C,no local RAW/API snapshot is available,OK,SQLite field is complete,C,no local RAW/API snapshot is available,OK,SQLite field is complete,False
4009,9218,0,0,,OK,SQLite field is complete,OK,SQLite field is complete,C,no local RAW/API snapshot is available,OK,SQLite field is complete,C,no local RAW/API snapshot is available,OK,SQLite field is complete,False
4010,9219,0,0,,OK,SQLite field is complete,OK,SQLite field is complete,OK,SQLite field is complete,OK,SQLite field is complete,C,no local RAW/API snapshot is available,OK,SQLite field is complete,False
4011,9222,0,0,,OK,SQLite field is complete,OK,SQLite field is complete,OK,SQLite field is complete,OK,SQLite field is complete,C,no local RAW/API snapshot is available,OK,SQLite field is complete,False
4012,9225,0,0,,OK,SQLite field is complete,OK,SQLite field is complete,OK,SQLite field is complete,OK,SQLite field is complete,C,no local RAW/API snapshot is available,OK,SQLite field is complete,False
4013,9229,0,0,,OK,SQLite field is complete,OK,SQLite field is complete,OK,SQLite field is complete,OK,SQLite field is complete,C,no local RAW/API snapshot is available,OK,SQLite field is complete,False
4014,9231,0,0,,OK,SQLite field is complete,OK,SQLite field is complete,OK,SQLite field is complete,OK,SQLite field is complete,C,no local RAW/API snapshot is available,OK,SQLite field is complete,False
4015,9234,0,0,,OK,SQLite field is complete,OK,SQLite field is complete,OK,SQLite field is complete,OK,SQLite field is complete,C,no local RAW/API snapshot is available,C,no local RAW/API snapshot is available,False
4016,9237,0,0,,OK,SQLite field is complete,OK,SQLite field is complete,OK,SQLite field is complete,OK,SQLite field is complete,C,no local RAW/API snapshot is available,OK,SQLite field is complete,False
4017,9240,0,0,,OK,SQLite field is complete,OK,SQLite field is complete,OK,SQLite field is complete,OK,SQLite field is complete,C,no local RAW/API snapshot is available,OK,SQLite field is complete,False
4018,9243,0,0,,OK,SQLite field is complete,OK,SQLite field is complete,OK,SQLite field is complete,OK,SQLite field is complete,C,no local RAW/API snapshot is available,C,no local RAW/API snapshot is available,False
4019,9246,0,0,,OK,SQLite field is complete,OK,SQLite field is complete,OK,SQLite field is complete,OK,SQLite field is complete,C,no local RAW/API snapshot is available,OK,SQLite field is complete,False
4020,9249,0,0,,OK,SQLite field is complete,OK,SQLite field is complete,OK,SQLite field is complete,OK,SQLite field is complete,C,no local RAW/API snapshot is available,OK,SQLite field is complete,False
4021,9252,0,0,,OK,SQLite field is complete,OK,SQLite field is complete,OK,SQLite field is complete,OK,SQLite field is complete,C,no local RAW/API snapshot is available,OK,SQLite field is complete,False
4022,9254,0,0,,OK,SQLite field is complete,OK,SQLite field is complete,OK,SQLite field is complete,OK,SQLite field is complete,C,no local RAW/API snapshot is available,C,no local RAW/API snapshot is available,False
4023,9257,0,0,,OK,SQLite field is complete,OK,SQLite field is complete,OK,SQLite field is complete,OK,SQLite field is complete,C,no local RAW/API snapshot is available,OK,SQLite field is complete,False
4024,9260,0,0,,OK,SQLite field is complete,OK,SQLite field is complete,OK,SQLite field is complete,OK,SQLite field is complete,C,no local RAW/API snapshot is available,C,no local RAW/API snapshot is available,False
4025,9263,0,0,,OK,SQLite field is complete,OK,SQLite field is complete,OK,SQLite field is complete,OK,SQLite field is complete,C,no local RAW/API snapshot is available,C,no local RAW/API snapshot is available,False
4026,9267,0,0,,OK,SQLite field is complete,OK,SQLite field is complete,OK,SQLite field is complete,OK,SQLite field is complete,C,no local RAW/API snapshot is available,OK,SQLite field is complete,False
4027,9269,0,0,,OK,SQLite field is complete,OK,SQLite field is complete,OK,SQLite field is complete,OK,SQLite field is complete,C,no local RAW/API snapshot is available,OK,SQLite field is complete,False
4028,9273,0,0,,OK,SQLite field is complete,OK,SQLite field is complete,OK,SQLite field is complete,OK,SQLite field is complete,C,no local RAW/API snapshot is available,OK,SQLite field is complete,False
4029,9277,0,0,,OK,SQLite field is complete,OK,SQLite field is complete,OK,SQLite field is complete,OK,SQLite field is complete,C,no local RAW/API snapshot is available,OK,SQLite field is complete,False
4030,9279,0,0,,OK,SQLite field is complete,OK,SQLite field is complete,OK,SQLite field is complete,OK,SQLite field is complete,C,no local RAW/API snapshot is available,OK,SQLite field is complete,False
4031,9282,0,0,,OK,SQLite field is complete,OK,SQLite field is complete,OK,SQLite field is complete,OK,SQLite field is complete,C,no local RAW/API snapshot is available,OK,SQLite field is complete,False
4032,9285,0,0,,OK,SQLite field is complete,OK,SQLite field is complete,OK,SQLite field is complete,OK,SQLite field is complete,C,no local RAW/API snapshot is available,OK,SQLite field is complete,False
4033,9289,0,0,,OK,SQLite field is complete,OK,SQLite field is complete,C,no local RAW/API snapshot is available,OK,SQLite field is complete,C,no local RAW/API snapshot is available,OK,SQLite field is complete,False
4034,9291,0,0,,OK,SQLite field is complete,OK,SQLite field is complete,OK,SQLite field is complete,OK,SQLite field is complete,C,no local RAW/API snapshot is available,C,no local RAW/API snapshot is available,False
4035,9294,0,0,,OK,SQLite field is complete,OK,SQLite field is complete,OK,SQLite field is complete,OK,SQLite field is complete,C,no local RAW/API snapshot is available,C,no local RAW/API snapshot is available,False
4036,9297,0,0,,OK,SQLite field is complete,OK,SQLite field is complete,C,no local RAW/API snapshot is available,OK,SQLite field is complete,C,no local RAW/API snapshot is available,OK,SQLite field is complete,False
4037,9300,0,0,,OK,SQLite field is complete,OK,SQLite field is complete,OK,SQLite field is complete,OK,SQLite field is complete,C,no local RAW/API snapshot is available,OK,SQLite field is complete,False
4038,9302,0,0,,OK,SQLite field is complete,OK,SQLite field is complete,OK,SQLite field is complete,OK,SQLite field is complete,C,no local RAW/API snapshot is available,OK,SQLite field is complete,False
4039,9305,0,0,,OK,SQLite field is complete,OK,SQLite field is complete,OK,SQLite field is complete,OK,SQLite field is complete,C,no local RAW/API snapshot is available,OK,SQLite field is complete,False
4040,9309,0,0,,OK,SQLite field is complete,OK,SQLite field is complete,C,no local RAW/API snapshot is available,OK,SQLite field is complete,C,no local RAW/API snapshot is available,C,no local RAW/API snapshot is available,False
4041,9311,0,0,,OK,SQLite field is complete,OK,SQLite field is complete,C,no local RAW/API snapshot is available,OK,SQLite field is complete,C,no local RAW/API snapshot is available,C,no local RAW/API snapshot is available,False
4042,9315,0,0,,OK,SQLite field is complete,OK,SQLite field is complete,OK,SQLite field is complete,OK,SQLite field is complete,C,no local RAW/API snapshot is available,OK,SQLite field is complete,False
4043,9317,0,0,,OK,SQLite field is complete,OK,SQLite field is complete,OK,SQLite field is complete,OK,SQLite field is complete,C,no local RAW/API snapshot is available,OK,SQLite field is complete,False
4044,9320,0,0,,OK,SQLite field is complete,OK,SQLite field is complete,OK,SQLite field is complete,OK,SQLite field is complete,C,no local RAW/API snapshot is available,C,no local RAW/API snapshot is available,False
4045,9322,0,0,,OK,SQLite field is complete,OK,SQLite field is complete,OK,SQLite field is complete,OK,SQLite field is complete,C,no local RAW/API snapshot is available,C,no local RAW/API snapshot is available,False
4046,9325,0,0,,OK,SQLite field is complete,OK,SQLite field is complete,OK,SQLite field is complete,OK,SQLite field is complete,C,no local RAW/API snapshot is available,OK,SQLite field is complete,False
4047,9329,0,0,,OK,SQLite field is complete,OK,SQLite field is complete,C,no local RAW/API snapshot is available,OK,SQLite field is complete,C,no local RAW/API snapshot is available,OK,SQLite field is complete,False
4048,9331,0,0,,OK,SQLite field is complete,OK,SQLite field is complete,OK,SQLite field is complete,OK,SQLite field is complete,C,no local RAW/API snapshot is available,OK,SQLite field is complete,False
4049,9334,0,0,,OK,SQLite field is complete,OK,SQLite field is complete,OK,SQLite field is complete,OK,SQLite field is complete,C,no local RAW/API snapshot is available,OK,SQLite field is complete,False
4050,9336,0,0,,OK,SQLite field is complete,OK,SQLite field is complete,OK,SQLite field is complete,OK,SQLite field is complete,C,no local RAW/API snapshot is available,C,no local RAW/API snapshot is available,False
4051,9341,0,0,,OK,SQLite field is complete,OK,SQLite field is complete,OK,SQLite field is complete,OK,SQLite field is complete,C,no local RAW/API snapshot is available,OK,SQLite field is complete,False
4052,9343,0,0,,OK,SQLite field is complete,OK,SQLite field is complete,OK,SQLite field is complete,OK,SQLite field is complete,C,no local RAW/API snapshot is available,OK,SQLite field is complete,False
4053,9346,0,0,,OK,SQLite field is complete,OK,SQLite field is complete,OK,SQLite field is complete,OK,SQLite field is complete,C,no local RAW/API snapshot is available,OK,SQLite field is complete,False
4054,9349,0,0,,OK,SQLite field is complete,OK,SQLite field is complete,C,no local RAW/API snapshot is available,OK,SQLite field is complete,C,no local RAW/API snapshot is available,C,no local RAW/API snapshot is available,False
4055,9352,0,0,,OK,SQLite field is complete,OK,SQLite field is complete,OK,SQLite field is complete,OK,SQLite field is complete,C,no local RAW/API snapshot is available,OK,SQLite field is complete,False
4056,9356,0,0,,OK,SQLite field is complete,OK,SQLite field is complete,OK,SQLite field is complete,OK,SQLite field is complete,C,no local RAW/API snapshot is available,OK,SQLite field is complete,False
4057,9358,0,0,,OK,SQLite field is complete,OK,SQLite field is complete,OK,SQLite field is complete,OK,SQLite field is complete,C,no local RAW/API snapshot is available,OK,SQLite field is complete,False
4058,9360,0,0,,OK,SQLite field is complete,OK,SQLite field is complete,OK,SQLite field is complete,OK,SQLite field is complete,C,no local RAW/API snapshot is available,OK,SQLite field is complete,False
4059,9364,0,0,,OK,SQLite field is complete,OK,SQLite field is complete,OK,SQLite field is complete,OK,SQLite field is complete,C,no local RAW/API snapshot is available,OK,SQLite field is complete,False
4060,9367,0,0,,OK,SQLite field is complete,OK,SQLite field is complete,OK,SQLite field is complete,OK,SQLite field is complete,C,no local RAW/API snapshot is available,C,no local RAW/API snapshot is available,False
4061,9370,0,0,,OK,SQLite field is complete,OK,SQLite field is complete,C,no local RAW/API snapshot is available,OK,SQLite field is complete,C,no local RAW/API snapshot is available,OK,SQLite field is complete,False
4062,9373,0,0,,OK,SQLite field is complete,OK,SQLite field is complete,OK,SQLite field is complete,OK,SQLite field is complete,C,no local RAW/API snapshot is available,C,no local RAW/API snapshot is available,False
4063,9376,0,0,,OK,SQLite field is complete,OK,SQLite field is complete,OK,SQLite field is complete,OK,SQLite field is complete,C,no local RAW/API snapshot is available,OK,SQLite field is complete,False
4064,9379,0,0,,OK,SQLite field is complete,OK,SQLite field is complete,OK,SQLite field is complete,OK,SQLite field is complete,C,no local RAW/API snapshot is available,OK,SQLite field is complete,False
4065,9382,0,0,,OK,SQLite field is complete,OK,SQLite field is complete,OK,SQLite field is complete,OK,SQLite field is complete,C,no local RAW/API snapshot is available,OK,SQLite field is complete,False
4066,9386,0,0,,OK,SQLite field is complete,OK,SQLite field is complete,OK,SQLite field is complete,OK,SQLite field is complete,C,no local RAW/API snapshot is available,OK,SQLite field is complete,False
4067,9389,0,0,,OK,SQLite field is complete,OK,SQLite field is complete,OK,SQLite field is complete,OK,SQLite field is complete,C,no local RAW/API snapshot is available,OK,SQLite field is complete,False
4068,9392,0,0,,OK,SQLite field is complete,OK,SQLite field is complete,OK,SQLite field is complete,OK,SQLite field is complete,C,no local RAW/API snapshot is available,OK,SQLite field is complete,False
4069,9394,0,0,,OK,SQLite field is complete,OK,SQLite field is complete,OK,SQLite field is complete,OK,SQLite field is complete,C,no local RAW/API snapshot is available,C,no local RAW/API snapshot is available,False
4070,9397,0,0,,OK,SQLite field is complete,OK,SQLite field is complete,C,no local RAW/API snapshot is available,OK,SQLite field is complete,C,no local RAW/API snapshot is available,OK,SQLite field is complete,False
4071,9400,0,0,,OK,SQLite field is complete,OK,SQLite field is complete,OK,SQLite field is complete,OK,SQLite field is complete,C,no local RAW/API snapshot is available,OK,SQLite field is complete,False
4072,9403,0,0,,OK,SQLite field is complete,OK,SQLite field is complete,OK,SQLite field is complete,OK,SQLite field is complete,C,no local RAW/API snapshot is available,OK,SQLite field is complete,False
4073,9406,0,0,,OK,SQLite field is complete,OK,SQLite field is complete,OK,SQLite field is complete,OK,SQLite field is complete,C,no local RAW/API snapshot is available,OK,SQLite field is complete,False
4074,9409,0,0,,OK,SQLite field is complete,OK,SQLite field is complete,OK,SQLite field is complete,OK,SQLite field is complete,C,no local RAW/API snapshot is available,OK,SQLite field is complete,False
4075,9411,0,0,,OK,SQLite field is complete,OK,SQLite field is complete,C,no local RAW/API snapshot is available,OK,SQLite field is complete,C,no local RAW/API snapshot is available,OK,SQLite field is complete,False
4076,9415,0,0,,OK,SQLite field is complete,OK,SQLite field is complete,OK,SQLite field is complete,OK,SQLite field is complete,C,no local RAW/API snapshot is available,C,no local RAW/API snapshot is available,False
4077,9417,0,0,,OK,SQLite field is complete,OK,SQLite field is complete,OK,SQLite field is complete,OK,SQLite field is complete,C,no local RAW/API snapshot is available,OK,SQLite field is complete,False
4078,9421,0,0,,OK,SQLite field is complete,OK,SQLite field is complete,OK,SQLite field is complete,OK,SQLite field is complete,C,no local RAW/API snapshot is available,OK,SQLite field is complete,False
4079,9424,0,0,,OK,SQLite field is complete,OK,SQLite field is complete,OK,SQLite field is complete,OK,SQLite field is complete,C,no local RAW/API snapshot is available,OK,SQLite field is complete,False
4080,9427,0,0,,OK,SQLite field is complete,OK,SQLite field is complete,OK,SQLite field is complete,OK,SQLite field is complete,C,no local RAW/API snapshot is available,OK,SQLite field is complete,False
4081,9430,0,0,,OK,SQLite field is complete,OK,SQLite field is complete,OK,SQLite field is complete,OK,SQLite field is complete,C,no local RAW/API snapshot is available,OK,SQLite field is complete,False
4082,9434,0,0,,OK,SQLite field is complete,OK,SQLite field is complete,OK,SQLite field is complete,OK,SQLite field is complete,C,no local RAW/API snapshot is available,OK,SQLite field is complete,False
4083,9437,0,0,,OK,SQLite field is complete,OK,SQLite field is complete,OK,SQLite field is complete,OK,SQLite field is complete,C,no local RAW/API snapshot is available,OK,SQLite field is complete,False
4084,9439,0,0,,OK,SQLite field is complete,OK,SQLite field is complete,OK,SQLite field is complete,OK,SQLite field is complete,C,no local RAW/API snapshot is available,OK,SQLite field is complete,False
4085,9442,0,0,,OK,SQLite field is complete,OK,SQLite field is complete,OK,SQLite field is complete,OK,SQLite field is complete,C,no local RAW/API snapshot is available,OK,SQLite field is complete,False
4086,9445,0,0,,OK,SQLite field is complete,OK,SQLite field is complete,OK,SQLite field is complete,OK,SQLite field is complete,C,no local RAW/API snapshot is available,OK,SQLite field is complete,False
4087,9447,0,0,,OK,SQLite field is complete,OK,SQLite field is complete,OK,SQLite field is complete,OK,SQLite field is complete,C,no local RAW/API snapshot is available,OK,SQLite field is complete,False
4088,9451,0,0,,OK,SQLite field is complete,OK,SQLite field is complete,OK,SQLite field is complete,OK,SQLite field is complete,C,no local RAW/API snapshot is available,OK,SQLite field is complete,False
4089,9453,0,0,,OK,SQLite field is complete,OK,SQLite field is complete,OK,SQLite field is complete,OK,SQLite field is complete,C,no local RAW/API snapshot is available,OK,SQLite field is complete,False
4090,9457,0,0,,OK,SQLite field is complete,OK,SQLite field is complete,C,no local RAW/API snapshot is available,OK,SQLite field is complete,C,no local RAW/API snapshot is available,OK,SQLite field is complete,False
4091,9460,0,0,,OK,SQLite field is complete,OK,SQLite field is complete,OK,SQLite field is complete,OK,SQLite field is complete,C,no local RAW/API snapshot is available,OK,SQLite field is complete,False
4092,9463,0,0,,OK,SQLite field is complete,OK,SQLite field is complete,OK,SQLite field is complete,OK,SQLite field is complete,C,no local RAW/API snapshot is available,OK,SQLite field is complete,False
4093,9466,0,0,,OK,SQLite field is complete,OK,SQLite field is complete,OK,SQLite field is complete,OK,SQLite field is complete,C,no local RAW/API snapshot is available,OK,SQLite field is complete,False
4094,9470,0,0,,OK,SQLite field is complete,OK,SQLite field is complete,OK,SQLite field is complete,OK,SQLite field is complete,C,no local RAW/API snapshot is available,OK,SQLite field is complete,False
4095,9473,0,0,,OK,SQLite field is complete,OK,SQLite field is complete,OK,SQLite field is complete,OK,SQLite field is complete,C,no local RAW/API snapshot is available,OK,SQLite field is complete,False
4096,9476,0,0,,OK,SQLite field is complete,OK,SQLite field is complete,C,no local RAW/API snapshot is available,OK,SQLite field is complete,C,no local RAW/API snapshot is available,OK,SQLite field is complete,False
4097,9479,0,0,,OK,SQLite field is complete,OK,SQLite field is complete,C,no local RAW/API snapshot is available,OK,SQLite field is complete,C,no local RAW/API snapshot is available,C,no local RAW/API snapshot is available,False
4098,9480,0,0,,OK,SQLite field is complete,OK,SQLite field is complete,C,no local RAW/API snapshot is available,OK,SQLite field is complete,C,no local RAW/API snapshot is available,OK,SQLite field is complete,False
4099,9484,0,0,,OK,SQLite field is complete,OK,SQLite field is complete,OK,SQLite field is complete,OK,SQLite field is complete,C,no local RAW/API snapshot is available,OK,SQLite field is complete,False
4100,9486,0,0,,OK,SQLite field is complete,OK,SQLite field is complete,OK,SQLite field is complete,OK,SQLite field is complete,C,no local RAW/API snapshot is available,OK,SQLite field is complete,False
4101,9490,0,0,,OK,SQLite field is complete,OK,SQLite field is complete,OK,SQLite field is complete,OK,SQLite field is complete,C,no local RAW/API snapshot is available,OK,SQLite field is complete,False
4102,9491,0,0,,OK,SQLite field is complete,OK,SQLite field is complete,OK,SQLite field is complete,OK,SQLite field is complete,C,no local RAW/API snapshot is available,OK,SQLite field is complete,False
4103,9496,0,0,,OK,SQLite field is complete,OK,SQLite field is complete,OK,SQLite field is complete,OK,SQLite field is complete,C,no local RAW/API snapshot is available,OK,SQLite field is complete,False
4104,9498,0,0,,OK,SQLite field is complete,OK,SQLite field is complete,C,no local RAW/API snapshot is available,OK,SQLite field is complete,C,no local RAW/API snapshot is available,OK,SQLite field is complete,False
4105,9500,0,0,,OK,SQLite field is complete,OK,SQLite field is complete,OK,SQLite field is complete,OK,SQLite field is complete,C,no local RAW/API snapshot is available,C,no local RAW/API snapshot is available,False
4106,9504,0,0,,OK,SQLite field is complete,OK,SQLite field is complete,OK,SQLite field is complete,OK,SQLite field is complete,C,no local RAW/API snapshot is available,OK,SQLite field is complete,False
4107,9507,0,0,,OK,SQLite field is complete,OK,SQLite field is complete,OK,SQLite field is complete,OK,SQLite field is complete,C,no local RAW/API snapshot is available,OK,SQLite field is complete,False
4108,9510,0,0,,OK,SQLite field is complete,OK,SQLite field is complete,OK,SQLite field is complete,OK,SQLite field is complete,C,no local RAW/API snapshot is available,C,no local RAW/API snapshot is available,False
4109,9513,0,0,,OK,SQLite field is complete,OK,SQLite field is complete,C,no local RAW/API snapshot is available,OK,SQLite field is complete,C,no local RAW/API snapshot is available,OK,SQLite field is complete,False
4110,9515,0,0,,OK,SQLite field is complete,OK,SQLite field is complete,OK,SQLite field is complete,OK,SQLite field is complete,C,no local RAW/API snapshot is available,OK,SQLite field is complete,False
4111,9519,0,0,,OK,SQLite field is complete,OK,SQLite field is complete,C,no local RAW/API snapshot is available,OK,SQLite field is complete,C,no local RAW/API snapshot is available,C,no local RAW/API snapshot is available,False
4112,9523,0,0,,OK,SQLite field is complete,OK,SQLite field is complete,OK,SQLite field is complete,OK,SQLite field is complete,C,no local RAW/API snapshot is available,OK,SQLite field is complete,False
4113,9527,0,0,,OK,SQLite field is complete,OK,SQLite field is complete,OK,SQLite field is complete,OK,SQLite field is complete,C,no local RAW/API snapshot is available,OK,SQLite field is complete,False
4114,9528,0,0,,OK,SQLite field is complete,OK,SQLite field is complete,OK,SQLite field is complete,OK,SQLite field is complete,C,no local RAW/API snapshot is available,OK,SQLite field is complete,False
4115,9529,0,0,,OK,SQLite field is complete,OK,SQLite field is complete,OK,SQLite field is complete,OK,SQLite field is complete,C,no local RAW/API snapshot is available,OK,SQLite field is complete,False
4116,9534,0,0,,OK,SQLite field is complete,OK,SQLite field is complete,OK,SQLite field is complete,OK,SQLite field is complete,C,no local RAW/API snapshot is available,OK,SQLite field is complete,False
4117,9537,0,0,,OK,SQLite field is complete,OK,SQLite field is complete,OK,SQLite field is complete,OK,SQLite field is complete,C,no local RAW/API snapshot is available,OK,SQLite field is complete,False
4118,9540,0,0,,OK,SQLite field is complete,OK,SQLite field is complete,OK,SQLite field is complete,OK,SQLite field is complete,C,no local RAW/API snapshot is available,OK,SQLite field is complete,False
4119,9541,0,0,,OK,SQLite field is complete,OK,SQLite field is complete,OK,SQLite field is complete,OK,SQLite field is complete,C,no local RAW/API snapshot is available,OK,SQLite field is complete,False
4120,9545,0,0,,OK,SQLite field is complete,OK,SQLite field is complete,OK,SQLite field is complete,OK,SQLite field is complete,C,no local RAW/API snapshot is available,OK,SQLite field is complete,False
4121,9548,0,0,,OK,SQLite field is complete,OK,SQLite field is complete,OK,SQLite field is complete,OK,SQLite field is complete,C,no local RAW/API snapshot is available,OK,SQLite field is complete,False
4122,9551,0,0,,OK,SQLite field is complete,OK,SQLite field is complete,OK,SQLite field is complete,OK,SQLite field is complete,C,no local RAW/API snapshot is available,OK,SQLite field is complete,False
4123,9555,0,0,,OK,SQLite field is complete,OK,SQLite field is complete,OK,SQLite field is complete,OK,SQLite field is complete,C,no local RAW/API snapshot is available,OK,SQLite field is complete,False
4124,9558,0,0,,OK,SQLite field is complete,OK,SQLite field is complete,C,no local RAW/API snapshot is available,OK,SQLite field is complete,C,no local RAW/API snapshot is available,OK,SQLite field is complete,False
4125,9561,0,0,,OK,SQLite field is complete,OK,SQLite field is complete,OK,SQLite field is complete,OK,SQLite field is complete,C,no local RAW/API snapshot is available,OK,SQLite field is complete,False
4126,9564,0,0,,OK,SQLite field is complete,OK,SQLite field is complete,OK,SQLite field is complete,OK,SQLite field is complete,C,no local RAW/API snapshot is available,OK,SQLite field is complete,False
4127,9567,0,0,,OK,SQLite field is complete,OK,SQLite field is complete,C,no local RAW/API snapshot is available,OK,SQLite field is complete,C,no local RAW/API snapshot is available,OK,SQLite field is complete,False
4128,9569,0,0,,OK,SQLite field is complete,OK,SQLite field is complete,OK,SQLite field is complete,OK,SQLite field is complete,C,no local RAW/API snapshot is available,OK,SQLite field is complete,False
4129,9572,0,0,,OK,SQLite field is complete,OK,SQLite field is complete,OK,SQLite field is complete,OK,SQLite field is complete,C,no local RAW/API snapshot is available,OK,SQLite field is complete,False
4130,9576,0,0,,OK,SQLite field is complete,OK,SQLite field is complete,OK,SQLite field is complete,OK,SQLite field is complete,C,no local RAW/API snapshot is available,C,no local RAW/API snapshot is available,False
4131,9579,0,0,,OK,SQLite field is complete,OK,SQLite field is complete,OK,SQLite field is complete,OK,SQLite field is complete,C,no local RAW/API snapshot is available,OK,SQLite field is complete,False
4132,9581,0,0,,OK,SQLite field is complete,OK,SQLite field is complete,OK,SQLite field is complete,OK,SQLite field is complete,C,no local RAW/API snapshot is available,OK,SQLite field is complete,False
4133,9584,0,0,,OK,SQLite field is complete,OK,SQLite field is complete,OK,SQLite field is complete,OK,SQLite field is complete,C,no local RAW/API snapshot is available,OK,SQLite field is complete,False
4134,9586,0,0,,OK,SQLite field is complete,OK,SQLite field is complete,OK,SQLite field is complete,OK,SQLite field is complete,C,no local RAW/API snapshot is available,OK,SQLite field is complete,False
4135,9590,0,0,,OK,SQLite field is complete,OK,SQLite field is complete,OK,SQLite field is complete,OK,SQLite field is complete,C,no local RAW/API snapshot is available,OK,SQLite field is complete,False
4136,9593,0,0,,OK,SQLite field is complete,OK,SQLite field is complete,OK,SQLite field is complete,OK,SQLite field is complete,C,no local RAW/API snapshot is available,OK,SQLite field is complete,False
4137,9596,0,0,,OK,SQLite field is complete,OK,SQLite field is complete,OK,SQLite field is complete,OK,SQLite field is complete,C,no local RAW/API snapshot is available,OK,SQLite field is complete,False
4138,9599,0,0,,OK,SQLite field is complete,OK,SQLite field is complete,OK,SQLite field is complete,OK,SQLite field is complete,C,no local RAW/API snapshot is available,OK,SQLite field is complete,False
4139,9603,0,0,,OK,SQLite field is complete,OK,SQLite field is complete,OK,SQLite field is complete,OK,SQLite field is complete,C,no local RAW/API snapshot is available,OK,SQLite field is complete,False
4140,9605,0,0,,OK,SQLite field is complete,OK,SQLite field is complete,OK,SQLite field is complete,OK,SQLite field is complete,C,no local RAW/API snapshot is available,OK,SQLite field is complete,False
4141,9608,0,0,,OK,SQLite field is complete,OK,SQLite field is complete,OK,SQLite field is complete,OK,SQLite field is complete,C,no local RAW/API snapshot is available,OK,SQLite field is complete,False
4142,9611,0,0,,OK,SQLite field is complete,OK,SQLite field is complete,OK,SQLite field is complete,OK,SQLite field is complete,C,no local RAW/API snapshot is available,OK,SQLite field is complete,False
4143,9614,0,0,,OK,SQLite field is complete,OK,SQLite field is complete,OK,SQLite field is complete,OK,SQLite field is complete,C,no local RAW/API snapshot is available,OK,SQLite field is complete,False
4144,9617,0,0,,OK,SQLite field is complete,OK,SQLite field is complete,OK,SQLite field is complete,OK,SQLite field is complete,C,no local RAW/API snapshot is available,OK,SQLite field is complete,False
4145,9620,0,0,,OK,SQLite field is complete,OK,SQLite field is complete,OK,SQLite field is complete,OK,SQLite field is complete,C,no local RAW/API snapshot is available,OK,SQLite field is complete,False
4146,9623,0,0,,OK,SQLite field is complete,OK,SQLite field is complete,OK,SQLite field is complete,OK,SQLite field is complete,C,no local RAW/API snapshot is available,OK,SQLite field is complete,False
4147,9626,0,0,,OK,SQLite field is complete,OK,SQLite field is complete,OK,SQLite field is complete,OK,SQLite field is complete,C,no local RAW/API snapshot is available,OK,SQLite field is complete,False
4148,9628,0,0,,OK,SQLite field is complete,OK,SQLite field is complete,OK,SQLite field is complete,OK,SQLite field is complete,C,no local RAW/API snapshot is available,OK,SQLite field is complete,False
4149,9631,0,0,,OK,SQLite field is complete,OK,SQLite field is complete,OK,SQLite field is complete,OK,SQLite field is complete,C,no local RAW/API snapshot is available,OK,SQLite field is complete,False
4150,9634,0,0,,OK,SQLite field is complete,OK,SQLite field is complete,OK,SQLite field is complete,OK,SQLite field is complete,C,no local RAW/API snapshot is available,OK,SQLite field is complete,False
4151,9637,0,0,,OK,SQLite field is complete,OK,SQLite field is complete,OK,SQLite field is complete,OK,SQLite field is complete,C,no local RAW/API snapshot is available,OK,SQLite field is complete,False
4152,9640,0,0,,OK,SQLite field is complete,OK,SQLite field is complete,OK,SQLite field is complete,OK,SQLite field is complete,C,no local RAW/API snapshot is available,C,no local RAW/API snapshot is available,False
4153,9643,0,0,,OK,SQLite field is complete,OK,SQLite field is complete,OK,SQLite field is complete,OK,SQLite field is complete,C,no local RAW/API snapshot is available,OK,SQLite field is complete,False
4154,9646,0,0,,OK,SQLite field is complete,OK,SQLite field is complete,OK,SQLite field is complete,OK,SQLite field is complete,C,no local RAW/API snapshot is available,OK,SQLite field is complete,False
4155,9650,0,0,,OK,SQLite field is complete,OK,SQLite field is complete,OK,SQLite field is complete,OK,SQLite field is complete,C,no local RAW/API snapshot is available,OK,SQLite field is complete,False
4156,9652,0,0,,OK,SQLite field is complete,OK,SQLite field is complete,OK,SQLite field is complete,OK,SQLite field is complete,C,no local RAW/API snapshot is available,C,no local RAW/API snapshot is available,False
4157,9655,0,0,,OK,SQLite field is complete,OK,SQLite field is complete,OK,SQLite field is complete,OK,SQLite field is complete,C,no local RAW/API snapshot is available,OK,SQLite field is complete,False
4158,9658,0,0,,OK,SQLite field is complete,OK,SQLite field is complete,OK,SQLite field is complete,OK,SQLite field is complete,C,no local RAW/API snapshot is available,OK,SQLite field is complete,False
4159,9660,0,0,,OK,SQLite field is complete,OK,SQLite field is complete,OK,SQLite field is complete,OK,SQLite field is complete,C,no local RAW/API snapshot is available,OK,SQLite field is complete,False
4160,9664,0,0,,OK,SQLite field is complete,OK,SQLite field is complete,OK,SQLite field is complete,OK,SQLite field is complete,C,no local RAW/API snapshot is available,OK,SQLite field is complete,False
4161,9667,0,0,,OK,SQLite field is complete,OK,SQLite field is complete,OK,SQLite field is complete,OK,SQLite field is complete,C,no local RAW/API snapshot is available,OK,SQLite field is complete,False
4162,9669,0,0,,OK,SQLite field is complete,OK,SQLite field is complete,OK,SQLite field is complete,OK,SQLite field is complete,C,no local RAW/API snapshot is available,OK,SQLite field is complete,False
4163,9673,0,0,,OK,SQLite field is complete,OK,SQLite field is complete,OK,SQLite field is complete,OK,SQLite field is complete,C,no local RAW/API snapshot is available,OK,SQLite field is complete,False
4164,9676,0,0,,OK,SQLite field is complete,OK,SQLite field is complete,OK,SQLite field is complete,OK,SQLite field is complete,C,no local RAW/API snapshot is available,OK,SQLite field is complete,False
4165,9679,0,0,,OK,SQLite field is complete,OK,SQLite field is complete,OK,SQLite field is complete,OK,SQLite field is complete,C,no local RAW/API snapshot is available,OK,SQLite field is complete,False
4166,9683,0,0,,OK,SQLite field is complete,OK,SQLite field is complete,OK,SQLite field is complete,OK,SQLite field is complete,C,no local RAW/API snapshot is available,OK,SQLite field is complete,False
4167,9686,0,0,,OK,SQLite field is complete,OK,SQLite field is complete,OK,SQLite field is complete,OK,SQLite field is complete,C,no local RAW/API snapshot is available,C,no local RAW/API snapshot is available,False
4168,9688,0,0,,OK,SQLite field is complete,OK,SQLite field is complete,C,no local RAW/API snapshot is available,OK,SQLite field is complete,C,no local RAW/API snapshot is available,OK,SQLite field is complete,False
4169,9690,0,0,,OK,SQLite field is complete,OK,SQLite field is complete,OK,SQLite field is complete,OK,SQLite field is complete,C,no local RAW/API snapshot is available,OK,SQLite field is complete,False
4170,9694,0,0,,OK,SQLite field is complete,OK,SQLite field is complete,OK,SQLite field is complete,OK,SQLite field is complete,C,no local RAW/API snapshot is available,OK,SQLite field is complete,False
4171,9697,0,0,,OK,SQLite field is complete,OK,SQLite field is complete,OK,SQLite field is complete,OK,SQLite field is complete,C,no local RAW/API snapshot is available,OK,SQLite field is complete,False
4172,9700,0,0,,OK,SQLite field is complete,OK,SQLite field is complete,OK,SQLite field is complete,OK,SQLite field is complete,C,no local RAW/API snapshot is available,OK,SQLite field is complete,False
4173,9702,0,0,,OK,SQLite field is complete,OK,SQLite field is complete,C,no local RAW/API snapshot is available,OK,SQLite field is complete,C,no local RAW/API snapshot is available,OK,SQLite field is complete,False
4174,9706,0,0,,OK,SQLite field is complete,OK,SQLite field is complete,OK,SQLite field is complete,OK,SQLite field is complete,C,no local RAW/API snapshot is available,OK,SQLite field is complete,False
4175,9709,0,0,,OK,SQLite field is complete,OK,SQLite field is complete,C,no local RAW/API snapshot is available,OK,SQLite field is complete,C,no local RAW/API snapshot is available,C,no local RAW/API snapshot is available,False
4176,9711,0,0,,OK,SQLite field is complete,OK,SQLite field is complete,OK,SQLite field is complete,OK,SQLite field is complete,C,no local RAW/API snapshot is available,OK,SQLite field is complete,False
4177,9715,0,0,,OK,SQLite field is complete,OK,SQLite field is complete,OK,SQLite field is complete,OK,SQLite field is complete,C,no local RAW/API snapshot is available,OK,SQLite field is complete,False
4178,9718,0,0,,OK,SQLite field is complete,OK,SQLite field is complete,OK,SQLite field is complete,OK,SQLite field is complete,C,no local RAW/API snapshot is available,OK,SQLite field is complete,False
4179,9722,0,0,,OK,SQLite field is complete,OK,SQLite field is complete,OK,SQLite field is complete,OK,SQLite field is complete,C,no local RAW/API snapshot is available,OK,SQLite field is complete,False
4180,9723,0,0,,OK,SQLite field is complete,OK,SQLite field is complete,C,no local RAW/API snapshot is available,OK,SQLite field is complete,C,no local RAW/API snapshot is available,OK,SQLite field is complete,False
4181,9727,0,0,,OK,SQLite field is complete,OK,SQLite field is complete,OK,SQLite field is complete,OK,SQLite field is complete,C,no local RAW/API snapshot is available,OK,SQLite field is complete,False
4182,9729,0,0,,OK,SQLite field is complete,OK,SQLite field is complete,C,no local RAW/API snapshot is available,OK,SQLite field is complete,C,no local RAW/API snapshot is available,OK,SQLite field is complete,False
4183,9732,0,0,,OK,SQLite field is complete,OK,SQLite field is complete,OK,SQLite field is complete,OK,SQLite field is complete,C,no local RAW/API snapshot is available,OK,SQLite field is complete,False
4184,9736,0,0,,OK,SQLite field is complete,OK,SQLite field is complete,OK,SQLite field is complete,OK,SQLite field is complete,C,no local RAW/API snapshot is available,OK,SQLite field is complete,False
4185,9739,0,0,,OK,SQLite field is complete,OK,SQLite field is complete,OK,SQLite field is complete,OK,SQLite field is complete,C,no local RAW/API snapshot is available,OK,SQLite field is complete,False
4186,9743,0,0,,OK,SQLite field is complete,OK,SQLite field is complete,OK,SQLite field is complete,OK,SQLite field is complete,C,no local RAW/API snapshot is available,C,no local RAW/API snapshot is available,False
4187,9744,0,0,,OK,SQLite field is complete,OK,SQLite field is complete,OK,SQLite field is complete,OK,SQLite field is complete,C,no local RAW/API snapshot is available,OK,SQLite field is complete,False
4188,9747,0,0,,OK,SQLite field is complete,OK,SQLite field is complete,OK,SQLite field is complete,OK,SQLite field is complete,C,no local RAW/API snapshot is available,OK,SQLite field is complete,False
4189,9750,0,0,,OK,SQLite field is complete,OK,SQLite field is complete,C,no local RAW/API snapshot is available,OK,SQLite field is complete,C,no local RAW/API snapshot is available,OK,SQLite field is complete,False
4190,9753,0,0,,OK,SQLite field is complete,OK,SQLite field is complete,OK,SQLite field is complete,OK,SQLite field is complete,C,no local RAW/API snapshot is available,OK,SQLite field is complete,False
4191,9755,0,0,,OK,SQLite field is complete,OK,SQLite field is complete,OK,SQLite field is complete,OK,SQLite field is complete,C,no local RAW/API snapshot is available,OK,SQLite field is complete,False
4192,9758,0,0,,OK,SQLite field is complete,OK,SQLite field is complete,OK,SQLite field is complete,OK,SQLite field is complete,C,no local RAW/API snapshot is available,OK,SQLite field is complete,False
4193,9760,0,0,,OK,SQLite field is complete,OK,SQLite field is complete,OK,SQLite field is complete,OK,SQLite field is complete,C,no local RAW/API snapshot is available,OK,SQLite field is complete,False
4194,9763,0,0,,OK,SQLite field is complete,OK,SQLite field is complete,C,no local RAW/API snapshot is available,OK,SQLite field is complete,C,no local RAW/API snapshot is available,OK,SQLite field is complete,False
4195,9766,0,0,,OK,SQLite field is complete,OK,SQLite field is complete,OK,SQLite field is complete,OK,SQLite field is complete,C,no local RAW/API snapshot is available,OK,SQLite field is complete,False
4196,9769,0,0,,OK,SQLite field is complete,OK,SQLite field is complete,OK,SQLite field is complete,OK,SQLite field is complete,C,no local RAW/API snapshot is available,OK,SQLite field is complete,False
4197,9773,0,0,,OK,SQLite field is complete,OK,SQLite field is complete,OK,SQLite field is complete,OK,SQLite field is complete,C,no local RAW/API snapshot is available,OK,SQLite field is complete,False
4198,9775,0,0,,OK,SQLite field is complete,OK,SQLite field is complete,OK,SQLite field is complete,OK,SQLite field is complete,C,no local RAW/API snapshot is available,OK,SQLite field is complete,False
4199,9776,0,0,,OK,SQLite field is complete,OK,SQLite field is complete,OK,SQLite field is complete,OK,SQLite field is complete,C,no local RAW/API snapshot is available,OK,SQLite field is complete,False
4200,9779,0,0,,OK,SQLite field is complete,OK,SQLite field is complete,OK,SQLite field is complete,OK,SQLite field is complete,C,no local RAW/API snapshot is available,OK,SQLite field is complete,False
4201,9783,0,0,,OK,SQLite field is complete,OK,SQLite field is complete,OK,SQLite field is complete,OK,SQLite field is complete,C,no local RAW/API snapshot is available,OK,SQLite field is complete,False
4202,9784,0,0,,OK,SQLite field is complete,OK,SQLite field is complete,C,no local RAW/API snapshot is available,OK,SQLite field is complete,C,no local RAW/API snapshot is available,OK,SQLite field is complete,False
4203,9787,0,0,,OK,SQLite field is complete,OK,SQLite field is complete,OK,SQLite field is complete,OK,SQLite field is complete,C,no local RAW/API snapshot is available,OK,SQLite field is complete,False
4204,9789,0,0,,OK,SQLite field is complete,OK,SQLite field is complete,OK,SQLite field is complete,OK,SQLite field is complete,C,no local RAW/API snapshot is available,OK,SQLite field is complete,False
4205,9792,0,0,,OK,SQLite field is complete,OK,SQLite field is complete,OK,SQLite field is complete,OK,SQLite field is complete,C,no local RAW/API snapshot is available,OK,SQLite field is complete,False
4206,9795,0,0,,OK,SQLite field is complete,OK,SQLite field is complete,OK,SQLite field is complete,OK,SQLite field is complete,C,no local RAW/API snapshot is available,OK,SQLite field is complete,False
4207,9796,0,0,,OK,SQLite field is complete,OK,SQLite field is complete,C,no local RAW/API snapshot is available,OK,SQLite field is complete,C,no local RAW/API snapshot is available,OK,SQLite field is complete,False
4208,9800,0,0,,OK,SQLite field is complete,OK,SQLite field is complete,OK,SQLite field is complete,OK,SQLite field is complete,C,no local RAW/API snapshot is available,OK,SQLite field is complete,False
4209,9803,0,0,,OK,SQLite field is complete,OK,SQLite field is complete,C,no local RAW/API snapshot is available,OK,SQLite field is complete,C,no local RAW/API snapshot is available,OK,SQLite field is complete,False
4210,9804,0,0,,OK,SQLite field is complete,OK,SQLite field is complete,C,no local RAW/API snapshot is available,OK,SQLite field is complete,C,no local RAW/API snapshot is available,OK,SQLite field is complete,False
4211,9807,0,0,,OK,SQLite field is complete,OK,SQLite field is complete,OK,SQLite field is complete,OK,SQLite field is complete,C,no local RAW/API snapshot is available,OK,SQLite field is complete,False
4212,9809,0,0,,OK,SQLite field is complete,OK,SQLite field is complete,OK,SQLite field is complete,OK,SQLite field is complete,C,no local RAW/API snapshot is available,OK,SQLite field is complete,False
4213,9811,0,0,,OK,SQLite field is complete,OK,SQLite field is complete,OK,SQLite field is complete,OK,SQLite field is complete,C,no local RAW/API snapshot is available,OK,SQLite field is complete,False
4214,9815,0,0,,OK,SQLite field is complete,OK,SQLite field is complete,C,no local RAW/API snapshot is available,OK,SQLite field is complete,C,no local RAW/API snapshot is available,C,no local RAW/API snapshot is available,False
4215,9817,0,0,,OK,SQLite field is complete,OK,SQLite field is complete,C,no local RAW/API snapshot is available,OK,SQLite field is complete,C,no local RAW/API snapshot is available,OK,SQLite field is complete,False
4216,9820,0,0,,OK,SQLite field is complete,OK,SQLite field is complete,OK,SQLite field is complete,OK,SQLite field is complete,C,no local RAW/API snapshot is available,OK,SQLite field is complete,False
4217,9824,0,0,,OK,SQLite field is complete,OK,SQLite field is complete,C,no local RAW/API snapshot is available,OK,SQLite field is complete,C,no local RAW/API snapshot is available,OK,SQLite field is complete,False
4218,9825,0,0,,OK,SQLite field is complete,OK,SQLite field is complete,OK,SQLite field is complete,OK,SQLite field is complete,C,no local RAW/API snapshot is available,OK,SQLite field is complete,False
4219,9828,0,0,,OK,SQLite field is complete,OK,SQLite field is complete,OK,SQLite field is complete,OK,SQLite field is complete,C,no local RAW/API snapshot is available,C,no local RAW/API snapshot is available,False
4220,9831,0,0,,OK,SQLite field is complete,OK,SQLite field is complete,OK,SQLite field is complete,OK,SQLite field is complete,C,no local RAW/API snapshot is available,OK,SQLite field is complete,False
4221,9834,0,0,,OK,SQLite field is complete,OK,SQLite field is complete,OK,SQLite field is complete,OK,SQLite field is complete,C,no local RAW/API snapshot is available,OK,SQLite field is complete,False
4222,9836,0,0,,OK,SQLite field is complete,OK,SQLite field is complete,OK,SQLite field is complete,OK,SQLite field is complete,C,no local RAW/API snapshot is available,OK,SQLite field is complete,False
4223,9839,0,0,,OK,SQLite field is complete,OK,SQLite field is complete,C,no local RAW/API snapshot is available,OK,SQLite field is complete,C,no local RAW/API snapshot is available,OK,SQLite field is complete,False
4224,9842,0,0,,OK,SQLite field is complete,OK,SQLite field is complete,OK,SQLite field is complete,OK,SQLite field is complete,C,no local RAW/API snapshot is available,OK,SQLite field is complete,False
4225,9845,0,0,,OK,SQLite field is complete,OK,SQLite field is complete,OK,SQLite field is complete,OK,SQLite field is complete,C,no local RAW/API snapshot is available,OK,SQLite field is complete,False
4226,9849,0,0,,OK,SQLite field is complete,OK,SQLite field is complete,OK,SQLite field is complete,OK,SQLite field is complete,C,no local RAW/API snapshot is available,C,no local RAW/API snapshot is available,False
4227,9851,0,0,,OK,SQLite field is complete,OK,SQLite field is complete,OK,SQLite field is complete,OK,SQLite field is complete,C,no local RAW/API snapshot is available,OK,SQLite field is complete,False
4228,9854,0,0,,OK,SQLite field is complete,OK,SQLite field is complete,C,no local RAW/API snapshot is available,OK,SQLite field is complete,C,no local RAW/API snapshot is available,OK,SQLite field is complete,False
4229,9858,0,0,,OK,SQLite field is complete,OK,SQLite field is complete,OK,SQLite field is complete,OK,SQLite field is complete,C,no local RAW/API snapshot is available,OK,SQLite field is complete,False
4230,9860,0,0,,OK,SQLite field is complete,OK,SQLite field is complete,C,no local RAW/API snapshot is available,OK,SQLite field is complete,C,no local RAW/API snapshot is available,OK,SQLite field is complete,False
4231,9863,0,0,,OK,SQLite field is complete,OK,SQLite field is complete,OK,SQLite field is complete,OK,SQLite field is complete,C,no local RAW/API snapshot is available,OK,SQLite field is complete,False
4232,9866,0,0,,OK,SQLite field is complete,OK,SQLite field is complete,OK,SQLite field is complete,OK,SQLite field is complete,C,no local RAW/API snapshot is available,OK,SQLite field is complete,False
4233,9868,0,0,,OK,SQLite field is complete,OK,SQLite field is complete,OK,SQLite field is complete,OK,SQLite field is complete,C,no local RAW/API snapshot is available,C,no local RAW/API snapshot is available,False
4234,9871,0,0,,OK,SQLite field is complete,OK,SQLite field is complete,OK,SQLite field is complete,OK,SQLite field is complete,C,no local RAW/API snapshot is available,OK,SQLite field is complete,False
4235,9876,0,0,,OK,SQLite field is complete,OK,SQLite field is complete,C,no local RAW/API snapshot is available,OK,SQLite field is complete,C,no local RAW/API snapshot is available,OK,SQLite field is complete,False
4236,9878,0,0,,OK,SQLite field is complete,OK,SQLite field is complete,OK,SQLite field is complete,OK,SQLite field is complete,C,no local RAW/API snapshot is available,OK,SQLite field is complete,False
4237,9880,0,0,,OK,SQLite field is complete,OK,SQLite field is complete,OK,SQLite field is complete,OK,SQLite field is complete,C,no local RAW/API snapshot is available,OK,SQLite field is complete,False
4238,9883,0,0,,OK,SQLite field is complete,OK,SQLite field is complete,C,no local RAW/API snapshot is available,OK,SQLite field is complete,C,no local RAW/API snapshot is available,OK,SQLite field is complete,False
4239,9886,0,0,,OK,SQLite field is complete,OK,SQLite field is complete,OK,SQLite field is complete,OK,SQLite field is complete,C,no local RAW/API snapshot is available,OK,SQLite field is complete,False
4240,9889,0,0,,OK,SQLite field is complete,OK,SQLite field is complete,OK,SQLite field is complete,OK,SQLite field is complete,C,no local RAW/API snapshot is available,OK,SQLite field is complete,False
4241,9893,0,0,,OK,SQLite field is complete,OK,SQLite field is complete,OK,SQLite field is complete,OK,SQLite field is complete,C,no local RAW/API snapshot is available,OK,SQLite field is complete,False
4242,9896,0,0,,OK,SQLite field is complete,OK,SQLite field is complete,OK,SQLite field is complete,OK,SQLite field is complete,C,no local RAW/API snapshot is available,OK,SQLite field is complete,False
4243,9899,0,0,,OK,SQLite field is complete,OK,SQLite field is complete,OK,SQLite field is complete,OK,SQLite field is complete,C,no local RAW/API snapshot is available,OK,SQLite field is complete,False
4244,9900,0,0,,OK,SQLite field is complete,OK,SQLite field is complete,C,no local RAW/API snapshot is available,OK,SQLite field is complete,C,no local RAW/API snapshot is available,C,no local RAW/API snapshot is available,False
4245,9904,0,0,,OK,SQLite field is complete,OK,SQLite field is complete,OK,SQLite field is complete,OK,SQLite field is complete,C,no local RAW/API snapshot is available,OK,SQLite field is complete,False
4246,9906,0,0,,OK,SQLite field is complete,OK,SQLite field is complete,OK,SQLite field is complete,OK,SQLite field is complete,C,no local RAW/API snapshot is available,OK,SQLite field is complete,False
4247,9909,0,0,,OK,SQLite field is complete,OK,SQLite field is complete,OK,SQLite field is complete,OK,SQLite field is complete,C,no local RAW/API snapshot is available,OK,SQLite field is complete,False
4248,9911,0,0,,OK,SQLite field is complete,OK,SQLite field is complete,OK,SQLite field is complete,OK,SQLite field is complete,C,no local RAW/API snapshot is available,OK,SQLite field is complete,False
4249,9916,0,0,,OK,SQLite field is complete,OK,SQLite field is complete,OK,SQLite field is complete,OK,SQLite field is complete,C,no local RAW/API snapshot is available,OK,SQLite field is complete,False
4250,9919,0,0,,OK,SQLite field is complete,OK,SQLite field is complete,OK,SQLite field is complete,OK,SQLite field is complete,C,no local RAW/API snapshot is available,OK,SQLite field is complete,False
4251,9920,0,0,,OK,SQLite field is complete,OK,SQLite field is complete,OK,SQLite field is complete,OK,SQLite field is complete,C,no local RAW/API snapshot is available,OK,SQLite field is complete,False
4252,9923,0,0,,OK,SQLite field is complete,OK,SQLite field is complete,OK,SQLite field is complete,OK,SQLite field is complete,C,no local RAW/API snapshot is available,OK,SQLite field is complete,False
4253,9926,0,0,,OK,SQLite field is complete,OK,SQLite field is complete,OK,SQLite field is complete,OK,SQLite field is complete,C,no local RAW/API snapshot is available,OK,SQLite field is complete,False
4254,9930,0,0,,OK,SQLite field is complete,OK,SQLite field is complete,OK,SQLite field is complete,OK,SQLite field is complete,C,no local RAW/API snapshot is available,OK,SQLite field is complete,False
4255,9932,0,0,,OK,SQLite field is complete,OK,SQLite field is complete,OK,SQLite field is complete,OK,SQLite field is complete,C,no local RAW/API snapshot is available,OK,SQLite field is complete,False
4256,9936,0,0,,OK,SQLite field is complete,OK,SQLite field is complete,OK,SQLite field is complete,OK,SQLite field is complete,C,no local RAW/API snapshot is available,OK,SQLite field is complete,False
4257,9939,0,0,,OK,SQLite field is complete,OK,SQLite field is complete,OK,SQLite field is complete,OK,SQLite field is complete,C,no local RAW/API snapshot is available,OK,SQLite field is complete,False
4258,9942,0,0,,OK,SQLite field is complete,OK,SQLite field is complete,OK,SQLite field is complete,OK,SQLite field is complete,C,no local RAW/API snapshot is available,OK,SQLite field is complete,False
4259,9945,0,0,,OK,SQLite field is complete,OK,SQLite field is complete,OK,SQLite field is complete,OK,SQLite field is complete,C,no local RAW/API snapshot is available,OK,SQLite field is complete,False
4260,9947,0,0,,OK,SQLite field is complete,OK,SQLite field is complete,OK,SQLite field is complete,OK,SQLite field is complete,C,no local RAW/API snapshot is available,OK,SQLite field is complete,False
4261,9950,0,0,,OK,SQLite field is complete,OK,SQLite field is complete,OK,SQLite field is complete,OK,SQLite field is complete,C,no local RAW/API snapshot is available,OK,SQLite field is complete,False
4262,9954,0,0,,OK,SQLite field is complete,OK,SQLite field is complete,OK,SQLite field is complete,OK,SQLite field is complete,C,no local RAW/API snapshot is available,OK,SQLite field is complete,False
4263,9957,0,0,,OK,SQLite field is complete,OK,SQLite field is complete,OK,SQLite field is complete,OK,SQLite field is complete,C,no local RAW/API snapshot is available,OK,SQLite field is complete,False
4264,9960,0,0,,OK,SQLite field is complete,OK,SQLite field is complete,OK,SQLite field is complete,OK,SQLite field is complete,C,no local RAW/API snapshot is available,OK,SQLite field is complete,False
4265,9963,0,0,,OK,SQLite field is complete,OK,SQLite field is complete,OK,SQLite field is complete,OK,SQLite field is complete,C,no local RAW/API snapshot is available,C,no local RAW/API snapshot is available,False
4266,9967,0,0,,OK,SQLite field is complete,OK,SQLite field is complete,OK,SQLite field is complete,OK,SQLite field is complete,C,no local RAW/API snapshot is available,OK,SQLite field is complete,False
4267,9970,0,0,,OK,SQLite field is complete,OK,SQLite field is complete,OK,SQLite field is complete,OK,SQLite field is complete,C,no local RAW/API snapshot is available,OK,SQLite field is complete,False
4268,9972,0,0,,OK,SQLite field is complete,OK,SQLite field is complete,OK,SQLite field is complete,OK,SQLite field is complete,C,no local RAW/API snapshot is available,OK,SQLite field is complete,False
4269,9974,0,0,,OK,SQLite field is complete,OK,SQLite field is complete,OK,SQLite field is complete,OK,SQLite field is complete,C,no local RAW/API snapshot is available,OK,SQLite field is complete,False
4270,9978,0,0,,OK,SQLite field is complete,OK,SQLite field is complete,OK,SQLite field is complete,OK,SQLite field is complete,C,no local RAW/API snapshot is available,OK,SQLite field is complete,False
4271,9982,0,0,,OK,SQLite field is complete,OK,SQLite field is complete,OK,SQLite field is complete,OK,SQLite field is complete,C,no local RAW/API snapshot is available,OK,SQLite field is complete,False
4272,9984,0,0,,OK,SQLite field is complete,OK,SQLite field is complete,OK,SQLite field is complete,OK,SQLite field is complete,C,no local RAW/API snapshot is available,OK,SQLite field is complete,False
4273,9988,0,0,,OK,SQLite field is complete,OK,SQLite field is complete,OK,SQLite field is complete,OK,SQLite field is complete,C,no local RAW/API snapshot is available,C,no local RAW/API snapshot is available,False
4274,9989,0,0,,OK,SQLite field is complete,OK,SQLite field is complete,OK,SQLite field is complete,OK,SQLite field is complete,C,no local RAW/API snapshot is available,C,no local RAW/API snapshot is available,False
4275,9993,0,0,,OK,SQLite field is complete,OK,SQLite field is complete,OK,SQLite field is complete,OK,SQLite field is complete,C,no local RAW/API snapshot is available,OK,SQLite field is complete,False
4276,9996,0,0,,OK,SQLite field is complete,OK,SQLite field is complete,OK,SQLite field is complete,OK,SQLite field is complete,C,no local RAW/API snapshot is available,OK,SQLite field is complete,False
4277,9998,0,0,,OK,SQLite field is complete,OK,SQLite field is complete,OK,SQLite field is complete,OK,SQLite field is complete,C,no local RAW/API snapshot is available,C,no local RAW/API snapshot is available,False
4278,10003,0,0,,OK,SQLite field is complete,OK,SQLite field is complete,OK,SQLite field is complete,OK,SQLite field is complete,C,no local RAW/API snapshot is available,OK,SQLite field is complete,False
4279,10006,0,0,,OK,SQLite field is complete,OK,SQLite field is complete,OK,SQLite field is complete,OK,SQLite field is complete,C,no local RAW/API snapshot is available,OK,SQLite field is complete,False
4280,10008,0,0,,OK,SQLite field is complete,OK,SQLite field is complete,OK,SQLite field is complete,OK,SQLite field is complete,C,no local RAW/API snapshot is available,OK,SQLite field is complete,False
4281,10012,0,0,,OK,SQLite field is complete,OK,SQLite field is complete,OK,SQLite field is complete,OK,SQLite field is complete,C,no local RAW/API snapshot is available,OK,SQLite field is complete,False
4282,10016,0,0,,OK,SQLite field is complete,OK,SQLite field is complete,OK,SQLite field is complete,OK,SQLite field is complete,C,no local RAW/API snapshot is available,OK,SQLite field is complete,False
4283,10019,0,0,,OK,SQLite field is complete,OK,SQLite field is complete,OK,SQLite field is complete,OK,SQLite field is complete,C,no local RAW/API snapshot is available,C,no local RAW/API snapshot is available,False
4284,10023,0,0,,OK,SQLite field is complete,OK,SQLite field is complete,OK,SQLite field is complete,OK,SQLite field is complete,C,no local RAW/API snapshot is available,OK,SQLite field is complete,False
4285,10028,0,0,,OK,SQLite field is complete,OK,SQLite field is complete,OK,SQLite field is complete,OK,SQLite field is complete,C,no local RAW/API snapshot is available,OK,SQLite field is complete,False
4286,10030,0,0,,OK,SQLite field is complete,OK,SQLite field is complete,OK,SQLite field is complete,OK,SQLite field is complete,C,no local RAW/API snapshot is available,OK,SQLite field is complete,False
4287,10033,0,0,,OK,SQLite field is complete,OK,SQLite field is complete,OK,SQLite field is complete,OK,SQLite field is complete,C,no local RAW/API snapshot is available,OK,SQLite field is complete,False
4288,10036,0,0,,OK,SQLite field is complete,OK,SQLite field is complete,OK,SQLite field is complete,OK,SQLite field is complete,C,no local RAW/API snapshot is available,OK,SQLite field is complete,False
4289,10039,0,0,,OK,SQLite field is complete,OK,SQLite field is complete,OK,SQLite field is complete,OK,SQLite field is complete,C,no local RAW/API snapshot is available,OK,SQLite field is complete,False
4290,10043,0,0,,OK,SQLite field is complete,OK,SQLite field is complete,OK,SQLite field is complete,OK,SQLite field is complete,C,no local RAW/API snapshot is available,OK,SQLite field is complete,False
4291,10048,0,0,,OK,SQLite field is complete,OK,SQLite field is complete,OK,SQLite field is complete,OK,SQLite field is complete,C,no local RAW/API snapshot is available,OK,SQLite field is complete,False
4292,10051,0,0,,OK,SQLite field is complete,OK,SQLite field is complete,OK,SQLite field is complete,OK,SQLite field is complete,C,no local RAW/API snapshot is available,OK,SQLite field is complete,False
4293,10053,0,0,,OK,SQLite field is complete,OK,SQLite field is complete,OK,SQLite field is complete,OK,SQLite field is complete,C,no local RAW/API snapshot is available,OK,SQLite field is complete,False
4294,10058,0,0,,OK,SQLite field is complete,OK,SQLite field is complete,OK,SQLite field is complete,OK,SQLite field is complete,C,no local RAW/API snapshot is available,C,no local RAW/API snapshot is available,False
4295,10060,0,0,,OK,SQLite field is complete,OK,SQLite field is complete,OK,SQLite field is complete,OK,SQLite field is complete,C,no local RAW/API snapshot is available,OK,SQLite field is complete,False
4296,10063,0,0,,OK,SQLite field is complete,OK,SQLite field is complete,OK,SQLite field is complete,OK,SQLite field is complete,C,no local RAW/API snapshot is available,C,no local RAW/API snapshot is available,False
4297,10066,0,0,,OK,SQLite field is complete,OK,SQLite field is complete,OK,SQLite field is complete,OK,SQLite field is complete,C,no local RAW/API snapshot is available,OK,SQLite field is complete,False
4298,10071,0,0,,OK,SQLite field is complete,OK,SQLite field is complete,OK,SQLite field is complete,OK,SQLite field is complete,C,no local RAW/API snapshot is available,OK,SQLite field is complete,False
4299,10074,0,0,,OK,SQLite field is complete,OK,SQLite field is complete,OK,SQLite field is complete,OK,SQLite field is complete,C,no local RAW/API snapshot is available,OK,SQLite field is complete,False
4300,10077,0,0,,OK,SQLite field is complete,OK,SQLite field is complete,OK,SQLite field is complete,OK,SQLite field is complete,C,no local RAW/API snapshot is available,OK,SQLite field is complete,False
4301,10080,0,0,,OK,SQLite field is complete,OK,SQLite field is complete,OK,SQLite field is complete,OK,SQLite field is complete,C,no local RAW/API snapshot is available,C,no local RAW/API snapshot is available,False
4302,10082,0,0,,OK,SQLite field is complete,OK,SQLite field is complete,OK,SQLite field is complete,OK,SQLite field is complete,C,no local RAW/API snapshot is available,OK,SQLite field is complete,False
4303,10085,0,0,,OK,SQLite field is complete,OK,SQLite field is complete,OK,SQLite field is complete,OK,SQLite field is complete,C,no local RAW/API snapshot is available,OK,SQLite field is complete,False
4304,10089,0,0,,OK,SQLite field is complete,OK,SQLite field is complete,OK,SQLite field is complete,OK,SQLite field is complete,C,no local RAW/API snapshot is available,OK,SQLite field is complete,False
4305,10095,0,0,,OK,SQLite field is complete,OK,SQLite field is complete,OK,SQLite field is complete,OK,SQLite field is complete,C,no local RAW/API snapshot is available,OK,SQLite field is complete,False
4306,10097,0,0,,OK,SQLite field is complete,OK,SQLite field is complete,C,no local RAW/API snapshot is available,OK,SQLite field is complete,C,no local RAW/API snapshot is available,OK,SQLite field is complete,False
4307,10100,0,0,,OK,SQLite field is complete,OK,SQLite field is complete,OK,SQLite field is complete,OK,SQLite field is complete,C,no local RAW/API snapshot is available,OK,SQLite field is complete,False
4308,10103,0,0,,OK,SQLite field is complete,OK,SQLite field is complete,OK,SQLite field is complete,OK,SQLite field is complete,C,no local RAW/API snapshot is available,OK,SQLite field is complete,False
4309,10106,0,0,,OK,SQLite field is complete,OK,SQLite field is complete,OK,SQLite field is complete,OK,SQLite field is complete,C,no local RAW/API snapshot is available,OK,SQLite field is complete,False
4310,10109,0,0,,OK,SQLite field is complete,OK,SQLite field is complete,OK,SQLite field is complete,OK,SQLite field is complete,C,no local RAW/API snapshot is available,OK,SQLite field is complete,False
4311,10113,0,0,,OK,SQLite field is complete,OK,SQLite field is complete,OK,SQLite field is complete,OK,SQLite field is complete,C,no local RAW/API snapshot is available,OK,SQLite field is complete,False
4312,10116,0,0,,OK,SQLite field is complete,OK,SQLite field is complete,OK,SQLite field is complete,OK,SQLite field is complete,C,no local RAW/API snapshot is available,OK,SQLite field is complete,False
4313,10119,0,0,,OK,SQLite field is complete,OK,SQLite field is complete,OK,SQLite field is complete,OK,SQLite field is complete,C,no local RAW/API snapshot is available,OK,SQLite field is complete,False
4314,10122,0,0,,OK,SQLite field is complete,OK,SQLite field is complete,C,no local RAW/API snapshot is available,OK,SQLite field is complete,C,no local RAW/API snapshot is available,C,no local RAW/API snapshot is available,False
4315,10125,0,0,,OK,SQLite field is complete,OK,SQLite field is complete,OK,SQLite field is complete,OK,SQLite field is complete,C,no local RAW/API snapshot is available,OK,SQLite field is complete,False
4316,10128,0,0,,OK,SQLite field is complete,OK,SQLite field is complete,OK,SQLite field is complete,OK,SQLite field is complete,C,no local RAW/API snapshot is available,OK,SQLite field is complete,False
4317,10130,0,0,,OK,SQLite field is complete,OK,SQLite field is complete,OK,SQLite field is complete,OK,SQLite field is complete,C,no local RAW/API snapshot is available,OK,SQLite field is complete,False
4318,10135,0,0,,OK,SQLite field is complete,OK,SQLite field is complete,OK,SQLite field is complete,OK,SQLite field is complete,C,no local RAW/API snapshot is available,OK,SQLite field is complete,False
4319,10138,0,0,,OK,SQLite field is complete,OK,SQLite field is complete,OK,SQLite field is complete,OK,SQLite field is complete,C,no local RAW/API snapshot is available,OK,SQLite field is complete,False
4320,10141,0,0,,OK,SQLite field is complete,OK,SQLite field is complete,OK,SQLite field is complete,OK,SQLite field is complete,C,no local RAW/API snapshot is available,OK,SQLite field is complete,False
4321,10144,0,0,,OK,SQLite field is complete,OK,SQLite field is complete,OK,SQLite field is complete,OK,SQLite field is complete,C,no local RAW/API snapshot is available,OK,SQLite field is complete,False
4322,10148,0,0,,OK,SQLite field is complete,OK,SQLite field is complete,OK,SQLite field is complete,OK,SQLite field is complete,C,no local RAW/API snapshot is available,OK,SQLite field is complete,False
4323,10151,0,0,,OK,SQLite field is complete,OK,SQLite field is complete,OK,SQLite field is complete,OK,SQLite field is complete,C,no local RAW/API snapshot is available,OK,SQLite field is complete,False
4324,10154,0,0,,OK,SQLite field is complete,OK,SQLite field is complete,OK,SQLite field is complete,OK,SQLite field is complete,C,no local RAW/API snapshot is available,OK,SQLite field is complete,False
4325,10157,0,0,,OK,SQLite field is complete,OK,SQLite field is complete,OK,SQLite field is complete,OK,SQLite field is complete,C,no local RAW/API snapshot is available,OK,SQLite field is complete,False
4326,10161,0,0,,OK,SQLite field is complete,OK,SQLite field is complete,OK,SQLite field is complete,OK,SQLite field is complete,C,no local RAW/API snapshot is available,OK,SQLite field is complete,False
4327,10166,0,0,,OK,SQLite field is complete,OK,SQLite field is complete,OK,SQLite field is complete,OK,SQLite field is complete,C,no local RAW/API snapshot is available,OK,SQLite field is complete,False
4328,10167,0,0,,OK,SQLite field is complete,OK,SQLite field is complete,OK,SQLite field is complete,OK,SQLite field is complete,C,no local RAW/API snapshot is available,OK,SQLite field is complete,False
4329,10169,0,0,,OK,SQLite field is complete,OK,SQLite field is complete,OK,SQLite field is complete,OK,SQLite field is complete,C,no local RAW/API snapshot is available,OK,SQLite field is complete,False
4330,10172,0,0,,OK,SQLite field is complete,OK,SQLite field is complete,OK,SQLite field is complete,OK,SQLite field is complete,C,no local RAW/API snapshot is available,OK,SQLite field is complete,False
4331,10174,0,0,,OK,SQLite field is complete,OK,SQLite field is complete,OK,SQLite field is complete,OK,SQLite field is complete,C,no local RAW/API snapshot is available,OK,SQLite field is complete,False
4332,10175,0,0,,OK,SQLite field is complete,OK,SQLite field is complete,OK,SQLite field is complete,OK,SQLite field is complete,C,no local RAW/API snapshot is available,OK,SQLite field is complete,False
4333,10177,0,0,,OK,SQLite field is complete,OK,SQLite field is complete,C,no local RAW/API snapshot is available,OK,SQLite field is complete,C,no local RAW/API snapshot is available,OK,SQLite field is complete,False
4334,10180,0,0,,OK,SQLite field is complete,OK,SQLite field is complete,OK,SQLite field is complete,OK,SQLite field is complete,C,no local RAW/API snapshot is available,OK,SQLite field is complete,False
4335,10183,0,0,,OK,SQLite field is complete,OK,SQLite field is complete,OK,SQLite field is complete,OK,SQLite field is complete,C,no local RAW/API snapshot is available,OK,SQLite field is complete,False
4336,10187,0,0,,OK,SQLite field is complete,OK,SQLite field is complete,OK,SQLite field is complete,OK,SQLite field is complete,C,no local RAW/API snapshot is available,OK,SQLite field is complete,False
4337,10191,0,0,,OK,SQLite field is complete,OK,SQLite field is complete,OK,SQLite field is complete,OK,SQLite field is complete,C,no local RAW/API snapshot is available,OK,SQLite field is complete,False
4338,10192,0,0,,OK,SQLite field is complete,OK,SQLite field is complete,OK,SQLite field is complete,OK,SQLite field is complete,C,no local RAW/API snapshot is available,OK,SQLite field is complete,False
4339,10197,0,0,,OK,SQLite field is complete,OK,SQLite field is complete,OK,SQLite field is complete,OK,SQLite field is complete,C,no local RAW/API snapshot is available,OK,SQLite field is complete,False
4340,10202,0,0,,OK,SQLite field is complete,OK,SQLite field is complete,OK,SQLite field is complete,OK,SQLite field is complete,C,no local RAW/API snapshot is available,OK,SQLite field is complete,False
4341,10204,0,0,,OK,SQLite field is complete,OK,SQLite field is complete,OK,SQLite field is complete,OK,SQLite field is complete,C,no local RAW/API snapshot is available,OK,SQLite field is complete,False
4342,10207,0,0,,OK,SQLite field is complete,OK,SQLite field is complete,OK,SQLite field is complete,OK,SQLite field is complete,C,no local RAW/API snapshot is available,C,no local RAW/API snapshot is available,False
4343,10210,0,0,,OK,SQLite field is complete,OK,SQLite field is complete,OK,SQLite field is complete,OK,SQLite field is complete,C,no local RAW/API snapshot is available,OK,SQLite field is complete,False
4344,10212,0,0,,OK,SQLite field is complete,OK,SQLite field is complete,OK,SQLite field is complete,OK,SQLite field is complete,C,no local RAW/API snapshot is available,OK,SQLite field is complete,False
4345,10215,0,0,,OK,SQLite field is complete,OK,SQLite field is complete,OK,SQLite field is complete,OK,SQLite field is complete,C,no local RAW/API snapshot is available,OK,SQLite field is complete,False
4346,10218,0,0,,OK,SQLite field is complete,OK,SQLite field is complete,OK,SQLite field is complete,OK,SQLite field is complete,C,no local RAW/API snapshot is available,OK,SQLite field is complete,False
4347,10222,0,0,,OK,SQLite field is complete,OK,SQLite field is complete,OK,SQLite field is complete,OK,SQLite field is complete,C,no local RAW/API snapshot is available,OK,SQLite field is complete,False
4348,10225,0,0,,OK,SQLite field is complete,OK,SQLite field is complete,OK,SQLite field is complete,OK,SQLite field is complete,C,no local RAW/API snapshot is available,C,no local RAW/API snapshot is available,False
4349,10227,0,0,,OK,SQLite field is complete,OK,SQLite field is complete,OK,SQLite field is complete,OK,SQLite field is complete,C,no local RAW/API snapshot is available,OK,SQLite field is complete,False
4350,10231,0,0,,OK,SQLite field is complete,OK,SQLite field is complete,OK,SQLite field is complete,OK,SQLite field is complete,C,no local RAW/API snapshot is available,OK,SQLite field is complete,False
4351,10233,0,0,,OK,SQLite field is complete,OK,SQLite field is complete,OK,SQLite field is complete,OK,SQLite field is complete,C,no local RAW/API snapshot is available,C,no local RAW/API snapshot is available,False
4352,10236,0,0,,OK,SQLite field is complete,OK,SQLite field is complete,OK,SQLite field is complete,OK,SQLite field is complete,C,no local RAW/API snapshot is available,OK,SQLite field is complete,False
4353,10239,0,0,,OK,SQLite field is complete,OK,SQLite field is complete,OK,SQLite field is complete,OK,SQLite field is complete,C,no local RAW/API snapshot is available,OK,SQLite field is complete,False
4354,10243,0,0,,OK,SQLite field is complete,OK,SQLite field is complete,OK,SQLite field is complete,OK,SQLite field is complete,C,no local RAW/API snapshot is available,OK,SQLite field is complete,False
4355,10245,0,0,,OK,SQLite field is complete,OK,SQLite field is complete,OK,SQLite field is complete,OK,SQLite field is complete,C,no local RAW/API snapshot is available,OK,SQLite field is complete,False
4356,10249,0,0,,OK,SQLite field is complete,OK,SQLite field is complete,OK,SQLite field is complete,OK,SQLite field is complete,C,no local RAW/API snapshot is available,C,no local RAW/API snapshot is available,False
4357,10251,0,0,,OK,SQLite field is complete,OK,SQLite field is complete,OK,SQLite field is complete,OK,SQLite field is complete,C,no local RAW/API snapshot is available,OK,SQLite field is complete,False
4358,10254,0,0,,OK,SQLite field is complete,OK,SQLite field is complete,OK,SQLite field is complete,OK,SQLite field is complete,C,no local RAW/API snapshot is available,OK,SQLite field is complete,False
4359,10258,0,0,,OK,SQLite field is complete,OK,SQLite field is complete,OK,SQLite field is complete,OK,SQLite field is complete,C,no local RAW/API snapshot is available,OK,SQLite field is complete,False
4360,10260,0,0,,OK,SQLite field is complete,OK,SQLite field is complete,OK,SQLite field is complete,OK,SQLite field is complete,C,no local RAW/API snapshot is available,OK,SQLite field is complete,False
4361,10264,0,0,,OK,SQLite field is complete,OK,SQLite field is complete,OK,SQLite field is complete,OK,SQLite field is complete,C,no local RAW/API snapshot is available,OK,SQLite field is complete,False
4362,10266,0,0,,OK,SQLite field is complete,OK,SQLite field is complete,C,no local RAW/API snapshot is available,OK,SQLite field is complete,C,no local RAW/API snapshot is available,C,no local RAW/API snapshot is available,False
4363,10269,0,0,,OK,SQLite field is complete,OK,SQLite field is complete,OK,SQLite field is complete,OK,SQLite field is complete,C,no local RAW/API snapshot is available,OK,SQLite field is complete,False
4364,10272,0,0,,OK,SQLite field is complete,OK,SQLite field is complete,OK,SQLite field is complete,OK,SQLite field is complete,C,no local RAW/API snapshot is available,OK,SQLite field is complete,False
4365,10275,0,0,,OK,SQLite field is complete,OK,SQLite field is complete,OK,SQLite field is complete,OK,SQLite field is complete,C,no local RAW/API snapshot is available,OK,SQLite field is complete,False
4366,10279,0,0,,OK,SQLite field is complete,OK,SQLite field is complete,OK,SQLite field is complete,OK,SQLite field is complete,C,no local RAW/API snapshot is available,C,no local RAW/API snapshot is available,False
4367,10281,0,0,,OK,SQLite field is complete,OK,SQLite field is complete,OK,SQLite field is complete,OK,SQLite field is complete,C,no local RAW/API snapshot is available,OK,SQLite field is complete,False
4368,10286,0,0,,OK,SQLite field is complete,OK,SQLite field is complete,OK,SQLite field is complete,OK,SQLite field is complete,C,no local RAW/API snapshot is available,OK,SQLite field is complete,False
4369,10290,0,0,,OK,SQLite field is complete,OK,SQLite field is complete,OK,SQLite field is complete,OK,SQLite field is complete,C,no local RAW/API snapshot is available,OK,SQLite field is complete,False
4370,10292,0,0,,OK,SQLite field is complete,OK,SQLite field is complete,OK,SQLite field is complete,OK,SQLite field is complete,C,no local RAW/API snapshot is available,OK,SQLite field is complete,False
4371,10295,0,0,,OK,SQLite field is complete,OK,SQLite field is complete,OK,SQLite field is complete,OK,SQLite field is complete,C,no local RAW/API snapshot is available,OK,SQLite field is complete,False
4372,10299,0,0,,OK,SQLite field is complete,OK,SQLite field is complete,OK,SQLite field is complete,OK,SQLite field is complete,C,no local RAW/API snapshot is available,OK,SQLite field is complete,False
4373,10302,0,0,,OK,SQLite field is complete,OK,SQLite field is complete,OK,SQLite field is complete,OK,SQLite field is complete,C,no local RAW/API snapshot is available,OK,SQLite field is complete,False
4374,10303,0,0,,OK,SQLite field is complete,OK,SQLite field is complete,OK,SQLite field is complete,OK,SQLite field is complete,C,no local RAW/API snapshot is available,C,no local RAW/API snapshot is available,False
4375,10308,0,0,,OK,SQLite field is complete,OK,SQLite field is complete,OK,SQLite field is complete,OK,SQLite field is complete,C,no local RAW/API snapshot is available,OK,SQLite field is complete,False
4376,10310,0,0,,OK,SQLite field is complete,OK,SQLite field is complete,OK,SQLite field is complete,OK,SQLite field is complete,C,no local RAW/API snapshot is available,C,no local RAW/API snapshot is available,False
4377,10313,0,0,,OK,SQLite field is complete,OK,SQLite field is complete,OK,SQLite field is complete,OK,SQLite field is complete,C,no local RAW/API snapshot is available,OK,SQLite field is complete,False
4378,10315,0,0,,OK,SQLite field is complete,OK,SQLite field is complete,OK,SQLite field is complete,OK,SQLite field is complete,C,no local RAW/API snapshot is available,OK,SQLite field is complete,False
4379,10317,0,0,,OK,SQLite field is complete,OK,SQLite field is complete,OK,SQLite field is complete,OK,SQLite field is complete,C,no local RAW/API snapshot is available,OK,SQLite field is complete,False
4380,10320,0,0,,OK,SQLite field is complete,OK,SQLite field is complete,OK,SQLite field is complete,OK,SQLite field is complete,C,no local RAW/API snapshot is available,C,no local RAW/API snapshot is available,False
4381,10324,0,0,,OK,SQLite field is complete,OK,SQLite field is complete,OK,SQLite field is complete,OK,SQLite field is complete,C,no local RAW/API snapshot is available,OK,SQLite field is complete,False
4382,10325,0,0,,OK,SQLite field is complete,OK,SQLite field is complete,OK,SQLite field is complete,OK,SQLite field is complete,C,no local RAW/API snapshot is available,OK,SQLite field is complete,False
4383,10329,0,0,,OK,SQLite field is complete,OK,SQLite field is complete,OK,SQLite field is complete,OK,SQLite field is complete,C,no local RAW/API snapshot is available,C,no local RAW/API snapshot is available,False
4384,10332,0,0,,OK,SQLite field is complete,OK,SQLite field is complete,OK,SQLite field is complete,OK,SQLite field is complete,C,no local RAW/API snapshot is available,OK,SQLite field is complete,False
4385,10336,0,0,,OK,SQLite field is complete,OK,SQLite field is complete,OK,SQLite field is complete,OK,SQLite field is complete,C,no local RAW/API snapshot is available,OK,SQLite field is complete,False
4386,10338,0,0,,OK,SQLite field is complete,OK,SQLite field is complete,OK,SQLite field is complete,OK,SQLite field is complete,C,no local RAW/API snapshot is available,OK,SQLite field is complete,False
4387,10343,0,0,,OK,SQLite field is complete,OK,SQLite field is complete,OK,SQLite field is complete,OK,SQLite field is complete,C,no local RAW/API snapshot is available,C,no local RAW/API snapshot is available,False
4388,10345,0,0,,OK,SQLite field is complete,OK,SQLite field is complete,OK,SQLite field is complete,OK,SQLite field is complete,C,no local RAW/API snapshot is available,C,no local RAW/API snapshot is available,False
4389,10347,0,0,,OK,SQLite field is complete,OK,SQLite field is complete,C,no local RAW/API snapshot is available,OK,SQLite field is complete,C,no local RAW/API snapshot is available,C,no local RAW/API snapshot is available,False
4390,10349,0,0,,OK,SQLite field is complete,OK,SQLite field is complete,OK,SQLite field is complete,OK,SQLite field is complete,C,no local RAW/API snapshot is available,OK,SQLite field is complete,False
4391,10353,0,0,,OK,SQLite field is complete,OK,SQLite field is complete,OK,SQLite field is complete,OK,SQLite field is complete,C,no local RAW/API snapshot is available,OK,SQLite field is complete,False
4392,10356,0,0,,OK,SQLite field is complete,OK,SQLite field is complete,OK,SQLite field is complete,OK,SQLite field is complete,C,no local RAW/API snapshot is available,OK,SQLite field is complete,False
4393,10359,0,0,,OK,SQLite field is complete,OK,SQLite field is complete,OK,SQLite field is complete,OK,SQLite field is complete,C,no local RAW/API snapshot is available,C,no local RAW/API snapshot is available,False
4394,10362,0,0,,OK,SQLite field is complete,OK,SQLite field is complete,OK,SQLite field is complete,OK,SQLite field is complete,C,no local RAW/API snapshot is available,OK,SQLite field is complete,False
4395,10365,0,0,,OK,SQLite field is complete,OK,SQLite field is complete,C,no local RAW/API snapshot is available,OK,SQLite field is complete,C,no local RAW/API snapshot is available,OK,SQLite field is complete,False
4396,10368,0,0,,OK,SQLite field is complete,OK,SQLite field is complete,OK,SQLite field is complete,OK,SQLite field is complete,C,no local RAW/API snapshot is available,C,no local RAW/API snapshot is available,False
4397,10371,0,0,,OK,SQLite field is complete,OK,SQLite field is complete,OK,SQLite field is complete,OK,SQLite field is complete,C,no local RAW/API snapshot is available,OK,SQLite field is complete,False
4398,10373,0,0,,OK,SQLite field is complete,OK,SQLite field is complete,OK,SQLite field is complete,OK,SQLite field is complete,C,no local RAW/API snapshot is available,OK,SQLite field is complete,False
4399,10376,0,0,,OK,SQLite field is complete,OK,SQLite field is complete,OK,SQLite field is complete,OK,SQLite field is complete,C,no local RAW/API snapshot is available,C,no local RAW/API snapshot is available,False
4400,10377,0,0,,OK,SQLite field is complete,OK,SQLite field is complete,OK,SQLite field is complete,OK,SQLite field is complete,C,no local RAW/API snapshot is available,OK,SQLite field is complete,False
4401,10381,0,0,,OK,SQLite field is complete,OK,SQLite field is complete,OK,SQLite field is complete,OK,SQLite field is complete,C,no local RAW/API snapshot is available,OK,SQLite field is complete,False
4402,10383,0,0,,OK,SQLite field is complete,OK,SQLite field is complete,OK,SQLite field is complete,OK,SQLite field is complete,C,no local RAW/API snapshot is available,OK,SQLite field is complete,False
4403,10386,0,0,,OK,SQLite field is complete,OK,SQLite field is complete,OK,SQLite field is complete,OK,SQLite field is complete,C,no local RAW/API snapshot is available,OK,SQLite field is complete,False
4404,10389,0,0,,OK,SQLite field is complete,OK,SQLite field is complete,OK,SQLite field is complete,OK,SQLite field is complete,C,no local RAW/API snapshot is available,OK,SQLite field is complete,False
4405,10392,0,0,,OK,SQLite field is complete,OK,SQLite field is complete,OK,SQLite field is complete,OK,SQLite field is complete,C,no local RAW/API snapshot is available,OK,SQLite field is complete,False
4406,10395,0,0,,OK,SQLite field is complete,OK,SQLite field is complete,OK,SQLite field is complete,OK,SQLite field is complete,C,no local RAW/API snapshot is available,OK,SQLite field is complete,False
4407,10398,0,0,,OK,SQLite field is complete,OK,SQLite field is complete,OK,SQLite field is complete,OK,SQLite field is complete,C,no local RAW/API snapshot is available,OK,SQLite field is complete,False
4408,10402,0,0,,OK,SQLite field is complete,OK,SQLite field is complete,OK,SQLite field is complete,OK,SQLite field is complete,C,no local RAW/API snapshot is available,OK,SQLite field is complete,False
4409,10404,0,0,,OK,SQLite field is complete,OK,SQLite field is complete,OK,SQLite field is complete,OK,SQLite field is complete,C,no local RAW/API snapshot is available,OK,SQLite field is complete,False
4410,10407,0,0,,OK,SQLite field is complete,OK,SQLite field is complete,OK,SQLite field is complete,OK,SQLite field is complete,C,no local RAW/API snapshot is available,OK,SQLite field is complete,False
4411,10411,0,0,,OK,SQLite field is complete,OK,SQLite field is complete,OK,SQLite field is complete,OK,SQLite field is complete,C,no local RAW/API snapshot is available,C,no local RAW/API snapshot is available,False
4412,10413,0,0,,OK,SQLite field is complete,OK,SQLite field is complete,OK,SQLite field is complete,OK,SQLite field is complete,C,no local RAW/API snapshot is available,OK,SQLite field is complete,False
4413,10416,0,0,,OK,SQLite field is complete,OK,SQLite field is complete,OK,SQLite field is complete,OK,SQLite field is complete,C,no local RAW/API snapshot is available,OK,SQLite field is complete,False
4414,10420,0,0,,OK,SQLite field is complete,OK,SQLite field is complete,OK,SQLite field is complete,OK,SQLite field is complete,C,no local RAW/API snapshot is available,C,no local RAW/API snapshot is available,False
4415,10422,0,0,,OK,SQLite field is complete,OK,SQLite field is complete,OK,SQLite field is complete,OK,SQLite field is complete,C,no local RAW/API snapshot is available,C,no local RAW/API snapshot is available,False
4416,10426,0,0,,OK,SQLite field is complete,OK,SQLite field is complete,OK,SQLite field is complete,OK,SQLite field is complete,C,no local RAW/API snapshot is available,C,no local RAW/API snapshot is available,False
4417,10427,0,0,,OK,SQLite field is complete,OK,SQLite field is complete,OK,SQLite field is complete,OK,SQLite field is complete,C,no local RAW/API snapshot is available,OK,SQLite field is complete,False
4418,10431,0,0,,OK,SQLite field is complete,OK,SQLite field is complete,OK,SQLite field is complete,OK,SQLite field is complete,C,no local RAW/API snapshot is available,OK,SQLite field is complete,False
4419,10434,0,0,,OK,SQLite field is complete,OK,SQLite field is complete,OK,SQLite field is complete,OK,SQLite field is complete,C,no local RAW/API snapshot is available,OK,SQLite field is complete,False
4420,10437,0,0,,OK,SQLite field is complete,OK,SQLite field is complete,OK,SQLite field is complete,OK,SQLite field is complete,C,no local RAW/API snapshot is available,OK,SQLite field is complete,False
4421,10440,0,0,,OK,SQLite field is complete,OK,SQLite field is complete,OK,SQLite field is complete,OK,SQLite field is complete,C,no local RAW/API snapshot is available,OK,SQLite field is complete,False
4422,10444,0,0,,OK,SQLite field is complete,OK,SQLite field is complete,OK,SQLite field is complete,OK,SQLite field is complete,C,no local RAW/API snapshot is available,C,no local RAW/API snapshot is available,False
4423,10447,0,0,,OK,SQLite field is complete,OK,SQLite field is complete,C,no local RAW/API snapshot is available,OK,SQLite field is complete,C,no local RAW/API snapshot is available,C,no local RAW/API snapshot is available,False
4424,10450,0,0,,OK,SQLite field is complete,OK,SQLite field is complete,OK,SQLite field is complete,OK,SQLite field is complete,C,no local RAW/API snapshot is available,OK,SQLite field is complete,False
4425,10453,0,0,,OK,SQLite field is complete,OK,SQLite field is complete,OK,SQLite field is complete,OK,SQLite field is complete,C,no local RAW/API snapshot is available,C,no local RAW/API snapshot is available,False
4426,10457,0,0,,OK,SQLite field is complete,OK,SQLite field is complete,OK,SQLite field is complete,OK,SQLite field is complete,C,no local RAW/API snapshot is available,OK,SQLite field is complete,False
4427,10460,0,0,,OK,SQLite field is complete,OK,SQLite field is complete,OK,SQLite field is complete,OK,SQLite field is complete,C,no local RAW/API snapshot is available,OK,SQLite field is complete,False
4428,10463,0,0,,OK,SQLite field is complete,OK,SQLite field is complete,OK,SQLite field is complete,OK,SQLite field is complete,C,no local RAW/API snapshot is available,OK,SQLite field is complete,False
4429,10467,0,0,,OK,SQLite field is complete,OK,SQLite field is complete,OK,SQLite field is complete,OK,SQLite field is complete,C,no local RAW/API snapshot is available,OK,SQLite field is complete,False
4430,10469,0,0,,OK,SQLite field is complete,OK,SQLite field is complete,OK,SQLite field is complete,OK,SQLite field is complete,C,no local RAW/API snapshot is available,OK,SQLite field is complete,False
4431,10473,0,0,,OK,SQLite field is complete,OK,SQLite field is complete,OK,SQLite field is complete,OK,SQLite field is complete,C,no local RAW/API snapshot is available,OK,SQLite field is complete,False
4432,10475,0,0,,OK,SQLite field is complete,OK,SQLite field is complete,OK,SQLite field is complete,OK,SQLite field is complete,C,no local RAW/API snapshot is available,OK,SQLite field is complete,False
4433,10480,0,0,,OK,SQLite field is complete,OK,SQLite field is complete,OK,SQLite field is complete,OK,SQLite field is complete,C,no local RAW/API snapshot is available,OK,SQLite field is complete,False
4434,10482,0,0,,OK,SQLite field is complete,OK,SQLite field is complete,OK,SQLite field is complete,OK,SQLite field is complete,C,no local RAW/API snapshot is available,OK,SQLite field is complete,False
4435,10486,0,0,,OK,SQLite field is complete,OK,SQLite field is complete,OK,SQLite field is complete,OK,SQLite field is complete,C,no local RAW/API snapshot is available,OK,SQLite field is complete,False
4436,10489,0,0,,OK,SQLite field is complete,OK,SQLite field is complete,OK,SQLite field is complete,OK,SQLite field is complete,C,no local RAW/API snapshot is available,C,no local RAW/API snapshot is available,False
4437,10492,0,0,,OK,SQLite field is complete,OK,SQLite field is complete,OK,SQLite field is complete,OK,SQLite field is complete,C,no local RAW/API snapshot is available,OK,SQLite field is complete,False
4438,10496,0,0,,OK,SQLite field is complete,OK,SQLite field is complete,OK,SQLite field is complete,OK,SQLite field is complete,C,no local RAW/API snapshot is available,OK,SQLite field is complete,False
4439,10499,0,0,,OK,SQLite field is complete,OK,SQLite field is complete,OK,SQLite field is complete,OK,SQLite field is complete,C,no local RAW/API snapshot is available,OK,SQLite field is complete,False
4440,10502,0,0,,OK,SQLite field is complete,OK,SQLite field is complete,OK,SQLite field is complete,OK,SQLite field is complete,C,no local RAW/API snapshot is available,OK,SQLite field is complete,False
4441,10504,0,0,,OK,SQLite field is complete,OK,SQLite field is complete,OK,SQLite field is complete,OK,SQLite field is complete,C,no local RAW/API snapshot is available,OK,SQLite field is complete,False
4442,10507,0,0,,OK,SQLite field is complete,OK,SQLite field is complete,OK,SQLite field is complete,OK,SQLite field is complete,C,no local RAW/API snapshot is available,OK,SQLite field is complete,False
4443,10511,0,0,,OK,SQLite field is complete,OK,SQLite field is complete,OK,SQLite field is complete,OK,SQLite field is complete,C,no local RAW/API snapshot is available,OK,SQLite field is complete,False
4444,10514,0,0,,OK,SQLite field is complete,OK,SQLite field is complete,OK,SQLite field is complete,OK,SQLite field is complete,C,no local RAW/API snapshot is available,OK,SQLite field is complete,False
4445,10517,0,0,,OK,SQLite field is complete,OK,SQLite field is complete,OK,SQLite field is complete,OK,SQLite field is complete,C,no local RAW/API snapshot is available,OK,SQLite field is complete,False
4446,10521,0,0,,OK,SQLite field is complete,OK,SQLite field is complete,OK,SQLite field is complete,OK,SQLite field is complete,C,no local RAW/API snapshot is available,OK,SQLite field is complete,False
4447,10524,0,0,,OK,SQLite field is complete,OK,SQLite field is complete,OK,SQLite field is complete,OK,SQLite field is complete,C,no local RAW/API snapshot is available,OK,SQLite field is complete,False
4448,10528,0,0,,OK,SQLite field is complete,OK,SQLite field is complete,OK,SQLite field is complete,OK,SQLite field is complete,C,no local RAW/API snapshot is available,OK,SQLite field is complete,False
4449,10529,0,0,,OK,SQLite field is complete,OK,SQLite field is complete,OK,SQLite field is complete,OK,SQLite field is complete,C,no local RAW/API snapshot is available,OK,SQLite field is complete,False
4450,10534,0,0,,OK,SQLite field is complete,OK,SQLite field is complete,OK,SQLite field is complete,OK,SQLite field is complete,C,no local RAW/API snapshot is available,OK,SQLite field is complete,False
4451,10536,0,0,,OK,SQLite field is complete,OK,SQLite field is complete,OK,SQLite field is complete,OK,SQLite field is complete,C,no local RAW/API snapshot is available,OK,SQLite field is complete,False
4452,10540,0,0,,OK,SQLite field is complete,OK,SQLite field is complete,OK,SQLite field is complete,OK,SQLite field is complete,C,no local RAW/API snapshot is available,OK,SQLite field is complete,False
4453,10542,0,0,,OK,SQLite field is complete,OK,SQLite field is complete,OK,SQLite field is complete,OK,SQLite field is complete,C,no local RAW/API snapshot is available,OK,SQLite field is complete,False
4454,10546,0,0,,OK,SQLite field is complete,OK,SQLite field is complete,OK,SQLite field is complete,OK,SQLite field is complete,C,no local RAW/API snapshot is available,OK,SQLite field is complete,False
4455,10550,0,0,,OK,SQLite field is complete,OK,SQLite field is complete,OK,SQLite field is complete,OK,SQLite field is complete,C,no local RAW/API snapshot is available,OK,SQLite field is complete,False
4456,10552,0,0,,OK,SQLite field is complete,OK,SQLite field is complete,OK,SQLite field is complete,OK,SQLite field is complete,C,no local RAW/API snapshot is available,OK,SQLite field is complete,False
4457,10557,0,0,,OK,SQLite field is complete,OK,SQLite field is complete,OK,SQLite field is complete,OK,SQLite field is complete,C,no local RAW/API snapshot is available,OK,SQLite field is complete,False
4458,10560,0,0,,OK,SQLite field is complete,OK,SQLite field is complete,OK,SQLite field is complete,OK,SQLite field is complete,C,no local RAW/API snapshot is available,OK,SQLite field is complete,False
4459,10563,0,0,,OK,SQLite field is complete,OK,SQLite field is complete,OK,SQLite field is complete,OK,SQLite field is complete,C,no local RAW/API snapshot is available,OK,SQLite field is complete,False
4460,10565,0,0,,OK,SQLite field is complete,OK,SQLite field is complete,OK,SQLite field is complete,OK,SQLite field is complete,C,no local RAW/API snapshot is available,OK,SQLite field is complete,False
4461,10568,0,0,,OK,SQLite field is complete,OK,SQLite field is complete,OK,SQLite field is complete,OK,SQLite field is complete,C,no local RAW/API snapshot is available,OK,SQLite field is complete,False
4462,10572,0,0,,OK,SQLite field is complete,OK,SQLite field is complete,OK,SQLite field is complete,OK,SQLite field is complete,C,no local RAW/API snapshot is available,OK,SQLite field is complete,False
4463,10574,0,0,,OK,SQLite field is complete,OK,SQLite field is complete,OK,SQLite field is complete,OK,SQLite field is complete,C,no local RAW/API snapshot is available,C,no local RAW/API snapshot is available,False
4464,10578,0,0,,OK,SQLite field is complete,OK,SQLite field is complete,OK,SQLite field is complete,OK,SQLite field is complete,C,no local RAW/API snapshot is available,OK,SQLite field is complete,False
4465,10581,0,0,,OK,SQLite field is complete,OK,SQLite field is complete,OK,SQLite field is complete,OK,SQLite field is complete,C,no local RAW/API snapshot is available,C,no local RAW/API snapshot is available,False
4466,10585,0,0,,OK,SQLite field is complete,OK,SQLite field is complete,C,no local RAW/API snapshot is available,OK,SQLite field is complete,C,no local RAW/API snapshot is available,OK,SQLite field is complete,False
4467,10587,0,0,,OK,SQLite field is complete,OK,SQLite field is complete,OK,SQLite field is complete,OK,SQLite field is complete,C,no local RAW/API snapshot is available,OK,SQLite field is complete,False
4468,10590,0,0,,OK,SQLite field is complete,OK,SQLite field is complete,OK,SQLite field is complete,OK,SQLite field is complete,C,no local RAW/API snapshot is available,OK,SQLite field is complete,False
4469,10594,0,0,,OK,SQLite field is complete,OK,SQLite field is complete,OK,SQLite field is complete,OK,SQLite field is complete,C,no local RAW/API snapshot is available,OK,SQLite field is complete,False
4470,10596,0,0,,OK,SQLite field is complete,OK,SQLite field is complete,OK,SQLite field is complete,OK,SQLite field is complete,C,no local RAW/API snapshot is available,OK,SQLite field is complete,False
4471,10601,0,0,,OK,SQLite field is complete,OK,SQLite field is complete,OK,SQLite field is complete,OK,SQLite field is complete,C,no local RAW/API snapshot is available,OK,SQLite field is complete,False
4472,10603,0,0,,OK,SQLite field is complete,OK,SQLite field is complete,OK,SQLite field is complete,OK,SQLite field is complete,C,no local RAW/API snapshot is available,OK,SQLite field is complete,False
4473,10605,0,0,,OK,SQLite field is complete,OK,SQLite field is complete,C,no local RAW/API snapshot is available,OK,SQLite field is complete,C,no local RAW/API snapshot is available,OK,SQLite field is complete,False
4474,10609,0,0,,OK,SQLite field is complete,OK,SQLite field is complete,OK,SQLite field is complete,OK,SQLite field is complete,C,no local RAW/API snapshot is available,OK,SQLite field is complete,False
4475,10611,0,0,,OK,SQLite field is complete,OK,SQLite field is complete,OK,SQLite field is complete,OK,SQLite field is complete,C,no local RAW/API snapshot is available,OK,SQLite field is complete,False
4476,10614,0,0,,OK,SQLite field is complete,OK,SQLite field is complete,OK,SQLite field is complete,OK,SQLite field is complete,C,no local RAW/API snapshot is available,OK,SQLite field is complete,False
4477,10616,0,0,,OK,SQLite field is complete,OK,SQLite field is complete,OK,SQLite field is complete,OK,SQLite field is complete,C,no local RAW/API snapshot is available,OK,SQLite field is complete,False
4478,10620,0,0,,OK,SQLite field is complete,OK,SQLite field is complete,OK,SQLite field is complete,OK,SQLite field is complete,C,no local RAW/API snapshot is available,OK,SQLite field is complete,False
4479,10622,0,0,,OK,SQLite field is complete,OK,SQLite field is complete,OK,SQLite field is complete,OK,SQLite field is complete,C,no local RAW/API snapshot is available,OK,SQLite field is complete,False
4480,10627,0,0,,OK,SQLite field is complete,OK,SQLite field is complete,OK,SQLite field is complete,OK,SQLite field is complete,C,no local RAW/API snapshot is available,OK,SQLite field is complete,False
4481,10628,0,0,,OK,SQLite field is complete,OK,SQLite field is complete,OK,SQLite field is complete,OK,SQLite field is complete,C,no local RAW/API snapshot is available,OK,SQLite field is complete,False
4482,10632,0,0,,OK,SQLite field is complete,OK,SQLite field is complete,OK,SQLite field is complete,OK,SQLite field is complete,C,no local RAW/API snapshot is available,OK,SQLite field is complete,False
4483,10635,0,0,,OK,SQLite field is complete,OK,SQLite field is complete,OK,SQLite field is complete,OK,SQLite field is complete,C,no local RAW/API snapshot is available,OK,SQLite field is complete,False
4484,10638,0,0,,OK,SQLite field is complete,OK,SQLite field is complete,OK,SQLite field is complete,OK,SQLite field is complete,C,no local RAW/API snapshot is available,OK,SQLite field is complete,False
4485,10640,0,0,,OK,SQLite field is complete,OK,SQLite field is complete,OK,SQLite field is complete,OK,SQLite field is complete,C,no local RAW/API snapshot is available,OK,SQLite field is complete,False
4486,10643,0,0,,OK,SQLite field is complete,OK,SQLite field is complete,OK,SQLite field is complete,OK,SQLite field is complete,C,no local RAW/API snapshot is available,OK,SQLite field is complete,False
4487,10646,0,0,,OK,SQLite field is complete,OK,SQLite field is complete,OK,SQLite field is complete,OK,SQLite field is complete,C,no local RAW/API snapshot is available,OK,SQLite field is complete,False
4488,10649,0,0,,OK,SQLite field is complete,OK,SQLite field is complete,OK,SQLite field is complete,OK,SQLite field is complete,C,no local RAW/API snapshot is available,OK,SQLite field is complete,False
4489,10652,0,0,,OK,SQLite field is complete,OK,SQLite field is complete,OK,SQLite field is complete,OK,SQLite field is complete,C,no local RAW/API snapshot is available,OK,SQLite field is complete,False
4490,10656,0,0,,OK,SQLite field is complete,OK,SQLite field is complete,OK,SQLite field is complete,OK,SQLite field is complete,C,no local RAW/API snapshot is available,OK,SQLite field is complete,False
4491,10660,0,0,,OK,SQLite field is complete,OK,SQLite field is complete,OK,SQLite field is complete,OK,SQLite field is complete,C,no local RAW/API snapshot is available,OK,SQLite field is complete,False
4492,10662,0,0,,OK,SQLite field is complete,OK,SQLite field is complete,OK,SQLite field is complete,OK,SQLite field is complete,C,no local RAW/API snapshot is available,OK,SQLite field is complete,False
4493,10665,0,0,,OK,SQLite field is complete,OK,SQLite field is complete,OK,SQLite field is complete,OK,SQLite field is complete,C,no local RAW/API snapshot is available,C,no local RAW/API snapshot is available,False
4494,10668,0,0,,OK,SQLite field is complete,OK,SQLite field is complete,OK,SQLite field is complete,OK,SQLite field is complete,C,no local RAW/API snapshot is available,C,no local RAW/API snapshot is available,False
4495,10670,0,0,,OK,SQLite field is complete,OK,SQLite field is complete,OK,SQLite field is complete,OK,SQLite field is complete,C,no local RAW/API snapshot is available,OK,SQLite field is complete,False
4496,10674,0,0,,OK,SQLite field is complete,OK,SQLite field is complete,OK,SQLite field is complete,OK,SQLite field is complete,C,no local RAW/API snapshot is available,OK,SQLite field is complete,False
4497,10676,0,0,,OK,SQLite field is complete,OK,SQLite field is complete,OK,SQLite field is complete,OK,SQLite field is complete,C,no local RAW/API snapshot is available,OK,SQLite field is complete,False
4498,10681,0,0,,OK,SQLite field is complete,OK,SQLite field is complete,OK,SQLite field is complete,OK,SQLite field is complete,C,no local RAW/API snapshot is available,OK,SQLite field is complete,False
4499,10683,0,0,,OK,SQLite field is complete,OK,SQLite field is complete,C,no local RAW/API snapshot is available,OK,SQLite field is complete,C,no local RAW/API snapshot is available,C,no local RAW/API snapshot is available,False
4500,10685,0,0,,OK,SQLite field is complete,OK,SQLite field is complete,OK,SQLite field is complete,OK,SQLite field is complete,C,no local RAW/API snapshot is available,C,no local RAW/API snapshot is available,False
4501,10688,0,0,,OK,SQLite field is complete,OK,SQLite field is complete,OK,SQLite field is complete,OK,SQLite field is complete,C,no local RAW/API snapshot is available,OK,SQLite field is complete,False
4502,10690,0,0,,OK,SQLite field is complete,OK,SQLite field is complete,OK,SQLite field is complete,OK,SQLite field is complete,C,no local RAW/API snapshot is available,OK,SQLite field is complete,False
4503,10693,0,0,,OK,SQLite field is complete,OK,SQLite field is complete,OK,SQLite field is complete,OK,SQLite field is complete,C,no local RAW/API snapshot is available,OK,SQLite field is complete,False
4504,10696,0,0,,OK,SQLite field is complete,OK,SQLite field is complete,OK,SQLite field is complete,OK,SQLite field is complete,C,no local RAW/API snapshot is available,OK,SQLite field is complete,False
4505,10698,0,0,,OK,SQLite field is complete,OK,SQLite field is complete,OK,SQLite field is complete,OK,SQLite field is complete,C,no local RAW/API snapshot is available,OK,SQLite field is complete,False
4506,10702,0,0,,OK,SQLite field is complete,OK,SQLite field is complete,OK,SQLite field is complete,OK,SQLite field is complete,C,no local RAW/API snapshot is available,OK,SQLite field is complete,False
4507,10706,0,0,,OK,SQLite field is complete,OK,SQLite field is complete,OK,SQLite field is complete,OK,SQLite field is complete,C,no local RAW/API snapshot is available,C,no local RAW/API snapshot is available,False
4508,10709,0,0,,OK,SQLite field is complete,OK,SQLite field is complete,OK,SQLite field is complete,OK,SQLite field is complete,C,no local RAW/API snapshot is available,OK,SQLite field is complete,False
4509,10712,0,0,,OK,SQLite field is complete,OK,SQLite field is complete,OK,SQLite field is complete,OK,SQLite field is complete,C,no local RAW/API snapshot is available,OK,SQLite field is complete,False
4510,10714,0,0,,OK,SQLite field is complete,OK,SQLite field is complete,OK,SQLite field is complete,OK,SQLite field is complete,C,no local RAW/API snapshot is available,OK,SQLite field is complete,False
4511,10717,0,0,,OK,SQLite field is complete,OK,SQLite field is complete,OK,SQLite field is complete,OK,SQLite field is complete,C,no local RAW/API snapshot is available,OK,SQLite field is complete,False
4512,10720,0,0,,OK,SQLite field is complete,OK,SQLite field is complete,OK,SQLite field is complete,OK,SQLite field is complete,C,no local RAW/API snapshot is available,OK,SQLite field is complete,False
4513,10724,0,0,,OK,SQLite field is complete,OK,SQLite field is complete,OK,SQLite field is complete,OK,SQLite field is complete,C,no local RAW/API snapshot is available,OK,SQLite field is complete,False
4514,10727,0,0,,OK,SQLite field is complete,OK,SQLite field is complete,OK,SQLite field is complete,OK,SQLite field is complete,C,no local RAW/API snapshot is available,OK,SQLite field is complete,False
4515,10729,0,0,,OK,SQLite field is complete,OK,SQLite field is complete,OK,SQLite field is complete,OK,SQLite field is complete,C,no local RAW/API snapshot is available,OK,SQLite field is complete,False
4516,10731,0,0,,OK,SQLite field is complete,OK,SQLite field is complete,OK,SQLite field is complete,OK,SQLite field is complete,C,no local RAW/API snapshot is available,OK,SQLite field is complete,False
4517,10734,0,0,,OK,SQLite field is complete,OK,SQLite field is complete,OK,SQLite field is complete,OK,SQLite field is complete,C,no local RAW/API snapshot is available,OK,SQLite field is complete,False
4518,10738,0,0,,OK,SQLite field is complete,OK,SQLite field is complete,OK,SQLite field is complete,OK,SQLite field is complete,C,no local RAW/API snapshot is available,OK,SQLite field is complete,False
4519,10740,0,0,,OK,SQLite field is complete,OK,SQLite field is complete,OK,SQLite field is complete,OK,SQLite field is complete,C,no local RAW/API snapshot is available,OK,SQLite field is complete,False
4520,10745,0,0,,OK,SQLite field is complete,OK,SQLite field is complete,OK,SQLite field is complete,OK,SQLite field is complete,C,no local RAW/API snapshot is available,OK,SQLite field is complete,False
4521,10747,0,0,,OK,SQLite field is complete,OK,SQLite field is complete,OK,SQLite field is complete,OK,SQLite field is complete,C,no local RAW/API snapshot is available,OK,SQLite field is complete,False
4522,10750,0,0,,OK,SQLite field is complete,OK,SQLite field is complete,OK,SQLite field is complete,OK,SQLite field is complete,C,no local RAW/API snapshot is available,OK,SQLite field is complete,False
4523,10753,0,0,,OK,SQLite field is complete,OK,SQLite field is complete,OK,SQLite field is complete,OK,SQLite field is complete,C,no local RAW/API snapshot is available,OK,SQLite field is complete,False
4524,10757,0,0,,OK,SQLite field is complete,OK,SQLite field is complete,OK,SQLite field is complete,OK,SQLite field is complete,C,no local RAW/API snapshot is available,OK,SQLite field is complete,False
4525,10759,0,0,,OK,SQLite field is complete,OK,SQLite field is complete,OK,SQLite field is complete,OK,SQLite field is complete,C,no local RAW/API snapshot is available,C,no local RAW/API snapshot is available,False
4526,10762,0,0,,OK,SQLite field is complete,OK,SQLite field is complete,OK,SQLite field is complete,OK,SQLite field is complete,C,no local RAW/API snapshot is available,OK,SQLite field is complete,False
4527,10764,0,0,,OK,SQLite field is complete,OK,SQLite field is complete,OK,SQLite field is complete,OK,SQLite field is complete,C,no local RAW/API snapshot is available,OK,SQLite field is complete,False
4528,10768,0,0,,OK,SQLite field is complete,OK,SQLite field is complete,OK,SQLite field is complete,OK,SQLite field is complete,C,no local RAW/API snapshot is available,OK,SQLite field is complete,False
4529,10770,0,0,,OK,SQLite field is complete,OK,SQLite field is complete,OK,SQLite field is complete,OK,SQLite field is complete,C,no local RAW/API snapshot is available,OK,SQLite field is complete,False
4530,10774,0,0,,OK,SQLite field is complete,OK,SQLite field is complete,OK,SQLite field is complete,OK,SQLite field is complete,C,no local RAW/API snapshot is available,OK,SQLite field is complete,False
4531,10776,0,0,,OK,SQLite field is complete,OK,SQLite field is complete,OK,SQLite field is complete,OK,SQLite field is complete,C,no local RAW/API snapshot is available,OK,SQLite field is complete,False
4532,10779,0,0,,OK,SQLite field is complete,OK,SQLite field is complete,OK,SQLite field is complete,OK,SQLite field is complete,C,no local RAW/API snapshot is available,OK,SQLite field is complete,False
4533,10781,0,0,,OK,SQLite field is complete,OK,SQLite field is complete,OK,SQLite field is complete,OK,SQLite field is complete,C,no local RAW/API snapshot is available,OK,SQLite field is complete,False
4534,10785,0,0,,OK,SQLite field is complete,OK,SQLite field is complete,OK,SQLite field is complete,OK,SQLite field is complete,C,no local RAW/API snapshot is available,OK,SQLite field is complete,False
4535,10788,0,0,,OK,SQLite field is complete,OK,SQLite field is complete,OK,SQLite field is complete,OK,SQLite field is complete,C,no local RAW/API snapshot is available,C,no local RAW/API snapshot is available,False
4536,10791,0,0,,OK,SQLite field is complete,OK,SQLite field is complete,C,no local RAW/API snapshot is available,OK,SQLite field is complete,C,no local RAW/API snapshot is available,OK,SQLite field is complete,False
4537,10794,0,0,,OK,SQLite field is complete,OK,SQLite field is complete,OK,SQLite field is complete,OK,SQLite field is complete,C,no local RAW/API snapshot is available,OK,SQLite field is complete,False
4538,10798,0,0,,OK,SQLite field is complete,OK,SQLite field is complete,OK,SQLite field is complete,OK,SQLite field is complete,C,no local RAW/API snapshot is available,OK,SQLite field is complete,False
4539,10801,0,0,,OK,SQLite field is complete,OK,SQLite field is complete,OK,SQLite field is complete,OK,SQLite field is complete,C,no local RAW/API snapshot is available,OK,SQLite field is complete,False
4540,10803,0,0,,OK,SQLite field is complete,OK,SQLite field is complete,OK,SQLite field is complete,OK,SQLite field is complete,C,no local RAW/API snapshot is available,OK,SQLite field is complete,False
4541,10807,0,0,,OK,SQLite field is complete,OK,SQLite field is complete,OK,SQLite field is complete,OK,SQLite field is complete,C,no local RAW/API snapshot is available,OK,SQLite field is complete,False
4542,10810,0,0,,OK,SQLite field is complete,OK,SQLite field is complete,OK,SQLite field is complete,OK,SQLite field is complete,C,no local RAW/API snapshot is available,C,no local RAW/API snapshot is available,False
4543,10813,0,0,,OK,SQLite field is complete,OK,SQLite field is complete,OK,SQLite field is complete,OK,SQLite field is complete,C,no local RAW/API snapshot is available,OK,SQLite field is complete,False
4544,10815,0,0,,OK,SQLite field is complete,OK,SQLite field is complete,OK,SQLite field is complete,OK,SQLite field is complete,C,no local RAW/API snapshot is available,OK,SQLite field is complete,False
4545,10819,0,0,,OK,SQLite field is complete,OK,SQLite field is complete,OK,SQLite field is complete,OK,SQLite field is complete,C,no local RAW/API snapshot is available,OK,SQLite field is complete,False
4546,10822,0,0,,OK,SQLite field is complete,OK,SQLite field is complete,OK,SQLite field is complete,OK,SQLite field is complete,C,no local RAW/API snapshot is available,OK,SQLite field is complete,False
4547,10824,0,0,,OK,SQLite field is complete,OK,SQLite field is complete,OK,SQLite field is complete,OK,SQLite field is complete,C,no local RAW/API snapshot is available,OK,SQLite field is complete,False
4548,10827,0,0,,OK,SQLite field is complete,OK,SQLite field is complete,OK,SQLite field is complete,OK,SQLite field is complete,C,no local RAW/API snapshot is available,OK,SQLite field is complete,False
4549,10829,0,0,,OK,SQLite field is complete,OK,SQLite field is complete,OK,SQLite field is complete,OK,SQLite field is complete,C,no local RAW/API snapshot is available,OK,SQLite field is complete,False
4550,10833,0,0,,OK,SQLite field is complete,OK,SQLite field is complete,OK,SQLite field is complete,OK,SQLite field is complete,C,no local RAW/API snapshot is available,OK,SQLite field is complete,False
4551,10834,0,0,,OK,SQLite field is complete,OK,SQLite field is complete,OK,SQLite field is complete,OK,SQLite field is complete,C,no local RAW/API snapshot is available,OK,SQLite field is complete,False
4552,10836,0,0,,OK,SQLite field is complete,OK,SQLite field is complete,OK,SQLite field is complete,OK,SQLite field is complete,C,no local RAW/API snapshot is available,OK,SQLite field is complete,False
4553,10840,0,0,,OK,SQLite field is complete,OK,SQLite field is complete,OK,SQLite field is complete,OK,SQLite field is complete,C,no local RAW/API snapshot is available,OK,SQLite field is complete,False
4554,10844,0,0,,OK,SQLite field is complete,OK,SQLite field is complete,OK,SQLite field is complete,OK,SQLite field is complete,C,no local RAW/API snapshot is available,OK,SQLite field is complete,False
4555,10847,0,0,,OK,SQLite field is complete,OK,SQLite field is complete,OK,SQLite field is complete,OK,SQLite field is complete,C,no local RAW/API snapshot is available,C,no local RAW/API snapshot is available,False
4556,10850,0,0,,OK,SQLite field is complete,OK,SQLite field is complete,OK,SQLite field is complete,OK,SQLite field is complete,C,no local RAW/API snapshot is available,OK,SQLite field is complete,False
4557,10852,0,0,,OK,SQLite field is complete,OK,SQLite field is complete,OK,SQLite field is complete,OK,SQLite field is complete,C,no local RAW/API snapshot is available,C,no local RAW/API snapshot is available,False
4558,10854,0,0,,OK,SQLite field is complete,OK,SQLite field is complete,OK,SQLite field is complete,OK,SQLite field is complete,C,no local RAW/API snapshot is available,OK,SQLite field is complete,False
4559,10857,0,0,,OK,SQLite field is complete,OK,SQLite field is complete,OK,SQLite field is complete,OK,SQLite field is complete,C,no local RAW/API snapshot is available,OK,SQLite field is complete,False
4560,10859,0,0,,OK,SQLite field is complete,OK,SQLite field is complete,OK,SQLite field is complete,OK,SQLite field is complete,C,no local RAW/API snapshot is available,OK,SQLite field is complete,False
4561,10862,0,0,,OK,SQLite field is complete,OK,SQLite field is complete,OK,SQLite field is complete,OK,SQLite field is complete,C,no local RAW/API snapshot is available,OK,SQLite field is complete,False
4562,10865,0,0,,OK,SQLite field is complete,OK,SQLite field is complete,OK,SQLite field is complete,OK,SQLite field is complete,C,no local RAW/API snapshot is available,OK,SQLite field is complete,False
4563,10867,0,0,,OK,SQLite field is complete,OK,SQLite field is complete,C,no local RAW/API snapshot is available,OK,SQLite field is complete,C,no local RAW/API snapshot is available,OK,SQLite field is complete,False
4564,10870,0,0,,OK,SQLite field is complete,OK,SQLite field is complete,C,no local RAW/API snapshot is available,OK,SQLite field is complete,C,no local RAW/API snapshot is available,OK,SQLite field is complete,False
4565,10873,0,0,,OK,SQLite field is complete,OK,SQLite field is complete,OK,SQLite field is complete,OK,SQLite field is complete,C,no local RAW/API snapshot is available,OK,SQLite field is complete,False
4566,10876,0,0,,OK,SQLite field is complete,OK,SQLite field is complete,OK,SQLite field is complete,OK,SQLite field is complete,C,no local RAW/API snapshot is available,OK,SQLite field is complete,False
4567,10878,0,0,,OK,SQLite field is complete,OK,SQLite field is complete,OK,SQLite field is complete,OK,SQLite field is complete,C,no local RAW/API snapshot is available,OK,SQLite field is complete,False
4568,10881,0,0,,OK,SQLite field is complete,OK,SQLite field is complete,OK,SQLite field is complete,OK,SQLite field is complete,C,no local RAW/API snapshot is available,OK,SQLite field is complete,False
4569,10884,0,0,,OK,SQLite field is complete,OK,SQLite field is complete,OK,SQLite field is complete,OK,SQLite field is complete,C,no local RAW/API snapshot is available,C,no local RAW/API snapshot is available,False
4570,10887,0,0,,OK,SQLite field is complete,OK,SQLite field is complete,C,no local RAW/API snapshot is available,OK,SQLite field is complete,C,no local RAW/API snapshot is available,OK,SQLite field is complete,False
4571,10892,0,0,,OK,SQLite field is complete,OK,SQLite field is complete,OK,SQLite field is complete,OK,SQLite field is complete,C,no local RAW/API snapshot is available,C,no local RAW/API snapshot is available,False
4572,10895,0,0,,OK,SQLite field is complete,OK,SQLite field is complete,OK,SQLite field is complete,OK,SQLite field is complete,C,no local RAW/API snapshot is available,OK,SQLite field is complete,False
4573,10898,0,0,,OK,SQLite field is complete,OK,SQLite field is complete,OK,SQLite field is complete,OK,SQLite field is complete,C,no local RAW/API snapshot is available,OK,SQLite field is complete,False
4574,10901,0,0,,OK,SQLite field is complete,OK,SQLite field is complete,OK,SQLite field is complete,OK,SQLite field is complete,C,no local RAW/API snapshot is available,OK,SQLite field is complete,False
4575,10904,0,0,,OK,SQLite field is complete,OK,SQLite field is complete,OK,SQLite field is complete,OK,SQLite field is complete,C,no local RAW/API snapshot is available,OK,SQLite field is complete,False
4576,10906,0,0,,OK,SQLite field is complete,OK,SQLite field is complete,OK,SQLite field is complete,OK,SQLite field is complete,C,no local RAW/API snapshot is available,OK,SQLite field is complete,False
4577,10909,0,0,,OK,SQLite field is complete,OK,SQLite field is complete,OK,SQLite field is complete,OK,SQLite field is complete,C,no local RAW/API snapshot is available,OK,SQLite field is complete,False
4578,10910,0,0,,OK,SQLite field is complete,OK,SQLite field is complete,OK,SQLite field is complete,OK,SQLite field is complete,C,no local RAW/API snapshot is available,OK,SQLite field is complete,False
4579,10914,0,0,,OK,SQLite field is complete,OK,SQLite field is complete,OK,SQLite field is complete,OK,SQLite field is complete,C,no local RAW/API snapshot is available,OK,SQLite field is complete,False
4580,10917,0,0,,OK,SQLite field is complete,OK,SQLite field is complete,OK,SQLite field is complete,OK,SQLite field is complete,C,no local RAW/API snapshot is available,OK,SQLite field is complete,False
4581,10919,0,0,,OK,SQLite field is complete,OK,SQLite field is complete,OK,SQLite field is complete,OK,SQLite field is complete,C,no local RAW/API snapshot is available,OK,SQLite field is complete,False
4582,10922,0,0,,OK,SQLite field is complete,OK,SQLite field is complete,OK,SQLite field is complete,OK,SQLite field is complete,C,no local RAW/API snapshot is available,OK,SQLite field is complete,False
4583,10925,0,0,,OK,SQLite field is complete,OK,SQLite field is complete,OK,SQLite field is complete,OK,SQLite field is complete,C,no local RAW/API snapshot is available,OK,SQLite field is complete,False
4584,10928,0,0,,OK,SQLite field is complete,OK,SQLite field is complete,OK,SQLite field is complete,OK,SQLite field is complete,C,no local RAW/API snapshot is available,OK,SQLite field is complete,False
4585,10930,0,0,,OK,SQLite field is complete,OK,SQLite field is complete,OK,SQLite field is complete,OK,SQLite field is complete,C,no local RAW/API snapshot is available,OK,SQLite field is complete,False
4586,10933,0,0,,OK,SQLite field is complete,OK,SQLite field is complete,OK,SQLite field is complete,OK,SQLite field is complete,C,no local RAW/API snapshot is available,OK,SQLite field is complete,False
4587,10936,0,0,,OK,SQLite field is complete,OK,SQLite field is complete,OK,SQLite field is complete,OK,SQLite field is complete,C,no local RAW/API snapshot is available,OK,SQLite field is complete,False
4588,10938,0,0,,OK,SQLite field is complete,OK,SQLite field is complete,OK,SQLite field is complete,OK,SQLite field is complete,C,no local RAW/API snapshot is available,OK,SQLite field is complete,False
4589,10941,0,0,,OK,SQLite field is complete,OK,SQLite field is complete,OK,SQLite field is complete,OK,SQLite field is complete,C,no local RAW/API snapshot is available,OK,SQLite field is complete,False
4590,10945,0,0,,OK,SQLite field is complete,OK,SQLite field is complete,OK,SQLite field is complete,OK,SQLite field is complete,C,no local RAW/API snapshot is available,OK,SQLite field is complete,False
4591,10948,0,0,,OK,SQLite field is complete,OK,SQLite field is complete,OK,SQLite field is complete,OK,SQLite field is complete,C,no local RAW/API snapshot is available,OK,SQLite field is complete,False
4592,10950,0,0,,OK,SQLite field is complete,OK,SQLite field is complete,OK,SQLite field is complete,OK,SQLite field is complete,C,no local RAW/API snapshot is available,OK,SQLite field is complete,False
4593,10954,0,0,,OK,SQLite field is complete,OK,SQLite field is complete,OK,SQLite field is complete,OK,SQLite field is complete,C,no local RAW/API snapshot is available,OK,SQLite field is complete,False
4594,10956,0,0,,OK,SQLite field is complete,OK,SQLite field is complete,OK,SQLite field is complete,OK,SQLite field is complete,C,no local RAW/API snapshot is available,OK,SQLite field is complete,False
4595,10960,0,0,,OK,SQLite field is complete,OK,SQLite field is complete,OK,SQLite field is complete,OK,SQLite field is complete,C,no local RAW/API snapshot is available,OK,SQLite field is complete,False
4596,10962,0,0,,OK,SQLite field is complete,OK,SQLite field is complete,OK,SQLite field is complete,OK,SQLite field is complete,C,no local RAW/API snapshot is available,OK,SQLite field is complete,False
4597,10964,0,0,,OK,SQLite field is complete,OK,SQLite field is complete,OK,SQLite field is complete,OK,SQLite field is complete,C,no local RAW/API snapshot is available,OK,SQLite field is complete,False
4598,10967,0,0,,OK,SQLite field is complete,OK,SQLite field is complete,OK,SQLite field is complete,OK,SQLite field is complete,C,no local RAW/API snapshot is available,OK,SQLite field is complete,False
4599,10971,0,0,,OK,SQLite field is complete,OK,SQLite field is complete,OK,SQLite field is complete,OK,SQLite field is complete,C,no local RAW/API snapshot is available,OK,SQLite field is complete,False
4600,10975,0,0,,OK,SQLite field is complete,OK,SQLite field is complete,OK,SQLite field is complete,OK,SQLite field is complete,C,no local RAW/API snapshot is available,OK,SQLite field is complete,False
4601,10977,0,0,,OK,SQLite field is complete,OK,SQLite field is complete,OK,SQLite field is complete,OK,SQLite field is complete,C,no local RAW/API snapshot is available,OK,SQLite field is complete,False
4602,10980,0,0,,OK,SQLite field is complete,OK,SQLite field is complete,C,no local RAW/API snapshot is available,OK,SQLite field is complete,C,no local RAW/API snapshot is available,OK,SQLite field is complete,False
4603,10983,0,0,,OK,SQLite field is complete,OK,SQLite field is complete,OK,SQLite field is complete,OK,SQLite field is complete,C,no local RAW/API snapshot is available,OK,SQLite field is complete,False
4604,10986,0,0,,OK,SQLite field is complete,OK,SQLite field is complete,OK,SQLite field is complete,OK,SQLite field is complete,C,no local RAW/API snapshot is available,C,no local RAW/API snapshot is available,False
4605,10988,0,0,,OK,SQLite field is complete,OK,SQLite field is complete,OK,SQLite field is complete,OK,SQLite field is complete,C,no local RAW/API snapshot is available,OK,SQLite field is complete,False
4606,10991,0,0,,OK,SQLite field is complete,OK,SQLite field is complete,OK,SQLite field is complete,OK,SQLite field is complete,C,no local RAW/API snapshot is available,OK,SQLite field is complete,False
4607,10996,0,0,,OK,SQLite field is complete,OK,SQLite field is complete,OK,SQLite field is complete,OK,SQLite field is complete,C,no local RAW/API snapshot is available,OK,SQLite field is complete,False
4608,10998,0,0,,OK,SQLite field is complete,OK,SQLite field is complete,OK,SQLite field is complete,OK,SQLite field is complete,C,no local RAW/API snapshot is available,OK,SQLite field is complete,False
4609,11000,0,0,,OK,SQLite field is complete,OK,SQLite field is complete,OK,SQLite field is complete,OK,SQLite field is complete,C,no local RAW/API snapshot is available,OK,SQLite field is complete,False
4610,11003,0,0,,OK,SQLite field is complete,OK,SQLite field is complete,OK,SQLite field is complete,OK,SQLite field is complete,C,no local RAW/API snapshot is available,C,no local RAW/API snapshot is available,False
4611,11007,0,0,,OK,SQLite field is complete,OK,SQLite field is complete,OK,SQLite field is complete,OK,SQLite field is complete,C,no local RAW/API snapshot is available,OK,SQLite field is complete,False
4612,11009,0,0,,OK,SQLite field is complete,OK,SQLite field is complete,OK,SQLite field is complete,OK,SQLite field is complete,C,no local RAW/API snapshot is available,OK,SQLite field is complete,False
4613,11012,0,0,,OK,SQLite field is complete,OK,SQLite field is complete,OK,SQLite field is complete,OK,SQLite field is complete,C,no local RAW/API snapshot is available,OK,SQLite field is complete,False
4614,11016,0,0,,OK,SQLite field is complete,OK,SQLite field is complete,OK,SQLite field is complete,OK,SQLite field is complete,C,no local RAW/API snapshot is available,OK,SQLite field is complete,False
4615,11020,0,0,,OK,SQLite field is complete,OK,SQLite field is complete,OK,SQLite field is complete,OK,SQLite field is complete,C,no local RAW/API snapshot is available,OK,SQLite field is complete,False
4616,11021,0,0,,OK,SQLite field is complete,OK,SQLite field is complete,OK,SQLite field is complete,OK,SQLite field is complete,C,no local RAW/API snapshot is available,OK,SQLite field is complete,False
4617,11024,0,0,,OK,SQLite field is complete,OK,SQLite field is complete,OK,SQLite field is complete,OK,SQLite field is complete,C,no local RAW/API snapshot is available,OK,SQLite field is complete,False
4618,11028,0,0,,OK,SQLite field is complete,OK,SQLite field is complete,OK,SQLite field is complete,OK,SQLite field is complete,C,no local RAW/API snapshot is available,OK,SQLite field is complete,False
4619,11031,0,0,,OK,SQLite field is complete,OK,SQLite field is complete,OK,SQLite field is complete,OK,SQLite field is complete,C,no local RAW/API snapshot is available,OK,SQLite field is complete,False
4620,11033,0,0,,OK,SQLite field is complete,OK,SQLite field is complete,OK,SQLite field is complete,OK,SQLite field is complete,C,no local RAW/API snapshot is available,OK,SQLite field is complete,False
4621,11036,0,0,,OK,SQLite field is complete,OK,SQLite field is complete,OK,SQLite field is complete,OK,SQLite field is complete,C,no local RAW/API snapshot is available,OK,SQLite field is complete,False
4622,11041,0,0,,OK,SQLite field is complete,OK,SQLite field is complete,OK,SQLite field is complete,OK,SQLite field is complete,C,no local RAW/API snapshot is available,OK,SQLite field is complete,False
4623,11042,0,0,,OK,SQLite field is complete,OK,SQLite field is complete,OK,SQLite field is complete,OK,SQLite field is complete,C,no local RAW/API snapshot is available,OK,SQLite field is complete,False
4624,11047,0,0,,OK,SQLite field is complete,OK,SQLite field is complete,OK,SQLite field is complete,OK,SQLite field is complete,C,no local RAW/API snapshot is available,C,no local RAW/API snapshot is available,False
4625,11050,0,0,,OK,SQLite field is complete,OK,SQLite field is complete,OK,SQLite field is complete,OK,SQLite field is complete,C,no local RAW/API snapshot is available,OK,SQLite field is complete,False
4626,11051,0,0,,OK,SQLite field is complete,OK,SQLite field is complete,OK,SQLite field is complete,OK,SQLite field is complete,C,no local RAW/API snapshot is available,OK,SQLite field is complete,False
4627,11054,0,0,,OK,SQLite field is complete,OK,SQLite field is complete,OK,SQLite field is complete,OK,SQLite field is complete,C,no local RAW/API snapshot is available,OK,SQLite field is complete,False
4628,11059,0,0,,OK,SQLite field is complete,OK,SQLite field is complete,OK,SQLite field is complete,OK,SQLite field is complete,C,no local RAW/API snapshot is available,OK,SQLite field is complete,False
4629,11062,0,0,,OK,SQLite field is complete,OK,SQLite field is complete,OK,SQLite field is complete,OK,SQLite field is complete,C,no local RAW/API snapshot is available,OK,SQLite field is complete,False
4630,11063,0,0,,OK,SQLite field is complete,OK,SQLite field is complete,OK,SQLite field is complete,OK,SQLite field is complete,C,no local RAW/API snapshot is available,OK,SQLite field is complete,False
4631,11067,0,0,,OK,SQLite field is complete,OK,SQLite field is complete,OK,SQLite field is complete,OK,SQLite field is complete,C,no local RAW/API snapshot is available,OK,SQLite field is complete,False
4632,11068,0,0,,OK,SQLite field is complete,OK,SQLite field is complete,OK,SQLite field is complete,OK,SQLite field is complete,C,no local RAW/API snapshot is available,OK,SQLite field is complete,False
4633,11071,0,0,,OK,SQLite field is complete,OK,SQLite field is complete,OK,SQLite field is complete,OK,SQLite field is complete,C,no local RAW/API snapshot is available,OK,SQLite field is complete,False
4634,11074,0,0,,OK,SQLite field is complete,OK,SQLite field is complete,OK,SQLite field is complete,OK,SQLite field is complete,C,no local RAW/API snapshot is available,C,no local RAW/API snapshot is available,False
4635,11078,0,0,,OK,SQLite field is complete,OK,SQLite field is complete,OK,SQLite field is complete,OK,SQLite field is complete,C,no local RAW/API snapshot is available,OK,SQLite field is complete,False
4636,11081,0,0,,OK,SQLite field is complete,OK,SQLite field is complete,OK,SQLite field is complete,OK,SQLite field is complete,C,no local RAW/API snapshot is available,OK,SQLite field is complete,False
4637,11084,0,0,,OK,SQLite field is complete,OK,SQLite field is complete,OK,SQLite field is complete,OK,SQLite field is complete,C,no local RAW/API snapshot is available,OK,SQLite field is complete,False
4638,11086,0,0,,OK,SQLite field is complete,OK,SQLite field is complete,C,no local RAW/API snapshot is available,OK,SQLite field is complete,C,no local RAW/API snapshot is available,OK,SQLite field is complete,False
4639,11088,0,0,,OK,SQLite field is complete,OK,SQLite field is complete,OK,SQLite field is complete,OK,SQLite field is complete,C,no local RAW/API snapshot is available,OK,SQLite field is complete,False
4640,11091,0,0,,OK,SQLite field is complete,OK,SQLite field is complete,OK,SQLite field is complete,OK,SQLite field is complete,C,no local RAW/API snapshot is available,OK,SQLite field is complete,False
4641,11093,0,0,,OK,SQLite field is complete,OK,SQLite field is complete,OK,SQLite field is complete,OK,SQLite field is complete,C,no local RAW/API snapshot is available,OK,SQLite field is complete,False
4642,11097,0,0,,OK,SQLite field is complete,OK,SQLite field is complete,OK,SQLite field is complete,OK,SQLite field is complete,C,no local RAW/API snapshot is available,OK,SQLite field is complete,False
4643,11100,0,0,,OK,SQLite field is complete,OK,SQLite field is complete,OK,SQLite field is complete,OK,SQLite field is complete,C,no local RAW/API snapshot is available,OK,SQLite field is complete,False
4644,11102,0,0,,OK,SQLite field is complete,OK,SQLite field is complete,OK,SQLite field is complete,OK,SQLite field is complete,C,no local RAW/API snapshot is available,OK,SQLite field is complete,False
4645,11105,0,0,,OK,SQLite field is complete,OK,SQLite field is complete,OK,SQLite field is complete,OK,SQLite field is complete,C,no local RAW/API snapshot is available,OK,SQLite field is complete,False
4646,11108,0,0,,OK,SQLite field is complete,OK,SQLite field is complete,OK,SQLite field is complete,OK,SQLite field is complete,C,no local RAW/API snapshot is available,OK,SQLite field is complete,False
4647,11110,0,0,,OK,SQLite field is complete,OK,SQLite field is complete,OK,SQLite field is complete,OK,SQLite field is complete,C,no local RAW/API snapshot is available,OK,SQLite field is complete,False
4648,11112,0,0,,OK,SQLite field is complete,OK,SQLite field is complete,OK,SQLite field is complete,OK,SQLite field is complete,C,no local RAW/API snapshot is available,OK,SQLite field is complete,False
4649,11116,0,0,,OK,SQLite field is complete,OK,SQLite field is complete,OK,SQLite field is complete,OK,SQLite field is complete,C,no local RAW/API snapshot is available,OK,SQLite field is complete,False
4650,11119,0,0,,OK,SQLite field is complete,OK,SQLite field is complete,OK,SQLite field is complete,OK,SQLite field is complete,C,no local RAW/API snapshot is available,OK,SQLite field is complete,False
4651,11121,0,0,,OK,SQLite field is complete,OK,SQLite field is complete,OK,SQLite field is complete,OK,SQLite field is complete,C,no local RAW/API snapshot is available,OK,SQLite field is complete,False
4652,11124,0,0,,OK,SQLite field is complete,OK,SQLite field is complete,OK,SQLite field is complete,OK,SQLite field is complete,C,no local RAW/API snapshot is available,OK,SQLite field is complete,False
4653,11127,0,0,,OK,SQLite field is complete,OK,SQLite field is complete,OK,SQLite field is complete,OK,SQLite field is complete,C,no local RAW/API snapshot is available,OK,SQLite field is complete,False
4654,11130,0,0,,OK,SQLite field is complete,OK,SQLite field is complete,OK,SQLite field is complete,OK,SQLite field is complete,C,no local RAW/API snapshot is available,OK,SQLite field is complete,False
4655,11133,0,0,,OK,SQLite field is complete,OK,SQLite field is complete,OK,SQLite field is complete,OK,SQLite field is complete,C,no local RAW/API snapshot is available,OK,SQLite field is complete,False
4656,11137,0,0,,OK,SQLite field is complete,OK,SQLite field is complete,OK,SQLite field is complete,OK,SQLite field is complete,C,no local RAW/API snapshot is available,OK,SQLite field is complete,False
4657,11140,0,0,,OK,SQLite field is complete,OK,SQLite field is complete,OK,SQLite field is complete,OK,SQLite field is complete,C,no local RAW/API snapshot is available,OK,SQLite field is complete,False
4658,11143,0,0,,OK,SQLite field is complete,OK,SQLite field is complete,OK,SQLite field is complete,OK,SQLite field is complete,C,no local RAW/API snapshot is available,OK,SQLite field is complete,False
4659,11147,0,0,,OK,SQLite field is complete,OK,SQLite field is complete,OK,SQLite field is complete,OK,SQLite field is complete,C,no local RAW/API snapshot is available,OK,SQLite field is complete,False
4660,11148,0,0,,OK,SQLite field is complete,OK,SQLite field is complete,OK,SQLite field is complete,OK,SQLite field is complete,C,no local RAW/API snapshot is available,OK,SQLite field is complete,False
4661,11151,0,0,,OK,SQLite field is complete,OK,SQLite field is complete,OK,SQLite field is complete,OK,SQLite field is complete,C,no local RAW/API snapshot is available,OK,SQLite field is complete,False
4662,11155,0,0,,OK,SQLite field is complete,OK,SQLite field is complete,OK,SQLite field is complete,OK,SQLite field is complete,C,no local RAW/API snapshot is available,OK,SQLite field is complete,False
4663,11158,0,0,,OK,SQLite field is complete,OK,SQLite field is complete,OK,SQLite field is complete,OK,SQLite field is complete,C,no local RAW/API snapshot is available,OK,SQLite field is complete,False
4664,11161,0,0,,OK,SQLite field is complete,OK,SQLite field is complete,OK,SQLite field is complete,OK,SQLite field is complete,C,no local RAW/API snapshot is available,C,no local RAW/API snapshot is available,False
4665,11164,0,0,,OK,SQLite field is complete,OK,SQLite field is complete,OK,SQLite field is complete,OK,SQLite field is complete,C,no local RAW/API snapshot is available,C,no local RAW/API snapshot is available,False
4666,11166,0,0,,OK,SQLite field is complete,OK,SQLite field is complete,OK,SQLite field is complete,OK,SQLite field is complete,C,no local RAW/API snapshot is available,OK,SQLite field is complete,False
4667,11169,0,0,,OK,SQLite field is complete,OK,SQLite field is complete,OK,SQLite field is complete,OK,SQLite field is complete,C,no local RAW/API snapshot is available,C,no local RAW/API snapshot is available,False
4668,11172,0,0,,OK,SQLite field is complete,OK,SQLite field is complete,OK,SQLite field is complete,OK,SQLite field is complete,C,no local RAW/API snapshot is available,OK,SQLite field is complete,False
4669,11174,0,0,,OK,SQLite field is complete,OK,SQLite field is complete,OK,SQLite field is complete,OK,SQLite field is complete,C,no local RAW/API snapshot is available,C,no local RAW/API snapshot is available,False
4670,11178,0,0,,OK,SQLite field is complete,OK,SQLite field is complete,OK,SQLite field is complete,OK,SQLite field is complete,C,no local RAW/API snapshot is available,C,no local RAW/API snapshot is available,False
4671,11182,0,0,,OK,SQLite field is complete,OK,SQLite field is complete,OK,SQLite field is complete,OK,SQLite field is complete,C,no local RAW/API snapshot is available,OK,SQLite field is complete,False
4672,11183,0,0,,OK,SQLite field is complete,OK,SQLite field is complete,OK,SQLite field is complete,OK,SQLite field is complete,C,no local RAW/API snapshot is available,OK,SQLite field is complete,False
4673,11186,0,0,,OK,SQLite field is complete,OK,SQLite field is complete,OK,SQLite field is complete,OK,SQLite field is complete,C,no local RAW/API snapshot is available,OK,SQLite field is complete,False
4674,11189,0,0,,OK,SQLite field is complete,OK,SQLite field is complete,OK,SQLite field is complete,OK,SQLite field is complete,C,no local RAW/API snapshot is available,OK,SQLite field is complete,False
4675,11192,0,0,,OK,SQLite field is complete,OK,SQLite field is complete,OK,SQLite field is complete,OK,SQLite field is complete,C,no local RAW/API snapshot is available,OK,SQLite field is complete,False
4676,11194,0,0,,OK,SQLite field is complete,OK,SQLite field is complete,OK,SQLite field is complete,OK,SQLite field is complete,C,no local RAW/API snapshot is available,OK,SQLite field is complete,False
4677,11198,0,0,,OK,SQLite field is complete,OK,SQLite field is complete,OK,SQLite field is complete,OK,SQLite field is complete,C,no local RAW/API snapshot is available,OK,SQLite field is complete,False
4678,11201,0,0,,OK,SQLite field is complete,OK,SQLite field is complete,OK,SQLite field is complete,OK,SQLite field is complete,C,no local RAW/API snapshot is available,OK,SQLite field is complete,False
4679,11203,0,0,,OK,SQLite field is complete,OK,SQLite field is complete,OK,SQLite field is complete,OK,SQLite field is complete,C,no local RAW/API snapshot is available,OK,SQLite field is complete,False
4680,11206,0,0,,OK,SQLite field is complete,OK,SQLite field is complete,OK,SQLite field is complete,OK,SQLite field is complete,C,no local RAW/API snapshot is available,OK,SQLite field is complete,False
4681,11210,0,0,,OK,SQLite field is complete,OK,SQLite field is complete,OK,SQLite field is complete,OK,SQLite field is complete,C,no local RAW/API snapshot is available,OK,SQLite field is complete,False
4682,11213,0,0,,OK,SQLite field is complete,OK,SQLite field is complete,OK,SQLite field is complete,OK,SQLite field is complete,C,no local RAW/API snapshot is available,C,no local RAW/API snapshot is available,False
4683,11216,0,0,,OK,SQLite field is complete,OK,SQLite field is complete,OK,SQLite field is complete,OK,SQLite field is complete,C,no local RAW/API snapshot is available,OK,SQLite field is complete,False
4684,11218,0,0,,OK,SQLite field is complete,OK,SQLite field is complete,OK,SQLite field is complete,OK,SQLite field is complete,C,no local RAW/API snapshot is available,OK,SQLite field is complete,False
4685,11222,0,0,,OK,SQLite field is complete,OK,SQLite field is complete,OK,SQLite field is complete,OK,SQLite field is complete,C,no local RAW/API snapshot is available,OK,SQLite field is complete,False
4686,11225,0,0,,OK,SQLite field is complete,OK,SQLite field is complete,OK,SQLite field is complete,OK,SQLite field is complete,C,no local RAW/API snapshot is available,OK,SQLite field is complete,False
4687,11226,0,0,,OK,SQLite field is complete,OK,SQLite field is complete,OK,SQLite field is complete,OK,SQLite field is complete,C,no local RAW/API snapshot is available,OK,SQLite field is complete,False
4688,11229,0,0,,OK,SQLite field is complete,OK,SQLite field is complete,OK,SQLite field is complete,OK,SQLite field is complete,C,no local RAW/API snapshot is available,OK,SQLite field is complete,False
4689,11232,0,0,,OK,SQLite field is complete,OK,SQLite field is complete,OK,SQLite field is complete,OK,SQLite field is complete,C,no local RAW/API snapshot is available,OK,SQLite field is complete,False
4690,11234,0,0,,OK,SQLite field is complete,OK,SQLite field is complete,OK,SQLite field is complete,OK,SQLite field is complete,C,no local RAW/API snapshot is available,OK,SQLite field is complete,False
4691,11239,0,0,,OK,SQLite field is complete,OK,SQLite field is complete,OK,SQLite field is complete,OK,SQLite field is complete,C,no local RAW/API snapshot is available,OK,SQLite field is complete,False
4692,11242,0,0,,OK,SQLite field is complete,OK,SQLite field is complete,OK,SQLite field is complete,OK,SQLite field is complete,C,no local RAW/API snapshot is available,OK,SQLite field is complete,False
4693,11243,0,0,,OK,SQLite field is complete,OK,SQLite field is complete,OK,SQLite field is complete,OK,SQLite field is complete,C,no local RAW/API snapshot is available,OK,SQLite field is complete,False
4694,11247,0,0,,OK,SQLite field is complete,OK,SQLite field is complete,OK,SQLite field is complete,OK,SQLite field is complete,C,no local RAW/API snapshot is available,OK,SQLite field is complete,False
4695,11250,0,0,,OK,SQLite field is complete,OK,SQLite field is complete,OK,SQLite field is complete,OK,SQLite field is complete,C,no local RAW/API snapshot is available,OK,SQLite field is complete,False
4696,11253,0,0,,OK,SQLite field is complete,OK,SQLite field is complete,OK,SQLite field is complete,OK,SQLite field is complete,C,no local RAW/API snapshot is available,OK,SQLite field is complete,False
4697,11256,0,0,,OK,SQLite field is complete,OK,SQLite field is complete,OK,SQLite field is complete,OK,SQLite field is complete,C,no local RAW/API snapshot is available,OK,SQLite field is complete,False
4698,11260,0,0,,OK,SQLite field is complete,OK,SQLite field is complete,OK,SQLite field is complete,OK,SQLite field is complete,C,no local RAW/API snapshot is available,OK,SQLite field is complete,False
4699,11261,0,0,,OK,SQLite field is complete,OK,SQLite field is complete,OK,SQLite field is complete,OK,SQLite field is complete,C,no local RAW/API snapshot is available,OK,SQLite field is complete,False
4700,11265,0,0,,OK,SQLite field is complete,OK,SQLite field is complete,OK,SQLite field is complete,OK,SQLite field is complete,C,no local RAW/API snapshot is available,C,no local RAW/API snapshot is available,False
4701,11266,0,0,,OK,SQLite field is complete,OK,SQLite field is complete,OK,SQLite field is complete,OK,SQLite field is complete,C,no local RAW/API snapshot is available,C,no local RAW/API snapshot is available,False
4702,11269,0,0,,OK,SQLite field is complete,OK,SQLite field is complete,OK,SQLite field is complete,OK,SQLite field is complete,C,no local RAW/API snapshot is available,OK,SQLite field is complete,False
4703,11272,0,0,,OK,SQLite field is complete,OK,SQLite field is complete,OK,SQLite field is complete,OK,SQLite field is complete,C,no local RAW/API snapshot is available,OK,SQLite field is complete,False
4704,11275,0,0,,OK,SQLite field is complete,OK,SQLite field is complete,OK,SQLite field is complete,OK,SQLite field is complete,C,no local RAW/API snapshot is available,OK,SQLite field is complete,False
4705,11277,0,0,,OK,SQLite field is complete,OK,SQLite field is complete,OK,SQLite field is complete,OK,SQLite field is complete,C,no local RAW/API snapshot is available,OK,SQLite field is complete,False
4706,11280,0,0,,OK,SQLite field is complete,OK,SQLite field is complete,OK,SQLite field is complete,OK,SQLite field is complete,C,no local RAW/API snapshot is available,OK,SQLite field is complete,False
4707,11283,0,0,,OK,SQLite field is complete,OK,SQLite field is complete,OK,SQLite field is complete,OK,SQLite field is complete,C,no local RAW/API snapshot is available,OK,SQLite field is complete,False
4708,11285,0,0,,OK,SQLite field is complete,OK,SQLite field is complete,C,no local RAW/API snapshot is available,OK,SQLite field is complete,C,no local RAW/API snapshot is available,OK,SQLite field is complete,False
4709,11289,0,0,,OK,SQLite field is complete,OK,SQLite field is complete,OK,SQLite field is complete,OK,SQLite field is complete,C,no local RAW/API snapshot is available,OK,SQLite field is complete,False
4710,11291,0,0,,OK,SQLite field is complete,OK,SQLite field is complete,OK,SQLite field is complete,OK,SQLite field is complete,C,no local RAW/API snapshot is available,OK,SQLite field is complete,False
4711,11294,0,0,,OK,SQLite field is complete,OK,SQLite field is complete,OK,SQLite field is complete,OK,SQLite field is complete,C,no local RAW/API snapshot is available,OK,SQLite field is complete,False
4712,11297,0,0,,OK,SQLite field is complete,OK,SQLite field is complete,OK,SQLite field is complete,OK,SQLite field is complete,C,no local RAW/API snapshot is available,OK,SQLite field is complete,False
4713,11300,0,0,,OK,SQLite field is complete,OK,SQLite field is complete,OK,SQLite field is complete,OK,SQLite field is complete,C,no local RAW/API snapshot is available,OK,SQLite field is complete,False
4714,11302,0,0,,OK,SQLite field is complete,OK,SQLite field is complete,OK,SQLite field is complete,OK,SQLite field is complete,C,no local RAW/API snapshot is available,C,no local RAW/API snapshot is available,False
4715,11306,0,0,,OK,SQLite field is complete,OK,SQLite field is complete,OK,SQLite field is complete,OK,SQLite field is complete,C,no local RAW/API snapshot is available,C,no local RAW/API snapshot is available,False
4716,11308,0,0,,OK,SQLite field is complete,OK,SQLite field is complete,OK,SQLite field is complete,OK,SQLite field is complete,C,no local RAW/API snapshot is available,OK,SQLite field is complete,False
4717,11311,0,0,,OK,SQLite field is complete,OK,SQLite field is complete,OK,SQLite field is complete,OK,SQLite field is complete,C,no local RAW/API snapshot is available,OK,SQLite field is complete,False
4718,11314,0,0,,OK,SQLite field is complete,OK,SQLite field is complete,OK,SQLite field is complete,OK,SQLite field is complete,C,no local RAW/API snapshot is available,OK,SQLite field is complete,False
4719,11318,0,0,,OK,SQLite field is complete,OK,SQLite field is complete,OK,SQLite field is complete,OK,SQLite field is complete,C,no local RAW/API snapshot is available,OK,SQLite field is complete,False
4720,11321,0,0,,OK,SQLite field is complete,OK,SQLite field is complete,OK,SQLite field is complete,OK,SQLite field is complete,C,no local RAW/API snapshot is available,OK,SQLite field is complete,False
4721,11323,0,0,,OK,SQLite field is complete,OK,SQLite field is complete,OK,SQLite field is complete,OK,SQLite field is complete,C,no local RAW/API snapshot is available,OK,SQLite field is complete,False
4722,11326,0,0,,OK,SQLite field is complete,OK,SQLite field is complete,OK,SQLite field is complete,OK,SQLite field is complete,C,no local RAW/API snapshot is available,C,no local RAW/API snapshot is available,False
4723,11329,0,0,,OK,SQLite field is complete,OK,SQLite field is complete,OK,SQLite field is complete,OK,SQLite field is complete,C,no local RAW/API snapshot is available,OK,SQLite field is complete,False
4724,11332,0,0,,OK,SQLite field is complete,OK,SQLite field is complete,OK,SQLite field is complete,OK,SQLite field is complete,C,no local RAW/API snapshot is available,C,no local RAW/API snapshot is available,False
4725,11335,0,0,,OK,SQLite field is complete,OK,SQLite field is complete,C,no local RAW/API snapshot is available,OK,SQLite field is complete,C,no local RAW/API snapshot is available,OK,SQLite field is complete,False
4726,11338,0,0,,OK,SQLite field is complete,OK,SQLite field is complete,OK,SQLite field is complete,OK,SQLite field is complete,C,no local RAW/API snapshot is available,OK,SQLite field is complete,False
4727,11342,0,0,,OK,SQLite field is complete,OK,SQLite field is complete,OK,SQLite field is complete,OK,SQLite field is complete,C,no local RAW/API snapshot is available,OK,SQLite field is complete,False
4728,11343,0,0,,OK,SQLite field is complete,OK,SQLite field is complete,OK,SQLite field is complete,OK,SQLite field is complete,C,no local RAW/API snapshot is available,C,no local RAW/API snapshot is available,False
4729,11348,0,0,,OK,SQLite field is complete,OK,SQLite field is complete,OK,SQLite field is complete,OK,SQLite field is complete,C,no local RAW/API snapshot is available,OK,SQLite field is complete,False
4730,11350,0,0,,OK,SQLite field is complete,OK,SQLite field is complete,OK,SQLite field is complete,OK,SQLite field is complete,C,no local RAW/API snapshot is available,OK,SQLite field is complete,False
4731,11353,0,0,,OK,SQLite field is complete,OK,SQLite field is complete,OK,SQLite field is complete,OK,SQLite field is complete,C,no local RAW/API snapshot is available,OK,SQLite field is complete,False
4732,11356,0,0,,OK,SQLite field is complete,OK,SQLite field is complete,OK,SQLite field is complete,OK,SQLite field is complete,C,no local RAW/API snapshot is available,C,no local RAW/API snapshot is available,False
4733,11359,0,0,,OK,SQLite field is complete,OK,SQLite field is complete,OK,SQLite field is complete,OK,SQLite field is complete,C,no local RAW/API snapshot is available,OK,SQLite field is complete,False
4734,11363,0,0,,OK,SQLite field is complete,OK,SQLite field is complete,OK,SQLite field is complete,OK,SQLite field is complete,C,no local RAW/API snapshot is available,OK,SQLite field is complete,False
4735,11364,0,0,,OK,SQLite field is complete,OK,SQLite field is complete,OK,SQLite field is complete,OK,SQLite field is complete,C,no local RAW/API snapshot is available,OK,SQLite field is complete,False
4736,11367,0,0,,OK,SQLite field is complete,OK,SQLite field is complete,OK,SQLite field is complete,OK,SQLite field is complete,C,no local RAW/API snapshot is available,OK,SQLite field is complete,False
4737,11370,0,0,,OK,SQLite field is complete,OK,SQLite field is complete,OK,SQLite field is complete,OK,SQLite field is complete,C,no local RAW/API snapshot is available,OK,SQLite field is complete,False
4738,11372,0,0,,OK,SQLite field is complete,OK,SQLite field is complete,OK,SQLite field is complete,OK,SQLite field is complete,C,no local RAW/API snapshot is available,OK,SQLite field is complete,False
4739,11374,0,0,,OK,SQLite field is complete,OK,SQLite field is complete,OK,SQLite field is complete,OK,SQLite field is complete,C,no local RAW/API snapshot is available,OK,SQLite field is complete,False
4740,11378,0,0,,OK,SQLite field is complete,OK,SQLite field is complete,OK,SQLite field is complete,OK,SQLite field is complete,C,no local RAW/API snapshot is available,OK,SQLite field is complete,False
4741,11380,0,0,,OK,SQLite field is complete,OK,SQLite field is complete,OK,SQLite field is complete,OK,SQLite field is complete,C,no local RAW/API snapshot is available,OK,SQLite field is complete,False
4742,11382,0,0,,OK,SQLite field is complete,OK,SQLite field is complete,OK,SQLite field is complete,OK,SQLite field is complete,C,no local RAW/API snapshot is available,OK,SQLite field is complete,False
4743,11386,0,0,,OK,SQLite field is complete,OK,SQLite field is complete,OK,SQLite field is complete,OK,SQLite field is complete,C,no local RAW/API snapshot is available,OK,SQLite field is complete,False
4744,11388,0,0,,OK,SQLite field is complete,OK,SQLite field is complete,OK,SQLite field is complete,OK,SQLite field is complete,C,no local RAW/API snapshot is available,C,no local RAW/API snapshot is available,False
4745,11392,0,0,,OK,SQLite field is complete,OK,SQLite field is complete,OK,SQLite field is complete,OK,SQLite field is complete,C,no local RAW/API snapshot is available,OK,SQLite field is complete,False
4746,11394,0,0,,OK,SQLite field is complete,OK,SQLite field is complete,OK,SQLite field is complete,OK,SQLite field is complete,C,no local RAW/API snapshot is available,OK,SQLite field is complete,False
4747,11398,0,0,,OK,SQLite field is complete,OK,SQLite field is complete,OK,SQLite field is complete,OK,SQLite field is complete,C,no local RAW/API snapshot is available,OK,SQLite field is complete,False
4748,11400,0,0,,OK,SQLite field is complete,OK,SQLite field is complete,OK,SQLite field is complete,OK,SQLite field is complete,C,no local RAW/API snapshot is available,OK,SQLite field is complete,False
4749,11402,0,0,,OK,SQLite field is complete,OK,SQLite field is complete,OK,SQLite field is complete,OK,SQLite field is complete,C,no local RAW/API snapshot is available,OK,SQLite field is complete,False
4750,11406,0,0,,OK,SQLite field is complete,OK,SQLite field is complete,OK,SQLite field is complete,OK,SQLite field is complete,C,no local RAW/API snapshot is available,OK,SQLite field is complete,False
4751,11408,0,0,,OK,SQLite field is complete,OK,SQLite field is complete,OK,SQLite field is complete,OK,SQLite field is complete,C,no local RAW/API snapshot is available,OK,SQLite field is complete,False
4752,11410,0,0,,OK,SQLite field is complete,OK,SQLite field is complete,OK,SQLite field is complete,OK,SQLite field is complete,C,no local RAW/API snapshot is available,OK,SQLite field is complete,False
4753,11412,0,0,,OK,SQLite field is complete,OK,SQLite field is complete,OK,SQLite field is complete,OK,SQLite field is complete,C,no local RAW/API snapshot is available,C,no local RAW/API snapshot is available,False
4754,11416,0,0,,OK,SQLite field is complete,OK,SQLite field is complete,OK,SQLite field is complete,OK,SQLite field is complete,C,no local RAW/API snapshot is available,C,no local RAW/API snapshot is available,False
4755,11418,0,0,,OK,SQLite field is complete,OK,SQLite field is complete,OK,SQLite field is complete,OK,SQLite field is complete,C,no local RAW/API snapshot is available,OK,SQLite field is complete,False
4756,11421,0,0,,OK,SQLite field is complete,OK,SQLite field is complete,OK,SQLite field is complete,OK,SQLite field is complete,C,no local RAW/API snapshot is available,C,no local RAW/API snapshot is available,False
4757,11423,0,0,,OK,SQLite field is complete,OK,SQLite field is complete,OK,SQLite field is complete,OK,SQLite field is complete,C,no local RAW/API snapshot is available,OK,SQLite field is complete,False
4758,11426,0,0,,OK,SQLite field is complete,OK,SQLite field is complete,OK,SQLite field is complete,OK,SQLite field is complete,C,no local RAW/API snapshot is available,OK,SQLite field is complete,False
4759,11428,0,0,,OK,SQLite field is complete,OK,SQLite field is complete,OK,SQLite field is complete,OK,SQLite field is complete,C,no local RAW/API snapshot is available,C,no local RAW/API snapshot is available,False
4760,11430,0,0,,OK,SQLite field is complete,OK,SQLite field is complete,OK,SQLite field is complete,OK,SQLite field is complete,C,no local RAW/API snapshot is available,C,no local RAW/API snapshot is available,False
4761,11434,0,0,,OK,SQLite field is complete,OK,SQLite field is complete,OK,SQLite field is complete,OK,SQLite field is complete,C,no local RAW/API snapshot is available,OK,SQLite field is complete,False
4762,11437,0,0,,OK,SQLite field is complete,OK,SQLite field is complete,OK,SQLite field is complete,OK,SQLite field is complete,C,no local RAW/API snapshot is available,OK,SQLite field is complete,False
4763,11439,0,0,,OK,SQLite field is complete,OK,SQLite field is complete,OK,SQLite field is complete,OK,SQLite field is complete,C,no local RAW/API snapshot is available,C,no local RAW/API snapshot is available,False
4764,11441,0,0,,OK,SQLite field is complete,OK,SQLite field is complete,OK,SQLite field is complete,OK,SQLite field is complete,C,no local RAW/API snapshot is available,OK,SQLite field is complete,False
4765,11444,0,0,,OK,SQLite field is complete,OK,SQLite field is complete,OK,SQLite field is complete,OK,SQLite field is complete,C,no local RAW/API snapshot is available,OK,SQLite field is complete,False
4766,11446,0,0,,OK,SQLite field is complete,OK,SQLite field is complete,OK,SQLite field is complete,OK,SQLite field is complete,C,no local RAW/API snapshot is available,OK,SQLite field is complete,False
4767,11449,0,0,,OK,SQLite field is complete,OK,SQLite field is complete,OK,SQLite field is complete,OK,SQLite field is complete,C,no local RAW/API snapshot is available,OK,SQLite field is complete,False
4768,11452,0,0,,OK,SQLite field is complete,OK,SQLite field is complete,OK,SQLite field is complete,OK,SQLite field is complete,C,no local RAW/API snapshot is available,OK,SQLite field is complete,False
4769,11456,0,0,,OK,SQLite field is complete,OK,SQLite field is complete,OK,SQLite field is complete,OK,SQLite field is complete,C,no local RAW/API snapshot is available,OK,SQLite field is complete,False
4770,11457,0,0,,OK,SQLite field is complete,OK,SQLite field is complete,OK,SQLite field is complete,OK,SQLite field is complete,C,no local RAW/API snapshot is available,OK,SQLite field is complete,False
4771,11460,0,0,,OK,SQLite field is complete,OK,SQLite field is complete,OK,SQLite field is complete,OK,SQLite field is complete,C,no local RAW/API snapshot is available,OK,SQLite field is complete,False
4772,11463,0,0,,OK,SQLite field is complete,OK,SQLite field is complete,OK,SQLite field is complete,OK,SQLite field is complete,C,no local RAW/API snapshot is available,OK,SQLite field is complete,False
4773,11467,0,0,,OK,SQLite field is complete,OK,SQLite field is complete,OK,SQLite field is complete,OK,SQLite field is complete,C,no local RAW/API snapshot is available,OK,SQLite field is complete,False
4774,11468,0,0,,OK,SQLite field is complete,OK,SQLite field is complete,OK,SQLite field is complete,OK,SQLite field is complete,C,no local RAW/API snapshot is available,OK,SQLite field is complete,False
4775,11473,0,0,,OK,SQLite field is complete,OK,SQLite field is complete,OK,SQLite field is complete,OK,SQLite field is complete,C,no local RAW/API snapshot is available,OK,SQLite field is complete,False
4776,11475,0,0,,OK,SQLite field is complete,OK,SQLite field is complete,OK,SQLite field is complete,OK,SQLite field is complete,C,no local RAW/API snapshot is available,C,no local RAW/API snapshot is available,False
4777,11477,0,0,,OK,SQLite field is complete,OK,SQLite field is complete,OK,SQLite field is complete,OK,SQLite field is complete,C,no local RAW/API snapshot is available,C,no local RAW/API snapshot is available,False
4778,11481,0,0,,OK,SQLite field is complete,OK,SQLite field is complete,OK,SQLite field is complete,OK,SQLite field is complete,C,no local RAW/API snapshot is available,OK,SQLite field is complete,False
4779,11485,0,0,,OK,SQLite field is complete,OK,SQLite field is complete,OK,SQLite field is complete,OK,SQLite field is complete,C,no local RAW/API snapshot is available,OK,SQLite field is complete,False
4780,11488,0,0,,OK,SQLite field is complete,OK,SQLite field is complete,OK,SQLite field is complete,OK,SQLite field is complete,C,no local RAW/API snapshot is available,OK,SQLite field is complete,False
4781,11489,0,0,,OK,SQLite field is complete,OK,SQLite field is complete,OK,SQLite field is complete,OK,SQLite field is complete,C,no local RAW/API snapshot is available,OK,SQLite field is complete,False
4782,11494,0,0,,OK,SQLite field is complete,OK,SQLite field is complete,OK,SQLite field is complete,OK,SQLite field is complete,C,no local RAW/API snapshot is available,OK,SQLite field is complete,False
4783,11496,0,0,,OK,SQLite field is complete,OK,SQLite field is complete,OK,SQLite field is complete,OK,SQLite field is complete,C,no local RAW/API snapshot is available,C,no local RAW/API snapshot is available,False
4784,11499,0,0,,OK,SQLite field is complete,OK,SQLite field is complete,OK,SQLite field is complete,OK,SQLite field is complete,C,no local RAW/API snapshot is available,C,no local RAW/API snapshot is available,False
4785,11501,0,0,,OK,SQLite field is complete,OK,SQLite field is complete,OK,SQLite field is complete,OK,SQLite field is complete,C,no local RAW/API snapshot is available,OK,SQLite field is complete,False
4786,11505,0,0,,OK,SQLite field is complete,OK,SQLite field is complete,OK,SQLite field is complete,OK,SQLite field is complete,C,no local RAW/API snapshot is available,OK,SQLite field is complete,False
4787,11508,0,0,,OK,SQLite field is complete,OK,SQLite field is complete,OK,SQLite field is complete,OK,SQLite field is complete,C,no local RAW/API snapshot is available,OK,SQLite field is complete,False
4788,11511,0,0,,OK,SQLite field is complete,OK,SQLite field is complete,OK,SQLite field is complete,OK,SQLite field is complete,C,no local RAW/API snapshot is available,OK,SQLite field is complete,False
4789,11514,0,0,,OK,SQLite field is complete,OK,SQLite field is complete,OK,SQLite field is complete,OK,SQLite field is complete,C,no local RAW/API snapshot is available,OK,SQLite field is complete,False
4790,11516,0,0,,OK,SQLite field is complete,OK,SQLite field is complete,OK,SQLite field is complete,OK,SQLite field is complete,C,no local RAW/API snapshot is available,C,no local RAW/API snapshot is available,False
4791,11519,0,0,,OK,SQLite field is complete,OK,SQLite field is complete,OK,SQLite field is complete,OK,SQLite field is complete,C,no local RAW/API snapshot is available,C,no local RAW/API snapshot is available,False
4792,11523,0,0,,OK,SQLite field is complete,OK,SQLite field is complete,OK,SQLite field is complete,OK,SQLite field is complete,C,no local RAW/API snapshot is available,C,no local RAW/API snapshot is available,False
4793,11526,0,0,,OK,SQLite field is complete,OK,SQLite field is complete,OK,SQLite field is complete,OK,SQLite field is complete,C,no local RAW/API snapshot is available,OK,SQLite field is complete,False
4794,11528,0,0,,OK,SQLite field is complete,OK,SQLite field is complete,OK,SQLite field is complete,OK,SQLite field is complete,C,no local RAW/API snapshot is available,C,no local RAW/API snapshot is available,False
4795,11531,0,0,,OK,SQLite field is complete,OK,SQLite field is complete,OK,SQLite field is complete,OK,SQLite field is complete,C,no local RAW/API snapshot is available,OK,SQLite field is complete,False
4796,11535,0,0,,OK,SQLite field is complete,OK,SQLite field is complete,OK,SQLite field is complete,OK,SQLite field is complete,C,no local RAW/API snapshot is available,OK,SQLite field is complete,False
4797,11538,0,0,,OK,SQLite field is complete,OK,SQLite field is complete,OK,SQLite field is complete,OK,SQLite field is complete,C,no local RAW/API snapshot is available,OK,SQLite field is complete,False
4798,11540,0,0,,OK,SQLite field is complete,OK,SQLite field is complete,OK,SQLite field is complete,OK,SQLite field is complete,C,no local RAW/API snapshot is available,OK,SQLite field is complete,False
4799,11544,0,0,,OK,SQLite field is complete,OK,SQLite field is complete,OK,SQLite field is complete,OK,SQLite field is complete,C,no local RAW/API snapshot is available,C,no local RAW/API snapshot is available,False
4800,11547,0,0,,OK,SQLite field is complete,OK,SQLite field is complete,OK,SQLite field is complete,OK,SQLite field is complete,C,no local RAW/API snapshot is available,C,no local RAW/API snapshot is available,False
4801,11549,0,0,,OK,SQLite field is complete,OK,SQLite field is complete,OK,SQLite field is complete,OK,SQLite field is complete,C,no local RAW/API snapshot is available,OK,SQLite field is complete,False
4802,11553,0,0,,OK,SQLite field is complete,OK,SQLite field is complete,OK,SQLite field is complete,OK,SQLite field is complete,C,no local RAW/API snapshot is available,OK,SQLite field is complete,False
4803,11557,0,0,,OK,SQLite field is complete,OK,SQLite field is complete,OK,SQLite field is complete,OK,SQLite field is complete,C,no local RAW/API snapshot is available,OK,SQLite field is complete,False
4804,11559,0,0,,OK,SQLite field is complete,OK,SQLite field is complete,OK,SQLite field is complete,OK,SQLite field is complete,C,no local RAW/API snapshot is available,OK,SQLite field is complete,False
4805,11563,0,0,,OK,SQLite field is complete,OK,SQLite field is complete,OK,SQLite field is complete,OK,SQLite field is complete,C,no local RAW/API snapshot is available,OK,SQLite field is complete,False
4806,11566,0,0,,OK,SQLite field is complete,OK,SQLite field is complete,OK,SQLite field is complete,OK,SQLite field is complete,C,no local RAW/API snapshot is available,OK,SQLite field is complete,False
4807,11567,0,0,,OK,SQLite field is complete,OK,SQLite field is complete,OK,SQLite field is complete,OK,SQLite field is complete,C,no local RAW/API snapshot is available,OK,SQLite field is complete,False
4808,11572,0,0,,OK,SQLite field is complete,OK,SQLite field is complete,OK,SQLite field is complete,OK,SQLite field is complete,C,no local RAW/API snapshot is available,OK,SQLite field is complete,False
4809,11573,0,0,,OK,SQLite field is complete,OK,SQLite field is complete,OK,SQLite field is complete,OK,SQLite field is complete,C,no local RAW/API snapshot is available,OK,SQLite field is complete,False
4810,11578,0,0,,OK,SQLite field is complete,OK,SQLite field is complete,OK,SQLite field is complete,OK,SQLite field is complete,C,no local RAW/API snapshot is available,OK,SQLite field is complete,False
4811,11581,0,0,,OK,SQLite field is complete,OK,SQLite field is complete,OK,SQLite field is complete,OK,SQLite field is complete,C,no local RAW/API snapshot is available,OK,SQLite field is complete,False
4812,11583,0,0,,OK,SQLite field is complete,OK,SQLite field is complete,OK,SQLite field is complete,OK,SQLite field is complete,C,no local RAW/API snapshot is available,OK,SQLite field is complete,False
4813,11585,0,0,,OK,SQLite field is complete,OK,SQLite field is complete,OK,SQLite field is complete,OK,SQLite field is complete,C,no local RAW/API snapshot is available,C,no local RAW/API snapshot is available,False
4814,11588,0,0,,OK,SQLite field is complete,OK,SQLite field is complete,OK,SQLite field is complete,OK,SQLite field is complete,C,no local RAW/API snapshot is available,OK,SQLite field is complete,False
4815,11591,0,0,,OK,SQLite field is complete,OK,SQLite field is complete,OK,SQLite field is complete,OK,SQLite field is complete,C,no local RAW/API snapshot is available,OK,SQLite field is complete,False
4816,11594,0,0,,OK,SQLite field is complete,OK,SQLite field is complete,OK,SQLite field is complete,OK,SQLite field is complete,C,no local RAW/API snapshot is available,OK,SQLite field is complete,False
4817,11598,0,0,,OK,SQLite field is complete,OK,SQLite field is complete,OK,SQLite field is complete,OK,SQLite field is complete,C,no local RAW/API snapshot is available,C,no local RAW/API snapshot is available,False
4818,11601,0,0,,OK,SQLite field is complete,OK,SQLite field is complete,OK,SQLite field is complete,OK,SQLite field is complete,C,no local RAW/API snapshot is available,OK,SQLite field is complete,False
4819,11604,0,0,,OK,SQLite field is complete,OK,SQLite field is complete,OK,SQLite field is complete,OK,SQLite field is complete,C,no local RAW/API snapshot is available,OK,SQLite field is complete,False
4820,11607,0,0,,OK,SQLite field is complete,OK,SQLite field is complete,OK,SQLite field is complete,OK,SQLite field is complete,C,no local RAW/API snapshot is available,OK,SQLite field is complete,False
4821,11610,0,0,,OK,SQLite field is complete,OK,SQLite field is complete,OK,SQLite field is complete,OK,SQLite field is complete,C,no local RAW/API snapshot is available,OK,SQLite field is complete,False
4822,11613,0,0,,OK,SQLite field is complete,OK,SQLite field is complete,OK,SQLite field is complete,OK,SQLite field is complete,C,no local RAW/API snapshot is available,OK,SQLite field is complete,False
4823,11616,0,0,,OK,SQLite field is complete,OK,SQLite field is complete,OK,SQLite field is complete,OK,SQLite field is complete,C,no local RAW/API snapshot is available,OK,SQLite field is complete,False
4824,11618,0,0,,OK,SQLite field is complete,OK,SQLite field is complete,OK,SQLite field is complete,OK,SQLite field is complete,C,no local RAW/API snapshot is available,OK,SQLite field is complete,False
4825,11622,0,0,,OK,SQLite field is complete,OK,SQLite field is complete,OK,SQLite field is complete,OK,SQLite field is complete,C,no local RAW/API snapshot is available,OK,SQLite field is complete,False
4826,11625,0,0,,OK,SQLite field is complete,OK,SQLite field is complete,OK,SQLite field is complete,OK,SQLite field is complete,C,no local RAW/API snapshot is available,C,no local RAW/API snapshot is available,False
4827,11627,0,0,,OK,SQLite field is complete,OK,SQLite field is complete,OK,SQLite field is complete,OK,SQLite field is complete,C,no local RAW/API snapshot is available,OK,SQLite field is complete,False
4828,11632,0,0,,OK,SQLite field is complete,OK,SQLite field is complete,OK,SQLite field is complete,OK,SQLite field is complete,C,no local RAW/API snapshot is available,OK,SQLite field is complete,False
4829,11634,0,0,,OK,SQLite field is complete,OK,SQLite field is complete,OK,SQLite field is complete,OK,SQLite field is complete,C,no local RAW/API snapshot is available,OK,SQLite field is complete,False
4830,11636,0,0,,OK,SQLite field is complete,OK,SQLite field is complete,OK,SQLite field is complete,OK,SQLite field is complete,C,no local RAW/API snapshot is available,OK,SQLite field is complete,False
4831,11637,0,0,,OK,SQLite field is complete,OK,SQLite field is complete,OK,SQLite field is complete,OK,SQLite field is complete,C,no local RAW/API snapshot is available,OK,SQLite field is complete,False
4832,11640,0,0,,OK,SQLite field is complete,OK,SQLite field is complete,OK,SQLite field is complete,OK,SQLite field is complete,C,no local RAW/API snapshot is available,OK,SQLite field is complete,False
4833,11643,0,0,,OK,SQLite field is complete,OK,SQLite field is complete,OK,SQLite field is complete,OK,SQLite field is complete,C,no local RAW/API snapshot is available,OK,SQLite field is complete,False
4834,11647,0,0,,OK,SQLite field is complete,OK,SQLite field is complete,OK,SQLite field is complete,OK,SQLite field is complete,C,no local RAW/API snapshot is available,OK,SQLite field is complete,False
4835,11650,0,0,,OK,SQLite field is complete,OK,SQLite field is complete,OK,SQLite field is complete,OK,SQLite field is complete,C,no local RAW/API snapshot is available,OK,SQLite field is complete,False
4836,11653,0,0,,OK,SQLite field is complete,OK,SQLite field is complete,OK,SQLite field is complete,OK,SQLite field is complete,C,no local RAW/API snapshot is available,OK,SQLite field is complete,False
4837,11656,0,0,,OK,SQLite field is complete,OK,SQLite field is complete,OK,SQLite field is complete,OK,SQLite field is complete,C,no local RAW/API snapshot is available,OK,SQLite field is complete,False
4838,11659,0,0,,OK,SQLite field is complete,OK,SQLite field is complete,OK,SQLite field is complete,OK,SQLite field is complete,C,no local RAW/API snapshot is available,C,no local RAW/API snapshot is available,False
4839,11663,0,0,,OK,SQLite field is complete,OK,SQLite field is complete,OK,SQLite field is complete,OK,SQLite field is complete,C,no local RAW/API snapshot is available,OK,SQLite field is complete,False
4840,11664,0,0,,OK,SQLite field is complete,OK,SQLite field is complete,OK,SQLite field is complete,OK,SQLite field is complete,C,no local RAW/API snapshot is available,OK,SQLite field is complete,False
4841,11668,0,0,,OK,SQLite field is complete,OK,SQLite field is complete,OK,SQLite field is complete,OK,SQLite field is complete,C,no local RAW/API snapshot is available,OK,SQLite field is complete,False
4842,11671,0,0,,OK,SQLite field is complete,OK,SQLite field is complete,OK,SQLite field is complete,OK,SQLite field is complete,C,no local RAW/API snapshot is available,OK,SQLite field is complete,False
4843,11674,0,0,,OK,SQLite field is complete,OK,SQLite field is complete,OK,SQLite field is complete,OK,SQLite field is complete,C,no local RAW/API snapshot is available,OK,SQLite field is complete,False
4844,11676,0,0,,OK,SQLite field is complete,OK,SQLite field is complete,OK,SQLite field is complete,OK,SQLite field is complete,C,no local RAW/API snapshot is available,OK,SQLite field is complete,False
4845,11679,0,0,,OK,SQLite field is complete,OK,SQLite field is complete,OK,SQLite field is complete,OK,SQLite field is complete,C,no local RAW/API snapshot is available,OK,SQLite field is complete,False
4846,11683,0,0,,OK,SQLite field is complete,OK,SQLite field is complete,OK,SQLite field is complete,OK,SQLite field is complete,C,no local RAW/API snapshot is available,OK,SQLite field is complete,False
4847,11685,0,0,,OK,SQLite field is complete,OK,SQLite field is complete,OK,SQLite field is complete,OK,SQLite field is complete,C,no local RAW/API snapshot is available,OK,SQLite field is complete,False
4848,11689,0,0,,OK,SQLite field is complete,OK,SQLite field is complete,OK,SQLite field is complete,OK,SQLite field is complete,C,no local RAW/API snapshot is available,OK,SQLite field is complete,False
4849,11692,0,0,,OK,SQLite field is complete,OK,SQLite field is complete,OK,SQLite field is complete,OK,SQLite field is complete,C,no local RAW/API snapshot is available,OK,SQLite field is complete,False
4850,11695,1,1,data/raw/drawing_11695.json,OK,SQLite field is complete,OK,SQLite field is complete,OK,SQLite field is complete,OK,SQLite field is complete,A,saved RAW contains more data (11) than SQLite (0),B,"available RAW is already incomplete (best=13, target=15)",False
4851,11698,0,0,,OK,SQLite field is complete,OK,SQLite field is complete,OK,SQLite field is complete,OK,SQLite field is complete,C,no local RAW/API snapshot is available,OK,SQLite field is complete,False
4852,11702,0,0,,OK,SQLite field is complete,OK,SQLite field is complete,OK,SQLite field is complete,OK,SQLite field is complete,C,no local RAW/API snapshot is available,OK,SQLite field is complete,False
4853,11703,0,0,,OK,SQLite field is complete,OK,SQLite field is complete,OK,SQLite field is complete,OK,SQLite field is complete,C,no local RAW/API snapshot is available,OK,SQLite field is complete,False
4854,11708,0,0,,OK,SQLite field is complete,OK,SQLite field is complete,OK,SQLite field is complete,OK,SQLite field is complete,C,no local RAW/API snapshot is available,OK,SQLite field is complete,False
4855,11709,0,0,,OK,SQLite field is complete,OK,SQLite field is complete,OK,SQLite field is complete,OK,SQLite field is complete,C,no local RAW/API snapshot is available,OK,SQLite field is complete,False
4856,11713,0,0,,OK,SQLite field is complete,OK,SQLite field is complete,OK,SQLite field is complete,OK,SQLite field is complete,C,no local RAW/API snapshot is available,OK,SQLite field is complete,False
4857,11715,0,0,,OK,SQLite field is complete,OK,SQLite field is complete,OK,SQLite field is complete,OK,SQLite field is complete,C,no local RAW/API snapshot is available,OK,SQLite field is complete,False
4858,11718,0,0,,OK,SQLite field is complete,OK,SQLite field is complete,OK,SQLite field is complete,OK,SQLite field is complete,C,no local RAW/API snapshot is available,OK,SQLite field is complete,False
4859,11719,0,0,,OK,SQLite field is complete,OK,SQLite field is complete,OK,SQLite field is complete,OK,SQLite field is complete,C,no local RAW/API snapshot is available,OK,SQLite field is complete,False
4860,11723,0,0,,OK,SQLite field is complete,OK,SQLite field is complete,OK,SQLite field is complete,OK,SQLite field is complete,C,no local RAW/API snapshot is available,OK,SQLite field is complete,False
4861,11726,0,0,,OK,SQLite field is complete,OK,SQLite field is complete,OK,SQLite field is complete,OK,SQLite field is complete,C,no local RAW/API snapshot is available,OK,SQLite field is complete,False
4862,11728,0,0,,OK,SQLite field is complete,OK,SQLite field is complete,OK,SQLite field is complete,OK,SQLite field is complete,C,no local RAW/API snapshot is available,OK,SQLite field is complete,False
4863,11732,0,0,,OK,SQLite field is complete,OK,SQLite field is complete,OK,SQLite field is complete,OK,SQLite field is complete,C,no local RAW/API snapshot is available,OK,SQLite field is complete,False
4864,11734,0,0,,OK,SQLite field is complete,OK,SQLite field is complete,OK,SQLite field is complete,OK,SQLite field is complete,C,no local RAW/API snapshot is available,OK,SQLite field is complete,False
4865,11737,0,0,,OK,SQLite field is complete,OK,SQLite field is complete,OK,SQLite field is complete,OK,SQLite field is complete,C,no local RAW/API snapshot is available,OK,SQLite field is complete,False
4866,11741,0,0,,OK,SQLite field is complete,OK,SQLite field is complete,OK,SQLite field is complete,OK,SQLite field is complete,C,no local RAW/API snapshot is available,OK,SQLite field is complete,False
4867,11745,0,0,,OK,SQLite field is complete,OK,SQLite field is complete,OK,SQLite field is complete,OK,SQLite field is complete,C,no local RAW/API snapshot is available,OK,SQLite field is complete,False
4868,11746,0,0,,OK,SQLite field is complete,OK,SQLite field is complete,OK,SQLite field is complete,OK,SQLite field is complete,C,no local RAW/API snapshot is available,OK,SQLite field is complete,False
4869,11749,0,0,,OK,SQLite field is complete,OK,SQLite field is complete,OK,SQLite field is complete,OK,SQLite field is complete,C,no local RAW/API snapshot is available,OK,SQLite field is complete,False
4870,11753,0,0,,OK,SQLite field is complete,OK,SQLite field is complete,OK,SQLite field is complete,OK,SQLite field is complete,C,no local RAW/API snapshot is available,OK,SQLite field is complete,False
4871,11756,0,0,,OK,SQLite field is complete,OK,SQLite field is complete,OK,SQLite field is complete,OK,SQLite field is complete,C,no local RAW/API snapshot is available,OK,SQLite field is complete,False
4872,11759,0,0,,OK,SQLite field is complete,OK,SQLite field is complete,OK,SQLite field is complete,OK,SQLite field is complete,C,no local RAW/API snapshot is available,OK,SQLite field is complete,False
4873,11763,0,0,,OK,SQLite field is complete,OK,SQLite field is complete,OK,SQLite field is complete,OK,SQLite field is complete,C,no local RAW/API snapshot is available,OK,SQLite field is complete,False
4874,11766,0,0,,OK,SQLite field is complete,OK,SQLite field is complete,OK,SQLite field is complete,OK,SQLite field is complete,C,no local RAW/API snapshot is available,OK,SQLite field is complete,False
4875,11769,0,0,,OK,SQLite field is complete,OK,SQLite field is complete,OK,SQLite field is complete,OK,SQLite field is complete,C,no local RAW/API snapshot is available,C,no local RAW/API snapshot is available,False
4876,11770,0,0,,OK,SQLite field is complete,OK,SQLite field is complete,OK,SQLite field is complete,OK,SQLite field is complete,C,no local RAW/API snapshot is available,OK,SQLite field is complete,False
4877,11775,0,0,,OK,SQLite field is complete,OK,SQLite field is complete,OK,SQLite field is complete,OK,SQLite field is complete,C,no local RAW/API snapshot is available,OK,SQLite field is complete,False
4878,11777,0,0,,OK,SQLite field is complete,OK,SQLite field is complete,OK,SQLite field is complete,OK,SQLite field is complete,C,no local RAW/API snapshot is available,OK,SQLite field is complete,False
4879,11780,0,0,,OK,SQLite field is complete,OK,SQLite field is complete,OK,SQLite field is complete,OK,SQLite field is complete,C,no local RAW/API snapshot is available,OK,SQLite field is complete,False
4880,11782,0,0,,OK,SQLite field is complete,OK,SQLite field is complete,OK,SQLite field is complete,OK,SQLite field is complete,C,no local RAW/API snapshot is available,OK,SQLite field is complete,False
4881,11787,0,0,,OK,SQLite field is complete,OK,SQLite field is complete,OK,SQLite field is complete,OK,SQLite field is complete,C,no local RAW/API snapshot is available,OK,SQLite field is complete,False
4882,11790,0,0,,OK,SQLite field is complete,OK,SQLite field is complete,OK,SQLite field is complete,OK,SQLite field is complete,C,no local RAW/API snapshot is available,OK,SQLite field is complete,False
4883,11791,0,0,,OK,SQLite field is complete,OK,SQLite field is complete,OK,SQLite field is complete,OK,SQLite field is complete,C,no local RAW/API snapshot is available,OK,SQLite field is complete,False
4884,11794,0,0,,OK,SQLite field is complete,OK,SQLite field is complete,OK,SQLite field is complete,OK,SQLite field is complete,C,no local RAW/API snapshot is available,OK,SQLite field is complete,False
4885,11798,0,0,,OK,SQLite field is complete,OK,SQLite field is complete,OK,SQLite field is complete,OK,SQLite field is complete,C,no local RAW/API snapshot is available,OK,SQLite field is complete,False
4886,11801,0,0,,OK,SQLite field is complete,OK,SQLite field is complete,OK,SQLite field is complete,OK,SQLite field is complete,C,no local RAW/API snapshot is available,C,no local RAW/API snapshot is available,False
4887,11805,0,0,,OK,SQLite field is complete,OK,SQLite field is complete,C,no local RAW/API snapshot is available,OK,SQLite field is complete,C,no local RAW/API snapshot is available,C,no local RAW/API snapshot is available,False
4888,11808,0,0,,OK,SQLite field is complete,OK,SQLite field is complete,OK,SQLite field is complete,OK,SQLite field is complete,C,no local RAW/API snapshot is available,OK,SQLite field is complete,False
4889,11809,0,0,,OK,SQLite field is complete,OK,SQLite field is complete,OK,SQLite field is complete,OK,SQLite field is complete,C,no local RAW/API snapshot is available,OK,SQLite field is complete,False
4890,11812,0,0,,OK,SQLite field is complete,OK,SQLite field is complete,OK,SQLite field is complete,OK,SQLite field is complete,C,no local RAW/API snapshot is available,OK,SQLite field is complete,False
4891,11815,0,0,,OK,SQLite field is complete,OK,SQLite field is complete,OK,SQLite field is complete,OK,SQLite field is complete,C,no local RAW/API snapshot is available,OK,SQLite field is complete,False
4892,11818,0,0,,OK,SQLite field is complete,OK,SQLite field is complete,OK,SQLite field is complete,OK,SQLite field is complete,C,no local RAW/API snapshot is available,OK,SQLite field is complete,False
4893,11820,0,0,,OK,SQLite field is complete,OK,SQLite field is complete,OK,SQLite field is complete,OK,SQLite field is complete,C,no local RAW/API snapshot is available,OK,SQLite field is complete,False
4894,11824,0,0,,OK,SQLite field is complete,OK,SQLite field is complete,OK,SQLite field is complete,OK,SQLite field is complete,C,no local RAW/API snapshot is available,OK,SQLite field is complete,False
4895,11828,0,0,,OK,SQLite field is complete,OK,SQLite field is complete,OK,SQLite field is complete,OK,SQLite field is complete,C,no local RAW/API snapshot is available,OK,SQLite field is complete,False
4896,11829,0,0,,OK,SQLite field is complete,OK,SQLite field is complete,C,no local RAW/API snapshot is available,OK,SQLite field is complete,C,no local RAW/API snapshot is available,OK,SQLite field is complete,False
4897,11833,0,0,,OK,SQLite field is complete,OK,SQLite field is complete,OK,SQLite field is complete,OK,SQLite field is complete,C,no local RAW/API snapshot is available,OK,SQLite field is complete,False
4898,11836,0,0,,OK,SQLite field is complete,OK,SQLite field is complete,OK,SQLite field is complete,OK,SQLite field is complete,C,no local RAW/API snapshot is available,OK,SQLite field is complete,False
4899,11839,0,0,,OK,SQLite field is complete,OK,SQLite field is complete,OK,SQLite field is complete,OK,SQLite field is complete,C,no local RAW/API snapshot is available,OK,SQLite field is complete,False
4900,11842,0,0,,OK,SQLite field is complete,OK,SQLite field is complete,OK,SQLite field is complete,OK,SQLite field is complete,C,no local RAW/API snapshot is available,OK,SQLite field is complete,False
4901,11845,0,0,,OK,SQLite field is complete,OK,SQLite field is complete,OK,SQLite field is complete,OK,SQLite field is complete,C,no local RAW/API snapshot is available,OK,SQLite field is complete,False
4902,11848,0,0,,OK,SQLite field is complete,OK,SQLite field is complete,C,no local RAW/API snapshot is available,OK,SQLite field is complete,C,no local RAW/API snapshot is available,C,no local RAW/API snapshot is available,False
4903,11850,0,0,,OK,SQLite field is complete,OK,SQLite field is complete,OK,SQLite field is complete,OK,SQLite field is complete,C,no local RAW/API snapshot is available,C,no local RAW/API snapshot is available,False
4904,11853,0,0,,OK,SQLite field is complete,OK,SQLite field is complete,OK,SQLite field is complete,OK,SQLite field is complete,C,no local RAW/API snapshot is available,C,no local RAW/API snapshot is available,False
4905,11855,0,0,,OK,SQLite field is complete,OK,SQLite field is complete,OK,SQLite field is complete,OK,SQLite field is complete,C,no local RAW/API snapshot is available,OK,SQLite field is complete,False
4906,11857,0,0,,OK,SQLite field is complete,OK,SQLite field is complete,OK,SQLite field is complete,OK,SQLite field is complete,C,no local RAW/API snapshot is available,C,no local RAW/API snapshot is available,False
4907,11860,0,0,,OK,SQLite field is complete,OK,SQLite field is complete,OK,SQLite field is complete,OK,SQLite field is complete,C,no local RAW/API snapshot is available,OK,SQLite field is complete,False
4908,11864,0,0,,OK,SQLite field is complete,OK,SQLite field is complete,OK,SQLite field is complete,OK,SQLite field is complete,C,no local RAW/API snapshot is available,OK,SQLite field is complete,False
4909,11865,0,0,,OK,SQLite field is complete,OK,SQLite field is complete,OK,SQLite field is complete,OK,SQLite field is complete,C,no local RAW/API snapshot is available,C,no local RAW/API snapshot is available,False
4910,11868,0,0,,OK,SQLite field is complete,OK,SQLite field is complete,OK,SQLite field is complete,OK,SQLite field is complete,C,no local RAW/API snapshot is available,C,no local RAW/API snapshot is available,False
4911,11869,0,0,,OK,SQLite field is complete,OK,SQLite field is complete,OK,SQLite field is complete,OK,SQLite field is complete,C,no local RAW/API snapshot is available,OK,SQLite field is complete,False
4912,11872,0,0,,OK,SQLite field is complete,OK,SQLite field is complete,OK,SQLite field is complete,OK,SQLite field is complete,C,no local RAW/API snapshot is available,OK,SQLite field is complete,False
4913,11873,0,0,,OK,SQLite field is complete,OK,SQLite field is complete,OK,SQLite field is complete,OK,SQLite field is complete,C,no local RAW/API snapshot is available,OK,SQLite field is complete,False
4914,11877,0,0,,OK,SQLite field is complete,OK,SQLite field is complete,OK,SQLite field is complete,OK,SQLite field is complete,C,no local RAW/API snapshot is available,OK,SQLite field is complete,False
4915,11879,0,0,,OK,SQLite field is complete,OK,SQLite field is complete,OK,SQLite field is complete,OK,SQLite field is complete,C,no local RAW/API snapshot is available,OK,SQLite field is complete,False
4916,11881,0,0,,OK,SQLite field is complete,OK,SQLite field is complete,OK,SQLite field is complete,OK,SQLite field is complete,C,no local RAW/API snapshot is available,OK,SQLite field is complete,False
4917,11883,0,0,,OK,SQLite field is complete,OK,SQLite field is complete,OK,SQLite field is complete,OK,SQLite field is complete,C,no local RAW/API snapshot is available,OK,SQLite field is complete,False
4918,11885,0,0,,OK,SQLite field is complete,OK,SQLite field is complete,OK,SQLite field is complete,OK,SQLite field is complete,C,no local RAW/API snapshot is available,OK,SQLite field is complete,False
4919,11888,0,0,,OK,SQLite field is complete,OK,SQLite field is complete,OK,SQLite field is complete,OK,SQLite field is complete,C,no local RAW/API snapshot is available,OK,SQLite field is complete,False
4920,11889,0,0,,OK,SQLite field is complete,OK,SQLite field is complete,OK,SQLite field is complete,OK,SQLite field is complete,C,no local RAW/API snapshot is available,OK,SQLite field is complete,False
4921,11892,0,0,,OK,SQLite field is complete,OK,SQLite field is complete,OK,SQLite field is complete,OK,SQLite field is complete,C,no local RAW/API snapshot is available,OK,SQLite field is complete,False
4922,11894,0,0,,OK,SQLite field is complete,OK,SQLite field is complete,OK,SQLite field is complete,OK,SQLite field is complete,C,no local RAW/API snapshot is available,OK,SQLite field is complete,False
4923,11897,0,0,,OK,SQLite field is complete,OK,SQLite field is complete,C,no local RAW/API snapshot is available,OK,SQLite field is complete,C,no local RAW/API snapshot is available,OK,SQLite field is complete,False
4924,11900,0,0,,OK,SQLite field is complete,OK,SQLite field is complete,OK,SQLite field is complete,OK,SQLite field is complete,C,no local RAW/API snapshot is available,OK,SQLite field is complete,False
4925,11902,0,0,,OK,SQLite field is complete,OK,SQLite field is complete,OK,SQLite field is complete,OK,SQLite field is complete,C,no local RAW/API snapshot is available,OK,SQLite field is complete,False
4926,11905,0,0,,OK,SQLite field is complete,OK,SQLite field is complete,OK,SQLite field is complete,OK,SQLite field is complete,C,no local RAW/API snapshot is available,OK,SQLite field is complete,False
4927,11907,0,0,,OK,SQLite field is complete,OK,SQLite field is complete,OK,SQLite field is complete,OK,SQLite field is complete,C,no local RAW/API snapshot is available,OK,SQLite field is complete,False
4928,11910,0,0,,OK,SQLite field is complete,OK,SQLite field is complete,OK,SQLite field is complete,OK,SQLite field is complete,C,no local RAW/API snapshot is available,OK,SQLite field is complete,False
4929,11912,0,0,,OK,SQLite field is complete,OK,SQLite field is complete,OK,SQLite field is complete,OK,SQLite field is complete,C,no local RAW/API snapshot is available,OK,SQLite field is complete,False
4930,11916,0,0,,OK,SQLite field is complete,OK,SQLite field is complete,C,no local RAW/API snapshot is available,OK,SQLite field is complete,C,no local RAW/API snapshot is available,OK,SQLite field is complete,False
4931,11917,0,0,,OK,SQLite field is complete,OK,SQLite field is complete,OK,SQLite field is complete,OK,SQLite field is complete,C,no local RAW/API snapshot is available,C,no local RAW/API snapshot is available,False
4932,11919,0,0,,OK,SQLite field is complete,OK,SQLite field is complete,OK,SQLite field is complete,OK,SQLite field is complete,C,no local RAW/API snapshot is available,OK,SQLite field is complete,False
4933,11923,0,0,,OK,SQLite field is complete,OK,SQLite field is complete,OK,SQLite field is complete,OK,SQLite field is complete,C,no local RAW/API snapshot is available,OK,SQLite field is complete,False
4934,11925,0,0,,OK,SQLite field is complete,OK,SQLite field is complete,OK,SQLite field is complete,OK,SQLite field is complete,C,no local RAW/API snapshot is available,OK,SQLite field is complete,False
4935,11928,0,0,,OK,SQLite field is complete,OK,SQLite field is complete,OK,SQLite field is complete,OK,SQLite field is complete,C,no local RAW/API snapshot is available,OK,SQLite field is complete,False
4936,11930,0,0,,OK,SQLite field is complete,OK,SQLite field is complete,OK,SQLite field is complete,OK,SQLite field is complete,C,no local RAW/API snapshot is available,OK,SQLite field is complete,False
4937,11933,0,0,,OK,SQLite field is complete,OK,SQLite field is complete,OK,SQLite field is complete,OK,SQLite field is complete,C,no local RAW/API snapshot is available,OK,SQLite field is complete,False
4938,11935,1,1,data/raw/drawing_11935.json,OK,SQLite field is complete,OK,SQLite field is complete,OK,SQLite field is complete,OK,SQLite field is complete,A,saved RAW contains more data (14) than SQLite (0),OK,SQLite field is complete,False
4939,11938,1,1,data/raw/drawing_11938.json,OK,SQLite field is complete,OK,SQLite field is complete,OK,SQLite field is complete,OK,SQLite field is complete,A,saved RAW contains more data (12) than SQLite (0),B,"available RAW is already incomplete (best=0, target=15)",False
4940,11941,1,1,data/raw/drawing_11941.json,OK,SQLite field is complete,OK,SQLite field is complete,OK,SQLite field is complete,OK,SQLite field is complete,B,"available RAW is already incomplete (best=10, target=15)",B,"available RAW is already incomplete (best=0, target=15)",False
4941,11944,0,0,,OK,SQLite field is complete,OK,SQLite field is complete,OK,SQLite field is complete,OK,SQLite field is complete,C,no local RAW/API snapshot is available,OK,SQLite field is complete,False
4942,11946,0,0,,OK,SQLite field is complete,OK,SQLite field is complete,OK,SQLite field is complete,OK,SQLite field is complete,C,no local RAW/API snapshot is available,OK,SQLite field is complete,False
4943,11949,0,0,,OK,SQLite field is complete,OK,SQLite field is complete,OK,SQLite field is complete,OK,SQLite field is complete,C,no local RAW/API snapshot is available,OK,SQLite field is complete,False
4944,11951,0,0,,OK,SQLite field is complete,OK,SQLite field is complete,OK,SQLite field is complete,OK,SQLite field is complete,C,no local RAW/API snapshot is available,OK,SQLite field is complete,False
4945,11953,1,1,data/raw/drawing_11953.json,OK,SQLite field is complete,OK,SQLite field is complete,OK,SQLite field is complete,OK,SQLite field is complete,B,"available RAW is already incomplete (best=12, target=15)",B,"available RAW is already incomplete (best=0, target=15)",False
4946,11955,0,0,,OK,SQLite field is complete,OK,SQLite field is complete,OK,SQLite field is complete,OK,SQLite field is complete,C,no local RAW/API snapshot is available,C,no local RAW/API snapshot is available,False
4947,11957,0,0,,OK,SQLite field is complete,OK,SQLite field is complete,OK,SQLite field is complete,OK,SQLite field is complete,OK,SQLite field is complete,OK,SQLite field is complete,False
4948,11959,0,0,,OK,SQLite field is complete,OK,SQLite field is complete,OK,SQLite field is complete,OK,SQLite field is complete,C,no local RAW/API snapshot is available,OK,SQLite field is complete,False
4949,11962,0,0,,OK,SQLite field is complete,OK,SQLite field is complete,OK,SQLite field is complete,OK,SQLite field is complete,C,no local RAW/API snapshot is available,C,no local RAW/API snapshot is available,False
4950,11964,2,2,data/raw/drawing_11964.json|tests/fixtures/drawing_4950_totobrief.json,OK,SQLite field is complete,OK,SQLite field is complete,OK,SQLite field is complete,OK,SQLite field is complete,B,"available RAW is already incomplete (best=9, target=15)",B,"available RAW is already incomplete (best=0, target=15)",False
4951,11968,1,1,tests/fixtures/drawing_4951_totobrief_target_cache.json,OK,SQLite field is complete,OK,SQLite field is complete,OK,SQLite field is complete,OK,SQLite field is complete,B,"available RAW is already incomplete (best=0, target=15)",B,"available RAW is already incomplete (best=0, target=15)",False
4952,11970,2,2,data/raw/drawing_11970.json|reports/rehearsal/current-systematic-early-4952/totobrief-drawing-11970.json,OK,SQLite field is complete,OK,SQLite field is complete,OK,SQLite field is complete,OK,SQLite field is complete,OK,SQLite field is complete,B,"available RAW is already incomplete (best=0, target=15)",False
4953,11972,2,2,data/raw/drawing_11972.json|sqlite:drawing_result_snapshots:3,OK,SQLite field is complete,OK,SQLite field is complete,OK,SQLite field is complete,OK,SQLite field is complete,B,"available RAW is already incomplete (best=12, target=15)",OK,SQLite field is complete,False
4954,11975,2,1,data/raw/drawing_11975.json|sqlite:drawing_result_snapshots:4,OK,SQLite field is complete,A,saved RAW contains more data (15) than SQLite (0),A,saved RAW contains more data (15) than SQLite (0),A,saved RAW contains more data (15) than SQLite (0),A,saved RAW contains more data (12) than SQLite (0),OK,SQLite field is complete,False
4955,11977,1,1,sqlite:drawing_result_snapshots:1,OK,SQLite field is complete,A,saved RAW contains more data (15) than SQLite (0),A,saved RAW contains more data (15) than SQLite (0),A,saved RAW contains more data (15) than SQLite (0),A,saved RAW contains more data (14) than SQLite (0),OK,SQLite field is complete,False
4956,11981,1,1,sqlite:drawing_result_snapshots:2,OK,SQLite field is complete,A,saved RAW contains more data (15) than SQLite (0),A,saved RAW contains more data (15) than SQLite (0),A,saved RAW contains more data (15) than SQLite (0),A,saved RAW contains more data (10) than SQLite (0),OK,SQLite field is complete,False
4957,11983,2,2,data/raw/drawing_11983.json|reports/rehearsal/4957-early-rehearsal-20260727T074910Z/frozen-inputs/drawing_11983.json,OK,SQLite field is complete,OK,SQLite field is complete,OK,SQLite field is complete,OK,SQLite field is complete,B,"available RAW is already incomplete (best=11, target=15)",B,"available RAW is already incomplete (best=0, target=15)",False
4958,11986,1,1,data/raw/drawing_11986.json,OK,SQLite field is complete,OK,SQLite field is complete,OK,SQLite field is complete,OK,SQLite field is complete,B,"available RAW is already incomplete (best=10, target=15)",B,"available RAW is already incomplete (best=0, target=15)",False
4959,11988,4,3,data/raw/drawing_11988.json|reports/rehearsal/context-4959-20260729/raw/drawing_11988.json|reports/rehearsal/reviewed-fallback-live-4959-20260729T115300Z/raw/drawing_11988.json|reports/rehearsal/reviewed-fallback-live-4959-20260729T115500Z/raw/drawing_11988.json,OK,SQLite field is complete,OK,SQLite field is complete,OK,SQLite field is complete,OK,SQLite field is complete,A,saved RAW contains more data (11) than SQLite (10),B,"available RAW is already incomplete (best=0, target=15)",False
